rank,name,scores_overall,scores_overall_rank,scores_teaching,scores_teaching_rank,scores_research,scores_research_rank,scores_citations,scores_citations_rank,scores_industry_income,scores_industry_income_rank,scores_international_outlook,scores_international_outlook_rank,record_type,member_level,url,nid,location,stats_number_students,stats_student_staff_ratio,stats_pc_intl_students,stats_female_male_ratio,aliases,subjects_offered,closed,unaccredited,disabled,website_url
1,California Institute of Technology,94.3,1,92.2,2,98.1,2,99.7,5,89.1,34,67.0,120,private,0,/world-university-rankings/california-institute-technology,128779,United States,,,,,California Institute of Technology caltech,"Biological Sciences,History, Philosophy & Theology,Mathematics & Statistics,Languages, Literature & Linguistics,Economics & Econometrics,General Engineering,Politics & International Studies (incl Development Studies),Electrical & Electronic Engineering,Chemistry,Chemical Engineering,Computer Science,Geology, Environmental, Earth & Marine Sciences,Mechanical & Aerospace Engineering,Business & Management,Physics & Astronomy,Civil Engineering",False,False,False,https://www.timeshighereducation.com/student/register-interest/shorelight?utm_medium=thewebsite&utm_campaign=cta-link&utm_source=rankings&iid=i-20537945
2,Harvard University,93.3,2,92.9,1,98.6,1,98.9,12,44.0,184,67.6,115,private,0,/world-university-rankings/harvard-university,466,United States,,,,,Harvard University,"Archaeology,Mathematics & Statistics,Art, Performing Arts & Design,Psychology,Other Health,Chemistry,Economics & Econometrics,Biological Sciences,Accounting & Finance,Physics & Astronomy,Medicine & Dentistry,Communication & Media Studies,Civil Engineering,Mechanical & Aerospace Engineering,Law,History, Philosophy & Theology,Geography,Education,Computer Science,General Engineering,Politics & International Studies (incl Development Studies),Languages, Literature & Linguistics,Business & Management,Architecture,Sociology,Geology, Environmental, Earth & Marine Sciences,Electrical & Electronic Engineering,Agriculture & Forestry",False,False,False,https://www.timeshighereducation.com/student/register-interest/shorelight?utm_medium=thewebsite&utm_campaign=cta-link&utm_source=rankings&iid=i-48698023
3,University of Oxford,93.2,3,88.6,6,97.7,3,95.5,24,72.9,69,90.7,14,master_account,0,/world-university-rankings/university-oxford,468,United Kingdom,,,,,University of Oxford,"Computer Science,Languages, Literature & Linguistics,Mathematics & Statistics,Economics & Econometrics,Law,Accounting & Finance,Chemical Engineering,Archaeology,Communication & Media Studies,Civil Engineering,Education,Mechanical & Aerospace Engineering,Geology, Environmental, Earth & Marine Sciences,Psychology,Biological Sciences,Geography,Politics & International Studies (incl Development Studies),Other Health,General Engineering,Business & Management,Chemistry,Medicine & Dentistry,Art, Performing Arts & Design,Electrical & Electronic Engineering,Physics & Astronomy,History, Philosophy & Theology,Sociology",False,False,False,https://www.timeshighereducation.com/student/register-interest/siuk?utm_medium=thewebsite&utm_campaign=cta-link&utm_source=rankings&iid=i-92611101
4,Stanford University,92.9,4,91.5,3,96.7,4,99.1,10,63.1,94,69.0,112,private,0,/world-university-rankings/stanford-university,467,United States,,,,,Stanford University,"Civil Engineering,Politics & International Studies (incl Development Studies),General Engineering,Sociology,Other Health,Computer Science,Chemical Engineering,Mathematics & Statistics,Art, Performing Arts & Design,Biological Sciences,Mechanical & Aerospace Engineering,Business & Management,Medicine & Dentistry,Geology, Environmental, Earth & Marine Sciences,Veterinary Science,History, Philosophy & Theology,Electrical & Electronic Engineering,Psychology,Accounting & Finance,Agriculture & Forestry,Archaeology,Education,Languages, Literature & Linguistics,Communication & Media Studies,Physics & Astronomy,Law,Economics & Econometrics,Chemistry",False,False,False,
5,University of Cambridge,92.0,5,89.7,4,95.6,6,95.2,28,51.1,135,87.8,23,master_account,0,/world-university-rankings/university-cambridge,470,United Kingdom,,,,,University of Cambridge,"History, Philosophy & Theology,Biological Sciences,Geology, Environmental, Earth & Marine Sciences,Law,Electrical & Electronic Engineering,Architecture,Psychology,Veterinary Science,Politics & International Studies (incl Development Studies),Physics & Astronomy,General Engineering,Archaeology,Medicine & Dentistry,Chemistry,Mechanical & Aerospace Engineering,Geography,Economics & Econometrics,Languages, Literature & Linguistics,Computer Science,Mathematics & Statistics,Civil Engineering,Sociology,Business & Management,Chemical Engineering,Art, Performing Arts & Design,Education",False,False,False,https://www.timeshighereducation.com/student/register-interest/siuk?utm_medium=thewebsite&utm_campaign=cta-link&utm_source=rankings&iid=i-67516113
6,Massachusetts Institute of Technology,91.9,6,89.1,5,88.2,13,100.0,1,95.7,28,84.3,39,private,0,/world-university-rankings/massachusetts-institute-technology,471,United States,,,,,Massachusetts Institute of Technology,"Biological Sciences,Electrical & Electronic Engineering,Languages, Literature & Linguistics,Economics & Econometrics,Psychology,Art, Performing Arts & Design,Physics & Astronomy,Mechanical & Aerospace Engineering,Sociology,Communication & Media Studies,Mathematics & Statistics,Architecture,General Engineering,Civil Engineering,Chemical Engineering,History, Philosophy & Theology,Geology, Environmental, Earth & Marine Sciences,Archaeology,Other Health,Chemistry,Politics & International Studies (incl Development Studies),Computer Science,Business & Management",False,False,False,https://www.timeshighereducation.com/student/register-interest/shorelight?utm_medium=thewebsite&utm_campaign=cta-link&utm_source=rankings&iid=i-68334672
7,Princeton University,90.9,7,86.6,8,94.7,7,99.6,7,82.7,52,61.2,152,private,0,/world-university-rankings/princeton-university,469,United States,,,,,Princeton University,"Chemistry,Languages, Literature & Linguistics,Mechanical & Aerospace Engineering,Sociology,Chemical Engineering,Economics & Econometrics,General Engineering,Geology, Environmental, Earth & Marine Sciences,Computer Science,Mathematics & Statistics,Other Health,Biological Sciences,History, Philosophy & Theology,Agriculture & Forestry,Electrical & Electronic Engineering,Politics & International Studies (incl Development Studies),Art, Performing Arts & Design,Physics & Astronomy,Architecture,Civil Engineering,Psychology",False,False,False,https://www.timeshighereducation.com/student/register-interest/shorelight?utm_medium=thewebsite&utm_campaign=cta-link&utm_source=rankings&iid=i-20795402
8,"University of California, Berkeley",89.5,8,84.2,10,96.7,5,99.1,11,44.8,175,58.5,178,public,0,/world-university-rankings/university-california-berkeley,474,United States,,,,,"University of California, Berkeley","Languages, Literature & Linguistics,Civil Engineering,Politics & International Studies (incl Development Studies),Agriculture & Forestry,Art, Performing Arts & Design,Geography,General Engineering,Chemical Engineering,Physics & Astronomy,Economics & Econometrics,Biological Sciences,Electrical & Electronic Engineering,Computer Science,Education,Other Health,Geology, Environmental, Earth & Marine Sciences,Sociology,History, Philosophy & Theology,Chemistry,Law,Psychology,Business & Management,Architecture,Mathematics & Statistics,Mechanical & Aerospace Engineering,Communication & Media Studies,Archaeology",False,False,False,https://www.timeshighereducation.com/student/register-interest/shorelight?utm_medium=thewebsite&utm_campaign=cta-link&utm_source=rankings&iid=i-50018853
9,Imperial College London,87.5,9,84.6,9,88.3,12,89.4,53,72.7,70,92.7,8,master_account,0,/world-university-rankings/imperial-college-london,472,United Kingdom,,,,,Imperial College London,"Computer Science,Business & Management,Chemical Engineering,Accounting & Finance,Chemistry,Economics & Econometrics,Geology, Environmental, Earth & Marine Sciences,General Engineering,Electrical & Electronic Engineering,Physics & Astronomy,Medicine & Dentistry,Mechanical & Aerospace Engineering,Other Health,Mathematics & Statistics,Biological Sciences,Civil Engineering",False,False,False,https://www.timeshighereducation.com/student/register-interest/siuk?utm_medium=thewebsite&utm_campaign=cta-link&utm_source=rankings&iid=i-67704114
9,Yale University,87.5,10,88.5,7,90.8,8,94.0,33,42.0,208,59.8,163,private,0,/world-university-rankings/yale-university,475,United States,,,,,Yale University,"Languages, Literature & Linguistics,Other Health,Geology, Environmental, Earth & Marine Sciences,Archaeology,Agriculture & Forestry,Psychology,Mathematics & Statistics,Law,Computer Science,Politics & International Studies (incl Development Studies),General Engineering,History, Philosophy & Theology,Electrical & Electronic Engineering,Accounting & Finance,Art, Performing Arts & Design,Mechanical & Aerospace Engineering,Sociology,Medicine & Dentistry,Physics & Astronomy,Chemical Engineering,Business & Management,Chemistry,Architecture,Biological Sciences,Economics & Econometrics",False,False,False,https://www.timeshighereducation.com/student/register-interest/shorelight?utm_medium=thewebsite&utm_campaign=cta-link&utm_source=rankings&iid=i-73583889
11,The University of Chicago,87.1,11,83.9,12,89.9,11,97.3,15,36.8,261,65.2,128,private,0,/world-university-rankings/university-chicago,473,United States,,,,,The University of Chicago,"Accounting & Finance,Medicine & Dentistry,History, Philosophy & Theology,Psychology,Law,Archaeology,Physics & Astronomy,Languages, Literature & Linguistics,Chemistry,Politics & International Studies (incl Development Studies),Economics & Econometrics,Business & Management,Geology, Environmental, Earth & Marine Sciences,Mathematics & Statistics,Biological Sciences,Chemical Engineering,Art, Performing Arts & Design,Sociology,Computer Science",False,False,False,
12,"University of California, Los Angeles",85.5,12,82.4,13,90.5,9,95.3,27,-,391,49.2,243,public,0,/world-university-rankings/university-california-los-angeles,477,United States,,,,,"University of California, Los Angeles","History, Philosophy & Theology,Mathematics & Statistics,Geography,Other Health,Biological Sciences,Law,Physics & Astronomy,Chemistry,Sport Science,Business & Management,Accounting & Finance,General Engineering,Geology, Environmental, Earth & Marine Sciences,Education,Languages, Literature & Linguistics,Psychology,Electrical & Electronic Engineering,Chemical Engineering,Art, Performing Arts & Design,Agriculture & Forestry,Medicine & Dentistry,Civil Engineering,Architecture,Archaeology,Mechanical & Aerospace Engineering,Veterinary Science,Economics & Econometrics,Computer Science,Politics & International Studies (incl Development Studies),Sociology,Communication & Media Studies",False,False,False,https://www.timeshighereducation.com/student/register-interest/shorelight?utm_medium=thewebsite&utm_campaign=cta-link&utm_source=rankings&iid=i-95508882
13,ETH Zurich,84.6,13,78.2,16,90.2,10,83.5,83,73.2,68,96.6,3,master_account,0,/world-university-rankings/eth-zurich,479,Switzerland,,,,,ETH Zurich,"Electrical & Electronic Engineering,Education,Civil Engineering,Business & Management,Chemical Engineering,Computer Science,Politics & International Studies (incl Development Studies),General Engineering,Economics & Econometrics,Chemistry,Other Health,Mathematics & Statistics,Sport Science,Mechanical & Aerospace Engineering,Geology, Environmental, Earth & Marine Sciences,Agriculture & Forestry,Biological Sciences,Architecture,Physics & Astronomy,Medicine & Dentistry,Accounting & Finance",False,False,False,
14,Columbia University,84.4,14,83.9,11,79.4,21,95.3,26,-,383,68.3,114,private,0,/world-university-rankings/columbia-university,476,United States,,,,,Columbia University,"Architecture,Sport Science,Electrical & Electronic Engineering,Communication & Media Studies,Law,Chemistry,Archaeology,Agriculture & Forestry,Sociology,History, Philosophy & Theology,Business & Management,Other Health,Psychology,Biological Sciences,Mechanical & Aerospace Engineering,Languages, Literature & Linguistics,Politics & International Studies (incl Development Studies),Art, Performing Arts & Design,Chemical Engineering,Civil Engineering,Accounting & Finance,Mathematics & Statistics,Physics & Astronomy,General Engineering,Medicine & Dentistry,Computer Science,Economics & Econometrics,Geology, Environmental, Earth & Marine Sciences",False,False,False,https://www.timeshighereducation.com/student/register-interest/shorelight?utm_medium=thewebsite&utm_campaign=cta-link&utm_source=rankings&iid=i-62830784
15,Johns Hopkins University,83.0,15,75.6,18,84.2,17,93.6,34,100.0,3,59.7,164,private,0,/world-university-rankings/johns-hopkins-university,478,United States,,,,,Johns Hopkins University,"Mathematics & Statistics,Economics & Econometrics,Civil Engineering,General Engineering,Sociology,Medicine & Dentistry,Physics & Astronomy,Education,Archaeology,Business & Management,Accounting & Finance,Computer Science,History, Philosophy & Theology,Psychology,Chemistry,Electrical & Electronic Engineering,Mechanical & Aerospace Engineering,Geology, Environmental, Earth & Marine Sciences,Biological Sciences,Languages, Literature & Linguistics,Politics & International Studies (incl Development Studies),Other Health,Art, Performing Arts & Design,Chemical Engineering",False,False,False,https://www.timeshighereducation.com/student/register-interest/shorelight?utm_medium=thewebsite&utm_campaign=cta-link&utm_source=rankings&iid=i-44788493
16,University of Pennsylvania,81.0,16,79.0,15,82.0,19,94.4,32,43.0,194,43.8,281,private,0,/world-university-rankings/university-pennsylvania,480,United States,,,,,University of Pennsylvania,"Business & Management,Other Health,Languages, Literature & Linguistics,Economics & Econometrics,Psychology,Mechanical & Aerospace Engineering,Education,Mathematics & Statistics,Medicine & Dentistry,Communication & Media Studies,Computer Science,Biological Sciences,Accounting & Finance,Geology, Environmental, Earth & Marine Sciences,General Engineering,Archaeology,Politics & International Studies (incl Development Studies),Sociology,Veterinary Science,Chemistry,History, Philosophy & Theology,Art, Performing Arts & Design,Electrical & Electronic Engineering,Geography,Physics & Astronomy,Chemical Engineering,Architecture,Law",False,False,False,https://www.timeshighereducation.com/student/register-interest/shorelight?utm_medium=thewebsite&utm_campaign=cta-link&utm_source=rankings&iid=i-31733092
17,University of Michigan-Ann Arbor,80.9,17,77.0,17,86.5,14,88.9,56,55.7,115,49.8,239,public,0,/world-university-rankings/university-michigan-ann-arbor,482,United States,,,,,University of Michigan-Ann Arbor,"Geology, Environmental, Earth & Marine Sciences,Communication & Media Studies,Physics & Astronomy,Computer Science,General Engineering,Chemical Engineering,Agriculture & Forestry,History, Philosophy & Theology,Mechanical & Aerospace Engineering,Art, Performing Arts & Design,Mathematics & Statistics,Sociology,Electrical & Electronic Engineering,Law,Business & Management,Education,Civil Engineering,Medicine & Dentistry,Economics & Econometrics,Psychology,Architecture,Accounting & Finance,Other Health,Politics & International Studies (incl Development Studies),Biological Sciences,Chemistry,Sport Science,Languages, Literature & Linguistics",False,False,False,https://www.timeshighereducation.com/student/register-interest/shorelight?utm_medium=thewebsite&utm_campaign=cta-link&utm_source=rankings&iid=i-98611775
18,Duke University,79.9,18,73.5,21,75.2,26,96.6,20,100.0,2,50.5,232,private,0,/world-university-rankings/duke-university,487,United States,,,,,Duke University,"Computer Science,Physics & Astronomy,Agriculture & Forestry,Law,General Engineering,Geology, Environmental, Earth & Marine Sciences,Mechanical & Aerospace Engineering,Sociology,Geography,Languages, Literature & Linguistics,Chemical Engineering,Business & Management,Other Health,Chemistry,Communication & Media Studies,Medicine & Dentistry,Mathematics & Statistics,Economics & Econometrics,Art, Performing Arts & Design,Civil Engineering,Psychology,History, Philosophy & Theology,Biological Sciences,Accounting & Finance,Electrical & Electronic Engineering,Politics & International Studies (incl Development Studies)",False,False,False,https://www.timeshighereducation.com/student/register-interest/shorelight?utm_medium=thewebsite&utm_campaign=cta-link&utm_source=rankings&iid=i-10310643
19,Cornell University,79.4,19,71.6,24,83.8,18,91.5,42,33.7,303,59.0,176,private,0,/world-university-rankings/cornell-university,484,United States,,,,,Cornell University,"History, Philosophy & Theology,Archaeology,Veterinary Science,Agriculture & Forestry,Law,Biological Sciences,Chemical Engineering,Politics & International Studies (incl Development Studies),Civil Engineering,Mathematics & Statistics,Mechanical & Aerospace Engineering,Architecture,Art, Performing Arts & Design,Languages, Literature & Linguistics,Sociology,Communication & Media Studies,Geology, Environmental, Earth & Marine Sciences,Electrical & Electronic Engineering,Computer Science,General Engineering,Chemistry,Economics & Econometrics,Physics & Astronomy,Business & Management,Psychology,Other Health",False,False,False,https://www.timeshighereducation.com/student/register-interest/shorelight?utm_medium=thewebsite&utm_campaign=cta-link&utm_source=rankings&iid=i-48987672
20,University of Toronto,79.3,20,74.4,20,85.1,16,83.0,87,46.1,169,71.2,97,master_account,0,/world-university-rankings/university-toronto,483,Canada,,,,,University of Toronto,"Art, Performing Arts & Design,Accounting & Finance,Archaeology,Communication & Media Studies,Sport Science,Politics & International Studies (incl Development Studies),Physics & Astronomy,History, Philosophy & Theology,Mechanical & Aerospace Engineering,Other Health,Computer Science,Architecture,Psychology,Mathematics & Statistics,General Engineering,Chemistry,Economics & Econometrics,Law,Chemical Engineering,Geology, Environmental, Earth & Marine Sciences,Biological Sciences,Agriculture & Forestry,Education,Geography,Business & Management,Sociology,Electrical & Electronic Engineering,Medicine & Dentistry,Civil Engineering,Languages, Literature & Linguistics",False,False,False,https://www.timeshighereducation.com/student/register-interest/applyboard?utm_medium=thewebsite&utm_campaign=cta-link&utm_source=rankings&iid=i-67051171
21,Northwestern University,79.2,21,72.7,22,78.9,23,96.9,18,77.0,58,36.7,326,private,0,/world-university-rankings/northwestern-university,490,United States,,,,,Northwestern University,"Education,Computer Science,Biological Sciences,Psychology,Archaeology,Physics & Astronomy,History, Philosophy & Theology,Art, Performing Arts & Design,Business & Management,Economics & Econometrics,Mechanical & Aerospace Engineering,Languages, Literature & Linguistics,Communication & Media Studies,Medicine & Dentistry,Accounting & Finance,Chemistry,Chemical Engineering,Mathematics & Statistics,Geography,Sociology,Civil Engineering,Other Health,Electrical & Electronic Engineering,Sport Science,Law,Politics & International Studies (incl Development Studies),General Engineering,Architecture,Geology, Environmental, Earth & Marine Sciences",False,False,False,https://www.timeshighereducation.com/student/register-interest/shorelight?utm_medium=thewebsite&utm_campaign=cta-link&utm_source=rankings&iid=i-44947751
22,UCL,78.7,22,70.4,26,80.4,20,85.1,72,46.2,167,90.6,15,master_account,0,/world-university-rankings/ucl,481,United Kingdom,,,,,UCL ucl UCL,"General Engineering,Medicine & Dentistry,Sport Science,Art, Performing Arts & Design,Biological Sciences,Law,Mechanical & Aerospace Engineering,Physics & Astronomy,Education,Architecture,Electrical & Electronic Engineering,Geology, Environmental, Earth & Marine Sciences,Business & Management,History, Philosophy & Theology,Chemical Engineering,Geography,Archaeology,Mathematics & Statistics,Computer Science,Politics & International Studies (incl Development Studies),Other Health,Communication & Media Studies,Economics & Econometrics,Languages, Literature & Linguistics,Civil Engineering,Sociology,Chemistry,Psychology",False,False,False,https://www.timeshighereducation.com/student/register-interest/siuk?utm_medium=thewebsite&utm_campaign=cta-link&utm_source=rankings&iid=i-15171793
23,The University of Tokyo,76.1,23,81.4,14,85.1,15,74.7,148,51.2,133,32.4,351,master_account,0,/world-university-rankings/university-tokyo,494,Japan,,,,,The University of Tokyo,"Art, Performing Arts & Design,General Engineering,Mathematics & Statistics,Psychology,Computer Science,Biological Sciences,Geography,Electrical & Electronic Engineering,Communication & Media Studies,Economics & Econometrics,Medicine & Dentistry,Veterinary Science,Law,Languages, Literature & Linguistics,Chemical Engineering,Politics & International Studies (incl Development Studies),History, Philosophy & Theology,Geology, Environmental, Earth & Marine Sciences,Business & Management,Other Health,Chemistry,Architecture,Civil Engineering,Sport Science,Education,Mechanical & Aerospace Engineering,Physics & Astronomy,Accounting & Finance,Archaeology,Agriculture & Forestry,Sociology",False,False,False,
24,Carnegie Mellon University,74.3,24,61.6,40,74.9,27,92.0,40,53.0,127,59.3,172,private,0,/world-university-rankings/carnegie-mellon-university,485,United States,,,,,Carnegie Mellon University,"Biological Sciences,Economics & Econometrics,Civil Engineering,Business & Management,Architecture,Communication & Media Studies,Art, Performing Arts & Design,Computer Science,Politics & International Studies (incl Development Studies),Languages, Literature & Linguistics,Electrical & Electronic Engineering,Psychology,Chemical Engineering,Accounting & Finance,Mathematics & Statistics,Physics & Astronomy,History, Philosophy & Theology,Mechanical & Aerospace Engineering,Chemistry",False,False,False,https://www.timeshighereducation.com/student/register-interest/shorelight?utm_medium=thewebsite&utm_campaign=cta-link&utm_source=rankings&iid=i-14763812
25,National University of Singapore,73.3,25,72.0,23,78.1,24,66.0,221,53.4,125,94.9,4,master_account,11,/world-university-rankings/national-university-singapore,504,Singapore,,,,,National University of Singapore nus,"Computer Science,Chemistry,Economics & Econometrics,General Engineering,Geology, Environmental, Earth & Marine Sciences,Architecture,Chemical Engineering,Geography,Medicine & Dentistry,Mathematics & Statistics,Psychology,Electrical & Electronic Engineering,Communication & Media Studies,Art, Performing Arts & Design,Mechanical & Aerospace Engineering,Politics & International Studies (incl Development Studies),History, Philosophy & Theology,Biological Sciences,Law,Other Health,Physics & Astronomy,Accounting & Finance,Languages, Literature & Linguistics,Civil Engineering,Sociology,Archaeology,Agriculture & Forestry,Business & Management",False,False,False,
26,University of Washington,73.2,26,64.5,33,68.9,39,95.0,30,44.7,177,47.9,254,public,0,/world-university-rankings/university-washington,489,United States,,,,,University of Washington,"Languages, Literature & Linguistics,Civil Engineering,Geography,Electrical & Electronic Engineering,Mathematics & Statistics,General Engineering,Chemical Engineering,Accounting & Finance,Architecture,Physics & Astronomy,Computer Science,Chemistry,Psychology,History, Philosophy & Theology,Art, Performing Arts & Design,Law,Other Health,Geology, Environmental, Earth & Marine Sciences,Business & Management,Agriculture & Forestry,Communication & Media Studies,Archaeology,Biological Sciences,Sociology,Mechanical & Aerospace Engineering,Sport Science,Education,Medicine & Dentistry,Politics & International Studies (incl Development Studies),Economics & Econometrics",False,False,False,https://www.timeshighereducation.com/student/register-interest/shorelight?utm_medium=thewebsite&utm_campaign=cta-link&utm_source=rankings&iid=i-79008396
27,Georgia Institute of Technology,72.8,27,62.5,38,71.2,33,85.8,70,72.3,72,68.9,113,public,0,/world-university-rankings/georgia-institute-technology,488,United States,,,,,Georgia Institute of Technology,"Chemistry,General Engineering,Biological Sciences,Mathematics & Statistics,Sociology,Other Health,Politics & International Studies (incl Development Studies),Electrical & Electronic Engineering,Agriculture & Forestry,History, Philosophy & Theology,Geology, Environmental, Earth & Marine Sciences,Geography,Mechanical & Aerospace Engineering,Economics & Econometrics,Computer Science,Psychology,Business & Management,Architecture,Civil Engineering,Chemical Engineering,Communication & Media Studies,Physics & Astronomy,Languages, Literature & Linguistics",False,False,False,https://www.timeshighereducation.com/student/register-interest/shorelight?utm_medium=thewebsite&utm_campaign=cta-link&utm_source=rankings&iid=i-55860137
28,University of Texas at Austin,72.3,28,64.3,34,72.0,30,91.5,44,58.1,106,33.1,349,public,0,/world-university-rankings/university-texas-austin,493,United States,,,,,University of Texas at Austin,"Medicine & Dentistry,Geography,General Engineering,Economics & Econometrics,History, Philosophy & Theology,Biological Sciences,Other Health,Politics & International Studies (incl Development Studies),Education,Law,Sport Science,Chemistry,Computer Science,Accounting & Finance,Geology, Environmental, Earth & Marine Sciences,Chemical Engineering,Art, Performing Arts & Design,Communication & Media Studies,Civil Engineering,Architecture,Mathematics & Statistics,Mechanical & Aerospace Engineering,Languages, Literature & Linguistics,Sociology,Electrical & Electronic Engineering,Psychology,Physics & Astronomy,Business & Management",False,False,False,https://www.timeshighereducation.com/student/register-interest/shorelight?utm_medium=thewebsite&utm_campaign=cta-link&utm_source=rankings&iid=i-33268802
29,LMU Munich,71.9,29,65.1,32,69.1,37,83.0,85,100.0,6,56.4,189,master_account,6,/world-university-rankings/lmu-munich,509,Germany,,,,,LMU Munich Ludwig-Maximilians-Universität München,"Biological Sciences,Art, Performing Arts & Design,Psychology,Communication & Media Studies,Languages, Literature & Linguistics,Politics & International Studies (incl Development Studies),Chemistry,Computer Science,Other Health,Law,Sociology,Education,Business & Management,Medicine & Dentistry,Mathematics & Statistics,Veterinary Science,History, Philosophy & Theology,Geography,Physics & Astronomy,Economics & Econometrics,Archaeology,Geology, Environmental, Earth & Marine Sciences",False,False,False,
29,University of Wisconsin-Madison,71.9,31,67.7,30,71.3,32,87.7,64,53.3,126,33.6,346,public,0,/world-university-rankings/university-wisconsin-madison,491,United States,,,,,University of Wisconsin-Madison,"Politics & International Studies (incl Development Studies),Agriculture & Forestry,Electrical & Electronic Engineering,Other Health,Business & Management,Computer Science,Communication & Media Studies,Education,Mathematics & Statistics,Languages, Literature & Linguistics,Physics & Astronomy,Law,Architecture,Geography,Sport Science,Medicine & Dentistry,Art, Performing Arts & Design,Sociology,Accounting & Finance,Chemical Engineering,Chemistry,Veterinary Science,History, Philosophy & Theology,Mechanical & Aerospace Engineering,Geology, Environmental, Earth & Marine Sciences,General Engineering,Economics & Econometrics,Civil Engineering,Biological Sciences,Psychology",False,False,False,https://www.timeshighereducation.com/student/register-interest/shorelight?utm_medium=thewebsite&utm_campaign=cta-link&utm_source=rankings&iid=i-96030823
29,University of Illinois at Urbana-Champaign,71.9,30,67.7,29,79.0,22,77.8,121,51.7,132,43.9,279,public,0,/world-university-rankings/university-illinois-urbana-champaign,495,United States,,,,,University of Illinois at Urbana-Champaign,"Languages, Literature & Linguistics,General Engineering,Business & Management,Mechanical & Aerospace Engineering,Mathematics & Statistics,Education,Other Health,Chemical Engineering,Psychology,Electrical & Electronic Engineering,Chemistry,Communication & Media Studies,History, Philosophy & Theology,Veterinary Science,Geography,Archaeology,Physics & Astronomy,Law,Architecture,Biological Sciences,Sociology,Computer Science,Agriculture & Forestry,Politics & International Studies (incl Development Studies),Art, Performing Arts & Design,Civil Engineering,Accounting & Finance,Medicine & Dentistry,Sport Science,Geology, Environmental, Earth & Marine Sciences,Economics & Econometrics",False,False,False,https://www.timeshighereducation.com/student/register-interest/shorelight?utm_medium=thewebsite&utm_campaign=cta-link&utm_source=rankings&iid=i-24020534
32,University of British Columbia,71.8,32,60.5,41,69.0,38,85.3,71,40.1,223,84.8,35,master_account,11,/world-university-rankings/university-british-columbia,486,Canada,,,,,University of British Columbia,"Accounting & Finance,Mechanical & Aerospace Engineering,History, Philosophy & Theology,Other Health,Medicine & Dentistry,Sociology,Computer Science,Art, Performing Arts & Design,Education,Mathematics & Statistics,Economics & Econometrics,Law,Chemical Engineering,Biological Sciences,Languages, Literature & Linguistics,Sport Science,Politics & International Studies (incl Development Studies),Architecture,General Engineering,Business & Management,Psychology,Physics & Astronomy,Geography,Agriculture & Forestry,Archaeology,Electrical & Electronic Engineering,Civil Engineering,Geology, Environmental, Earth & Marine Sciences,Communication & Media Studies,Chemistry",False,False,False,https://www.timeshighereducation.com/student/register-interest/applyboard?utm_medium=thewebsite&utm_campaign=cta-link&utm_source=rankings&iid=i-91511981
33,University of Melbourne,71.2,33,60.4,42,70.9,35,80.6,100,61.2,98,81.3,55,master_account,0,/world-university-rankings/university-melbourne,501,Australia,,,,,University of Melbourne UniMelb Australia,"Communication & Media Studies,Medicine & Dentistry,Computer Science,Economics & Econometrics,Civil Engineering,Physics & Astronomy,History, Philosophy & Theology,Architecture,Chemical Engineering,Accounting & Finance,Sociology,Politics & International Studies (incl Development Studies),Art, Performing Arts & Design,Biological Sciences,Agriculture & Forestry,Archaeology,Mathematics & Statistics,Mechanical & Aerospace Engineering,Geology, Environmental, Earth & Marine Sciences,Other Health,Veterinary Science,Geography,Languages, Literature & Linguistics,Law,Education,Sport Science,Electrical & Electronic Engineering,Chemistry,Psychology,General Engineering,Business & Management",False,False,False,https://www.timeshighereducation.com/student/register-interest/aecc?utm_medium=thewebsite&utm_campaign=cta-link&utm_source=rankings&iid=i-84190491
34,École Polytechnique Fédérale de Lausanne,70.9,34,54.7,55,56.9,62,95.0,29,61.9,96,98.8,1,master_account,0,/world-university-rankings/ecole-polytechnique-federale-de-lausanne,510,Switzerland,,,,,École Polytechnique Fédérale de Lausanne,"Sport Science,Biological Sciences,Chemistry,Electrical & Electronic Engineering,Accounting & Finance,Civil Engineering,Computer Science,Geology, Environmental, Earth & Marine Sciences,Chemical Engineering,Architecture,Mathematics & Statistics,General Engineering,Physics & Astronomy,Mechanical & Aerospace Engineering,Business & Management",False,False,False,
34,London School of Economics and Political Science,70.9,35,65.4,31,74.2,28,71.3,178,40.6,217,87.4,24,master_account,0,/world-university-rankings/london-school-economics-and-political-science,511,United Kingdom,,,,,London School of Economics and Political Science,"Mathematics & Statistics,Accounting & Finance,Geography,Law,Sociology,Politics & International Studies (incl Development Studies),Communication & Media Studies,Psychology,Languages, Literature & Linguistics,Business & Management,Economics & Econometrics,Geology, Environmental, Earth & Marine Sciences,History, Philosophy & Theology",False,False,False,https://www.timeshighereducation.com/student/register-interest/siuk?utm_medium=thewebsite&utm_campaign=cta-link&utm_source=rankings&iid=i-89868061
36,University of Edinburgh,70.4,36,58.9,44,62.9,49,88.3,60,41.2,214,84.3,40,master_account,0,/world-university-rankings/university-edinburgh,500,United Kingdom,,,,,University of Edinburgh,"History, Philosophy & Theology,Civil Engineering,Politics & International Studies (incl Development Studies),Computer Science,Psychology,Archaeology,Art, Performing Arts & Design,Biological Sciences,Business & Management,Medicine & Dentistry,Economics & Econometrics,Mathematics & Statistics,Geology, Environmental, Earth & Marine Sciences,Communication & Media Studies,General Engineering,Law,Chemistry,Architecture,Agriculture & Forestry,Languages, Literature & Linguistics,Physics & Astronomy,Electrical & Electronic Engineering,Mechanical & Aerospace Engineering,Sociology,Chemical Engineering,Accounting & Finance,Education,Other Health,Veterinary Science,Sport Science,Geography",False,False,False,https://www.timeshighereducation.com/student/register-interest/siuk?utm_medium=thewebsite&utm_campaign=cta-link&utm_source=rankings&iid=i-61465682
37,"University of California, Santa Barbara",70.0,37,49.4,76,61.4,53,99.2,9,87.1,41,64.3,134,public,0,/world-university-rankings/university-california-santa-barbara,499,United States,,,,,"University of California, Santa Barbara","Communication & Media Studies,Electrical & Electronic Engineering,Geology, Environmental, Earth & Marine Sciences,Biological Sciences,Education,Computer Science,Art, Performing Arts & Design,Politics & International Studies (incl Development Studies),Agriculture & Forestry,Sociology,Archaeology,History, Philosophy & Theology,Chemistry,Mechanical & Aerospace Engineering,Physics & Astronomy,Economics & Econometrics,Chemical Engineering,Accounting & Finance,Architecture,Languages, Literature & Linguistics,Mathematics & Statistics,Psychology,Veterinary Science,Geography",False,False,False,https://www.timeshighereducation.com/student/register-interest/shorelight?utm_medium=thewebsite&utm_campaign=cta-link&utm_source=rankings&iid=i-69587594
38,New York University,69.9,38,68.3,28,62.4,50,89.5,51,30.2,356,41.2,296,private,0,/world-university-rankings/new-york-university,508,United States,,,,,New York University,"Psychology,Politics & International Studies (incl Development Studies),Medicine & Dentistry,Education,Law,Civil Engineering,Geology, Environmental, Earth & Marine Sciences,Archaeology,Architecture,History, Philosophy & Theology,Electrical & Electronic Engineering,Computer Science,Biological Sciences,Economics & Econometrics,Chemical Engineering,Communication & Media Studies,Art, Performing Arts & Design,Chemistry,General Engineering,Business & Management,Mathematics & Statistics,Other Health,Languages, Literature & Linguistics,Accounting & Finance,Sociology,Physics & Astronomy,Mechanical & Aerospace Engineering",False,False,False,https://www.timeshighereducation.com/student/register-interest/shorelight?utm_medium=thewebsite&utm_campaign=cta-link&utm_source=rankings&iid=i-53177321
39,McGill University,69.6,39,63.3,37,69.9,36,76.0,135,38.6,248,79.0,70,master_account,11,/world-university-rankings/mcgill-university,492,Canada,,,,,McGill University,"Civil Engineering,Languages, Literature & Linguistics,Politics & International Studies (incl Development Studies),Architecture,Agriculture & Forestry,Sociology,Computer Science,Physics & Astronomy,Business & Management,Mechanical & Aerospace Engineering,Geology, Environmental, Earth & Marine Sciences,Accounting & Finance,Sport Science,Other Health,Psychology,General Engineering,Chemistry,Economics & Econometrics,History, Philosophy & Theology,Chemical Engineering,Geography,Biological Sciences,Archaeology,Law,Medicine & Dentistry,Mathematics & Statistics,Education,Art, Performing Arts & Design,Electrical & Electronic Engineering,Communication & Media Studies",False,False,False,https://www.timeshighereducation.com/student/register-interest/applyboard?utm_medium=thewebsite&utm_campaign=cta-link&utm_source=rankings&iid=i-09910272
40,King’s College London,69.4,40,55.6,51,62.3,51,88.3,58,39.0,241,87.0,27,master_account,0,/world-university-rankings/kings-college-london,520,United Kingdom,,,,,King’s College London,"Sport Science,History, Philosophy & Theology,Education,Sociology,Business & Management,Biological Sciences,Chemistry,Mechanical & Aerospace Engineering,Economics & Econometrics,Law,Medicine & Dentistry,Art, Performing Arts & Design,Geology, Environmental, Earth & Marine Sciences,Other Health,Communication & Media Studies,Geography,Physics & Astronomy,Languages, Literature & Linguistics,Computer Science,Psychology,Accounting & Finance,General Engineering,Politics & International Studies (incl Development Studies),Archaeology,Mathematics & Statistics,Electrical & Electronic Engineering",False,False,False,
41,"University of California, San Diego",68.6,41,52.0,65,66.6,44,96.4,22,54.2,123,37.0,325,public,0,/world-university-rankings/university-california-san-diego,497,United States,,,,,"University of California, San Diego","Physics & Astronomy,Accounting & Finance,Electrical & Electronic Engineering,Medicine & Dentistry,Art, Performing Arts & Design,Education,Communication & Media Studies,General Engineering,Mechanical & Aerospace Engineering,Computer Science,Psychology,Geology, Environmental, Earth & Marine Sciences,Business & Management,Chemical Engineering,Languages, Literature & Linguistics,Chemistry,Other Health,Biological Sciences,History, Philosophy & Theology,Politics & International Studies (incl Development Studies),Civil Engineering,Sociology,Economics & Econometrics,Mathematics & Statistics",False,False,False,https://www.timeshighereducation.com/student/register-interest/shorelight?utm_medium=thewebsite&utm_campaign=cta-link&utm_source=rankings&iid=i-62118223
42,Washington University in St Louis,67.8,42,57.6,47,55.2,65,97.1,17,-,399,46.5,263,private,0,/world-university-rankings/washington-university-st-louis,505,United States,,,,,Washington University in St Louis,"Mechanical & Aerospace Engineering,Biological Sciences,Sociology,Art, Performing Arts & Design,Computer Science,Chemical Engineering,Electrical & Electronic Engineering,Law,Medicine & Dentistry,General Engineering,Accounting & Finance,Mathematics & Statistics,Economics & Econometrics,Education,Architecture,Politics & International Studies (incl Development Studies),Psychology,Geology, Environmental, Earth & Marine Sciences,Other Health,Business & Management,History, Philosophy & Theology,Chemistry,Languages, Literature & Linguistics,Archaeology,Physics & Astronomy,Communication & Media Studies",False,False,False,
43,University of Hong Kong,67.5,43,62.1,39,72.6,29,65.1,225,56.0,114,81.9,53,master_account,11,/world-university-rankings/university-hong-kong,498,Hong Kong,,,,,University of Hong Kong,"Physics & Astronomy,Education,Mathematics & Statistics,Languages, Literature & Linguistics,Business & Management,Biological Sciences,Accounting & Finance,Civil Engineering,Communication & Media Studies,Law,History, Philosophy & Theology,Electrical & Electronic Engineering,Mechanical & Aerospace Engineering,Other Health,Geology, Environmental, Earth & Marine Sciences,Psychology,Chemistry,Politics & International Studies (incl Development Studies),Computer Science,General Engineering,Economics & Econometrics,Art, Performing Arts & Design,Sociology,Geography,Agriculture & Forestry,Medicine & Dentistry,Architecture",False,False,False,
44,Karolinska Institute,66.8,44,57.1,48,68.0,42,76.8,129,65.5,85,60.6,155,master_account,0,/world-university-rankings/karolinska-institute,496,Sweden,,,,,Karolinska Institute,"Education,Business & Management,Psychology,Chemical Engineering,Sociology,Medicine & Dentistry,Biological Sciences,Languages, Literature & Linguistics,Geology, Environmental, Earth & Marine Sciences,Other Health,Mathematics & Statistics",False,False,False,
45,Australian National University,66.5,45,53.7,59,70.9,34,71.1,179,38.9,242,91.3,10,master_account,11,/world-university-rankings/australian-national-university,502,Australia,,,,,Australian National University anu,"Art, Performing Arts & Design,Electrical & Electronic Engineering,Politics & International Studies (incl Development Studies),Chemistry,Accounting & Finance,General Engineering,History, Philosophy & Theology,Civil Engineering,Psychology,Mechanical & Aerospace Engineering,Sociology,Mathematics & Statistics,Archaeology,Agriculture & Forestry,Geology, Environmental, Earth & Marine Sciences,Biological Sciences,Economics & Econometrics,Computer Science,Business & Management,Communication & Media Studies,Medicine & Dentistry,Geography,Other Health,Physics & Astronomy,Languages, Literature & Linguistics,Law",False,False,False,https://www.timeshighereducation.com/student/register-interest/aecc?utm_medium=thewebsite&utm_campaign=cta-link&utm_source=rankings&iid=i-78601931
46,University of Minnesota,65.9,46,59.9,43,64.7,46,82.9,89,-,396,33.8,345,public,0,/world-university-rankings/university-minnesota,506,United States,,,,,University of Minnesota,"Geography,Computer Science,Veterinary Science,Architecture,Agriculture & Forestry,Economics & Econometrics,General Engineering,Mathematics & Statistics,Psychology,Languages, Literature & Linguistics,Mechanical & Aerospace Engineering,Geology, Environmental, Earth & Marine Sciences,History, Philosophy & Theology,Chemical Engineering,Politics & International Studies (incl Development Studies),Physics & Astronomy,Business & Management,Art, Performing Arts & Design,Civil Engineering,Communication & Media Studies,Sociology,Electrical & Electronic Engineering,Chemistry,Accounting & Finance,Medicine & Dentistry,Biological Sciences,Law,Other Health,Sport Science,Education",False,False,False,https://www.timeshighereducation.com/student/register-interest/shorelight?utm_medium=thewebsite&utm_campaign=cta-link&utm_source=rankings&iid=i-25162572
46,University of North Carolina at Chapel Hill,65.9,47,57.9,46,58.6,57,91.0,45,40.5,220,35.3,338,public,0,/world-university-rankings/university-north-carolina-chapel-hill,507,United States,,,,,University of North Carolina at Chapel Hill,"Business & Management,Politics & International Studies (incl Development Studies),History, Philosophy & Theology,Other Health,Law,Agriculture & Forestry,Biological Sciences,Computer Science,Physics & Astronomy,Geography,Archaeology,Communication & Media Studies,Education,Accounting & Finance,Languages, Literature & Linguistics,Geology, Environmental, Earth & Marine Sciences,Medicine & Dentistry,Sport Science,Chemistry,Mathematics & Statistics,Art, Performing Arts & Design,Economics & Econometrics,Psychology,Sociology,General Engineering",False,False,False,https://www.timeshighereducation.com/student/register-interest/shorelight?utm_medium=thewebsite&utm_campaign=cta-link&utm_source=rankings&iid=i-95855921
48,Peking University,65.2,48,70.0,27,61.9,52,63.7,235,100.0,9,53.7,213,master_account,0,/world-university-rankings/peking-university,514,China,,,,,Peking University,"Chemistry,Mechanical & Aerospace Engineering,History, Philosophy & Theology,Law,Accounting & Finance,Art, Performing Arts & Design,Economics & Econometrics,Mathematics & Statistics,Psychology,Computer Science,Geography,Business & Management,Geology, Environmental, Earth & Marine Sciences,Politics & International Studies (incl Development Studies),Physics & Astronomy,General Engineering,Other Health,Archaeology,Sociology,Electrical & Electronic Engineering,Biological Sciences,Education,Medicine & Dentistry,Communication & Media Studies,Languages, Literature & Linguistics",False,False,False,
49,Tsinghua University,65.1,49,64.1,35,68.3,41,65.0,226,99.7,17,44.6,275,master_account,0,/world-university-rankings/tsinghua-university,535,China,,,,,Tsinghua University Qinghua University Tsing hua University Qing hua University,"Art, Performing Arts & Design,Medicine & Dentistry,Sport Science,Economics & Econometrics,Architecture,Mechanical & Aerospace Engineering,Geography,Accounting & Finance,Electrical & Electronic Engineering,Physics & Astronomy,Education,Other Health,Communication & Media Studies,Chemical Engineering,Sociology,Business & Management,General Engineering,Geology, Environmental, Earth & Marine Sciences,Psychology,Languages, Literature & Linguistics,Archaeology,Mathematics & Statistics,Civil Engineering,Politics & International Studies (incl Development Studies),Computer Science,Chemistry,History, Philosophy & Theology,Biological Sciences,Law",False,False,False,
50,Seoul National University,64.8,50,75.5,19,77.1,25,48.7,351,86.3,43,30.3,362,master_account,0,/world-university-rankings/seoul-national-university,588,South Korea,,,,,Seoul National University,"Geography,Business & Management,Politics & International Studies (incl Development Studies),Communication & Media Studies,Veterinary Science,Agriculture & Forestry,Civil Engineering,Chemistry,Art, Performing Arts & Design,Economics & Econometrics,Psychology,Archaeology,History, Philosophy & Theology,Sociology,Medicine & Dentistry,Mathematics & Statistics,Mechanical & Aerospace Engineering,Chemical Engineering,General Engineering,Computer Science,Languages, Literature & Linguistics,Other Health,Sport Science,Biological Sciences,Law,Accounting & Finance,Physics & Astronomy,Electrical & Electronic Engineering,Education,Geology, Environmental, Earth & Marine Sciences,Architecture",False,False,False,
51,The Hong Kong University of Science and Technology,64.7,51,51.8,67,66.8,43,72.9,171,57.6,109,77.8,74,master_account,11,/world-university-rankings/hong-kong-university-science-and-technology,526,Hong Kong,,,,,The Hong Kong University of Science and Technology hkust,"Other Health,Physics & Astronomy,Chemical Engineering,Business & Management,Geology, Environmental, Earth & Marine Sciences,Chemistry,General Engineering,Sociology,Computer Science,Politics & International Studies (incl Development Studies),Mathematics & Statistics,Biological Sciences,Economics & Econometrics,Electrical & Electronic Engineering,Mechanical & Aerospace Engineering,Civil Engineering,Accounting & Finance",False,False,False,
52,University of Manchester,64.5,53,58.1,45,58.7,56,74.3,150,39.4,238,82.0,51,master_account,11,/world-university-rankings/university-manchester,512,United Kingdom,,,,,University of Manchester,"Geology, Environmental, Earth & Marine Sciences,Architecture,Geography,Economics & Econometrics,Education,Chemical Engineering,Archaeology,Languages, Literature & Linguistics,Politics & International Studies (incl Development Studies),Electrical & Electronic Engineering,Biological Sciences,Art, Performing Arts & Design,Medicine & Dentistry,Communication & Media Studies,Civil Engineering,Sociology,Accounting & Finance,Chemistry,General Engineering,Psychology,Mathematics & Statistics,Computer Science,Mechanical & Aerospace Engineering,History, Philosophy & Theology,Law,Other Health,Business & Management,Physics & Astronomy",False,False,False,https://www.timeshighereducation.com/student/register-interest/siuk?utm_medium=thewebsite&utm_campaign=cta-link&utm_source=rankings&iid=i-29944014
52,Korea Advanced Institute of Science and Technology (KAIST),64.5,52,63.5,36,63.2,48,71.4,177,100.0,4,34.9,339,master_account,0,/world-university-rankings/korea-advanced-institute-science-and-technology-kaist,558,South Korea,,,,,Korea Advanced Institute of Science and Technology (KAIST),"History, Philosophy & Theology,Electrical & Electronic Engineering,Sport Science,Languages, Literature & Linguistics,Chemical Engineering,Sociology,Computer Science,Mathematics & Statistics,Education,Archaeology,Veterinary Science,Law,Art, Performing Arts & Design,Mechanical & Aerospace Engineering,Communication & Media Studies,Architecture,Chemistry,Medicine & Dentistry,Biological Sciences,Psychology,Civil Engineering,Politics & International Studies (incl Development Studies),Business & Management,General Engineering,Geology, Environmental, Earth & Marine Sciences,Accounting & Finance,Other Health,Physics & Astronomy,Economics & Econometrics",False,False,False,
54,Brown University,64.1,54,55.5,52,54.2,68,92.0,39,32.7,318,37.0,322,private,0,/world-university-rankings/brown-university,513,United States,,,,,Brown University,"Geology, Environmental, Earth & Marine Sciences,History, Philosophy & Theology,Electrical & Electronic Engineering,Sociology,Medicine & Dentistry,Business & Management,Mechanical & Aerospace Engineering,Communication & Media Studies,Psychology,Art, Performing Arts & Design,General Engineering,Education,Archaeology,Politics & International Studies (incl Development Studies),Mathematics & Statistics,Architecture,Computer Science,Biological Sciences,Chemistry,Physics & Astronomy,Other Health,Chemical Engineering,Economics & Econometrics,Languages, Literature & Linguistics",False,False,False,https://www.timeshighereducation.com/student/register-interest/shorelight?utm_medium=thewebsite&utm_campaign=cta-link&utm_source=rankings&iid=i-47263781
55,KU Leuven,63.7,55,53.0,61,63.6,47,71.8,176,99.9,14,62.3,147,master_account,11,/world-university-rankings/ku-leuven,531,Belgium,,,,,KU Leuven,"Art, Performing Arts & Design,Chemical Engineering,Electrical & Electronic Engineering,Communication & Media Studies,Medicine & Dentistry,Mathematics & Statistics,Accounting & Finance,General Engineering,Geology, Environmental, Earth & Marine Sciences,Other Health,Physics & Astronomy,Business & Management,Languages, Literature & Linguistics,Mechanical & Aerospace Engineering,Politics & International Studies (incl Development Studies),Architecture,Sport Science,Education,Archaeology,Biological Sciences,Psychology,History, Philosophy & Theology,Agriculture & Forestry,Law,Computer Science,Chemistry,Economics & Econometrics,Civil Engineering,Sociology,Geography",False,False,False,
55,"University of California, Davis",63.7,56,54.4,57,59.7,55,80.4,105,55.4,116,52.9,220,public,0,/world-university-rankings/university-california-davis,503,United States,,,,,"University of California, Davis","Education,Chemistry,Civil Engineering,Veterinary Science,Economics & Econometrics,Business & Management,History, Philosophy & Theology,Medicine & Dentistry,Chemical Engineering,Biological Sciences,Architecture,Agriculture & Forestry,Accounting & Finance,Mechanical & Aerospace Engineering,Geology, Environmental, Earth & Marine Sciences,Languages, Literature & Linguistics,Sociology,Art, Performing Arts & Design,Politics & International Studies (incl Development Studies),Sport Science,Mathematics & Statistics,Archaeology,Psychology,Other Health,Communication & Media Studies,Physics & Astronomy,Geography,Law,Computer Science,General Engineering,Electrical & Electronic Engineering",False,False,False,https://www.timeshighereducation.com/student/register-interest/shorelight?utm_medium=thewebsite&utm_campaign=cta-link&utm_source=rankings&iid=i-62049829
57,Boston University,63.6,57,56.4,49,46.7,99,94.4,31,30.3,355,47.8,255,private,0,/world-university-rankings/boston-university,518,United States,,,,,Boston University,"Other Health,Politics & International Studies (incl Development Studies),Sociology,Mechanical & Aerospace Engineering,Education,Languages, Literature & Linguistics,Geography,Psychology,General Engineering,Geology, Environmental, Earth & Marine Sciences,Accounting & Finance,Chemistry,Computer Science,Art, Performing Arts & Design,Mathematics & Statistics,Biological Sciences,Medicine & Dentistry,History, Philosophy & Theology,Physics & Astronomy,Architecture,Electrical & Electronic Engineering,Business & Management,Economics & Econometrics,Archaeology,Communication & Media Studies,Law",False,False,False,https://www.timeshighereducation.com/student/register-interest/shorelight?utm_medium=thewebsite&utm_campaign=cta-link&utm_source=rankings&iid=i-74571941
58,Penn State (Main campus),62.9,58,54.6,56,64.8,45,76.0,136,60.4,99,37.4,316,public,0,/world-university-rankings/penn-state-main-campus,515,United States,,,,,Penn State (Main campus),"Business & Management,Geology, Environmental, Earth & Marine Sciences,Mechanical & Aerospace Engineering,Mathematics & Statistics,General Engineering,Law,Medicine & Dentistry,Architecture,Veterinary Science,Politics & International Studies (incl Development Studies),Civil Engineering,Archaeology,Chemistry,Chemical Engineering,Education,Computer Science,Languages, Literature & Linguistics,Psychology,Accounting & Finance,Communication & Media Studies,Other Health,Sport Science,Art, Performing Arts & Design,Physics & Astronomy,History, Philosophy & Theology,Electrical & Electronic Engineering,Sociology,Economics & Econometrics,Biological Sciences,Geography,Agriculture & Forestry",False,False,False,https://www.timeshighereducation.com/student/register-interest/shorelight?utm_medium=thewebsite&utm_campaign=cta-link&utm_source=rankings&iid=i-63396649
59,Kyoto University,62.8,59,70.4,25,68.4,40,57.0,295,73.3,67,29.0,371,master_account,0,/world-university-rankings/kyoto-university,516,Japan,,,,,Kyoto University,"Architecture,Geography,Biological Sciences,Psychology,Mechanical & Aerospace Engineering,Law,Communication & Media Studies,Archaeology,Education,Electrical & Electronic Engineering,Sociology,Business & Management,Civil Engineering,Agriculture & Forestry,Economics & Econometrics,Physics & Astronomy,Chemistry,Computer Science,Medicine & Dentistry,Mathematics & Statistics,History, Philosophy & Theology,Chemical Engineering,Languages, Literature & Linguistics,Politics & International Studies (incl Development Studies),General Engineering,Accounting & Finance,Art, Performing Arts & Design,Geology, Environmental, Earth & Marine Sciences,Other Health,Sport Science",False,False,False,
60,The University of Sydney,62.7,60,52.8,62,60.8,54,69.0,197,67.3,83,83.6,47,master_account,1,/world-university-rankings/university-sydney,522,Australia,,,,,The University of Sydney UniSyd,"Electrical & Electronic Engineering,Law,General Engineering,Business & Management,Accounting & Finance,Mathematics & Statistics,Veterinary Science,Other Health,Communication & Media Studies,Psychology,Biological Sciences,Chemical Engineering,Medicine & Dentistry,Politics & International Studies (incl Development Studies),Architecture,Mechanical & Aerospace Engineering,Physics & Astronomy,Computer Science,Education,Geology, Environmental, Earth & Marine Sciences,Sport Science,History, Philosophy & Theology,Economics & Econometrics,Archaeology,Chemistry,Art, Performing Arts & Design,Civil Engineering,Geography,Agriculture & Forestry,Sociology,Languages, Literature & Linguistics",False,False,False,
61,École Polytechnique – Institut Polytechnique de Paris,62.2,61,50.5,72,47.1,95,79.9,107,76.8,59,94.5,5,master_account,0,/world-university-rankings/ecole-polytechnique-institut-polytechnique-de-paris,527,France,,,,,École Polytechnique – Institut Polytechnique de Paris,"Physics & Astronomy,General Engineering,Education,Computer Science,Geology, Environmental, Earth & Marine Sciences,Languages, Literature & Linguistics,Mathematics & Statistics,History, Philosophy & Theology,Chemistry,Civil Engineering,Mechanical & Aerospace Engineering,Economics & Econometrics,Electrical & Electronic Engineering,Business & Management,Biological Sciences,Chemical Engineering",False,False,False,
61,"Nanyang Technological University, Singapore",62.2,62,43.9,105,55.9,63,75.9,137,100.0,7,92.5,9,master_account,11,/world-university-rankings/nanyang-technological-university-singapore,634,Singapore,,,,,"Nanyang Technological University, Singapore NTU Nan yang","Psychology,Geology, Environmental, Earth & Marine Sciences,Chemical Engineering,Politics & International Studies (incl Development Studies),Computer Science,Biological Sciences,General Engineering,History, Philosophy & Theology,Communication & Media Studies,Electrical & Electronic Engineering,Accounting & Finance,Mathematics & Statistics,Sport Science,Medicine & Dentistry,Chemistry,Sociology,Civil Engineering,Art, Performing Arts & Design,Economics & Econometrics,Business & Management,Languages, Literature & Linguistics,Mechanical & Aerospace Engineering,Other Health,Physics & Astronomy,Education",False,False,False,
63,Scuola Normale Superiore di Pisa,61.9,63,48.2,82,46.0,102,96.4,21,40.1,222,50.1,236,master_account,0,/world-university-rankings/scuola-normale-superiore-di-pisa,1019,Italy,,,,,Scuola Normale Superiore di Pisa,"Politics & International Studies (incl Development Studies),Physics & Astronomy,Chemistry,Archaeology,Sociology,History, Philosophy & Theology,Mathematics & Statistics,Computer Science,Languages, Literature & Linguistics,Art, Performing Arts & Design",False,False,False,
64,Leiden University,61.3,64,45.0,98,58.2,59,82.3,91,47.3,160,59.5,168,master_account,6,/world-university-rankings/leiden-university,543,Netherlands,,,,,Leiden University,"Biological Sciences,Psychology,Mathematics & Statistics,Languages, Literature & Linguistics,Chemistry,Computer Science,Education,History, Philosophy & Theology,Geology, Environmental, Earth & Marine Sciences,Art, Performing Arts & Design,Physics & Astronomy,Architecture,Communication & Media Studies,Other Health,Law,Archaeology,Politics & International Studies (incl Development Studies),Medicine & Dentistry,Sociology",False,False,False,
65,The University of Queensland,61.2,65,45.8,91,58.4,58,74.2,152,66.2,84,80.4,59,master_account,11,/world-university-rankings/university-queensland,538,Australia,,,,,The University of Queensland UQ UOQ,"Geography,History, Philosophy & Theology,Geology, Environmental, Earth & Marine Sciences,Biological Sciences,Electrical & Electronic Engineering,General Engineering,Law,Agriculture & Forestry,Art, Performing Arts & Design,Archaeology,Other Health,Languages, Literature & Linguistics,Medicine & Dentistry,Sport Science,Education,Communication & Media Studies,Economics & Econometrics,Politics & International Studies (incl Development Studies),Business & Management,Chemical Engineering,Physics & Astronomy,Mechanical & Aerospace Engineering,Veterinary Science,Architecture,Sociology,Accounting & Finance,Chemistry,Civil Engineering,Computer Science,Mathematics & Statistics,Psychology",False,False,False,
66,Pohang University of Science and Technology (POSTECH),61.1,66,52.7,63,49.3,86,84.4,76,100.0,10,36.0,331,master_account,0,/world-university-rankings/pohang-university-science-and-technology-postech,517,South Korea,,,,,Pohang University of Science and Technology (POSTECH) postech,"General Engineering,Chemical Engineering,Chemistry,Business & Management,Electrical & Electronic Engineering,Computer Science,Mathematics & Statistics,Geology, Environmental, Earth & Marine Sciences,Other Health,Biological Sciences,Physics & Astronomy,Mechanical & Aerospace Engineering",False,False,False,
67,University of Göttingen,61.0,67,46.9,86,48.0,92,92.3,37,32.8,317,53.9,212,master_account,0,/world-university-rankings/university-gottingen,533,Germany,,,,,University of Göttingen,"Biological Sciences,Geography,Education,Veterinary Science,Law,Art, Performing Arts & Design,Mathematics & Statistics,Accounting & Finance,Languages, Literature & Linguistics,Sport Science,Psychology,Medicine & Dentistry,Chemistry,Business & Management,History, Philosophy & Theology,Agriculture & Forestry,Politics & International Studies (incl Development Studies),Archaeology,Geology, Environmental, Earth & Marine Sciences,Economics & Econometrics,Computer Science,Sociology,Other Health,Communication & Media Studies,Physics & Astronomy",False,False,False,
68,Ohio State University (Main campus),60.7,68,54.0,58,51.1,80,80.4,103,46.8,162,51.5,225,public,0,/world-university-rankings/ohio-state-university-main-campus,521,United States,,,,,Ohio State University (Main campus),"Electrical & Electronic Engineering,Veterinary Science,Communication & Media Studies,Civil Engineering,Computer Science,Archaeology,Education,Accounting & Finance,Geology, Environmental, Earth & Marine Sciences,Medicine & Dentistry,Economics & Econometrics,Geography,Sociology,Biological Sciences,Sport Science,Architecture,Art, Performing Arts & Design,Mathematics & Statistics,Business & Management,Other Health,Politics & International Studies (incl Development Studies),Chemical Engineering,Physics & Astronomy,Psychology,Law,Mechanical & Aerospace Engineering,Chemistry,Languages, Literature & Linguistics,Agriculture & Forestry,History, Philosophy & Theology,General Engineering",False,False,False,https://www.timeshighereducation.com/student/register-interest/shorelight?utm_medium=thewebsite&utm_campaign=cta-link&utm_source=rankings&iid=i-88908463
69,Rice University,59.8,69,41.7,125,37.1,152,99.9,4,34.6,290,70.8,98,private,0,/world-university-rankings/rice-university,536,United States,,,,,Rice University,"Physics & Astronomy,Art, Performing Arts & Design,Civil Engineering,Business & Management,Education,Computer Science,Chemistry,Architecture,Economics & Econometrics,General Engineering,History, Philosophy & Theology,Politics & International Studies (incl Development Studies),Mechanical & Aerospace Engineering,Accounting & Finance,Psychology,Sport Science,Languages, Literature & Linguistics,Sociology,Chemical Engineering,Geology, Environmental, Earth & Marine Sciences,Electrical & Electronic Engineering,Mathematics & Statistics,Biological Sciences",False,False,False,https://www.timeshighereducation.com/student/register-interest/shorelight?utm_medium=thewebsite&utm_campaign=cta-link&utm_source=rankings&iid=i-26979505
70,Universität Heidelberg,59.6,70,52.6,64,45.4,105,81.4,92,41.6,211,63.1,140,master_account,11,/world-university-rankings/universitat-heidelberg,537,Germany,,,,,Universität Heidelberg,"Mathematics & Statistics,Economics & Econometrics,Archaeology,Politics & International Studies (incl Development Studies),Art, Performing Arts & Design,Computer Science,Law,Biological Sciences,Psychology,Medicine & Dentistry,Sociology,Languages, Literature & Linguistics,Geology, Environmental, Earth & Marine Sciences,Physics & Astronomy,Other Health,Geography,Sport Science,Education,History, Philosophy & Theology,Chemistry",False,False,False,
71,Delft University of Technology,59.2,71,55.5,53,71.4,31,42.6,379,100.0,1,77.9,73,master_account,0,/world-university-rankings/delft-university-technology,568,Netherlands,,,,,Delft University of Technology,"Computer Science,Sport Science,Mechanical & Aerospace Engineering,Communication & Media Studies,Chemical Engineering,Geography,General Engineering,Mathematics & Statistics,Architecture,Biological Sciences,History, Philosophy & Theology,Chemistry,Economics & Econometrics,Art, Performing Arts & Design,Agriculture & Forestry,Education,Electrical & Electronic Engineering,Physics & Astronomy,Business & Management,Other Health,Geology, Environmental, Earth & Marine Sciences,Civil Engineering,Politics & International Studies (incl Development Studies)",False,False,False,
72,Erasmus University Rotterdam,59.1,72,39.8,143,53.7,69,82.3,90,54.4,121,66.2,125,master_account,1,/world-university-rankings/erasmus-university-rotterdam,621,Netherlands,,,,,Erasmus University Rotterdam,"Communication & Media Studies,Economics & Econometrics,Medicine & Dentistry,Accounting & Finance,History, Philosophy & Theology,Other Health,Biological Sciences,Education,Mathematics & Statistics,Business & Management,Art, Performing Arts & Design,Psychology,Politics & International Studies (incl Development Studies),Law,Sociology",False,False,False,
73,Wageningen University & Research,59.0,73,44.3,103,46.8,98,77.5,125,100.0,12,78.7,72,master_account,11,/world-university-rankings/wageningen-university-research,540,Netherlands,,,,,Wageningen University & Research,"Chemistry,Geology, Environmental, Earth & Marine Sciences,Business & Management,Communication & Media Studies,Other Health,Veterinary Science,Economics & Econometrics,Biological Sciences,Computer Science,Agriculture & Forestry,Chemical Engineering,Politics & International Studies (incl Development Studies),Sociology",False,False,False,
74,University of Bristol,58.9,74,43.7,109,44.7,111,85.1,73,42.1,205,76.6,77,master_account,0,/world-university-rankings/university-bristol,530,United Kingdom,,,,,University of Bristol,"Computer Science,Geology, Environmental, Earth & Marine Sciences,Economics & Econometrics,Electrical & Electronic Engineering,Politics & International Studies (incl Development Studies),Other Health,Mathematics & Statistics,Psychology,Art, Performing Arts & Design,Chemistry,Accounting & Finance,Languages, Literature & Linguistics,Mechanical & Aerospace Engineering,Geography,General Engineering,Communication & Media Studies,Medicine & Dentistry,Veterinary Science,Sociology,Archaeology,Civil Engineering,Education,History, Philosophy & Theology,Biological Sciences,Law,Physics & Astronomy,Business & Management",False,False,False,
75,University of Basel,58.4,75,41.2,128,41.1,122,81.4,93,97.7,26,91.2,12,master_account,0,/world-university-rankings/university-basel,575,Switzerland,,,,,University of Basel,"Psychology,Art, Performing Arts & Design,Archaeology,Physics & Astronomy,Chemistry,Business & Management,History, Philosophy & Theology,Sport Science,Law,Medicine & Dentistry,Other Health,Sociology,Languages, Literature & Linguistics,Accounting & Finance,Communication & Media Studies,Politics & International Studies (incl Development Studies),Education,Biological Sciences,Geology, Environmental, Earth & Marine Sciences,Computer Science,Economics & Econometrics,Mathematics & Statistics,Geography",False,False,False,
75,University of Southern California,58.4,76,55.2,54,44.6,113,81.3,98,34.4,294,42.7,291,private,0,/world-university-rankings/university-southern-california,519,United States,,,,,University of Southern California,"General Engineering,Education,Physics & Astronomy,Biological Sciences,Art, Performing Arts & Design,Agriculture & Forestry,Chemical Engineering,Politics & International Studies (incl Development Studies),Computer Science,Chemistry,Psychology,Medicine & Dentistry,Economics & Econometrics,Architecture,Electrical & Electronic Engineering,Sociology,History, Philosophy & Theology,Mechanical & Aerospace Engineering,Communication & Media Studies,Languages, Literature & Linguistics,Civil Engineering,Geology, Environmental, Earth & Marine Sciences,Business & Management,Archaeology,Sport Science,Accounting & Finance,Other Health,Mathematics & Statistics,Law,Geography",False,False,False,https://www.timeshighereducation.com/student/register-interest/shorelight?utm_medium=thewebsite&utm_campaign=cta-link&utm_source=rankings&iid=i-74975443
77,University of Amsterdam,58.2,77,42.0,121,55.4,64,76.6,130,56.7,112,60.5,158,master_account,1,/world-university-rankings/university-amsterdam,556,Netherlands,,,,,University of Amsterdam uva,"Politics & International Studies (incl Development Studies),History, Philosophy & Theology,Sociology,Medicine & Dentistry,Psychology,Other Health,Biological Sciences,Chemistry,Law,Accounting & Finance,Archaeology,Physics & Astronomy,Languages, Literature & Linguistics,Computer Science,Business & Management,Geography,Mathematics & Statistics,Communication & Media Studies,Art, Performing Arts & Design,Geology, Environmental, Earth & Marine Sciences,Economics & Econometrics,Education",False,False,False,
78,École Normale Supérieure,58.1,78,48.7,80,36.2,160,84.8,74,39.4,236,81.9,52,master_account,0,/world-university-rankings/ecole-normale-superieure,523,France,,,,,École Normale Supérieure,"Art, Performing Arts & Design,Biological Sciences,Chemical Engineering,Chemistry,Computer Science,Economics & Econometrics,Geography,Geology, Environmental, Earth & Marine Sciences,History, Philosophy & Theology,Languages, Literature & Linguistics,Law,Mathematics & Statistics,Mechanical & Aerospace Engineering,Sociology",False,False,False,
79,Utrecht University,58.0,79,38.2,158,54.8,66,80.0,106,84.1,49,52.9,221,master_account,0,/world-university-rankings/utrecht-university,532,Netherlands,,,,,Utrecht University utrecht  utrecht university,"Communication & Media Studies,Accounting & Finance,Geology, Environmental, Earth & Marine Sciences,Economics & Econometrics,Computer Science,Law,Biological Sciences,Education,Art, Performing Arts & Design,Physics & Astronomy,Business & Management,Chemistry,Languages, Literature & Linguistics,Other Health,Geography,Psychology,History, Philosophy & Theology,Mathematics & Statistics,Veterinary Science,Politics & International Studies (incl Development Studies),Sociology,Medicine & Dentistry",False,False,False,
80,Humboldt University of Berlin,57.9,80,51.9,66,52.6,73,71.9,175,31.9,332,55.7,193,master_account,0,/world-university-rankings/humboldt-university-berlin,573,Germany,,,,,Humboldt University of Berlin,"Politics & International Studies (incl Development Studies),Geography,Sociology,Geology, Environmental, Earth & Marine Sciences,Biological Sciences,Sport Science,Physics & Astronomy,Medicine & Dentistry,Other Health,Art, Performing Arts & Design,Economics & Econometrics,Mathematics & Statistics,Law,Chemistry,History, Philosophy & Theology,Education,Agriculture & Forestry,Psychology,Business & Management,Languages, Literature & Linguistics,Computer Science,Accounting & Finance,Archaeology,Communication & Media Studies",False,False,False,
81,Free University of Berlin,57.6,81,49.4,75,58.0,60,67.6,211,33.5,308,56.6,187,master_account,0,/world-university-rankings/free-university-berlin,617,Germany,,,,,Free University of Berlin,"Communication & Media Studies,Computer Science,Chemistry,Mathematics & Statistics,Economics & Econometrics,Languages, Literature & Linguistics,Sociology,Biological Sciences,Accounting & Finance,Psychology,Geography,Geology, Environmental, Earth & Marine Sciences,History, Philosophy & Theology,Business & Management,Veterinary Science,Physics & Astronomy,Law,Education,Politics & International Studies (incl Development Studies)",False,False,False,
82,Michigan State University,57.3,82,51.1,71,49.4,85,74.0,153,31.7,335,55.0,199,public,0,/world-university-rankings/michigan-state-university,560,United States,,,,,Michigan State University,"Business & Management,Other Health,History, Philosophy & Theology,Chemistry,Law,General Engineering,Agriculture & Forestry,Art, Performing Arts & Design,Sociology,Sport Science,Computer Science,Economics & Econometrics,Architecture,Geology, Environmental, Earth & Marine Sciences,Psychology,Politics & International Studies (incl Development Studies),Electrical & Electronic Engineering,Chemical Engineering,Biological Sciences,Languages, Literature & Linguistics,Civil Engineering,Education,Mathematics & Statistics,Communication & Media Studies,Geography,Archaeology,Medicine & Dentistry,Veterinary Science,Physics & Astronomy,Accounting & Finance,Mechanical & Aerospace Engineering",False,False,False,https://www.timeshighereducation.com/student/register-interest/shorelight?utm_medium=thewebsite&utm_campaign=cta-link&utm_source=rankings&iid=i-58650993
83,Monash University,56.9,84,43.7,108,54.4,67,65.7,222,73.4,66,79.6,65,master_account,0,/world-university-rankings/monash-university,581,Australia,,,,,Monash University,"Civil Engineering,History, Philosophy & Theology,Geology, Environmental, Earth & Marine Sciences,Law,Medicine & Dentistry,Biological Sciences,Electrical & Electronic Engineering,Chemistry,Geography,Economics & Econometrics,Computer Science,Mechanical & Aerospace Engineering,Accounting & Finance,Languages, Literature & Linguistics,Sociology,Mathematics & Statistics,Architecture,General Engineering,Chemical Engineering,Other Health,Art, Performing Arts & Design,Communication & Media Studies,Psychology,Politics & International Studies (incl Development Studies),Archaeology,Education,Sport Science,Business & Management,Physics & Astronomy",False,False,False,https://www.timeshighereducation.com/student/register-interest/aecc?utm_medium=thewebsite&utm_campaign=cta-link&utm_source=rankings&iid=i-45738353
83,Durham University,56.9,83,37.2,171,40.7,123,88.9,54,34.8,286,80.4,58,master_account,0,/world-university-rankings/durham-university,547,United Kingdom,,,,,Durham University united kingdom UK  England,"Electrical & Electronic Engineering,General Engineering,Sociology,History, Philosophy & Theology,Communication & Media Studies,Mechanical & Aerospace Engineering,Physics & Astronomy,Other Health,Politics & International Studies (incl Development Studies),Education,Civil Engineering,Computer Science,Geography,Sport Science,Law,Biological Sciences,Art, Performing Arts & Design,Languages, Literature & Linguistics,Mathematics & Statistics,Geology, Environmental, Earth & Marine Sciences,Business & Management,Economics & Econometrics,Accounting & Finance,Chemistry,Archaeology,Psychology",False,False,False,https://www.timeshighereducation.com/student/register-interest/siuk?utm_medium=thewebsite&utm_campaign=cta-link&utm_source=rankings&iid=i-56154151
85,Middle East Technical University,56.6,85,45.5,95,36.9,154,92.0,41,55.2,117,38.7,312,master_account,0,/world-university-rankings/middle-east-technical-university,754,Turkey,,,,,Middle East Technical University,"Mathematics & Statistics,Languages, Literature & Linguistics,Computer Science,Education,Biological Sciences,Sociology,Communication & Media Studies,Chemistry,Business & Management,Physics & Astronomy,Architecture,Archaeology,Sport Science,History, Philosophy & Theology,Economics & Econometrics,Chemical Engineering,Politics & International Studies (incl Development Studies),Civil Engineering,Mechanical & Aerospace Engineering,General Engineering,Electrical & Electronic Engineering,Geology, Environmental, Earth & Marine Sciences,Art, Performing Arts & Design,Psychology",False,False,False,
86,University of Arizona,56.5,86,44.9,99,51.4,79,74.0,154,99.6,18,38.8,310,public,0,/world-university-rankings/university-arizona,561,United States,,,,,University of Arizona,"Geology, Environmental, Earth & Marine Sciences,Communication & Media Studies,Civil Engineering,Business & Management,Veterinary Science,Psychology,Sociology,Other Health,Physics & Astronomy,Accounting & Finance,Languages, Literature & Linguistics,Chemical Engineering,Computer Science,Mathematics & Statistics,Electrical & Electronic Engineering,Economics & Econometrics,Biological Sciences,Chemistry,Art, Performing Arts & Design,History, Philosophy & Theology,Geography,Agriculture & Forestry,Law,Architecture,Education,General Engineering,Sport Science,Mechanical & Aerospace Engineering,Medicine & Dentistry,Politics & International Studies (incl Development Studies),Archaeology",False,False,False,https://www.timeshighereducation.com/student/into-university-partnerships?utm_medium=thewebsite&utm_campaign=cta-link&utm_source=rankings&iid=i-84754683
86,University of Notre Dame,56.5,87,43.3,113,38.5,140,90.0,48,-,397,51.4,226,private,0,/world-university-rankings/university-notre-dame,553,United States,,,,,University of Notre Dame,"Chemistry,Biological Sciences,Computer Science,History, Philosophy & Theology,Accounting & Finance,Art, Performing Arts & Design,Psychology,Mathematics & Statistics,Languages, Literature & Linguistics,Chemical Engineering,Economics & Econometrics,Physics & Astronomy,Politics & International Studies (incl Development Studies),Architecture,Law,General Engineering,Mechanical & Aerospace Engineering,Civil Engineering,Sociology,Business & Management,Education,Electrical & Electronic Engineering,Geology, Environmental, Earth & Marine Sciences,Communication & Media Studies",False,False,False,https://www.timeshighereducation.com/student/register-interest/shorelight?utm_medium=thewebsite&utm_campaign=cta-link&utm_source=rankings&iid=i-46645881
88,"University of California, Irvine",56.4,89,39.5,147,41.7,121,89.5,52,40.0,228,56.1,190,public,0,/world-university-rankings/university-california-irvine,550,United States,,,,,"University of California, Irvine","Medicine & Dentistry,Business & Management,Chemistry,Civil Engineering,Languages, Literature & Linguistics,Accounting & Finance,General Engineering,Chemical Engineering,Education,Architecture,Mathematics & Statistics,Art, Performing Arts & Design,Sociology,Economics & Econometrics,Electrical & Electronic Engineering,Psychology,Mechanical & Aerospace Engineering,History, Philosophy & Theology,Biological Sciences,Computer Science,Law,Geology, Environmental, Earth & Marine Sciences,Politics & International Studies (incl Development Studies),Other Health,Physics & Astronomy",False,False,False,https://www.timeshighereducation.com/student/register-interest/shorelight?utm_medium=thewebsite&utm_campaign=cta-link&utm_source=rankings&iid=i-49530901
88,Tufts University,56.4,88,43.6,110,33.9,183,92.9,35,58.7,105,51.1,228,private,0,/world-university-rankings/tufts-university,542,United States,,,,,Tufts University,"Languages, Literature & Linguistics,Agriculture & Forestry,Sociology,History, Philosophy & Theology,Chemical Engineering,Law,General Engineering,Civil Engineering,Geology, Environmental, Earth & Marine Sciences,Architecture,Biological Sciences,Business & Management,Other Health,Chemistry,Economics & Econometrics,Archaeology,Veterinary Science,Psychology,Art, Performing Arts & Design,Mechanical & Aerospace Engineering,Physics & Astronomy,Medicine & Dentistry,Mathematics & Statistics,Education,Computer Science,Communication & Media Studies,Electrical & Electronic Engineering,Politics & International Studies (incl Development Studies)",False,False,False,https://www.timeshighereducation.com/student/register-interest/shorelight?utm_medium=thewebsite&utm_campaign=cta-link&utm_source=rankings&iid=i-14091951
90,Ghent University,56.2,90,42.5,119,51.6,77,73.8,159,85.3,46,49.1,245,master_account,0,/world-university-rankings/ghent-university,570,Belgium,,,,,Ghent University,"Art, Performing Arts & Design,General Engineering,Physics & Astronomy,Business & Management,Archaeology,Chemical Engineering,Communication & Media Studies,History, Philosophy & Theology,Civil Engineering,Geology, Environmental, Earth & Marine Sciences,Economics & Econometrics,Computer Science,Mathematics & Statistics,Psychology,Biological Sciences,Sociology,Electrical & Electronic Engineering,Geography,Languages, Literature & Linguistics,Mechanical & Aerospace Engineering,Chemistry,Accounting & Finance,Other Health,Sport Science,Education,Medicine & Dentistry,Agriculture & Forestry,Politics & International Studies (incl Development Studies),Veterinary Science,Law",False,False,False,
91,University of Pittsburgh-Pittsburgh campus,56.1,92,45.2,96,46.3,101,84.4,78,38.5,249,32.2,355,public,0,/world-university-rankings/university-pittsburgh-pittsburgh-campus,524,United States,,,,,University of Pittsburgh-Pittsburgh campus,"Electrical & Electronic Engineering,Politics & International Studies (incl Development Studies),Mechanical & Aerospace Engineering,Geography,Medicine & Dentistry,Sport Science,Law,Architecture,Languages, Literature & Linguistics,Mathematics & Statistics,Accounting & Finance,Chemical Engineering,History, Philosophy & Theology,Civil Engineering,Chemistry,Computer Science,Communication & Media Studies,Biological Sciences,Psychology,Economics & Econometrics,Sociology,Business & Management,Art, Performing Arts & Design,Physics & Astronomy,Other Health,General Engineering,Geology, Environmental, Earth & Marine Sciences,Education",False,False,False,https://www.timeshighereducation.com/student/register-interest/shorelight?utm_medium=thewebsite&utm_campaign=cta-link&utm_source=rankings&iid=i-73524078
91,University of Massachusetts,56.1,91,44.8,100,49.1,87,78.7,116,52.8,128,40.3,303,master_account,0,/world-university-rankings/university-massachusetts,528,United States,,,,,University of Massachusetts,"Law,Business & Management,Politics & International Studies (incl Development Studies),Art, Performing Arts & Design,Computer Science,Medicine & Dentistry,Electrical & Electronic Engineering,Languages, Literature & Linguistics,Geography,Architecture,Economics & Econometrics,Chemistry,Geology, Environmental, Earth & Marine Sciences,Mechanical & Aerospace Engineering,Sport Science,History, Philosophy & Theology,Civil Engineering,Other Health,Sociology,Communication & Media Studies,Veterinary Science,Accounting & Finance,Mathematics & Statistics,Physics & Astronomy,General Engineering,Psychology,Archaeology,Biological Sciences,Agriculture & Forestry,Education,Chemical Engineering",False,False,False,https://www.timeshighereducation.com/student/register-interest/shorelight?utm_medium=thewebsite&utm_campaign=cta-link&utm_source=rankings&iid=i-88328014
93,Emory University,55.5,93,49.0,77,32.4,202,89.5,50,42.3,203,42.9,288,private,0,/world-university-rankings/emory-university,539,United States,,,,,Emory University,"Other Health,Sociology,Medicine & Dentistry,Politics & International Studies (incl Development Studies),General Engineering,Law,Computer Science,Business & Management,Mathematics & Statistics,Accounting & Finance,Biological Sciences,Psychology,Physics & Astronomy,Economics & Econometrics,Art, Performing Arts & Design,Chemistry,History, Philosophy & Theology,Communication & Media Studies,Languages, Literature & Linguistics,Geology, Environmental, Earth & Marine Sciences",False,False,False,https://www.timeshighereducation.com/student/register-interest/shorelight?utm_medium=thewebsite&utm_campaign=cta-link&utm_source=rankings&iid=i-20903556
94,McMaster University,55.3,94,38.1,160,43.2,116,78.8,114,85.0,47,69.4,108,master_account,11,/world-university-rankings/mcmaster-university,529,Canada,,,,,McMaster University,"Medicine & Dentistry,Biological Sciences,History, Philosophy & Theology,Politics & International Studies (incl Development Studies),Civil Engineering,Archaeology,Chemical Engineering,Sociology,Chemistry,Accounting & Finance,Languages, Literature & Linguistics,Mechanical & Aerospace Engineering,General Engineering,Geology, Environmental, Earth & Marine Sciences,Economics & Econometrics,Art, Performing Arts & Design,Electrical & Electronic Engineering,Communication & Media Studies,Computer Science,Sport Science,Business & Management,Other Health,Mathematics & Statistics,Psychology,Physics & Astronomy,Geography",False,False,False,
94,University of Glasgow,55.3,95,37.0,172,40.5,125,83.7,81,39.9,230,78.8,71,master_account,11,/world-university-rankings/university-glasgow,566,United Kingdom,,,,,University of Glasgow,"General Engineering,Agriculture & Forestry,Sociology,Architecture,Physics & Astronomy,Business & Management,Art, Performing Arts & Design,Electrical & Electronic Engineering,Biological Sciences,Geography,Computer Science,Mechanical & Aerospace Engineering,Politics & International Studies (incl Development Studies),History, Philosophy & Theology,Mathematics & Statistics,Psychology,Languages, Literature & Linguistics,Sport Science,Education,Archaeology,Chemistry,Accounting & Finance,Medicine & Dentistry,Geology, Environmental, Earth & Marine Sciences,Economics & Econometrics,Veterinary Science,Law,Other Health,Civil Engineering,Communication & Media Studies",False,False,False,
96,Vanderbilt University,55.2,96,46.0,90,38.2,143,87.7,65,59.4,102,28.3,373,private,0,/world-university-rankings/vanderbilt-university,534,United States,,,,,Vanderbilt University,"Mathematics & Statistics,Business & Management,General Engineering,Art, Performing Arts & Design,Chemical Engineering,Psychology,Accounting & Finance,Computer Science,Communication & Media Studies,Archaeology,Geology, Environmental, Earth & Marine Sciences,Economics & Econometrics,Chemistry,Medicine & Dentistry,Law,Electrical & Electronic Engineering,Civil Engineering,Geography,Other Health,Languages, Literature & Linguistics,Education,Physics & Astronomy,Mechanical & Aerospace Engineering,Sociology,History, Philosophy & Theology,Biological Sciences,Politics & International Studies (incl Development Studies)",False,False,False,https://www.timeshighereducation.com/student/register-interest/shorelight?utm_medium=thewebsite&utm_campaign=cta-link&utm_source=rankings&iid=i-72359222
97,University of Colorado Boulder,55.1,97,35.0,197,38.3,141,97.4,14,-,392,39.1,309,public,0,/world-university-rankings/university-colorado-boulder,541,United States,,,,,University of Colorado Boulder,"Electrical & Electronic Engineering,Communication & Media Studies,Accounting & Finance,Physics & Astronomy,Civil Engineering,Chemical Engineering,Business & Management,Law,Mechanical & Aerospace Engineering,Psychology,Mathematics & Statistics,History, Philosophy & Theology,Education,Architecture,Biological Sciences,General Engineering,Economics & Econometrics,Languages, Literature & Linguistics,Chemistry,Computer Science,Geography,Politics & International Studies (incl Development Studies),Art, Performing Arts & Design,Sociology,Geology, Environmental, Earth & Marine Sciences",False,False,False,https://www.timeshighereducation.com/student/register-interest/shorelight?utm_medium=thewebsite&utm_campaign=cta-link&utm_source=rankings&iid=i-73893083
98,Uppsala University,54.6,100,40.2,137,53.0,71,70.9,183,39.6,234,57.5,179,master_account,0,/world-university-rankings/uppsala-university,551,Sweden,,,,,Uppsala University,"Economics & Econometrics,History, Philosophy & Theology,Education,Physics & Astronomy,Communication & Media Studies,Chemistry,Medicine & Dentistry,Electrical & Electronic Engineering,Computer Science,Languages, Literature & Linguistics,Chemical Engineering,Archaeology,Accounting & Finance,Sociology,Civil Engineering,Biological Sciences,Politics & International Studies (incl Development Studies),Mathematics & Statistics,Business & Management,General Engineering,Geology, Environmental, Earth & Marine Sciences,Geography,Law,Psychology,Other Health",False,False,False,
98,Technical University of Munich,54.6,99,45.6,94,37.4,150,78.8,115,49.0,152,64.0,136,master_account,6,/world-university-rankings/technical-university-munich,552,Germany,,,,,Technical University of Munich,"Medicine & Dentistry,Politics & International Studies (incl Development Studies),General Engineering,Accounting & Finance,Chemistry,Electrical & Electronic Engineering,Other Health,Biological Sciences,Geology, Environmental, Earth & Marine Sciences,Sport Science,Mathematics & Statistics,Architecture,Physics & Astronomy,Civil Engineering,Business & Management,Agriculture & Forestry,Education,Chemical Engineering,Computer Science,Sociology,Mechanical & Aerospace Engineering",False,False,False,
98,Stockholm University,54.6,98,30.1,264,45.0,109,90.9,46,32.4,325,53.2,217,master_account,0,/world-university-rankings/stockholm-university,596,Sweden,,,,,Stockholm University,"History, Philosophy & Theology,Geography,Law,Education,Mathematics & Statistics,Physics & Astronomy,Biological Sciences,Chemistry,Sociology,Business & Management,Communication & Media Studies,Art, Performing Arts & Design,Computer Science,Geology, Environmental, Earth & Marine Sciences,Languages, Literature & Linguistics,Accounting & Finance,Politics & International Studies (incl Development Studies),Archaeology,Psychology,Economics & Econometrics,Veterinary Science",False,False,False,
101,Maastricht University,54.3,101,32.4,222,48.1,89,70.1,190,96.1,27,89.7,17,master_account,6,/world-university-rankings/maastricht-university,663,Netherlands,,,,,Maastricht University,"Biological Sciences,Business & Management,Communication & Media Studies,Other Health,Sociology,Chemistry,Computer Science,Law,History, Philosophy & Theology,Politics & International Studies (incl Development Studies),Medicine & Dentistry,Education,Art, Performing Arts & Design,Economics & Econometrics,Languages, Literature & Linguistics,Psychology",False,False,False,
102,Purdue University West Lafayette,54.0,102,47.8,84,50.5,83,62.2,249,-,387,64.3,133,public,0,/world-university-rankings/purdue-university-west-lafayette,562,United States,,,,,Purdue University West Lafayette,"Physics & Astronomy,Biological Sciences,Art, Performing Arts & Design,Architecture,Sport Science,Computer Science,Accounting & Finance,Languages, Literature & Linguistics,Sociology,Economics & Econometrics,Medicine & Dentistry,Chemical Engineering,Veterinary Science,Agriculture & Forestry,History, Philosophy & Theology,Other Health,Electrical & Electronic Engineering,Geology, Environmental, Earth & Marine Sciences,Politics & International Studies (incl Development Studies),Education,Chemistry,Communication & Media Studies,Psychology,General Engineering,Civil Engineering,Mechanical & Aerospace Engineering,Archaeology,Business & Management,Mathematics & Statistics",False,False,False,https://www.timeshighereducation.com/student/register-interest/shorelight?utm_medium=thewebsite&utm_campaign=cta-link&utm_source=rankings&iid=i-32236813
103,University of Helsinki,53.9,104,37.5,168,48.1,90,79.0,112,31.5,338,49.7,240,master_account,0,/world-university-rankings/university-helsinki,555,Finland,,,,,University of Helsinki,"Law,Economics & Econometrics,Communication & Media Studies,Civil Engineering,Biological Sciences,Chemical Engineering,Sociology,Chemistry,Business & Management,Computer Science,Agriculture & Forestry,Geography,Art, Performing Arts & Design,Politics & International Studies (incl Development Studies),Mechanical & Aerospace Engineering,General Engineering,Physics & Astronomy,Sport Science,Mathematics & Statistics,Education,Psychology,Archaeology,History, Philosophy & Theology,Electrical & Electronic Engineering,Veterinary Science,Geology, Environmental, Earth & Marine Sciences,Languages, Literature & Linguistics,Accounting & Finance,Medicine & Dentistry,Architecture,Other Health",False,False,False,
103,University of Zurich,53.9,106,40.2,136,33.1,194,81.4,96,40.1,227,86.9,30,master_account,0,/world-university-rankings/university-zurich,525,Switzerland,,,,,University of Zurich,"Veterinary Science,Accounting & Finance,Languages, Literature & Linguistics,Art, Performing Arts & Design,Psychology,Law,Mathematics & Statistics,Physics & Astronomy,Business & Management,Medicine & Dentistry,Geology, Environmental, Earth & Marine Sciences,Other Health,Computer Science,History, Philosophy & Theology,Geography,Education,Politics & International Studies (incl Development Studies),Communication & Media Studies,Sociology,Agriculture & Forestry,Biological Sciences,Economics & Econometrics,Archaeology,Chemistry",False,False,False,
103,Pierre and Marie Curie University,53.9,103,47.3,85,30.0,221,83.3,84,33.4,310,64.7,130,master_account,0,/world-university-rankings/pierre-and-marie-curie-university,548,France,,,,,Pierre and Marie Curie University,"Biological Sciences,Medicine & Dentistry,Chemical Engineering,Civil Engineering,Mechanical & Aerospace Engineering,Economics & Econometrics,General Engineering,Geology, Environmental, Earth & Marine Sciences,Mathematics & Statistics,Other Health,Veterinary Science,Physics & Astronomy,Electrical & Electronic Engineering,Computer Science,Chemistry",False,False,False,
103,University of Warwick,53.9,105,41.1,130,45.8,103,68.2,203,35.6,276,85.7,32,master_account,0,/world-university-rankings/university-warwick,622,United Kingdom,,,,,University of Warwick,"Economics & Econometrics,Chemistry,Medicine & Dentistry,Politics & International Studies (incl Development Studies),Art, Performing Arts & Design,Business & Management,Psychology,Education,Communication & Media Studies,Geography,Computer Science,Mathematics & Statistics,Languages, Literature & Linguistics,Biological Sciences,History, Philosophy & Theology,Physics & Astronomy,Accounting & Finance,Electrical & Electronic Engineering,General Engineering,Sociology,Mechanical & Aerospace Engineering,Law,Other Health,Civil Engineering",False,False,False,https://www.timeshighereducation.com/student/register-interest/siuk?utm_medium=thewebsite&utm_campaign=cta-link&utm_source=rankings&iid=i-26364423
107,University of Geneva,53.8,108,34.5,201,37.2,151,78.2,118,65.1,87,96.8,2,master_account,0,/world-university-rankings/university-geneva,594,Switzerland,,,,,University of Geneva,"Economics & Econometrics,Geography,Chemistry,Computer Science,Accounting & Finance,Business & Management,Communication & Media Studies,Psychology,History, Philosophy & Theology,Physics & Astronomy,Other Health,Geology, Environmental, Earth & Marine Sciences,Archaeology,Medicine & Dentistry,Biological Sciences,Mathematics & Statistics,Law,Politics & International Studies (incl Development Studies),Education,Languages, Literature & Linguistics,Sociology",False,False,False,
107,Queen Mary University of London,53.8,107,32.4,223,32.9,198,88.9,55,37.1,258,88.6,20,master_account,0,/world-university-rankings/queen-mary-university-london,131678,United Kingdom,,,,,Queen Mary University of London,"Mechanical & Aerospace Engineering,Communication & Media Studies,Accounting & Finance,Chemical Engineering,Geography,Chemistry,Business & Management,History, Philosophy & Theology,Economics & Econometrics,Electrical & Electronic Engineering,General Engineering,Geology, Environmental, Earth & Marine Sciences,Art, Performing Arts & Design,Sport Science,Law,Other Health,Sociology,Computer Science,Mathematics & Statistics,Languages, Literature & Linguistics,Biological Sciences,Psychology,Medicine & Dentistry,Physics & Astronomy,Politics & International Studies (incl Development Studies)",False,False,False,
109,UNSW Sydney,53.7,110,41.1,129,51.9,76,61.1,260,47.8,155,83.5,48,master_account,6,/world-university-rankings/unsw-sydney,638,Australia,,,,,UNSW Sydney unsw australia unsw,"Medicine & Dentistry,Other Health,Chemistry,General Engineering,History, Philosophy & Theology,Architecture,Psychology,Sport Science,Education,Biological Sciences,Languages, Literature & Linguistics,Mechanical & Aerospace Engineering,Sociology,Mathematics & Statistics,Geology, Environmental, Earth & Marine Sciences,Economics & Econometrics,Chemical Engineering,Electrical & Electronic Engineering,Art, Performing Arts & Design,Politics & International Studies (incl Development Studies),Accounting & Finance,Geography,Communication & Media Studies,Computer Science,Law,Civil Engineering,Business & Management,Physics & Astronomy",False,False,False,
109,"University of California, Santa Cruz",53.7,109,30.6,253,31.9,206,100.0,3,33.8,302,54.6,205,public,0,/world-university-rankings/university-california-santa-cruz,574,United States,,,,,"University of California, Santa Cruz","Economics & Econometrics,Biological Sciences,Business & Management,Agriculture & Forestry,Other Health,Physics & Astronomy,Communication & Media Studies,Art, Performing Arts & Design,Languages, Literature & Linguistics,Chemistry,Geology, Environmental, Earth & Marine Sciences,Archaeology,Psychology,Politics & International Studies (incl Development Studies),Education,General Engineering,Computer Science,Sociology,Electrical & Electronic Engineering,History, Philosophy & Theology,Mathematics & Statistics",False,False,False,https://www.timeshighereducation.com/student/register-interest/shorelight?utm_medium=thewebsite&utm_campaign=cta-link&utm_source=rankings&iid=i-68567521
111,University of Sussex,53.6,112,31.9,233,30.4,217,92.8,36,31.2,343,83.6,46,master_account,0,/world-university-rankings/university-sussex,563,United Kingdom,,,,,University of Sussex,"History, Philosophy & Theology,Chemistry,Economics & Econometrics,Geography,Art, Performing Arts & Design,Mathematics & Statistics,Electrical & Electronic Engineering,Sociology,Education,Computer Science,Mechanical & Aerospace Engineering,Psychology,Architecture,Medicine & Dentistry,Geology, Environmental, Earth & Marine Sciences,Communication & Media Studies,Accounting & Finance,Other Health,Politics & International Studies (incl Development Studies),Physics & Astronomy,Biological Sciences,Law,Business & Management,General Engineering,Languages, Literature & Linguistics",False,False,False,https://www.timeshighereducation.com/student/register-interest/siuk?utm_medium=thewebsite&utm_campaign=cta-link&utm_source=rankings&iid=i-64911343
111,University of St Andrews,53.6,111,35.7,189,35.9,164,81.4,94,39.8,231,90.5,16,master_account,0,/world-university-rankings/university-st-andrews,549,United Kingdom,,,,,University of St Andrews,"Geography,Medicine & Dentistry,Sociology,Archaeology,Languages, Literature & Linguistics,Physics & Astronomy,Computer Science,Psychology,Chemistry,Business & Management,Biological Sciences,History, Philosophy & Theology,Other Health,Politics & International Studies (incl Development Studies),Geology, Environmental, Earth & Marine Sciences,Communication & Media Studies,Economics & Econometrics,Mathematics & Statistics",False,False,False,https://www.timeshighereducation.com/student/register-interest/siuk?utm_medium=thewebsite&utm_campaign=cta-link&utm_source=rankings&iid=i-44428293
113,University of York,53.4,115,32.2,229,33.8,185,90.5,47,32.2,327,75.0,83,master_account,0,/world-university-rankings/university-york,586,United Kingdom,,,,,University of York,"Archaeology,Physics & Astronomy,Law,Computer Science,Chemistry,Education,Electrical & Electronic Engineering,Politics & International Studies (incl Development Studies),Accounting & Finance,Mechanical & Aerospace Engineering,Other Health,Art, Performing Arts & Design,Medicine & Dentistry,Mathematics & Statistics,Economics & Econometrics,Languages, Literature & Linguistics,Communication & Media Studies,Business & Management,General Engineering,Geology, Environmental, Earth & Marine Sciences,Psychology,Sociology,Geography,Biological Sciences,History, Philosophy & Theology,Architecture",False,False,False,https://www.timeshighereducation.com/student/register-interest/siuk?utm_medium=thewebsite&utm_campaign=cta-link&utm_source=rankings&iid=i-82568163
113,Université de Montréal,53.4,113,43.8,107,44.4,114,62.9,240,91.8,31,76.7,76,master_account,0,/world-university-rankings/universite-de-montreal,569,Canada,,,,,Université de Montréal Université de Montréal Universite de Montreal,"Communication & Media Studies,Languages, Literature & Linguistics,Electrical & Electronic Engineering,Geography,Sport Science,Mathematics & Statistics,Architecture,History, Philosophy & Theology,Mechanical & Aerospace Engineering,Art, Performing Arts & Design,Chemistry,Civil Engineering,Biological Sciences,Psychology,Computer Science,Veterinary Science,Chemical Engineering,Business & Management,Sociology,Archaeology,General Engineering,Education,Accounting & Finance,Other Health,Politics & International Studies (incl Development Studies),Medicine & Dentistry,Physics & Astronomy,Economics & Econometrics,Law",False,False,False,
113,University of Tübingen,53.4,114,41.5,127,44.7,112,74.0,157,54.7,119,53.0,219,master_account,0,/world-university-rankings/university-tubingen,652,Germany,,,,,University of Tübingen,"Archaeology,Politics & International Studies (incl Development Studies),Languages, Literature & Linguistics,Sport Science,History, Philosophy & Theology,Psychology,Medicine & Dentistry,Physics & Astronomy,Mathematics & Statistics,Chemistry,Sociology,Biological Sciences,Education,Communication & Media Studies,Business & Management,Computer Science,Accounting & Finance,Other Health,Geography,Economics & Econometrics,Law,Geology, Environmental, Earth & Marine Sciences",False,False,False,
116,Case Western Reserve University,53.2,116,46.5,87,37.4,149,82.9,88,-,382,34.4,342,private,0,/world-university-rankings/case-western-reserve-university,557,United States,,,,,Case Western Reserve University,"Computer Science,Agriculture & Forestry,Psychology,Civil Engineering,Geology, Environmental, Earth & Marine Sciences,History, Philosophy & Theology,Economics & Econometrics,Chemistry,Mechanical & Aerospace Engineering,Art, Performing Arts & Design,Politics & International Studies (incl Development Studies),Business & Management,General Engineering,Education,Accounting & Finance,Chemical Engineering,Other Health,Sociology,Electrical & Electronic Engineering,Communication & Media Studies,Languages, Literature & Linguistics,Law,Physics & Astronomy,Mathematics & Statistics,Architecture,Medicine & Dentistry,Biological Sciences",False,False,False,https://www.timeshighereducation.com/student/register-interest/shorelight?utm_medium=thewebsite&utm_campaign=cta-link&utm_source=rankings&iid=i-36123924
117,University of Groningen,53.1,117,36.9,175,50.8,82,68.1,204,88.9,36,56.1,191,master_account,0,/world-university-rankings/university-groningen,598,Netherlands,,,,,University of Groningen,"Sociology,Other Health,Physics & Astronomy,Geology, Environmental, Earth & Marine Sciences,Economics & Econometrics,Archaeology,Medicine & Dentistry,Geography,Law,Psychology,Mathematics & Statistics,Chemistry,History, Philosophy & Theology,Accounting & Finance,Politics & International Studies (incl Development Studies),General Engineering,Chemical Engineering,Languages, Literature & Linguistics,Education,Computer Science,Biological Sciences,Communication & Media Studies,Business & Management",False,False,False,
118,"Royal Holloway, University of London",53.0,118,29.1,277,22.4,310,98.9,13,32.8,315,94.4,6,master_account,0,/world-university-rankings/royal-holloway-university-london,571,United Kingdom,,,,,"Royal Holloway, University of London","Electrical & Electronic Engineering,Physics & Astronomy,Business & Management,Chemistry,Accounting & Finance,History, Philosophy & Theology,Politics & International Studies (incl Development Studies),Agriculture & Forestry,Psychology,Art, Performing Arts & Design,Biological Sciences,Communication & Media Studies,Languages, Literature & Linguistics,Geography,Archaeology,Law,Mathematics & Statistics,Computer Science,Sociology,Geology, Environmental, Earth & Marine Sciences,Economics & Econometrics",False,False,False,https://www.timeshighereducation.com/student/register-interest/siuk?utm_medium=thewebsite&utm_campaign=cta-link&utm_source=rankings&iid=i-17688201
119,Lund University,52.9,119,32.6,218,48.5,88,74.9,145,32.6,321,70.1,103,master_account,0,/world-university-rankings/lund-university,544,Sweden,,,,,Lund University,"Electrical & Electronic Engineering,Communication & Media Studies,Art, Performing Arts & Design,Mechanical & Aerospace Engineering,Politics & International Studies (incl Development Studies),Other Health,Physics & Astronomy,Business & Management,Civil Engineering,Sociology,Languages, Literature & Linguistics,Architecture,Agriculture & Forestry,Law,Archaeology,Biological Sciences,Education,History, Philosophy & Theology,Chemical Engineering,Geography,Computer Science,Chemistry,Accounting & Finance,Psychology,Medicine & Dentistry,Mathematics & Statistics,General Engineering,Geology, Environmental, Earth & Marine Sciences,Economics & Econometrics",False,False,False,
120,Paris-Sud University,52.8,120,37.3,169,33.1,193,87.7,62,28.9,372,62.7,144,master_account,0,/world-university-rankings/paris-sud-university,867,France,,,,,Paris-Sud University,"Geology, Environmental, Earth & Marine Sciences,Economics & Econometrics,Civil Engineering,Other Health,Chemical Engineering,Sport Science,Education,Medicine & Dentistry,General Engineering,Electrical & Electronic Engineering,Mathematics & Statistics,Biological Sciences,Business & Management,Computer Science,Mechanical & Aerospace Engineering,Physics & Astronomy,Accounting & Finance,Chemistry,Law",False,False,False,
121,Technical University of Denmark,52.7,121,39.9,141,28.2,243,79.6,111,98.6,22,79.7,64,master_account,0,/world-university-rankings/technical-university-denmark,643,Denmark,,,,,Technical University of Denmark,"Chemical Engineering,Biological Sciences,Agriculture & Forestry,Physics & Astronomy,Other Health,Electrical & Electronic Engineering,Mechanical & Aerospace Engineering,Geology, Environmental, Earth & Marine Sciences,Computer Science,General Engineering,Civil Engineering,Mathematics & Statistics,Chemistry,Veterinary Science",False,False,False,
121,University of Rochester,52.7,122,41.9,124,29.2,232,87.7,63,36.4,266,55.5,196,private,0,/world-university-rankings/university-rochester,545,United States,,,,,University of Rochester,"Electrical & Electronic Engineering,Mechanical & Aerospace Engineering,Psychology,Biological Sciences,Medicine & Dentistry,Chemical Engineering,Mathematics & Statistics,Languages, Literature & Linguistics,Education,Politics & International Studies (incl Development Studies),Art, Performing Arts & Design,Geography,General Engineering,Geology, Environmental, Earth & Marine Sciences,Computer Science,Economics & Econometrics,Physics & Astronomy,Accounting & Finance,Veterinary Science,Agriculture & Forestry,Business & Management,Communication & Media Studies,Archaeology,History, Philosophy & Theology,Sociology,Chemistry,Architecture,Other Health",False,False,False,https://www.timeshighereducation.com/student/register-interest/shorelight?utm_medium=thewebsite&utm_campaign=cta-link&utm_source=rankings&iid=i-49369082
121,University of Sheffield,52.7,123,40.0,140,39.1,138,74.3,151,43.8,188,74.8,85,master_account,0,/world-university-rankings/university-sheffield,565,United Kingdom,,,,,University of Sheffield united kingdom UK Sheffield,"Business & Management,Chemical Engineering,Languages, Literature & Linguistics,Medicine & Dentistry,Accounting & Finance,Geology, Environmental, Earth & Marine Sciences,Archaeology,General Engineering,Civil Engineering,Physics & Astronomy,Geography,Politics & International Studies (incl Development Studies),Computer Science,Electrical & Electronic Engineering,Other Health,Law,Architecture,Education,Economics & Econometrics,Chemistry,Psychology,Communication & Media Studies,History, Philosophy & Theology,Biological Sciences,Mathematics & Statistics,Mechanical & Aerospace Engineering,Sociology",False,False,False,https://www.timeshighereducation.com/student/register-interest/siuk?utm_medium=thewebsite&utm_campaign=cta-link&utm_source=rankings&iid=i-51616042
124,University of Alberta,52.6,124,43.8,106,47.1,97,61.8,255,51.8,130,73.4,87,master_account,11,/world-university-rankings/university-alberta,564,Canada,,,,,University of Alberta,"Civil Engineering,Sociology,Other Health,Electrical & Electronic Engineering,Mathematics & Statistics,Law,Languages, Literature & Linguistics,Agriculture & Forestry,Politics & International Studies (incl Development Studies),Economics & Econometrics,Art, Performing Arts & Design,Mechanical & Aerospace Engineering,Geography,Medicine & Dentistry,Sport Science,Geology, Environmental, Earth & Marine Sciences,Business & Management,Computer Science,Chemistry,General Engineering,Physics & Astronomy,Accounting & Finance,History, Philosophy & Theology,Chemical Engineering,Psychology,Archaeology,Veterinary Science,Communication & Media Studies,Biological Sciences,Education",False,False,False,https://www.timeshighereducation.com/student/register-interest/applyboard?utm_medium=thewebsite&utm_campaign=cta-link&utm_source=rankings&iid=i-20147712
124,University of Cape Town,52.6,125,26.8,309,35.3,169,86.6,68,88.0,40,76.7,75,master_account,11,/world-university-rankings/university-cape-town,567,South Africa,,,,,University of Cape Town UCT,"Politics & International Studies (incl Development Studies),Sport Science,Education,Art, Performing Arts & Design,Mechanical & Aerospace Engineering,General Engineering,Electrical & Electronic Engineering,Geology, Environmental, Earth & Marine Sciences,Architecture,Chemical Engineering,Sociology,Medicine & Dentistry,Biological Sciences,Law,Languages, Literature & Linguistics,Civil Engineering,Geography,Accounting & Finance,Other Health,Communication & Media Studies,Archaeology,Chemistry,Business & Management,Computer Science,Physics & Astronomy,Economics & Econometrics,History, Philosophy & Theology,Mathematics & Statistics,Psychology",False,False,False,
126,Boston College,52.5,126,32.4,221,29.1,233,95.9,23,46.5,164,54.6,204,private,0,/world-university-rankings/boston-college,659,United States,,,,,Boston College,"Geology, Environmental, Earth & Marine Sciences,Languages, Literature & Linguistics,Sociology,History, Philosophy & Theology,Business & Management,Accounting & Finance,Mathematics & Statistics,Education,Computer Science,Biological Sciences,Physics & Astronomy,Law,Economics & Econometrics,Medicine & Dentistry,Art, Performing Arts & Design,Communication & Media Studies,Psychology,General Engineering,Chemistry,Politics & International Studies (incl Development Studies)",False,False,False,https://www.timeshighereducation.com/student/register-interest/shorelight?utm_medium=thewebsite&utm_campaign=cta-link&utm_source=rankings&iid=i-48283681
126,KTH Royal Institute of Technology,52.5,127,45.7,92,44.8,110,55.1,305,100.0,5,84.0,43,master_account,6,/world-university-rankings/kth-royal-institute-technology,651,Sweden,,,,,KTH Royal Institute of Technology,"Education,History, Philosophy & Theology,General Engineering,Business & Management,Mechanical & Aerospace Engineering,Mathematics & Statistics,Computer Science,Biological Sciences,Architecture,Chemical Engineering,Economics & Econometrics,Geology, Environmental, Earth & Marine Sciences,Electrical & Electronic Engineering,Chemistry,Physics & Astronomy,Civil Engineering",False,False,False,
126,University of Florida,52.5,128,49.8,73,52.1,74,62.2,250,-,393,32.2,352,public,0,/world-university-rankings/university-florida,590,United States,,,,,University of Florida,"History, Philosophy & Theology,Electrical & Electronic Engineering,Sociology,Medicine & Dentistry,Civil Engineering,Geology, Environmental, Earth & Marine Sciences,Economics & Econometrics,Archaeology,Agriculture & Forestry,Politics & International Studies (incl Development Studies),Mechanical & Aerospace Engineering,Law,Computer Science,Mathematics & Statistics,Education,Art, Performing Arts & Design,Biological Sciences,Communication & Media Studies,Architecture,Sport Science,Psychology,Other Health,Chemical Engineering,Chemistry,Accounting & Finance,General Engineering,Physics & Astronomy,Business & Management,Languages, Literature & Linguistics,Veterinary Science,Geography",False,False,False,https://www.timeshighereducation.com/student/register-interest/shorelight?utm_medium=thewebsite&utm_campaign=cta-link&utm_source=rankings&iid=i-25479123
129,The Chinese University of Hong Kong,52.4,129,43.9,104,53.5,70,57.8,283,42.8,196,64.0,135,master_account,11,/world-university-rankings/chinese-university-hong-kong,662356,Hong Kong,,,,,The Chinese University of Hong Kong CUHK Chinese University of Hong Kong Chinese U,"Computer Science,Law,Geography,Education,Architecture,Sport Science,History, Philosophy & Theology,General Engineering,Art, Performing Arts & Design,Chemistry,Economics & Econometrics,Physics & Astronomy,Communication & Media Studies,Medicine & Dentistry,Geology, Environmental, Earth & Marine Sciences,Accounting & Finance,Sociology,Other Health,Psychology,Mathematics & Statistics,Languages, Literature & Linguistics,Business & Management,Politics & International Studies (incl Development Studies),Biological Sciences,Mechanical & Aerospace Engineering,Electrical & Electronic Engineering",False,False,False,
130,University of Virginia (Main campus),52.1,130,48.7,81,35.9,165,76.9,128,49.8,143,31.8,357,public,0,/world-university-rankings/university-virginia-main-campus,601,United States,,,,,University of Virginia (Main campus),"General Engineering,Chemistry,Geography,Physics & Astronomy,Sociology,Other Health,Biological Sciences,Education,Art, Performing Arts & Design,Mathematics & Statistics,Business & Management,Languages, Literature & Linguistics,Electrical & Electronic Engineering,Economics & Econometrics,Archaeology,Chemical Engineering,Accounting & Finance,History, Philosophy & Theology,Geology, Environmental, Earth & Marine Sciences,Psychology,Medicine & Dentistry,Mechanical & Aerospace Engineering,Communication & Media Studies,Architecture,Civil Engineering,Politics & International Studies (incl Development Studies),Computer Science,Sport Science,Law",False,False,False,https://www.timeshighereducation.com/student/register-interest/shorelight?utm_medium=thewebsite&utm_campaign=cta-link&utm_source=rankings&iid=i-21442282
131,Lancaster University,52.0,131,35.4,191,36.1,162,78.0,119,34.1,297,84.7,36,master_account,0,/world-university-rankings/lancaster-university,595,United Kingdom,,,,,Lancaster University,"Computer Science,Art, Performing Arts & Design,Business & Management,Biological Sciences,Politics & International Studies (incl Development Studies),Chemistry,Architecture,Chemical Engineering,Languages, Literature & Linguistics,Economics & Econometrics,Education,Physics & Astronomy,Geology, Environmental, Earth & Marine Sciences,Sport Science,General Engineering,Accounting & Finance,Sociology,Electrical & Electronic Engineering,History, Philosophy & Theology,Psychology,Medicine & Dentistry,Law,Geography,Mechanical & Aerospace Engineering,Communication & Media Studies,Other Health,Mathematics & Statistics",False,False,False,https://www.timeshighereducation.com/student/register-interest/siuk?utm_medium=thewebsite&utm_campaign=cta-link&utm_source=rankings&iid=i-49618222
132,University of Southampton,51.9,134,35.2,192,34.1,180,79.7,110,38.9,243,82.4,50,master_account,0,/world-university-rankings/university-southampton,593,United Kingdom,,,,,University of Southampton,"Electrical & Electronic Engineering,Languages, Literature & Linguistics,Geology, Environmental, Earth & Marine Sciences,Politics & International Studies (incl Development Studies),Computer Science,Art, Performing Arts & Design,History, Philosophy & Theology,Civil Engineering,Education,Physics & Astronomy,Geography,Accounting & Finance,Medicine & Dentistry,Chemical Engineering,Law,Biological Sciences,Economics & Econometrics,Mathematics & Statistics,Mechanical & Aerospace Engineering,Psychology,General Engineering,Other Health,Communication & Media Studies,Chemistry,Sociology,Business & Management,Archaeology",False,False,False,https://www.timeshighereducation.com/student/register-interest/siuk?utm_medium=thewebsite&utm_campaign=cta-link&utm_source=rankings&iid=i-58225932
132,University of Bern,51.9,132,42.0,122,36.9,155,70.1,191,47.4,159,80.7,57,master_account,0,/world-university-rankings/university-bern,576,Switzerland,,,,,University of Bern,"Art, Performing Arts & Design,Biological Sciences,Geography,Languages, Literature & Linguistics,Sport Science,Psychology,History, Philosophy & Theology,Physics & Astronomy,Education,Computer Science,Communication & Media Studies,Medicine & Dentistry,Chemistry,Business & Management,Archaeology,Mathematics & Statistics,Accounting & Finance,General Engineering,Sociology,Agriculture & Forestry,Politics & International Studies (incl Development Studies),Veterinary Science,Law,Other Health,Geology, Environmental, Earth & Marine Sciences,Economics & Econometrics",False,False,False,
132,"University of Maryland, College Park",51.9,133,36.5,179,39.1,137,83.6,82,33.2,312,44.8,271,public,0,/world-university-rankings/university-maryland-college-park,559,United States,,,,,"University of Maryland, College Park","Chemistry,Biological Sciences,Accounting & Finance,Languages, Literature & Linguistics,Computer Science,Mathematics & Statistics,Business & Management,Architecture,General Engineering,Physics & Astronomy,Economics & Econometrics,Art, Performing Arts & Design,Mechanical & Aerospace Engineering,Geology, Environmental, Earth & Marine Sciences,Archaeology,Sport Science,Geography,Agriculture & Forestry,Politics & International Studies (incl Development Studies),Electrical & Electronic Engineering,History, Philosophy & Theology,Sociology,Civil Engineering,Education,Other Health,Veterinary Science,Chemical Engineering,Communication & Media Studies",False,False,False,https://www.timeshighereducation.com/student/register-interest/shorelight?utm_medium=thewebsite&utm_campaign=cta-link&utm_source=rankings&iid=i-76110123
135,TU Dresden,51.6,135,39.8,144,42.0,120,70.8,185,99.5,19,44.7,272,master_account,0,/world-university-rankings/tu-dresden,720,Germany,,,,,TU Dresden,"Civil Engineering,Biological Sciences,General Engineering,History, Philosophy & Theology,Geography,Education,Agriculture & Forestry,Physics & Astronomy,Communication & Media Studies,Sociology,Psychology,Electrical & Electronic Engineering,Medicine & Dentistry,Economics & Econometrics,Business & Management,Chemical Engineering,Mechanical & Aerospace Engineering,Geology, Environmental, Earth & Marine Sciences,Chemistry,Architecture,Accounting & Finance,Computer Science,Politics & International Studies (incl Development Studies),Languages, Literature & Linguistics,Other Health,Mathematics & Statistics",False,False,False,
136,University of Lausanne,51.4,136,29.4,273,39.9,131,76.5,132,50.9,136,85.1,34,master_account,0,/world-university-rankings/university-lausanne,580,Switzerland,,,,,University of Lausanne,"Languages, Literature & Linguistics,Politics & International Studies (incl Development Studies),Biological Sciences,Sociology,History, Philosophy & Theology,Business & Management,Law,Geology, Environmental, Earth & Marine Sciences,Other Health,Medicine & Dentistry,Accounting & Finance,Economics & Econometrics,Computer Science,Geography,Archaeology,Psychology,Communication & Media Studies,Sport Science,Education",False,False,False,
136,Vrije Universiteit Amsterdam,51.4,137,35.5,190,43.2,117,74.9,146,60.0,100,50.6,231,master_account,0,/world-university-rankings/vrije-universiteit-amsterdam,625,Netherlands,,,,,Vrije Universiteit Amsterdam,"Geology, Environmental, Earth & Marine Sciences,History, Philosophy & Theology,Art, Performing Arts & Design,Chemistry,Physics & Astronomy,Politics & International Studies (incl Development Studies),Law,Biological Sciences,Business & Management,Other Health,Economics & Econometrics,Languages, Literature & Linguistics,Mathematics & Statistics,Mechanical & Aerospace Engineering,Medicine & Dentistry,Sociology,Archaeology,Education,Communication & Media Studies,Computer Science,Architecture,Geography,Sport Science,Accounting & Finance,Agriculture & Forestry,Psychology",False,False,False,
138,Trinity College Dublin,51.2,138,39.4,149,30.3,218,77.6,124,30.6,353,83.9,44,master_account,0,/world-university-rankings/trinity-college-dublin,582,Ireland,,,,,Trinity College Dublin,"Art, Performing Arts & Design,General Engineering,Sociology,Languages, Literature & Linguistics,History, Philosophy & Theology,Physics & Astronomy,Business & Management,Computer Science,Politics & International Studies (incl Development Studies),Electrical & Electronic Engineering,Law,Mechanical & Aerospace Engineering,Geography,Other Health,Geology, Environmental, Earth & Marine Sciences,Economics & Econometrics,Biological Sciences,Psychology,Medicine & Dentistry,Chemistry,Accounting & Finance,Civil Engineering,Education,Mathematics & Statistics",False,False,False,
139,Boğaziçi University,51.1,139,28.5,288,27.6,252,96.8,19,47.7,156,54.1,208,master_account,0,/world-university-rankings/bogazici-university,772,Turkey,,,,,Boğaziçi University,"General Engineering,Geology, Environmental, Earth & Marine Sciences,Medicine & Dentistry,Mathematics & Statistics,History, Philosophy & Theology,Chemical Engineering,Veterinary Science,Geography,Economics & Econometrics,Archaeology,Biological Sciences,Law,Accounting & Finance,Art, Performing Arts & Design,Mechanical & Aerospace Engineering,Sociology,Languages, Literature & Linguistics,Civil Engineering,Politics & International Studies (incl Development Studies),Psychology,Architecture,Agriculture & Forestry,Sport Science,Education,Electrical & Electronic Engineering,Communication & Media Studies,Other Health,Physics & Astronomy,Computer Science,Chemistry,Business & Management",False,False,False,
140,Radboud University Nijmegen,51.0,140,30.5,258,46.7,100,73.9,158,42.8,197,61.6,149,master_account,11,/world-university-rankings/radboud-university-nijmegen,624,Netherlands,,,,,Radboud University Nijmegen,"Other Health,Psychology,History, Philosophy & Theology,Chemistry,Sociology,Geology, Environmental, Earth & Marine Sciences,Business & Management,Accounting & Finance,Medicine & Dentistry,Law,Communication & Media Studies,Economics & Econometrics,Mathematics & Statistics,Computer Science,Geography,Languages, Literature & Linguistics,Politics & International Studies (incl Development Studies),Physics & Astronomy,Biological Sciences,Education",False,False,False,
141,Texas A&M University,50.9,142,46.2,89,51.9,75,55.1,307,49.6,146,49.1,246,public,0,/world-university-rankings/texas-am-university,629,United States,,,,,Texas A&M University,"Computer Science,Geography,Other Health,Agriculture & Forestry,Sociology,History, Philosophy & Theology,General Engineering,Geology, Environmental, Earth & Marine Sciences,Archaeology,Chemical Engineering,Chemistry,Mechanical & Aerospace Engineering,Politics & International Studies (incl Development Studies),Languages, Literature & Linguistics,Veterinary Science,Physics & Astronomy,Business & Management,Art, Performing Arts & Design,Biological Sciences,Communication & Media Studies,Accounting & Finance,Medicine & Dentistry,Mathematics & Statistics,Education,Economics & Econometrics,Civil Engineering,Sport Science,Law,Architecture,Electrical & Electronic Engineering,Psychology",False,False,False,
141,Tokyo Institute of Technology,50.9,143,53.5,60,52.9,72,48.1,355,69.4,78,37.0,324,master_account,0,/world-university-rankings/tokyo-institute-technology,572,Japan,,,,,Tokyo Institute of Technology,"Politics & International Studies (incl Development Studies),Civil Engineering,Chemistry,Architecture,Physics & Astronomy,Sport Science,Mechanical & Aerospace Engineering,Communication & Media Studies,General Engineering,Biological Sciences,Chemical Engineering,Business & Management,Computer Science,Geology, Environmental, Earth & Marine Sciences,Mathematics & Statistics,Electrical & Electronic Engineering,Sociology",False,False,False,
141,Colorado School of Mines,50.9,141,26.1,319,26.7,265,97.1,16,79.4,56,52.6,222,public,0,/world-university-rankings/colorado-school-mines,673,United States,,,,,Colorado School of Mines,"Geography,Mathematics & Statistics,General Engineering,Computer Science,Physics & Astronomy,Chemical Engineering,Mechanical & Aerospace Engineering,Chemistry,Geology, Environmental, Earth & Marine Sciences,Electrical & Electronic Engineering,Business & Management,Civil Engineering,Economics & Econometrics",False,False,False,https://www.timeshighereducation.com/student/register-interest/shorelight?utm_medium=thewebsite&utm_campaign=cta-link&utm_source=rankings&iid=i-08832472
144,Eindhoven University of Technology,50.5,144,38.3,156,47.1,96,57.3,293,99.9,13,69.0,111,master_account,0,/world-university-rankings/eindhoven-university-technology,579,Netherlands,,,,,Eindhoven University of Technology,"Electrical & Electronic Engineering,Civil Engineering,Architecture,Chemistry,Art, Performing Arts & Design,General Engineering,Physics & Astronomy,Computer Science,Archaeology,Geology, Environmental, Earth & Marine Sciences,Mechanical & Aerospace Engineering,Chemical Engineering,Languages, Literature & Linguistics,History, Philosophy & Theology,Mathematics & Statistics",False,False,False,
144,Rutgers University–New Brunswick,50.5,145,40.5,134,45.3,106,71.0,181,35.2,278,34.3,343,public,0,/world-university-rankings/rutgers-university-new-brunswick-0,546,United States,,,,,Rutgers University–New Brunswick,"Other Health,Sport Science,Psychology,Agriculture & Forestry,Architecture,Communication & Media Studies,Physics & Astronomy,Medicine & Dentistry,Geography,Civil Engineering,Politics & International Studies (incl Development Studies),Art, Performing Arts & Design,Electrical & Electronic Engineering,Chemistry,Business & Management,General Engineering,Geology, Environmental, Earth & Marine Sciences,Languages, Literature & Linguistics,Education,Computer Science,Chemical Engineering,History, Philosophy & Theology,Biological Sciences,Economics & Econometrics,Mechanical & Aerospace Engineering,Sociology,Archaeology,Accounting & Finance,Mathematics & Statistics",False,False,False,https://www.timeshighereducation.com/student/register-interest/shorelight?utm_medium=thewebsite&utm_campaign=cta-link&utm_source=rankings&iid=i-70313321
146,University of Leeds,50.4,146,39.4,150,39.1,136,69.3,195,39.4,237,67.6,116,master_account,0,/world-university-rankings/university-leeds,597,United Kingdom,,,,,University of Leeds,"General Engineering,Mechanical & Aerospace Engineering,Economics & Econometrics,Chemistry,Chemical Engineering,Physics & Astronomy,Communication & Media Studies,Languages, Literature & Linguistics,Biological Sciences,Geology, Environmental, Earth & Marine Sciences,Business & Management,Architecture,Electrical & Electronic Engineering,Geography,Medicine & Dentistry,Computer Science,Education,History, Philosophy & Theology,Accounting & Finance,Psychology,Law,Sociology,Politics & International Studies (incl Development Studies),Sport Science,Agriculture & Forestry,Mathematics & Statistics,Civil Engineering,Other Health,Art, Performing Arts & Design",False,False,False,https://www.timeshighereducation.com/student/register-interest/siuk?utm_medium=thewebsite&utm_campaign=cta-link&utm_source=rankings&iid=i-90575012
147,Brandeis University,50.3,147,25.8,323,29.1,234,95.3,25,43.9,186,54.7,201,private,0,/world-university-rankings/brandeis-university,614,United States,,,,,Brandeis University,"Physics & Astronomy,Art, Performing Arts & Design,Chemistry,Psychology,Education,Accounting & Finance,Mathematics & Statistics,History, Philosophy & Theology,Sociology,Languages, Literature & Linguistics,Biological Sciences,Business & Management,Economics & Econometrics,Computer Science,Politics & International Studies (incl Development Studies)",False,False,False,https://www.timeshighereducation.com/student/register-interest/shorelight?utm_medium=thewebsite&utm_campaign=cta-link&utm_source=rankings&iid=i-49167174
148,Sungkyunkwan University (SKKU),50.2,148,48.1,83,50.2,84,51.7,328,98.5,24,35.8,335,master_account,11,/world-university-rankings/sungkyunkwan-university-skku,805,South Korea,,,,,Sungkyunkwan University (SKKU),"Medicine & Dentistry,Communication & Media Studies,Electrical & Electronic Engineering,Psychology,Sociology,Architecture,Agriculture & Forestry,Sport Science,Law,General Engineering,Chemistry,History, Philosophy & Theology,Chemical Engineering,Physics & Astronomy,Economics & Econometrics,Languages, Literature & Linguistics,Civil Engineering,Geography,Archaeology,Biological Sciences,Mathematics & Statistics,Business & Management,Computer Science,Geology, Environmental, Earth & Marine Sciences,Accounting & Finance,Other Health,Veterinary Science,Education,Mechanical & Aerospace Engineering,Politics & International Studies (incl Development Studies),Art, Performing Arts & Design",False,False,False,
148,University of Birmingham,50.2,149,42.8,116,39.8,133,62.7,244,36.0,270,75.8,81,master_account,0,/world-university-rankings/university-birmingham,612,United Kingdom,,,,,University of Birmingham,"General Engineering,Communication & Media Studies,Accounting & Finance,History, Philosophy & Theology,Biological Sciences,Business & Management,Medicine & Dentistry,Mathematics & Statistics,Geography,Architecture,Chemical Engineering,Sociology,Archaeology,Sport Science,Education,Art, Performing Arts & Design,Mechanical & Aerospace Engineering,Law,Languages, Literature & Linguistics,Civil Engineering,Electrical & Electronic Engineering,Politics & International Studies (incl Development Studies),Economics & Econometrics,Computer Science,Physics & Astronomy,Psychology,Other Health,Chemistry,Geology, Environmental, Earth & Marine Sciences",False,False,False,https://www.timeshighereducation.com/student/register-interest/siuk?utm_medium=thewebsite&utm_campaign=cta-link&utm_source=rankings&iid=i-24885315
150,Indiana University,50.1,150,46.5,88,35.1,172,73.1,163,-,385,37.1,321,public,0,/world-university-rankings/indiana-university,587,United States,,,,,Indiana University,"Computer Science,Mathematics & Statistics,Education,Art, Performing Arts & Design,Physics & Astronomy,Psychology,Architecture,Electrical & Electronic Engineering,Politics & International Studies (incl Development Studies),Medicine & Dentistry,Civil Engineering,Economics & Econometrics,Other Health,Biological Sciences,Law,History, Philosophy & Theology,Sport Science,Geography,General Engineering,Communication & Media Studies,Accounting & Finance,Languages, Literature & Linguistics,Mechanical & Aerospace Engineering,Sociology,Geology, Environmental, Earth & Marine Sciences,Agriculture & Forestry,Chemistry,Business & Management",False,False,False,https://www.timeshighereducation.com/student/register-interest/shorelight?utm_medium=thewebsite&utm_campaign=cta-link&utm_source=rankings&iid=i-17534252
150,"University of California, Riverside",50.1,151,29.4,272,27.5,256,91.5,43,39.5,235,61.6,150,public,0,/world-university-rankings/university-california-riverside,607,United States,,,,,"University of California, Riverside","Biological Sciences,General Engineering,Languages, Literature & Linguistics,Communication & Media Studies,Education,History, Philosophy & Theology,Chemical Engineering,Computer Science,Chemistry,Psychology,Economics & Econometrics,Physics & Astronomy,Medicine & Dentistry,Business & Management,Other Health,Mathematics & Statistics,Geology, Environmental, Earth & Marine Sciences,Electrical & Electronic Engineering,Mechanical & Aerospace Engineering,Politics & International Studies (incl Development Studies),Art, Performing Arts & Design,Accounting & Finance,Sociology,Agriculture & Forestry",False,False,False,https://www.timeshighereducation.com/student/register-interest/shorelight?utm_medium=thewebsite&utm_campaign=cta-link&utm_source=rankings&iid=i-48621253
152,Dartmouth College,50.0,152,38.3,155,35.4,168,80.4,102,49.1,151,33.1,347,private,0,/world-university-rankings/dartmouth-college,554,United States,,,,,Dartmouth College,"Sociology,Mathematics & Statistics,General Engineering,History, Philosophy & Theology,Computer Science,Biological Sciences,Geography,Art, Performing Arts & Design,Languages, Literature & Linguistics,Electrical & Electronic Engineering,Psychology,Geology, Environmental, Earth & Marine Sciences,Politics & International Studies (incl Development Studies),Mechanical & Aerospace Engineering,Economics & Econometrics,Other Health,Business & Management,Physics & Astronomy,Archaeology,Medicine & Dentistry,Chemistry,Chemical Engineering,Accounting & Finance",False,False,False,https://www.timeshighereducation.com/student/register-interest/shorelight?utm_medium=thewebsite&utm_campaign=cta-link&utm_source=rankings&iid=i-46262331
153,Aarhus University,49.9,153,30.9,250,47.5,93,66.5,219,59.8,101,66.3,123,master_account,0,/world-university-rankings/aarhus-university,589,Denmark,,,,,Aarhus University,"Electrical & Electronic Engineering,Geology, Environmental, Earth & Marine Sciences,Medicine & Dentistry,Veterinary Science,Accounting & Finance,Art, Performing Arts & Design,Mathematics & Statistics,Law,History, Philosophy & Theology,Agriculture & Forestry,Geography,Other Health,Sport Science,Psychology,Archaeology,Biological Sciences,Business & Management,Computer Science,Chemical Engineering,Politics & International Studies (incl Development Studies),Mechanical & Aerospace Engineering,Communication & Media Studies,Languages, Literature & Linguistics,Physics & Astronomy,Education,Civil Engineering,Chemistry,Economics & Econometrics",False,False,False,
154,University of Exeter,49.7,154,32.0,231,32.7,200,78.0,120,35.8,273,79.8,62,master_account,11,/world-university-rankings/university-exeter,620,United Kingdom,,,,,University of Exeter,"Architecture,Biological Sciences,Law,Languages, Literature & Linguistics,Computer Science,Politics & International Studies (incl Development Studies),Accounting & Finance,General Engineering,Physics & Astronomy,Art, Performing Arts & Design,Medicine & Dentistry,Sport Science,Mechanical & Aerospace Engineering,Sociology,Psychology,Civil Engineering,Geology, Environmental, Earth & Marine Sciences,Business & Management,Archaeology,Veterinary Science,Education,History, Philosophy & Theology,Agriculture & Forestry,Geography,Other Health,Mathematics & Statistics,Electrical & Electronic Engineering,Communication & Media Studies,Economics & Econometrics",False,False,False,
155,National Taiwan University (NTU),49.3,155,48.8,79,57.3,61,47.7,357,43.8,187,27.5,375,master_account,0,/world-university-rankings/national-taiwan-university-ntu,618,Taiwan,,,,,National Taiwan University (NTU),"Languages, Literature & Linguistics,Chemical Engineering,Communication & Media Studies,Civil Engineering,Archaeology,Computer Science,Geography,Veterinary Science,Physics & Astronomy,Business & Management,Medicine & Dentistry,Sport Science,Art, Performing Arts & Design,Law,Mechanical & Aerospace Engineering,Other Health,Electrical & Electronic Engineering,Economics & Econometrics,Politics & International Studies (incl Development Studies),Architecture,Mathematics & Statistics,Chemistry,Psychology,Geology, Environmental, Earth & Marine Sciences,Biological Sciences,Education,Agriculture & Forestry,Accounting & Finance,Sociology,History, Philosophy & Theology,General Engineering",False,False,False,
156,RWTH Aachen University,49.2,156,39.0,152,29.9,223,75.0,142,69.8,76,56.8,184,master_account,0,/world-university-rankings/rwth-aachen-university,632,Germany,,,,,RWTH Aachen University,"Languages, Literature & Linguistics,Politics & International Studies (incl Development Studies),Accounting & Finance,Business & Management,Chemical Engineering,Sociology,Biological Sciences,History, Philosophy & Theology,Mathematics & Statistics,General Engineering,Electrical & Electronic Engineering,Other Health,Physics & Astronomy,Medicine & Dentistry,Chemistry,Computer Science,Psychology,Economics & Econometrics,Geology, Environmental, Earth & Marine Sciences,Communication & Media Studies,Mechanical & Aerospace Engineering,Geography,Education,Architecture,Civil Engineering",False,False,False,
157,The University of Osaka,49.1,157,51.3,69,48.0,91,51.1,333,73.6,65,29.1,370,master_account,0,/world-university-rankings/university-osaka,583,Japan,,,,,The University of Osaka Handai OU,"Chemistry,Computer Science,Languages, Literature & Linguistics,Chemical Engineering,Communication & Media Studies,Education,Architecture,Politics & International Studies (incl Development Studies),Electrical & Electronic Engineering,History, Philosophy & Theology,Sociology,Biological Sciences,General Engineering,Mechanical & Aerospace Engineering,Art, Performing Arts & Design,Economics & Econometrics,Psychology,Business & Management,Physics & Astronomy,Medicine & Dentistry,Archaeology,Sport Science,Geology, Environmental, Earth & Marine Sciences,Mathematics & Statistics,Geography,Accounting & Finance,Law,Civil Engineering,Other Health",False,False,False,
157,University of Liverpool,49.1,158,31.3,244,33.2,192,76.2,133,40.0,229,79.5,66,master_account,11,/world-university-rankings/university-liverpool,646,United Kingdom,,,,,University of Liverpool,"Communication & Media Studies,Medicine & Dentistry,Physics & Astronomy,Accounting & Finance,Biological Sciences,Geography,Archaeology,Architecture,Politics & International Studies (incl Development Studies),Mathematics & Statistics,Economics & Econometrics,Civil Engineering,Business & Management,Law,Computer Science,Geology, Environmental, Earth & Marine Sciences,Languages, Literature & Linguistics,Sociology,Psychology,Veterinary Science,Mechanical & Aerospace Engineering,Chemistry,Electrical & Electronic Engineering,Other Health,General Engineering,History, Philosophy & Theology",False,False,False,https://www.timeshighereducation.com/student/register-interest/siuk?utm_medium=thewebsite&utm_campaign=cta-link&utm_source=rankings&iid=i-48205864
157,The University of Western Australia,49.1,159,36.3,183,38.1,144,62.2,252,63.3,93,87.3,26,master_account,0,/world-university-rankings/university-western-australia,654,Australia,,,,,The University of Western Australia,"General Engineering,Mathematics & Statistics,Politics & International Studies (incl Development Studies),Computer Science,Languages, Literature & Linguistics,Agriculture & Forestry,Psychology,Communication & Media Studies,Business & Management,Electrical & Electronic Engineering,Sport Science,Medicine & Dentistry,Chemistry,Accounting & Finance,Art, Performing Arts & Design,Education,Other Health,Physics & Astronomy,Economics & Econometrics,Biological Sciences,Geography,Geology, Environmental, Earth & Marine Sciences,History, Philosophy & Theology,Civil Engineering,Architecture,Chemical Engineering,Archaeology,Sociology,Law,Mechanical & Aerospace Engineering,Veterinary Science",False,False,False,https://www.timeshighereducation.com/student/register-interest/aecc?utm_medium=thewebsite&utm_campaign=cta-link&utm_source=rankings&iid=i-74036713
160,University of Copenhagen,49.0,161,34.0,206,34.4,178,73.5,161,44.4,182,71.8,93,master_account,0,/world-university-rankings/university-copenhagen,599,Denmark,,,,,University of Copenhagen,"Politics & International Studies (incl Development Studies),Other Health,Psychology,Archaeology,Biological Sciences,Communication & Media Studies,History, Philosophy & Theology,Law,Sport Science,Geology, Environmental, Earth & Marine Sciences,Medicine & Dentistry,Computer Science,Economics & Econometrics,Mathematics & Statistics,Physics & Astronomy,Languages, Literature & Linguistics,Chemistry,Veterinary Science,Agriculture & Forestry,Geography,Sociology",False,False,False,
160,École Normale Supérieure de Lyon,49.0,160,38.1,159,33.8,184,73.0,167,29.3,363,64.4,132,master_account,0,/world-university-rankings/ecole-normale-superieure-de-lyon,605,France,,,,,École Normale Supérieure de Lyon,"Politics & International Studies (incl Development Studies),Physics & Astronomy,History, Philosophy & Theology,Biological Sciences,Mathematics & Statistics,Education,Languages, Literature & Linguistics,Chemistry,Economics & Econometrics,Geography,Computer Science,Sociology,Art, Performing Arts & Design,Geology, Environmental, Earth & Marine Sciences",False,False,False,
162,University of Utah,48.6,162,38.8,153,36.5,157,75.0,144,58.1,107,27.5,376,public,0,/world-university-rankings/university-utah,577,United States,,,,,University of Utah,"Agriculture & Forestry,Geography,History, Philosophy & Theology,Architecture,Biological Sciences,Law,General Engineering,Chemistry,Accounting & Finance,Art, Performing Arts & Design,Mechanical & Aerospace Engineering,Politics & International Studies (incl Development Studies),Medicine & Dentistry,Sport Science,Education,Other Health,Mathematics & Statistics,Psychology,Geology, Environmental, Earth & Marine Sciences,Economics & Econometrics,Electrical & Electronic Engineering,Languages, Literature & Linguistics,Chemical Engineering,Sociology,Computer Science,Physics & Astronomy,Business & Management,Civil Engineering,Communication & Media Studies",False,False,False,https://www.timeshighereducation.com/student/register-interest/shorelight?utm_medium=thewebsite&utm_campaign=cta-link&utm_source=rankings&iid=i-02638481
163,University of Freiburg,48.3,163,38.0,162,28.1,247,74.0,155,81.4,54,56.7,185,master_account,0,/world-university-rankings/university-freiburg,653,Germany,,,,,University of Freiburg,"Mathematics & Statistics,Art, Performing Arts & Design,Politics & International Studies (incl Development Studies),History, Philosophy & Theology,Business & Management,Sport Science,Communication & Media Studies,Languages, Literature & Linguistics,Medicine & Dentistry,Sociology,Archaeology,Physics & Astronomy,Economics & Econometrics,Other Health,Geology, Environmental, Earth & Marine Sciences,Agriculture & Forestry,Electrical & Electronic Engineering,Law,Education,Geography,Psychology,Computer Science,Biological Sciences,Chemistry",False,False,False,
164,University of Adelaide,48.2,164,33.8,208,40.4,126,61.1,259,65.3,86,79.3,69,master_account,0,/world-university-rankings/university-adelaide,665,Australia,,,,,University of Adelaide Adelaide University,"Electrical & Electronic Engineering,Geology, Environmental, Earth & Marine Sciences,Agriculture & Forestry,Medicine & Dentistry,History, Philosophy & Theology,Chemical Engineering,Politics & International Studies (incl Development Studies),Civil Engineering,Sociology,Chemistry,Languages, Literature & Linguistics,Law,Mathematics & Statistics,Physics & Astronomy,Veterinary Science,Education,Psychology,Other Health,Computer Science,Biological Sciences,Economics & Econometrics,Business & Management,Architecture,Accounting & Finance,General Engineering,Communication & Media Studies,Mechanical & Aerospace Engineering,Geography,Art, Performing Arts & Design",False,False,False,
165,Karlsruhe Institute of Technology,48.1,166,40.5,133,34.9,174,62.9,239,82.7,51,60.1,161,master_account,0,/world-university-rankings/karlsruhe-institute-technology,660,Germany,,,,,Karlsruhe Institute of Technology,"Economics & Econometrics,General Engineering,Communication & Media Studies,Education,Electrical & Electronic Engineering,Civil Engineering,Geography,Sport Science,Chemistry,Computer Science,Chemical Engineering,Mathematics & Statistics,Geology, Environmental, Earth & Marine Sciences,Accounting & Finance,Agriculture & Forestry,Art, Performing Arts & Design,Architecture,Biological Sciences,Physics & Astronomy,Mechanical & Aerospace Engineering,History, Philosophy & Theology,Business & Management",False,False,False,
165,Tohoku University,48.1,168,49.7,74,47.3,94,49.6,347,76.8,60,29.7,364,master_account,0,/world-university-rankings/tohoku-university,584,Japan,,,,,Tohoku University,"Computer Science,Sport Science,Education,Economics & Econometrics,Electrical & Electronic Engineering,Geology, Environmental, Earth & Marine Sciences,Art, Performing Arts & Design,Civil Engineering,Politics & International Studies (incl Development Studies),History, Philosophy & Theology,Other Health,Mathematics & Statistics,Business & Management,Medicine & Dentistry,Biological Sciences,Chemistry,General Engineering,Physics & Astronomy,Psychology,Mechanical & Aerospace Engineering,Geography,Accounting & Finance,Archaeology,Agriculture & Forestry,Law,Architecture,Veterinary Science,Sociology,Languages, Literature & Linguistics,Chemical Engineering,Communication & Media Studies",False,False,False,
165,Istanbul Technical University,48.1,165,30.2,262,36.9,153,79.7,108,51.1,134,37.3,319,master_account,0,/world-university-rankings/istanbul-technical-university,750,Turkey,,,,,Istanbul Technical University,"Archaeology,Civil Engineering,Business & Management,Economics & Econometrics,Geology, Environmental, Earth & Marine Sciences,Mechanical & Aerospace Engineering,Chemistry,Computer Science,Biological Sciences,General Engineering,Physics & Astronomy,Communication & Media Studies,Architecture,Chemical Engineering,Electrical & Electronic Engineering,Mathematics & Statistics,Politics & International Studies (incl Development Studies),Art, Performing Arts & Design,Sociology,Accounting & Finance",False,False,False,
165,Pompeu Fabra University,48.1,167,25.1,335,28.3,241,88.3,59,35.9,272,63.2,138,master_account,0,/world-university-rankings/pompeu-fabra-university,650,Spain,,,,,Pompeu Fabra University,"Languages, Literature & Linguistics,Sociology,Communication & Media Studies,Computer Science,History, Philosophy & Theology,Economics & Econometrics,Medicine & Dentistry,Biological Sciences,General Engineering,Accounting & Finance,Business & Management,Education,Politics & International Studies (incl Development Studies),Law,Art, Performing Arts & Design",False,False,False,
169,University of Miami,48.0,169,42.7,118,27.2,262,73.1,165,-,395,56.7,186,private,0,/world-university-rankings/university-miami,636,United States,,,,,University of Miami,"Other Health,Physics & Astronomy,Business & Management,Computer Science,Chemistry,Accounting & Finance,Civil Engineering,Sociology,Languages, Literature & Linguistics,Biological Sciences,Education,General Engineering,Communication & Media Studies,Economics & Econometrics,Electrical & Electronic Engineering,Geology, Environmental, Earth & Marine Sciences,Medicine & Dentistry,Art, Performing Arts & Design,Chemical Engineering,Geography,Architecture,Mathematics & Statistics,Psychology,Mechanical & Aerospace Engineering,Politics & International Studies (incl Development Studies),History, Philosophy & Theology,Sport Science,Law",False,False,False,https://www.timeshighereducation.com/student/register-interest/shorelight?utm_medium=thewebsite&utm_campaign=cta-link&utm_source=rankings&iid=i-02632503
170,University of Antwerp,47.9,170,34.6,200,33.6,187,67.7,210,100.0,11,61.0,154,master_account,0,/world-university-rankings/university-antwerp,742,Belgium,,,,,University of Antwerp,"Veterinary Science,Chemistry,Education,Languages, Literature & Linguistics,Chemical Engineering,Law,Geology, Environmental, Earth & Marine Sciences,Mechanical & Aerospace Engineering,Computer Science,History, Philosophy & Theology,Sociology,Art, Performing Arts & Design,Biological Sciences,Mathematics & Statistics,Politics & International Studies (incl Development Studies),Business & Management,Architecture,Medicine & Dentistry,Electrical & Electronic Engineering,Physics & Astronomy,Economics & Econometrics,Other Health,Communication & Media Studies,General Engineering",False,False,False,
171,University of Nottingham,47.8,172,39.9,142,35.8,166,62.7,245,39.6,233,70.6,101,master_account,0,/world-university-rankings/university-nottingham,604,United Kingdom,,,,,University of Nottingham,"Other Health,Sport Science,Psychology,Art, Performing Arts & Design,Civil Engineering,Politics & International Studies (incl Development Studies),General Engineering,Physics & Astronomy,Accounting & Finance,Medicine & Dentistry,Veterinary Science,Education,History, Philosophy & Theology,Chemical Engineering,Communication & Media Studies,Languages, Literature & Linguistics,Mechanical & Aerospace Engineering,Geology, Environmental, Earth & Marine Sciences,Computer Science,Mathematics & Statistics,Business & Management,Electrical & Electronic Engineering,Chemistry,Sociology,Economics & Econometrics,Archaeology,Biological Sciences,Law,Architecture,Agriculture & Forestry,Geography",False,False,False,https://www.timeshighereducation.com/student/register-interest/siuk?utm_medium=thewebsite&utm_campaign=cta-link&utm_source=rankings&iid=i-18193873
171,Université Catholique de Louvain,47.8,171,37.9,164,34.9,175,67.7,209,46.1,168,59.7,165,master_account,0,/world-university-rankings/universite-catholique-de-louvain,633,Belgium,,,,,Université Catholique de Louvain,"General Engineering,Physics & Astronomy,Business & Management,Electrical & Electronic Engineering,Chemistry,Accounting & Finance,Architecture,Agriculture & Forestry,Sociology,Other Health,Sport Science,Education,Art, Performing Arts & Design,Mechanical & Aerospace Engineering,Geology, Environmental, Earth & Marine Sciences,Economics & Econometrics,Languages, Literature & Linguistics,Civil Engineering,Communication & Media Studies,Archaeology,Biological Sciences,Geography,Computer Science,Mathematics & Statistics,Psychology,History, Philosophy & Theology,Chemical Engineering,Politics & International Studies (incl Development Studies),Medicine & Dentistry,Veterinary Science,Law",False,False,False,
173,Georgetown University,47.7,173,51.1,70,28.2,242,62.2,248,80.0,55,43.3,285,private,0,/world-university-rankings/georgetown-university,602,United States,,,,,Georgetown University,"History, Philosophy & Theology,Economics & Econometrics,Languages, Literature & Linguistics,General Engineering,Psychology,Sociology,Medicine & Dentistry,Law,Mathematics & Statistics,Computer Science,Physics & Astronomy,Accounting & Finance,Architecture,Politics & International Studies (incl Development Studies),Art, Performing Arts & Design,Education,Agriculture & Forestry,Other Health,Sport Science,Business & Management,Geology, Environmental, Earth & Marine Sciences,Communication & Media Studies,Chemistry,Biological Sciences",False,False,False,https://www.timeshighereducation.com/student/register-interest/shorelight?utm_medium=thewebsite&utm_campaign=cta-link&utm_source=rankings&iid=i-26274852
173,University of Victoria,47.7,174,21.6,359,30.6,214,86.7,67,31.6,336,70.1,104,master_account,11,/world-university-rankings/university-victoria,641,Canada,,,,,University of Victoria,"Communication & Media Studies,Mechanical & Aerospace Engineering,General Engineering,Sport Science,History, Philosophy & Theology,Languages, Literature & Linguistics,Business & Management,Archaeology,Chemistry,Accounting & Finance,Mathematics & Statistics,Law,Other Health,Computer Science,Politics & International Studies (incl Development Studies),Geography,Sociology,Education,Physics & Astronomy,Economics & Econometrics,Electrical & Electronic Engineering,Geology, Environmental, Earth & Marine Sciences,Civil Engineering,Art, Performing Arts & Design,Biological Sciences,Psychology",False,False,False,https://www.timeshighereducation.com/student/register-interest/applyboard?utm_medium=thewebsite&utm_campaign=cta-link&utm_source=rankings&iid=i-84469642
175,University of Auckland,47.5,175,28.6,285,33.4,190,68.4,202,74.2,63,87.3,25,master_account,0,/world-university-rankings/university-auckland,637,New Zealand,,,,,University of Auckland UOA Auckland University,"Accounting & Finance,Communication & Media Studies,Geography,Politics & International Studies (incl Development Studies),Psychology,Civil Engineering,Art, Performing Arts & Design,Mathematics & Statistics,Archaeology,History, Philosophy & Theology,General Engineering,Mechanical & Aerospace Engineering,Medicine & Dentistry,Computer Science,Law,Sociology,Architecture,Other Health,Physics & Astronomy,Business & Management,Electrical & Electronic Engineering,Education,Languages, Literature & Linguistics,Sport Science,Chemistry,Biological Sciences,Geology, Environmental, Earth & Marine Sciences,Chemical Engineering,Economics & Econometrics",False,False,False,
175,University of Iowa,47.5,176,41.9,123,33.5,188,71.0,182,49.3,150,31.7,358,public,0,/world-university-rankings/university-iowa,606,United States,,,,,University of Iowa,"Chemistry,Psychology,Geography,Education,Civil Engineering,Computer Science,Business & Management,Mechanical & Aerospace Engineering,Politics & International Studies (incl Development Studies),Art, Performing Arts & Design,Mathematics & Statistics,Chemical Engineering,Sport Science,Other Health,Languages, Literature & Linguistics,Geology, Environmental, Earth & Marine Sciences,Biological Sciences,Accounting & Finance,History, Philosophy & Theology,Economics & Econometrics,Sociology,General Engineering,Medicine & Dentistry,Communication & Media Studies,Law,Electrical & Electronic Engineering,Physics & Astronomy",False,False,False,https://www.timeshighereducation.com/student/register-interest/shorelight?utm_medium=thewebsite&utm_campaign=cta-link&utm_source=rankings&iid=i-88616472
177,Syracuse University,47.3,177,32.4,224,24.4,286,87.1,66,40.6,218,41.2,297,private,0,/world-university-rankings/syracuse-university,1020,United States,,,,,Syracuse University,"Mechanical & Aerospace Engineering,Geography,Chemical Engineering,Physics & Astronomy,Civil Engineering,Mathematics & Statistics,Law,Languages, Literature & Linguistics,General Engineering,Politics & International Studies (incl Development Studies),Art, Performing Arts & Design,Computer Science,Communication & Media Studies,Economics & Econometrics,Agriculture & Forestry,Education,History, Philosophy & Theology,Biological Sciences,Chemistry,Psychology,Other Health,Geology, Environmental, Earth & Marine Sciences,Accounting & Finance,Architecture,Sport Science,Business & Management,Electrical & Electronic Engineering,Sociology",False,False,False,https://www.timeshighereducation.com/student/register-interest/shorelight?utm_medium=thewebsite&utm_campaign=cta-link&utm_source=rankings&iid=i-05986189
178,University of Aberdeen,47.1,179,28.0,295,30.2,219,74.3,149,42.1,204,84.1,42,master_account,0,/world-university-rankings/university-aberdeen,615,United Kingdom,,,,,University of Aberdeen,"Archaeology,Biological Sciences,Languages, Literature & Linguistics,Other Health,Physics & Astronomy,History, Philosophy & Theology,Chemical Engineering,Psychology,Business & Management,Law,Chemistry,Economics & Econometrics,Geology, Environmental, Earth & Marine Sciences,General Engineering,Politics & International Studies (incl Development Studies),Mechanical & Aerospace Engineering,Electrical & Electronic Engineering,Sociology,Medicine & Dentistry,Geography,Sport Science,Accounting & Finance,Mathematics & Statistics,Civil Engineering,Art, Performing Arts & Design,Education,Computer Science",False,False,False,https://www.timeshighereducation.com/student/register-interest/siuk?utm_medium=thewebsite&utm_campaign=cta-link&utm_source=rankings&iid=i-57429768
178,Joseph Fourier University,47.1,178,38.0,161,29.3,229,73.0,168,31.3,339,57.3,180,master_account,0,/world-university-rankings/universite-joseph-fourier-grenoble,869,France,,,,,Joseph Fourier University,,False,False,False,
180,University of Delaware,47.0,181,29.0,280,36.3,159,73.1,164,99.3,20,40.6,300,public,0,/world-university-rankings/university-delaware,644,United States,,,,,University of Delaware,"Communication & Media Studies,General Engineering,Sport Science,History, Philosophy & Theology,Accounting & Finance,Veterinary Science,Business & Management,Sociology,Other Health,Physics & Astronomy,Chemical Engineering,Art, Performing Arts & Design,Languages, Literature & Linguistics,Mechanical & Aerospace Engineering,Geography,Politics & International Studies (incl Development Studies),Psychology,Mathematics & Statistics,Agriculture & Forestry,Architecture,Chemistry,Civil Engineering,Economics & Econometrics,Biological Sciences,Education,Geology, Environmental, Earth & Marine Sciences,Computer Science,Electrical & Electronic Engineering",False,False,False,https://www.timeshighereducation.com/student/register-interest/shorelight?utm_medium=thewebsite&utm_campaign=cta-link&utm_source=rankings&iid=i-60250683
180,Paris Diderot University – Paris 7,47.0,180,25.6,326,19.7,338,92.2,38,29.1,369,67.4,117,master_account,0,/world-university-rankings/paris-diderot-university-paris-7,635,France,,,,,Paris Diderot University – Paris 7,,False,False,False,
182,University of Vienna,46.9,184,35.2,193,39.7,134,56.3,300,29.4,362,91.0,13,master_account,0,/world-university-rankings/university-vienna,603,Austria,,,,,University of Vienna,"Physics & Astronomy,Computer Science,Geography,Geology, Environmental, Earth & Marine Sciences,Chemistry,Economics & Econometrics,History, Philosophy & Theology,Politics & International Studies (incl Development Studies),Mathematics & Statistics,Business & Management,Biological Sciences,Psychology,Archaeology,Sociology,Education,Sport Science,Law,Languages, Literature & Linguistics,Communication & Media Studies,Accounting & Finance",False,False,False,
182,Arizona State University (Tempe),46.9,182,35.7,187,37.5,147,73.1,162,32.6,320,29.5,367,public,11,/world-university-rankings/arizona-state-university-tempe,591,United States,,,,,Arizona State University (Tempe),"General Engineering,Business & Management,Architecture,Psychology,Art, Performing Arts & Design,Other Health,Communication & Media Studies,Civil Engineering,Computer Science,Law,Chemical Engineering,Electrical & Electronic Engineering,Geology, Environmental, Earth & Marine Sciences,Physics & Astronomy,History, Philosophy & Theology,Chemistry,Mechanical & Aerospace Engineering,Politics & International Studies (incl Development Studies),Archaeology,Biological Sciences,Education,Languages, Literature & Linguistics,Sociology,Accounting & Finance,Sport Science,Geography,Economics & Econometrics,Mathematics & Statistics",False,False,False,
182,Sabancı University,46.9,183,26.0,320,27.1,263,88.5,57,42.9,195,44.6,274,master_account,0,/world-university-rankings/sabanci-university,1021,Turkey,,,,,Sabancı University,"Chemistry,Economics & Econometrics,Biological Sciences,History, Philosophy & Theology,Electrical & Electronic Engineering,Physics & Astronomy,Accounting & Finance,Mathematics & Statistics,Mechanical & Aerospace Engineering,Art, Performing Arts & Design,Sociology,Psychology,Business & Management,General Engineering,Computer Science,Politics & International Studies (incl Development Studies)",False,False,False,
185,"Northeastern University, US",46.8,185,36.4,181,21.9,319,81.3,97,34.0,299,54.7,202,private,0,/world-university-rankings/northeastern-university-us,681,United States,,,,,"Northeastern University, US","General Engineering,History, Philosophy & Theology,Education,Sport Science,Chemical Engineering,Chemistry,Business & Management,Biological Sciences,Computer Science,Mechanical & Aerospace Engineering,Medicine & Dentistry,Politics & International Studies (incl Development Studies),Art, Performing Arts & Design,Law,Economics & Econometrics,Sociology,Civil Engineering,Physics & Astronomy,Communication & Media Studies,Other Health,Mathematics & Statistics,Geography,Architecture,Psychology,Electrical & Electronic Engineering,Geology, Environmental, Earth & Marine Sciences,Languages, Literature & Linguistics,Accounting & Finance,Veterinary Science",False,False,False,https://www.timeshighereducation.com/student/register-interest/shorelight?utm_medium=thewebsite&utm_campaign=cta-link&utm_source=rankings&iid=i-63575831
186,Yeshiva University,46.7,187,45.2,97,23.9,292,77.8,123,-,401,27.6,374,private,0,/world-university-rankings/yeshiva-university,619,United States,,,,,Yeshiva University,"Accounting & Finance,Art, Performing Arts & Design,Biological Sciences,Business & Management,Chemistry,Computer Science,Economics & Econometrics,Education,History, Philosophy & Theology,Languages, Literature & Linguistics,Mathematics & Statistics,Other Health,Physics & Astronomy,Politics & International Studies (incl Development Studies),Psychology,Sociology",False,False,False,https://www.timeshighereducation.com/student/register-interest/shorelight?utm_medium=thewebsite&utm_campaign=cta-link&utm_source=rankings&iid=i-22876811
186,University of Oslo,46.7,186,36.1,184,35.2,171,66.3,220,36.6,263,60.3,160,master_account,0,/world-university-rankings/university-oslo,647,Norway,,,,,University of Oslo,"Geology, Environmental, Earth & Marine Sciences,Sociology,Communication & Media Studies,Politics & International Studies (incl Development Studies),Archaeology,Art, Performing Arts & Design,History, Philosophy & Theology,Geography,Education,Psychology,Physics & Astronomy,Agriculture & Forestry,Computer Science,Other Health,Languages, Literature & Linguistics,Mathematics & Statistics,Law,Medicine & Dentistry,Chemistry,Economics & Econometrics,Biological Sciences",False,False,False,
188,University of Ottawa,46.6,190,37.9,165,34.7,177,62.9,241,45.9,172,63.2,139,master_account,0,/world-university-rankings/university-ottawa,649,Canada,,,,,University of Ottawa,"Medicine & Dentistry,Mathematics & Statistics,Politics & International Studies (incl Development Studies),Geology, Environmental, Earth & Marine Sciences,Chemistry,Communication & Media Studies,Mechanical & Aerospace Engineering,Languages, Literature & Linguistics,Education,Sport Science,Business & Management,Computer Science,General Engineering,Electrical & Electronic Engineering,Sociology,Accounting & Finance,Civil Engineering,Chemical Engineering,Art, Performing Arts & Design,Psychology,Geography,Biological Sciences,Physics & Astronomy,Law,Other Health,History, Philosophy & Theology,Economics & Econometrics",False,False,False,https://www.timeshighereducation.com/student/register-interest/applyboard?utm_medium=thewebsite&utm_campaign=cta-link&utm_source=rankings&iid=i-65998905
188,Tel Aviv University,46.6,189,43.5,111,51.1,81,45.5,367,42.6,200,46.1,267,master_account,0,/world-university-rankings/tel-aviv-university,630,Israel,,,,,Tel Aviv University,"Electrical & Electronic Engineering,Sociology,Art, Performing Arts & Design,Computer Science,Politics & International Studies (incl Development Studies),Economics & Econometrics,Languages, Literature & Linguistics,Mathematics & Statistics,Education,Architecture,Geology, Environmental, Earth & Marine Sciences,Other Health,Agriculture & Forestry,History, Philosophy & Theology,Mechanical & Aerospace Engineering,Geography,Archaeology,Physics & Astronomy,Accounting & Finance,Law,General Engineering,Psychology,Biological Sciences,Chemistry,Business & Management,Medicine & Dentistry,Communication & Media Studies,Sport Science",False,False,False,
188,Stony Brook University,46.6,188,32.8,215,24.4,285,80.4,104,31.3,340,60.5,157,public,0,/world-university-rankings/stony-brook-university,578,United States,,,,,Stony Brook University,"Mechanical & Aerospace Engineering,Sociology,Other Health,Chemistry,Accounting & Finance,Archaeology,Biological Sciences,Psychology,Art, Performing Arts & Design,Civil Engineering,Geography,General Engineering,Communication & Media Studies,Education,Electrical & Electronic Engineering,Chemical Engineering,Languages, Literature & Linguistics,Business & Management,Computer Science,Geology, Environmental, Earth & Marine Sciences,Politics & International Studies (incl Development Studies),History, Philosophy & Theology,Mathematics & Statistics,Medicine & Dentistry,Physics & Astronomy,Economics & Econometrics",False,False,False,https://www.timeshighereducation.com/student/register-interest/shorelight?utm_medium=thewebsite&utm_campaign=cta-link&utm_source=rankings&iid=i-10396992
191,University at Buffalo,46.5,191,40.1,138,39.8,132,57.5,288,39.6,232,57.0,182,public,0,/world-university-rankings/university-buffalo,670,United States,,,,,University at Buffalo,"Archaeology,Chemical Engineering,Politics & International Studies (incl Development Studies),Biological Sciences,Communication & Media Studies,Art, Performing Arts & Design,Computer Science,Medicine & Dentistry,Civil Engineering,Law,Languages, Literature & Linguistics,Business & Management,Economics & Econometrics,Mechanical & Aerospace Engineering,Chemistry,Sociology,Sport Science,Accounting & Finance,History, Philosophy & Theology,Education,Physics & Astronomy,Geology, Environmental, Earth & Marine Sciences,General Engineering,Mathematics & Statistics,Other Health,Geography,Psychology,Architecture,Agriculture & Forestry,Electrical & Electronic Engineering",False,False,False,https://www.timeshighereducation.com/student/register-interest/shorelight?utm_medium=thewebsite&utm_campaign=cta-link&utm_source=rankings&iid=i-57536803
192,City University of Hong Kong,46.3,192,31.0,247,32.9,196,68.6,200,49.8,142,71.3,96,master_account,11,/world-university-rankings/city-university-hong-kong,657,Hong Kong,,,,,City University of Hong Kong CityU HK,"History, Philosophy & Theology,Other Health,Geology, Environmental, Earth & Marine Sciences,Civil Engineering,Veterinary Science,Physics & Astronomy,Psychology,Art, Performing Arts & Design,Chemistry,General Engineering,Sociology,Mathematics & Statistics,Biological Sciences,Medicine & Dentistry,Business & Management,Computer Science,Mechanical & Aerospace Engineering,Accounting & Finance,Economics & Econometrics,Law,Communication & Media Studies,Politics & International Studies (incl Development Studies),Languages, Literature & Linguistics,Architecture,Electrical & Electronic Engineering,Chemical Engineering",False,False,False,
193,Fudan University,46.2,193,45.6,93,34.0,181,61.0,261,49.4,148,37.4,315,master_account,0,/world-university-rankings/fudan-university,700,China,,,,,Fudan University,"Mechanical & Aerospace Engineering,Medicine & Dentistry,Chemistry,Archaeology,Computer Science,Communication & Media Studies,History, Philosophy & Theology,Geology, Environmental, Earth & Marine Sciences,Economics & Econometrics,Languages, Literature & Linguistics,Biological Sciences,Education,Physics & Astronomy,Business & Management,General Engineering,Politics & International Studies (incl Development Studies),Electrical & Electronic Engineering,Sociology,Mathematics & Statistics,Psychology,Other Health,Chemical Engineering,Law,Accounting & Finance",False,False,False,
193,Iowa State University,46.2,194,36.4,180,30.9,212,72.0,174,54.4,122,40.6,299,public,0,/world-university-rankings/iowa-state-university,648,United States,,,,,Iowa State University,"History, Philosophy & Theology,Communication & Media Studies,Geology, Environmental, Earth & Marine Sciences,Education,Languages, Literature & Linguistics,Chemical Engineering,Veterinary Science,Mathematics & Statistics,Sociology,Computer Science,Agriculture & Forestry,Electrical & Electronic Engineering,Other Health,Sport Science,Psychology,Civil Engineering,Art, Performing Arts & Design,Geography,General Engineering,Architecture,Business & Management,Economics & Econometrics,Physics & Astronomy,Chemistry,Accounting & Finance,Politics & International Studies (incl Development Studies),Mechanical & Aerospace Engineering,Biological Sciences",False,False,False,https://www.timeshighereducation.com/student/register-interest/shorelight?utm_medium=thewebsite&utm_campaign=cta-link&utm_source=rankings&iid=i-66451983
195,University of Bonn,46.1,195,32.2,228,22.2,315,83.8,79,-,390,54.8,200,master_account,0,/world-university-rankings/university-bonn,868,Germany,,,,,University of Bonn,"Physics & Astronomy,Politics & International Studies (incl Development Studies),Medicine & Dentistry,Communication & Media Studies,Languages, Literature & Linguistics,Computer Science,Chemistry,Agriculture & Forestry,Archaeology,Biological Sciences,History, Philosophy & Theology,Business & Management,Geology, Environmental, Earth & Marine Sciences,Economics & Econometrics,Law,Geography,Sociology,Mathematics & Statistics,Other Health,Psychology",False,False,False,
196,Lomonosov Moscow State University,46.0,196,55.9,50,42.1,119,33.8,394,78.5,57,60.4,159,master_account,0,/world-university-rankings/lomonosov-moscow-state-university,753,Russian Federation,,,,,Lomonosov Moscow State University,"Education,History, Philosophy & Theology,Sport Science,Communication & Media Studies,Computer Science,Economics & Econometrics,Mathematics & Statistics,Languages, Literature & Linguistics,Politics & International Studies (incl Development Studies),Mechanical & Aerospace Engineering,Art, Performing Arts & Design,Chemical Engineering,Business & Management,Chemistry,Other Health,Agriculture & Forestry,Sociology,Geography,Medicine & Dentistry,Biological Sciences,Law,Archaeology,Accounting & Finance,Electrical & Electronic Engineering,Physics & Astronomy,Geology, Environmental, Earth & Marine Sciences,Psychology",False,False,True,
196,"St George’s, University of London",46.0,197,23.1,351,27.3,260,86.4,69,32.4,324,55.8,192,master_account,0,/world-university-rankings/st-georges-university-london,872,United Kingdom,,,,,"St George’s, University of London","Other Health,Medicine & Dentistry",False,False,False,https://www.timeshighereducation.com/student/register-interest/siuk?utm_medium=thewebsite&utm_campaign=cta-link&utm_source=rankings&iid=i-09230679
198,University of East Anglia,45.9,198,25.2,333,22.6,305,83.7,80,29.2,366,76.5,78,master_account,11,/world-university-rankings/university-east-anglia,609,United Kingdom,,,,,University of East Anglia,"Communication & Media Studies,Other Health,Art, Performing Arts & Design,Mathematics & Statistics,Psychology,Economics & Econometrics,Medicine & Dentistry,Geology, Environmental, Earth & Marine Sciences,Computer Science,Politics & International Studies (incl Development Studies),General Engineering,Sociology,Languages, Literature & Linguistics,Chemistry,Business & Management,Biological Sciences,Law,History, Philosophy & Theology,Physics & Astronomy,Accounting & Finance,Agriculture & Forestry,Geography,Sport Science,Education",False,False,False,
199,University of Leicester,45.7,199,29.8,268,31.6,208,67.1,215,34.8,287,83.9,45,master_account,0,/world-university-rankings/university-leicester,662,United Kingdom,,,,,University of Leicester uk united kingdom leicester,"Civil Engineering,Sociology,Mechanical & Aerospace Engineering,Economics & Econometrics,Art, Performing Arts & Design,Languages, Literature & Linguistics,Electrical & Electronic Engineering,Medicine & Dentistry,Business & Management,History, Philosophy & Theology,Mathematics & Statistics,Psychology,General Engineering,Chemistry,Agriculture & Forestry,Education,Communication & Media Studies,Chemical Engineering,Politics & International Studies (incl Development Studies),Biological Sciences,Law,Archaeology,Veterinary Science,Geology, Environmental, Earth & Marine Sciences,Accounting & Finance,Computer Science,Geography,Sport Science,Other Health,Physics & Astronomy",False,False,False,https://www.timeshighereducation.com/student/register-interest/siuk?utm_medium=thewebsite&utm_campaign=cta-link&utm_source=rankings&iid=i-37055783
200,George Washington University,45.6,201,44.6,101,25.1,274,70.0,192,29.3,364,39.9,305,private,0,/world-university-rankings/george-washington-university,600,United States,,,,,George Washington University,"Electrical & Electronic Engineering,Art, Performing Arts & Design,Physics & Astronomy,Archaeology,Sport Science,Economics & Econometrics,Mathematics & Statistics,Biological Sciences,Geology, Environmental, Earth & Marine Sciences,Civil Engineering,Mechanical & Aerospace Engineering,Sociology,History, Philosophy & Theology,Computer Science,Geography,Law,Accounting & Finance,Architecture,Communication & Media Studies,Languages, Literature & Linguistics,Medicine & Dentistry,General Engineering,Education,Politics & International Studies (incl Development Studies),Chemistry,Psychology,Business & Management,Other Health",False,False,False,https://www.timeshighereducation.com/student/register-interest/shorelight?utm_medium=thewebsite&utm_campaign=cta-link&utm_source=rankings&iid=i-83678132
200,Florida Institute of Technology,45.6,200,19.7,379,13.1,388,99.2,8,53.7,124,63.0,143,private,0,/world-university-rankings/florida-institute-technology,873,United States,,,,,Florida Institute of Technology,"Geology, Environmental, Earth & Marine Sciences,Mechanical & Aerospace Engineering,Electrical & Electronic Engineering,Mathematics & Statistics,Languages, Literature & Linguistics,Civil Engineering,Psychology,Chemical Engineering,Business & Management,Accounting & Finance,Chemistry,Computer Science,Education,Biological Sciences,Physics & Astronomy,Communication & Media Studies,General Engineering,History, Philosophy & Theology",False,False,False,https://www.timeshighereducation.com/student/register-interest/shorelight?utm_medium=thewebsite&utm_campaign=cta-link&utm_source=rankings&iid=i-81668434
201-225,University of São Paulo,-,358,51.6,68,51.6,78,32.3,396,40.1,225,25.3,385,master_account,0,/world-university-rankings/university-sao-paulo,642,Brazil,,,,,University of São Paulo,"Politics & International Studies (incl Development Studies),General Engineering,Art, Performing Arts & Design,Biological Sciences,Chemistry,Geography,Architecture,Law,Medicine & Dentistry,Communication & Media Studies,Civil Engineering,Mechanical & Aerospace Engineering,Accounting & Finance,Languages, Literature & Linguistics,Chemical Engineering,Economics & Econometrics,Education,Sociology,Computer Science,Archaeology,Other Health,Psychology,Electrical & Electronic Engineering,Business & Management,Mathematics & Statistics,Geology, Environmental, Earth & Marine Sciences,History, Philosophy & Theology,Agriculture & Forestry,Veterinary Science,Physics & Astronomy,Sport Science",False,False,False,
201-225,University of Strasbourg,-,366,28.6,286,23.4,296,74.0,156,32.0,330,69.5,107,master_account,0,/world-university-rankings/university-strasbourg,684,France,,,,,University of Strasbourg,"Education,Biological Sciences,Business & Management,Psychology,Sport Science,Computer Science,Other Health,Politics & International Studies (incl Development Studies),Civil Engineering,Mechanical & Aerospace Engineering,Accounting & Finance,Chemistry,Geology, Environmental, Earth & Marine Sciences,Sociology,Languages, Literature & Linguistics,Art, Performing Arts & Design,Electrical & Electronic Engineering,Geography,History, Philosophy & Theology,Archaeology,Physics & Astronomy,General Engineering,Mathematics & Statistics,Medicine & Dentistry,Law,Chemical Engineering,Economics & Econometrics,Communication & Media Studies",False,False,False,
201-225,University of Barcelona,-,300,28.4,290,28.8,237,79.7,109,31.0,348,47.8,257,master_account,11,/world-university-rankings/university-barcelona,667,Spain,,,,,University of Barcelona,"Chemistry,History, Philosophy & Theology,Accounting & Finance,Art, Performing Arts & Design,General Engineering,Sociology,Biological Sciences,Sport Science,Other Health,Mathematics & Statistics,Economics & Econometrics,Medicine & Dentistry,Business & Management,Law,Electrical & Electronic Engineering,Computer Science,Education,Communication & Media Studies,Chemical Engineering,Physics & Astronomy,Politics & International Studies (incl Development Studies),Geology, Environmental, Earth & Marine Sciences,Languages, Literature & Linguistics,Geography,Agriculture & Forestry,Archaeology,Psychology",False,False,False,
201-225,Goethe University Frankfurt,-,229,28.1,293,22.4,309,78.8,113,38.8,245,55.6,195,master_account,0,/world-university-rankings/goethe-university-frankfurt,645,Germany,,,,,Goethe University Frankfurt,"History, Philosophy & Theology,Physics & Astronomy,Accounting & Finance,Languages, Literature & Linguistics,Geology, Environmental, Earth & Marine Sciences,Economics & Econometrics,Computer Science,Psychology,Sport Science,Law,Art, Performing Arts & Design,Mathematics & Statistics,Business & Management,Politics & International Studies (incl Development Studies),Archaeology,Chemistry,Agriculture & Forestry,Biological Sciences,Education,Medicine & Dentistry,Sociology,Other Health,Geography",False,False,False,
201-225,Technion Israel Institute of Technology,-,288,36.9,173,37.5,148,52.0,326,36.5,264,60.6,156,master_account,0,/world-university-rankings/technion-israel-institute-technology,685,Israel,,,,,Technion Israel Institute of Technology,"Physics & Astronomy,Biological Sciences,Other Health,Chemical Engineering,Electrical & Electronic Engineering,Chemistry,Education,Architecture,Mechanical & Aerospace Engineering,Computer Science,Geology, Environmental, Earth & Marine Sciences,Business & Management,General Engineering,Civil Engineering,Sociology,Mathematics & Statistics",False,False,False,
201-225,University of Twente,-,378,32.3,227,45.3,107,49.4,348,89.2,33,67.2,118,master_account,0,/world-university-rankings/university-twente,664,Netherlands,,,,,University of Twente,"General Engineering,Geology, Environmental, Earth & Marine Sciences,Economics & Econometrics,Computer Science,Mathematics & Statistics,Business & Management,History, Philosophy & Theology,Agriculture & Forestry,Politics & International Studies (incl Development Studies),Electrical & Electronic Engineering,Chemistry,Civil Engineering,Geography,Other Health,Communication & Media Studies,Medicine & Dentistry,Physics & Astronomy,Education,Chemical Engineering,Law,Biological Sciences,Psychology,Mechanical & Aerospace Engineering,Sociology",False,False,False,
201-225,Hebrew University of Jerusalem,-,231,41.5,126,36.3,158,57.2,294,31.5,337,53.3,216,master_account,0,/world-university-rankings/hebrew-university-jerusalem,585,Israel,,,,,Hebrew University of Jerusalem,"Veterinary Science,Other Health,Medicine & Dentistry,Agriculture & Forestry,Languages, Literature & Linguistics,Electrical & Electronic Engineering,Politics & International Studies (incl Development Studies),Communication & Media Studies,History, Philosophy & Theology,Economics & Econometrics,Computer Science,Physics & Astronomy,Geography,Psychology,Law,Education,Mathematics & Statistics,Chemistry,Business & Management,Biological Sciences,Art, Performing Arts & Design,Geology, Environmental, Earth & Marine Sciences,Archaeology,Sociology,Accounting & Finance",False,False,False,
201-225,Wake Forest University,-,390,33.3,213,23.5,293,81.3,99,38.2,253,26.0,384,private,0,/world-university-rankings/wake-forest-university,627,United States,,,,,Wake Forest University,"Mechanical & Aerospace Engineering,Law,Agriculture & Forestry,Education,Languages, Literature & Linguistics,Other Health,Sociology,Biological Sciences,Psychology,Art, Performing Arts & Design,Sport Science,Business & Management,Medicine & Dentistry,Geology, Environmental, Earth & Marine Sciences,General Engineering,Communication & Media Studies,History, Philosophy & Theology,Mathematics & Statistics,Economics & Econometrics,Computer Science,Chemistry,Physics & Astronomy,Accounting & Finance",False,False,False,https://www.timeshighereducation.com/student/register-interest/shorelight?utm_medium=thewebsite&utm_campaign=cta-link&utm_source=rankings&iid=i-03430941
201-225,Ulm University,-,295,35.0,196,22.0,317,73.0,169,56.7,111,54.1,209,master_account,0,/world-university-rankings/ulm-university,687,Germany,,,,,Ulm University,"Biological Sciences,Education,Chemical Engineering,Chemistry,Other Health,Physics & Astronomy,Sport Science,Medicine & Dentistry,Electrical & Electronic Engineering,Computer Science,Mathematics & Statistics,Psychology",False,False,False,
201-225,Korea University,-,243,48.9,78,44.3,115,39.9,389,98.5,23,35.9,333,master_account,11,/world-university-rankings/korea-university,702,South Korea,,,,,Korea University,"Chemical Engineering,Chemistry,Psychology,Biological Sciences,History, Philosophy & Theology,Architecture,Geography,Medicine & Dentistry,Archaeology,Geology, Environmental, Earth & Marine Sciences,Physics & Astronomy,Mathematics & Statistics,General Engineering,Accounting & Finance,Civil Engineering,Communication & Media Studies,Law,Art, Performing Arts & Design,Economics & Econometrics,Sociology,Business & Management,Mechanical & Aerospace Engineering,Education,Sport Science,Computer Science,Politics & International Studies (incl Development Studies),Electrical & Electronic Engineering,Languages, Literature & Linguistics,Agriculture & Forestry,Other Health",False,False,False,
201-225,University of Reading,-,355,32.8,216,34.0,182,58.1,282,34.9,283,75.0,82,master_account,0,/world-university-rankings/university-reading,628,United Kingdom,,,,,University of Reading,"Veterinary Science,Communication & Media Studies,Accounting & Finance,Languages, Literature & Linguistics,Politics & International Studies (incl Development Studies),Chemistry,Mathematics & Statistics,Physics & Astronomy,Archaeology,Business & Management,Education,Chemical Engineering,Economics & Econometrics,Law,Architecture,Psychology,Other Health,Biological Sciences,History, Philosophy & Theology,Civil Engineering,Computer Science,Art, Performing Arts & Design,Geology, Environmental, Earth & Marine Sciences,Agriculture & Forestry,General Engineering,Geography",False,False,False,https://www.timeshighereducation.com/student/register-interest/siuk?utm_medium=thewebsite&utm_campaign=cta-link&utm_source=rankings&iid=i-33306644
201-225,Université Libre de Bruxelles,-,297,26.7,313,36.2,161,64.4,232,50.7,137,79.4,67,master_account,0,/world-university-rankings/universite-libre-de-bruxelles,669,Belgium,,,,,Université Libre de Bruxelles,"Architecture,Psychology,Art, Performing Arts & Design,Computer Science,Geography,Veterinary Science,Civil Engineering,Sociology,Mathematics & Statistics,Chemistry,Accounting & Finance,General Engineering,Other Health,Geology, Environmental, Earth & Marine Sciences,Agriculture & Forestry,Sport Science,Business & Management,Languages, Literature & Linguistics,Physics & Astronomy,Education,Electrical & Electronic Engineering,Chemical Engineering,Politics & International Studies (incl Development Studies),History, Philosophy & Theology,Economics & Econometrics,Law,Archaeology,Mechanical & Aerospace Engineering,Medicine & Dentistry,Communication & Media Studies,Biological Sciences",False,False,False,
201-225,Cardiff University,-,214,30.5,257,30.4,216,69.3,194,34.8,285,69.3,109,master_account,11,/world-university-rankings/cardiff-university,671,United Kingdom,,,,,Cardiff University,"Education,Accounting & Finance,Chemical Engineering,Chemistry,Psychology,Geography,Biological Sciences,Law,Other Health,Mathematics & Statistics,General Engineering,Medicine & Dentistry,Communication & Media Studies,Economics & Econometrics,Languages, Literature & Linguistics,Electrical & Electronic Engineering,History, Philosophy & Theology,Mechanical & Aerospace Engineering,Business & Management,Computer Science,Politics & International Studies (incl Development Studies),Geology, Environmental, Earth & Marine Sciences,Architecture,Civil Engineering,Sociology,Art, Performing Arts & Design,Physics & Astronomy,Archaeology",False,False,False,https://www.timeshighereducation.com/student/register-interest/siuk?utm_medium=thewebsite&utm_campaign=cta-link&utm_source=rankings&iid=i-50330553
201-225,Bilkent University,-,211,28.0,294,27.7,250,76.0,134,46.4,165,44.6,273,master_account,0,/world-university-rankings/bilkent-university,668,Turkey,,,,,Bilkent University,"Electrical & Electronic Engineering,Chemistry,Architecture,Communication & Media Studies,Economics & Econometrics,Languages, Literature & Linguistics,Physics & Astronomy,Art, Performing Arts & Design,Mathematics & Statistics,Business & Management,History, Philosophy & Theology,Psychology,Biological Sciences,Education,Archaeology,Politics & International Studies (incl Development Studies),Mechanical & Aerospace Engineering,Accounting & Finance,Computer Science,Law,Other Health",False,False,False,
201-225,University of Illinois Chicago,-,327,43.0,115,34.1,179,55.1,309,40.7,216,53.4,215,public,0,/world-university-rankings/university-illinois-chicago,631,United States,,,,,University of Illinois Chicago,"Medicine & Dentistry,Mathematics & Statistics,Psychology,Art, Performing Arts & Design,Mechanical & Aerospace Engineering,Sociology,Architecture,Biological Sciences,Law,Other Health,Physics & Astronomy,Accounting & Finance,Computer Science,Chemistry,Business & Management,Archaeology,Sport Science,Education,General Engineering,Geology, Environmental, Earth & Marine Sciences,Economics & Econometrics,Languages, Literature & Linguistics,Civil Engineering,Politics & International Studies (incl Development Studies),Electrical & Electronic Engineering,Communication & Media Studies,History, Philosophy & Theology,Chemical Engineering,Geography",False,False,False,https://www.timeshighereducation.com/student/register-interest/shorelight?utm_medium=thewebsite&utm_campaign=cta-link&utm_source=rankings&iid=i-05828861
201-225,University of Texas at Dallas,-,370,26.0,321,28.2,244,77.8,122,41.6,212,55.4,198,public,0,/world-university-rankings/university-texas-dallas,733,United States,,,,,University of Texas at Dallas utd,"General Engineering,Sociology,Computer Science,Biological Sciences,Politics & International Studies (incl Development Studies),Other Health,Psychology,Geography,Chemistry,Education,Accounting & Finance,Art, Performing Arts & Design,Electrical & Electronic Engineering,Mechanical & Aerospace Engineering,History, Philosophy & Theology,Geology, Environmental, Earth & Marine Sciences,Economics & Econometrics,Mathematics & Statistics,Languages, Literature & Linguistics,Physics & Astronomy,Business & Management",False,False,False,
201-225,University of Trieste,-,374,28.7,282,16.0,376,88.1,61,33.3,311,50.7,230,master_account,0,/world-university-rankings/university-trieste,713,Italy,,,,,University of Trieste,"Computer Science,Psychology,Biological Sciences,Accounting & Finance,Medicine & Dentistry,Communication & Media Studies,Geology, Environmental, Earth & Marine Sciences,Physics & Astronomy,General Engineering,Politics & International Studies (incl Development Studies),Chemistry,Business & Management,Civil Engineering,Archaeology,Economics & Econometrics,Geography,Other Health,Mechanical & Aerospace Engineering,Architecture,Languages, Literature & Linguistics,Mathematics & Statistics,Sociology,Chemical Engineering,Electrical & Electronic Engineering,History, Philosophy & Theology,Law,Education",False,False,False,
201-225,The Hong Kong Polytechnic University,-,234,33.7,209,36.5,156,56.5,298,42.6,199,69.9,105,master_account,11,/world-university-rankings/hong-kong-polytechnic-university,723,Hong Kong,,,,,The Hong Kong Polytechnic University PolyU Poly U HK PolyU,"Chemical Engineering,Psychology,Sociology,Other Health,Art, Performing Arts & Design,Mathematics & Statistics,Mechanical & Aerospace Engineering,Computer Science,Geology, Environmental, Earth & Marine Sciences,Electrical & Electronic Engineering,Business & Management,Chemistry,General Engineering,Physics & Astronomy,Languages, Literature & Linguistics,Civil Engineering,Economics & Econometrics,History, Philosophy & Theology,Accounting & Finance,Communication & Media Studies,Biological Sciences",False,False,False,
201-225,Newcastle University,-,262,30.3,261,29.6,225,70.3,188,35.0,280,73.8,86,master_account,11,/world-university-rankings/newcastle-university,610,United Kingdom,,,,,Newcastle University,"Chemistry,General Engineering,History, Philosophy & Theology,Chemical Engineering,Politics & International Studies (incl Development Studies),Archaeology,Agriculture & Forestry,Sociology,Computer Science,Mathematics & Statistics,Business & Management,Art, Performing Arts & Design,Mechanical & Aerospace Engineering,Geology, Environmental, Earth & Marine Sciences,Architecture,Biological Sciences,Geography,Medicine & Dentistry,Veterinary Science,Law,Electrical & Electronic Engineering,Physics & Astronomy,Psychology,Languages, Literature & Linguistics,Civil Engineering,Communication & Media Studies,Accounting & Finance,Other Health,Sport Science,Education,Economics & Econometrics",False,False,False,https://www.timeshighereducation.com/student/register-interest/siuk?utm_medium=thewebsite&utm_campaign=cta-link&utm_source=rankings&iid=i-02421202
201-225,Yonsei University,-,399,44.5,102,45.8,104,44.3,373,69.7,77,35.7,336,master_account,0,/world-university-rankings/yonsei-university,714,South Korea,,,,,Yonsei University,"Architecture,Biological Sciences,Business & Management,Chemical Engineering,Chemistry,Civil Engineering,Computer Science,Economics & Econometrics,Education,Electrical & Electronic Engineering,General Engineering,History, Philosophy & Theology,Languages, Literature & Linguistics,Law,Mathematics & Statistics,Mechanical & Aerospace Engineering,Medicine & Dentistry,Other Health,Physics & Astronomy,Sociology",False,False,False,
201-225,William & Mary,-,396,36.8,177,19.9,337,78.7,117,30.0,359,26.5,380,public,0,/world-university-rankings/william-mary,611,United States,,,,,William & Mary,"Sport Science,Politics & International Studies (incl Development Studies),Computer Science,Geography,Economics & Econometrics,Psychology,Chemistry,Business & Management,Languages, Literature & Linguistics,Education,Mathematics & Statistics,History, Philosophy & Theology,Art, Performing Arts & Design,Physics & Astronomy,Biological Sciences,Sociology,Geology, Environmental, Earth & Marine Sciences,Law,Accounting & Finance",False,False,False,https://www.timeshighereducation.com/student/register-interest/shorelight?utm_medium=thewebsite&utm_campaign=cta-link&utm_source=rankings&iid=i-84416933
201-225,University of Bergen,-,303,29.5,270,27.9,248,68.5,201,34.2,296,65.3,127,master_account,0,/world-university-rankings/university-bergen,655,Norway,,,,,University of Bergen,"Chemistry,Other Health,Sociology,Biological Sciences,Education,Mathematics & Statistics,Psychology,History, Philosophy & Theology,Communication & Media Studies,Art, Performing Arts & Design,Geology, Environmental, Earth & Marine Sciences,Geography,Archaeology,Politics & International Studies (incl Development Studies),Computer Science,Law,Medicine & Dentistry,Economics & Econometrics,Languages, Literature & Linguistics,Physics & Astronomy",False,False,False,
201-225,University of Innsbruck,-,328,23.9,345,17.1,365,77.0,126,42.0,206,93.4,7,master_account,0,/world-university-rankings/university-innsbruck,677,Austria,,,,,University of Innsbruck,"Accounting & Finance,Civil Engineering,Law,Electrical & Electronic Engineering,Other Health,Business & Management,Chemistry,History, Philosophy & Theology,Psychology,Physics & Astronomy,Chemical Engineering,Geology, Environmental, Earth & Marine Sciences,Archaeology,Education,Politics & International Studies (incl Development Studies),Architecture,Biological Sciences,Economics & Econometrics,Sociology,Languages, Literature & Linguistics,Sport Science,Mathematics & Statistics,Communication & Media Studies,General Engineering,Computer Science,Geography",False,False,False,
201-225,University of Science and Technology of China,-,359,36.9,176,27.3,261,73.6,160,71.6,74,26.3,381,master_account,11,/world-university-rankings/university-science-and-technology-china,656,China,,,,,University of Science and Technology of China USTC China University of Science and Technology,"Computer Science,Biological Sciences,Geology, Environmental, Earth & Marine Sciences,Languages, Literature & Linguistics,Chemistry,Other Health,Physics & Astronomy,Chemical Engineering,Business & Management,History, Philosophy & Theology,Accounting & Finance,Economics & Econometrics,Mathematics & Statistics,Law,Communication & Media Studies,Electrical & Electronic Engineering,General Engineering,Archaeology",False,False,False,
201-225,University of Dundee,-,313,24.4,339,22.5,308,84.4,77,47.7,157,64.5,131,master_account,0,/world-university-rankings/university-dundee,640,United Kingdom,,,,,University of Dundee,"Geography,Law,Communication & Media Studies,Economics & Econometrics,Architecture,Mathematics & Statistics,Computer Science,Art, Performing Arts & Design,Physics & Astronomy,History, Philosophy & Theology,Electrical & Electronic Engineering,Other Health,Business & Management,Civil Engineering,Education,Mechanical & Aerospace Engineering,Politics & International Studies (incl Development Studies),Medicine & Dentistry,Psychology,Geology, Environmental, Earth & Marine Sciences,Languages, Literature & Linguistics,Biological Sciences,Accounting & Finance",False,False,False,
226-250,University of Konstanz,-,332,30.5,259,33.4,191,59.4,275,52.5,129,57.0,183,master_account,0,/world-university-rankings/university-konstanz,658,Germany,,,,,University of Konstanz,"Languages, Literature & Linguistics,Sociology,Sport Science,Accounting & Finance,Biological Sciences,Psychology,Communication & Media Studies,Physics & Astronomy,Economics & Econometrics,History, Philosophy & Theology,Law,Computer Science,Education,Art, Performing Arts & Design,Politics & International Studies (incl Development Studies),Chemistry,Mathematics & Statistics,Business & Management",False,False,False,
226-250,Universitat Autònoma de Barcelona (UAB),-,206,30.4,260,29.2,231,67.0,216,34.6,288,46.4,264,master_account,1,/world-university-rankings/universitat-autonoma-de-barcelona-uab,666,Spain,,,,,Universitat Autònoma de Barcelona (UAB) uab,"Economics & Econometrics,Languages, Literature & Linguistics,Electrical & Electronic Engineering,Geology, Environmental, Earth & Marine Sciences,Computer Science,Business & Management,Mathematics & Statistics,Veterinary Science,Politics & International Studies (incl Development Studies),Sociology,Mechanical & Aerospace Engineering,History, Philosophy & Theology,Geography,Accounting & Finance,Sport Science,Other Health,Art, Performing Arts & Design,Physics & Astronomy,Chemical Engineering,Psychology,General Engineering,Medicine & Dentistry,Chemistry,Communication & Media Studies,Archaeology,Law,Agriculture & Forestry,Education,Biological Sciences",False,False,False,
226-250,University of Technology Sydney,-,369,27.8,298,32.5,201,58.7,277,40.1,226,86.9,29,master_account,0,/world-university-rankings/university-technology-sydney,906,Australia,,,,,University of Technology Sydney UTS,"Business & Management,Psychology,Mathematics & Statistics,Communication & Media Studies,Geography,Electrical & Electronic Engineering,Education,General Engineering,Other Health,Biological Sciences,Computer Science,Sociology,Geology, Environmental, Earth & Marine Sciences,Architecture,Medicine & Dentistry,Law,Sport Science,Art, Performing Arts & Design,Civil Engineering,Accounting & Finance,Politics & International Studies (incl Development Studies),Chemical Engineering,Languages, Literature & Linguistics,Mechanical & Aerospace Engineering,Economics & Econometrics,Physics & Astronomy,History, Philosophy & Theology,Chemistry,Agriculture & Forestry",False,False,False,
226-250,Technical University of Berlin,-,287,42.2,120,32.3,205,47.0,360,63.4,92,70.4,102,master_account,0,/world-university-rankings/technical-university-berlin,1022,Germany,,,,,Technical University of Berlin,"General Engineering,Mathematics & Statistics,Electrical & Electronic Engineering,Computer Science,Education,Accounting & Finance,History, Philosophy & Theology,Mechanical & Aerospace Engineering,Sociology,Languages, Literature & Linguistics,Civil Engineering,Chemistry,Architecture,Chemical Engineering,Physics & Astronomy",False,False,False,
226-250,University of Milan-Bicocca,-,338,27.1,306,23.0,301,76.6,131,45.0,174,40.6,301,master_account,0,/world-university-rankings/university-milan-bicocca,705,Italy,,,,,University of Milan-Bicocca,"Computer Science,Psychology,Accounting & Finance,Physics & Astronomy,Economics & Econometrics,History, Philosophy & Theology,Biological Sciences,Languages, Literature & Linguistics,Politics & International Studies (incl Development Studies),Chemistry,Business & Management,Education,Other Health,Sociology,Geology, Environmental, Earth & Marine Sciences,Communication & Media Studies,Mathematics & Statistics,Law,Medicine & Dentistry",False,False,False,
226-250,University of Kiel,-,331,31.1,246,24.3,289,70.8,186,42.0,207,44.2,277,master_account,0,/world-university-rankings/university-kiel,724,Germany,,,,,University of Kiel,"Art, Performing Arts & Design,Civil Engineering,Sociology,Other Health,Biological Sciences,Education,Electrical & Electronic Engineering,Mathematics & Statistics,Business & Management,History, Philosophy & Theology,Mechanical & Aerospace Engineering,Communication & Media Studies,Medicine & Dentistry,Physics & Astronomy,Psychology,Archaeology,Sport Science,Law,Agriculture & Forestry,Politics & International Studies (incl Development Studies),Chemical Engineering,Geography,General Engineering,Chemistry,Accounting & Finance,Languages, Literature & Linguistics,Computer Science,Geology, Environmental, Earth & Marine Sciences,Economics & Econometrics",False,False,False,
226-250,University College Dublin,-,299,31.7,237,28.1,246,61.7,256,33.8,301,79.4,68,master_account,1,/world-university-rankings/university-college-dublin,623,Ireland,,,,,University College Dublin,"Electrical & Electronic Engineering,Chemistry,Sociology,Mechanical & Aerospace Engineering,Biological Sciences,Psychology,Civil Engineering,History, Philosophy & Theology,Chemical Engineering,Law,Accounting & Finance,Mathematics & Statistics,Medicine & Dentistry,Veterinary Science,Art, Performing Arts & Design,Architecture,Economics & Econometrics,Physics & Astronomy,Politics & International Studies (incl Development Studies),Computer Science,Education,Business & Management,Geology, Environmental, Earth & Marine Sciences,Other Health,Languages, Literature & Linguistics,Agriculture & Forestry,Communication & Media Studies,Archaeology,Sport Science,Geography",False,False,False,
226-250,Western University,-,395,38.3,157,35.7,167,47.0,362,50.7,138,63.7,137,master_account,11,/world-university-rankings/western-university,690,Canada,,,,,Western University,"Mechanical & Aerospace Engineering,Sport Science,Physics & Astronomy,Chemistry,Business & Management,Communication & Media Studies,Computer Science,Civil Engineering,Law,Mathematics & Statistics,Politics & International Studies (incl Development Studies),Geography,Sociology,Education,Psychology,Other Health,Languages, Literature & Linguistics,General Engineering,Electrical & Electronic Engineering,Economics & Econometrics,Chemical Engineering,Archaeology,History, Philosophy & Theology,Accounting & Finance,Medicine & Dentistry,Biological Sciences,Art, Performing Arts & Design,Geology, Environmental, Earth & Marine Sciences",False,False,False,https://www.timeshighereducation.com/student/register-interest/applyboard?utm_medium=thewebsite&utm_campaign=cta-link&utm_source=rankings&iid=i-91582771
226-250,Simon Fraser University,-,280,24.6,338,29.3,230,67.6,212,41.8,209,61.4,151,master_account,11,/world-university-rankings/simon-fraser-university,709,Canada,,,,,Simon Fraser University,"Physics & Astronomy,Psychology,Biological Sciences,Communication & Media Studies,Economics & Econometrics,History, Philosophy & Theology,Chemistry,Sociology,Other Health,Geography,Mathematics & Statistics,Languages, Literature & Linguistics,Politics & International Studies (incl Development Studies),Electrical & Electronic Engineering,Accounting & Finance,Archaeology,Law,Computer Science,Education,Art, Performing Arts & Design,Sport Science,Geology, Environmental, Earth & Marine Sciences,General Engineering,Business & Management",False,False,False,
226-250,Tokyo Metropolitan University,-,291,19.6,381,9.8,399,100.0,2,31.0,347,39.5,307,master_account,6,/world-university-rankings/tokyo-metropolitan-university,712,Japan,,,,,Tokyo Metropolitan University,"Civil Engineering,Politics & International Studies (incl Development Studies),General Engineering,Architecture,Business & Management,Electrical & Electronic Engineering,Sport Science,Communication & Media Studies,Medicine & Dentistry,Mathematics & Statistics,Accounting & Finance,Archaeology,Other Health,Geology, Environmental, Earth & Marine Sciences,History, Philosophy & Theology,Economics & Econometrics,Languages, Literature & Linguistics,Law,Chemistry,Education,Art, Performing Arts & Design,Biological Sciences,Psychology,Mechanical & Aerospace Engineering,Sociology,Geography,Agriculture & Forestry,Physics & Astronomy,Computer Science,Chemical Engineering",False,False,False,
226-250,University of Würzburg,-,385,28.6,287,17.3,361,81.4,95,30.0,358,50.2,235,master_account,0,/world-university-rankings/university-wurzburg,691,Germany,,,,,University of Würzburg,"Geography,Psychology,History, Philosophy & Theology,Sociology,Education,Art, Performing Arts & Design,Computer Science,Other Health,Politics & International Studies (incl Development Studies),Medicine & Dentistry,Sport Science,Business & Management,Languages, Literature & Linguistics,Veterinary Science,Archaeology,Mathematics & Statistics,Economics & Econometrics,Communication & Media Studies,Biological Sciences,Law,Chemistry,Accounting & Finance,Mechanical & Aerospace Engineering,Geology, Environmental, Earth & Marine Sciences,Agriculture & Forestry,Chemical Engineering,Physics & Astronomy",False,False,False,
226-250,SUNY University at Albany,-,282,25.7,324,35.0,173,68.9,198,-,388,39.6,306,public,0,/world-university-rankings/suny-university-albany,710,United States,,,,,SUNY University at Albany,"Business & Management,Sociology,Politics & International Studies (incl Development Studies),Geology, Environmental, Earth & Marine Sciences,Art, Performing Arts & Design,Archaeology,Economics & Econometrics,Other Health,Physics & Astronomy,Electrical & Electronic Engineering,Communication & Media Studies,Languages, Literature & Linguistics,Psychology,Education,Biological Sciences,Computer Science,Accounting & Finance,Geography,Chemistry,Mathematics & Statistics,History, Philosophy & Theology",False,False,False,https://www.timeshighereducation.com/student/register-interest/shorelight?utm_medium=thewebsite&utm_campaign=cta-link&utm_source=rankings&iid=i-55365012
226-250,Rensselaer Polytechnic Institute,-,273,30.9,251,26.2,267,67.8,207,49.9,141,42.8,290,private,0,/world-university-rankings/rensselaer-polytechnic-institute,608,United States,,,,,Rensselaer Polytechnic Institute,"Chemical Engineering,Geology, Environmental, Earth & Marine Sciences,Communication & Media Studies,Art, Performing Arts & Design,Computer Science,Electrical & Electronic Engineering,Architecture,Business & Management,Chemistry,Biological Sciences,General Engineering,Economics & Econometrics,Mechanical & Aerospace Engineering,History, Philosophy & Theology,Law,Psychology,Agriculture & Forestry,Civil Engineering,Other Health,Mathematics & Statistics,Physics & Astronomy",False,False,False,https://www.timeshighereducation.com/student/register-interest/shorelight?utm_medium=thewebsite&utm_campaign=cta-link&utm_source=rankings&iid=i-85269072
226-250,University of Calgary,-,306,34.4,203,30.5,215,59.4,274,41.5,213,63.1,141,master_account,11,/world-university-rankings/university-calgary,693,Canada,,,,,University of Calgary,"Economics & Econometrics,Medicine & Dentistry,Communication & Media Studies,Mathematics & Statistics,History, Philosophy & Theology,Accounting & Finance,Art, Performing Arts & Design,General Engineering,Business & Management,Computer Science,Geology, Environmental, Earth & Marine Sciences,Mechanical & Aerospace Engineering,Chemical Engineering,Sociology,Law,Other Health,Electrical & Electronic Engineering,Geography,Languages, Literature & Linguistics,Sport Science,Psychology,Veterinary Science,Chemistry,Physics & Astronomy,Politics & International Studies (incl Development Studies),Archaeology,Biological Sciences,Civil Engineering,Agriculture & Forestry,Education,Architecture",False,False,False,https://www.timeshighereducation.com/student/register-interest/applyboard?utm_medium=thewebsite&utm_campaign=cta-link&utm_source=rankings&iid=i-81953893
226-250,Carleton University,-,215,24.3,340,24.5,283,76.9,127,30.7,350,61.1,153,master_account,11,/world-university-rankings/carleton-university,694,Canada,,,,,Carleton University,"Electrical & Electronic Engineering,Veterinary Science,Accounting & Finance,Languages, Literature & Linguistics,Communication & Media Studies,Civil Engineering,Computer Science,Physics & Astronomy,Business & Management,Art, Performing Arts & Design,General Engineering,Sport Science,Law,History, Philosophy & Theology,Biological Sciences,Geography,Architecture,Mathematics & Statistics,Psychology,Agriculture & Forestry,Politics & International Studies (incl Development Studies),Mechanical & Aerospace Engineering,Geology, Environmental, Earth & Marine Sciences,Chemistry,Archaeology,Economics & Econometrics,Chemical Engineering,Sociology",False,False,False,https://www.timeshighereducation.com/student/register-interest/applyboard?utm_medium=thewebsite&utm_campaign=cta-link&utm_source=rankings&iid=i-70245253
226-250,TU Wien,-,387,43.3,114,32.4,203,41.7,383,64.1,90,75.9,80,master_account,0,/world-university-rankings/tu-wien,810,Austria,,,,,TU Wien,"General Engineering,Geology, Environmental, Earth & Marine Sciences,Physics & Astronomy,Computer Science,Mathematics & Statistics,Architecture,Chemistry,Chemical Engineering,Civil Engineering,Electrical & Electronic Engineering",False,False,False,
226-250,University of Gothenburg,-,321,24.1,343,38.2,142,64.4,233,37.0,259,46.8,261,master_account,0,/world-university-rankings/university-gothenburg,676,Sweden,,,,,University of Gothenburg,"Economics & Econometrics,Biological Sciences,Medicine & Dentistry,Veterinary Science,Law,Communication & Media Studies,Other Health,Archaeology,History, Philosophy & Theology,Chemistry,Languages, Literature & Linguistics,Art, Performing Arts & Design,Accounting & Finance,Business & Management,Geology, Environmental, Earth & Marine Sciences,Politics & International Studies (incl Development Studies),Mathematics & Statistics,Sport Science,Geography,Computer Science,Physics & Astronomy,Education,Psychology,Sociology",False,False,False,
226-250,Université Laval,-,246,35.8,186,29.9,222,58.1,281,62.7,95,55.7,194,master_account,0,/world-university-rankings/universite-laval,876,Canada,,,,,Université Laval,"Sport Science,Medicine & Dentistry,Psychology,Geology, Environmental, Earth & Marine Sciences,Electrical & Electronic Engineering,Economics & Econometrics,History, Philosophy & Theology,Agriculture & Forestry,Geography,General Engineering,Chemistry,Business & Management,Architecture,Chemical Engineering,Sociology,Languages, Literature & Linguistics,Civil Engineering,Politics & International Studies (incl Development Studies),Archaeology,Biological Sciences,Law,Computer Science,Physics & Astronomy,Accounting & Finance,Other Health,Mathematics & Statistics,Education,Art, Performing Arts & Design,Mechanical & Aerospace Engineering,Communication & Media Studies",False,False,False,
226-250,"Birkbeck, University of London",-,212,28.3,292,29.3,228,60.4,266,28.7,375,84.4,37,master_account,0,/world-university-rankings/birkbeck-university-london,613,United Kingdom,,,,,"Birkbeck, University of London","Biological Sciences,Accounting & Finance,Physics & Astronomy,Politics & International Studies (incl Development Studies),Psychology,History, Philosophy & Theology,Sociology,Mathematics & Statistics,Geography,Economics & Econometrics,Art, Performing Arts & Design,Communication & Media Studies,Geology, Environmental, Earth & Marine Sciences,Law,Business & Management,Computer Science,Education,Archaeology,Languages, Literature & Linguistics",False,False,False,https://www.timeshighereducation.com/student/register-interest/siuk?utm_medium=thewebsite&utm_campaign=cta-link&utm_source=rankings&iid=i-55980062
226-250,Nagoya University,-,254,37.5,167,31.8,207,59.9,269,86.3,42,31.8,356,master_account,0,/world-university-rankings/nagoya-university,679,Japan,,,,,Nagoya University,"Other Health,Mathematics & Statistics,Education,Electrical & Electronic Engineering,Physics & Astronomy,Business & Management,Computer Science,Agriculture & Forestry,Sociology,History, Philosophy & Theology,Geology, Environmental, Earth & Marine Sciences,Economics & Econometrics,Archaeology,Civil Engineering,Communication & Media Studies,Biological Sciences,Geography,Medicine & Dentistry,Chemical Engineering,Politics & International Studies (incl Development Studies),Architecture,Mechanical & Aerospace Engineering,Psychology,Sport Science,Law,Languages, Literature & Linguistics,General Engineering,Chemistry,Accounting & Finance",False,False,False,
226-250,Mines ParisTech,-,251,39.6,146,23.2,298,55.1,306,99.0,21,58.7,177,master_account,0,/world-university-rankings/mines-paristech,877,France,,,,,Mines ParisTech,,False,False,False,
226-250,Dalhousie University,-,223,33.6,210,30.0,220,54.4,313,68.9,80,71.6,95,master_account,11,/world-university-rankings/dalhousie-university,698,Canada,,,,,Dalhousie University,"Civil Engineering,Accounting & Finance,Chemical Engineering,Agriculture & Forestry,Other Health,History, Philosophy & Theology,Art, Performing Arts & Design,Chemistry,Mathematics & Statistics,Sociology,Mechanical & Aerospace Engineering,Geology, Environmental, Earth & Marine Sciences,Electrical & Electronic Engineering,Psychology,Politics & International Studies (incl Development Studies),General Engineering,Architecture,Languages, Literature & Linguistics,Communication & Media Studies,Biological Sciences,Business & Management,Medicine & Dentistry,Economics & Econometrics,Computer Science,Law,Veterinary Science,Sport Science,Physics & Astronomy",False,False,False,https://www.timeshighereducation.com/student/register-interest/applyboard?utm_medium=thewebsite&utm_campaign=cta-link&utm_source=rankings&iid=i-91697003
226-250,Brunel University of London,-,213,22.1,356,21.4,325,75.3,140,31.9,331,88.8,19,master_account,0,/world-university-rankings/brunel-university-london,719,United Kingdom,,,,,Brunel University of London,"Accounting & Finance,Mechanical & Aerospace Engineering,Mathematics & Statistics,Politics & International Studies (incl Development Studies),Psychology,Chemical Engineering,Geography,Geology, Environmental, Earth & Marine Sciences,Sociology,Sport Science,Other Health,Business & Management,Languages, Literature & Linguistics,History, Philosophy & Theology,Art, Performing Arts & Design,Civil Engineering,Economics & Econometrics,Computer Science,Law,Medicine & Dentistry,Education,Communication & Media Studies,General Engineering,Electrical & Electronic Engineering,Biological Sciences",False,False,False,https://www.timeshighereducation.com/student/register-interest/siuk?utm_medium=thewebsite&utm_campaign=cta-link&utm_source=rankings&iid=i-26981023
226-250,York University,-,400,27.5,305,35.3,170,62.9,242,34.1,298,59.7,166,master_account,11,/world-university-rankings/york-university,765,Canada,,,,,York University,"Sociology,Electrical & Electronic Engineering,Accounting & Finance,Civil Engineering,Sport Science,Mathematics & Statistics,Physics & Astronomy,General Engineering,Business & Management,Mechanical & Aerospace Engineering,Economics & Econometrics,Chemistry,Languages, Literature & Linguistics,Other Health,Geography,Geology, Environmental, Earth & Marine Sciences,History, Philosophy & Theology,Computer Science,Politics & International Studies (incl Development Studies),Biological Sciences,Art, Performing Arts & Design,Agriculture & Forestry,Psychology,Law,Communication & Media Studies,Education",False,False,False,
251-275,Aalto University,-,203,31.8,234,31.3,209,50.2,339,64.5,88,59.4,169,master_account,0,/world-university-rankings/aalto-university,767,Finland,,,,,Aalto University,"Physics & Astronomy,Business & Management,Mathematics & Statistics,Civil Engineering,Economics & Econometrics,Accounting & Finance,Computer Science,Art, Performing Arts & Design,Electrical & Electronic Engineering,Chemistry,Architecture,Psychology,Chemical Engineering,General Engineering,Mechanical & Aerospace Engineering,Communication & Media Studies,Education",False,False,False,
251-275,University of Hawai’i at Mānoa,-,323,35.1,194,30.7,213,51.5,331,38.3,251,59.4,171,public,0,/world-university-rankings/university-hawaii-manoa,722,United States,,,,,University of Hawai’i at Mānoa,"Economics & Econometrics,General Engineering,Geology, Environmental, Earth & Marine Sciences,Electrical & Electronic Engineering,Art, Performing Arts & Design,Other Health,Mathematics & Statistics,Law,History, Philosophy & Theology,Agriculture & Forestry,Sociology,Languages, Literature & Linguistics,Sport Science,Communication & Media Studies,Architecture,Civil Engineering,Politics & International Studies (incl Development Studies),Computer Science,Veterinary Science,Psychology,Biological Sciences,Education,Archaeology,Mechanical & Aerospace Engineering,Physics & Astronomy,Accounting & Finance,Medicine & Dentistry,Chemical Engineering,Geography,Chemistry,Business & Management",False,False,False,https://www.timeshighereducation.com/student/register-interest/shorelight?utm_medium=thewebsite&utm_campaign=cta-link&utm_source=rankings&iid=i-78451672
251-275,Technical University of Darmstadt,-,292,36.9,174,33.7,186,42.0,381,88.9,35,59.6,167,master_account,0,/world-university-rankings/technical-university-darmstadt,745,Germany,,,,,Technical University of Darmstadt Technical University of Darmstadt,"Languages, Literature & Linguistics,Sociology,Civil Engineering,Geology, Environmental, Earth & Marine Sciences,History, Philosophy & Theology,Sport Science,Psychology,Chemical Engineering,Politics & International Studies (incl Development Studies),Mechanical & Aerospace Engineering,Chemistry,Computer Science,Economics & Econometrics,Architecture,Education,Other Health,Biological Sciences,Business & Management,General Engineering,Mathematics & Statistics,Electrical & Electronic Engineering,Physics & Astronomy",False,False,False,
251-275,University of Turin,-,376,29.4,274,20.3,334,72.5,173,40.8,215,39.3,308,master_account,0,/world-university-rankings/university-turin,884,Italy,,,,,University of Turin,"Sport Science,Art, Performing Arts & Design,Geology, Environmental, Earth & Marine Sciences,Psychology,Sociology,Business & Management,Accounting & Finance,Chemistry,Politics & International Studies (incl Development Studies),History, Philosophy & Theology,Veterinary Science,Communication & Media Studies,Other Health,Agriculture & Forestry,Computer Science,Law,Mathematics & Statistics,Languages, Literature & Linguistics,Medicine & Dentistry,Education,Biological Sciences,Physics & Astronomy,Geography,Economics & Econometrics,Archaeology",False,False,False,
251-275,University of Bremen,-,305,33.9,207,27.6,254,55.7,303,46.3,166,53.0,218,master_account,0,/world-university-rankings/university-bremen,1023,Germany,,,,,University of Bremen,"Agriculture & Forestry,Geography,Art, Performing Arts & Design,Biological Sciences,Law,Computer Science,Chemistry,Accounting & Finance,Mechanical & Aerospace Engineering,Politics & International Studies (incl Development Studies),Languages, Literature & Linguistics,Sport Science,Education,History, Philosophy & Theology,Mathematics & Statistics,Psychology,General Engineering,Geology, Environmental, Earth & Marine Sciences,Economics & Econometrics,Chemical Engineering,Sociology,Other Health,Physics & Astronomy,Business & Management,Electrical & Electronic Engineering,Communication & Media Studies",False,False,False,
251-275,Nanjing University,-,255,34.6,199,23.3,297,59.6,272,51.7,131,50.2,234,master_account,0,/world-university-rankings/nanjing-university,727,China,,,,,Nanjing University,"History, Philosophy & Theology,Psychology,Mathematics & Statistics,Archaeology,Languages, Literature & Linguistics,Education,Chemical Engineering,Art, Performing Arts & Design,Economics & Econometrics,Biological Sciences,Physics & Astronomy,Business & Management,Communication & Media Studies,Electrical & Electronic Engineering,Sociology,Politics & International Studies (incl Development Studies),Medicine & Dentistry,Chemistry,Other Health,Computer Science,Law,General Engineering,Geography,Architecture,Geology, Environmental, Earth & Marine Sciences,Accounting & Finance",False,False,False,
251-275,University of Salento,-,357,32.3,226,25.6,270,64.5,231,38.4,250,40.3,304,master_account,0,/world-university-rankings/university-salento,854,Italy,,,,,University of Salento,"Computer Science,Communication & Media Studies,Civil Engineering,Sociology,Business & Management,Agriculture & Forestry,Education,Languages, Literature & Linguistics,Sport Science,Law,Art, Performing Arts & Design,General Engineering,Physics & Astronomy,Biological Sciences,Psychology,Mechanical & Aerospace Engineering,Mathematics & Statistics,Accounting & Finance,Archaeology,Politics & International Studies (incl Development Studies),History, Philosophy & Theology,Geography,Medicine & Dentistry,Geology, Environmental, Earth & Marine Sciences",False,False,False,
251-275,Federico Santa María Technical University,-,227,13.0,401,10.1,397,99.7,6,28.1,381,48.7,249,master_account,0,/world-university-rankings/federico-santa-maria-technical-university,1024,Chile,,,,,Federico Santa María Technical University,"Physics & Astronomy,Business & Management,Architecture,General Engineering,Economics & Econometrics,Civil Engineering,Mechanical & Aerospace Engineering,Electrical & Electronic Engineering,Chemistry,Computer Science,Accounting & Finance,Chemical Engineering,Mathematics & Statistics",False,False,False,
251-275,University of Otago,-,350,27.1,307,27.7,251,57.6,285,31.9,333,81.5,54,master_account,0,/world-university-rankings/university-otago,682,New Zealand,,,,,University of Otago,"Chemistry,Mathematics & Statistics,Politics & International Studies (incl Development Studies),Computer Science,Other Health,Business & Management,Medicine & Dentistry,Biological Sciences,Accounting & Finance,Art, Performing Arts & Design,Education,Physics & Astronomy,Languages, Literature & Linguistics,Communication & Media Studies,Law,Geography,Geology, Environmental, Earth & Marine Sciences,Economics & Econometrics,History, Philosophy & Theology,Agriculture & Forestry,Psychology,Archaeology,Sport Science,Sociology",False,False,False,
251-275,University of Galway,-,261,26.7,312,24.8,279,62.8,243,43.1,193,71.7,94,master_account,0,/world-university-rankings/university-galway,842,Ireland,,,,,University of Galway nui nui galway,"Archaeology,Civil Engineering,Agriculture & Forestry,Geography,Economics & Econometrics,Electrical & Electronic Engineering,Politics & International Studies (incl Development Studies),Sociology,Psychology,Accounting & Finance,Art, Performing Arts & Design,Communication & Media Studies,Languages, Literature & Linguistics,Mathematics & Statistics,General Engineering,Geology, Environmental, Earth & Marine Sciences,Computer Science,Mechanical & Aerospace Engineering,Education,Medicine & Dentistry,Law,Business & Management,Other Health,Chemistry,History, Philosophy & Theology,Biological Sciences,Physics & Astronomy",False,False,False,
251-275,University of Iceland,-,326,14.9,400,24.7,281,74.8,147,64.0,91,59.1,175,master_account,0,/world-university-rankings/university-iceland,749,Iceland,,,,,University of Iceland,"Computer Science,Chemistry,Economics & Econometrics,Business & Management,Electrical & Electronic Engineering,Geography,Archaeology,Chemical Engineering,Law,Civil Engineering,Politics & International Studies (incl Development Studies),Biological Sciences,General Engineering,Geology, Environmental, Earth & Marine Sciences,Psychology,Other Health,Physics & Astronomy,Communication & Media Studies,Medicine & Dentistry,Sport Science,Education,Languages, Literature & Linguistics,Mechanical & Aerospace Engineering,Sociology,History, Philosophy & Theology,Mathematics & Statistics,Accounting & Finance",False,False,False,
251-275,University of New Mexico (Main campus),-,347,29.6,269,23.4,295,73.1,166,44.5,181,32.2,354,public,0,/world-university-rankings/university-new-mexico-main-campus,1025,United States,,,,,University of New Mexico (Main campus),"Architecture,Sport Science,Education,Biological Sciences,Civil Engineering,Art, Performing Arts & Design,Chemical Engineering,Politics & International Studies (incl Development Studies),Other Health,Business & Management,Languages, Literature & Linguistics,Economics & Econometrics,Medicine & Dentistry,Physics & Astronomy,Psychology,Mathematics & Statistics,Geology, Environmental, Earth & Marine Sciences,Computer Science,Law,Chemistry,Sociology,Geography,History, Philosophy & Theology,General Engineering,Mechanical & Aerospace Engineering,Communication & Media Studies,Electrical & Electronic Engineering,Accounting & Finance",False,False,False,https://www.timeshighereducation.com/student/register-interest/shorelight?utm_medium=thewebsite&utm_campaign=cta-link&utm_source=rankings&iid=i-46245787
251-275,Queen’s University Belfast,-,270,30.1,263,25.1,275,52.2,324,43.7,189,88.6,21,master_account,11,/world-university-rankings/queens-university-belfast,730,United Kingdom,,,,,Queen’s University Belfast qub queen&#039;s,"Economics & Econometrics,Architecture,Chemical Engineering,Communication & Media Studies,Sociology,Mechanical & Aerospace Engineering,Agriculture & Forestry,Accounting & Finance,Business & Management,Civil Engineering,Chemistry,Other Health,Geography,Archaeology,Psychology,Education,Medicine & Dentistry,Electrical & Electronic Engineering,Computer Science,Physics & Astronomy,History, Philosophy & Theology,Law,Biological Sciences,Mathematics & Statistics,Geology, Environmental, Earth & Marine Sciences,Languages, Literature & Linguistics,Politics & International Studies (incl Development Studies),Art, Performing Arts & Design",False,False,False,
251-275,University of South Florida (Tampa),-,363,27.7,300,37.9,146,55.1,311,99.8,16,41.0,298,public,0,/world-university-rankings/university-south-florida-tampa,803,United States,,,,,University of South Florida (Tampa),"Sociology,Archaeology,Mathematics & Statistics,Biological Sciences,Psychology,Politics & International Studies (incl Development Studies),Veterinary Science,Electrical & Electronic Engineering,General Engineering,Medicine & Dentistry,Geography,Civil Engineering,Education,Architecture,Agriculture & Forestry,History, Philosophy & Theology,Sport Science,Economics & Econometrics,Computer Science,Communication & Media Studies,Geology, Environmental, Earth & Marine Sciences,Art, Performing Arts & Design,Languages, Literature & Linguistics,Business & Management,Physics & Astronomy,Chemical Engineering,Other Health,Mechanical & Aerospace Engineering,Chemistry,Accounting & Finance",False,False,False,https://www.timeshighereducation.com/student/into-university-partnerships?utm_medium=thewebsite&utm_campaign=cta-link&utm_source=rankings&iid=i-47513011
251-275,Medical University of Vienna,-,250,28.6,284,17.0,366,71.1,180,33.7,304,73.1,91,master_account,0,/world-university-rankings/medical-university-vienna,889,Austria,,,,,Medical University of Vienna,"Other Health,Medicine & Dentistry",False,False,False,
251-275,Swedish University of Agricultural Sciences,-,285,27.9,296,25.2,273,59.9,270,99.8,15,49.6,242,master_account,0,/world-university-rankings/swedish-university-agricultural-sciences,711,Sweden,,,,,Swedish University of Agricultural Sciences,"Biological Sciences,Architecture,Geology, Environmental, Earth & Marine Sciences,Civil Engineering,Veterinary Science,Economics & Econometrics,Communication & Media Studies,Chemistry,Agriculture & Forestry,Business & Management,Politics & International Studies (incl Development Studies)",False,False,False,
251-275,University of Pavia,-,352,26.3,318,19.2,342,75.6,139,64.4,89,43.5,283,master_account,0,/world-university-rankings/university-pavia,892,Italy,,,,,University of Pavia,"Medicine & Dentistry,Computer Science,Politics & International Studies (incl Development Studies),Chemistry,Archaeology,Economics & Econometrics,Communication & Media Studies,Sport Science,Mathematics & Statistics,Psychology,Languages, Literature & Linguistics,Physics & Astronomy,Art, Performing Arts & Design,Civil Engineering,Biological Sciences,General Engineering,History, Philosophy & Theology,Other Health,Law,Geology, Environmental, Earth & Marine Sciences,Accounting & Finance,Business & Management,Electrical & Electronic Engineering,Mechanical & Aerospace Engineering,Agriculture & Forestry",False,False,False,
251-275,University of Waterloo,-,383,30.9,252,40.4,127,47.0,361,41.7,210,63.1,142,master_account,0,/world-university-rankings/university-waterloo,689,Canada,,,,,University of Waterloo,"Communication & Media Studies,Computer Science,Art, Performing Arts & Design,Mechanical & Aerospace Engineering,History, Philosophy & Theology,Mathematics & Statistics,Accounting & Finance,Archaeology,Civil Engineering,Geography,Economics & Econometrics,Chemical Engineering,Psychology,Architecture,Physics & Astronomy,General Engineering,Geology, Environmental, Earth & Marine Sciences,Electrical & Electronic Engineering,Sociology,Languages, Literature & Linguistics,Biological Sciences,Business & Management,Other Health,Chemistry,Politics & International Studies (incl Development Studies)",False,False,False,
251-275,University of Münster,-,343,30.6,255,18.1,351,73.0,170,38.2,252,48.2,252,master_account,0,/world-university-rankings/university-munster,756,Germany,,,,,University of Münster,"History, Philosophy & Theology,Geology, Environmental, Earth & Marine Sciences,Economics & Econometrics,Archaeology,Communication & Media Studies,Sport Science,Law,Art, Performing Arts & Design,Physics & Astronomy,Accounting & Finance,Medicine & Dentistry,Politics & International Studies (incl Development Studies),Computer Science,Sociology,Biological Sciences,Psychology,Languages, Literature & Linguistics,Chemistry,Business & Management,Other Health,Geography,Mathematics & Statistics,Education",False,False,False,
251-275,University of Newcastle,-,348,26.5,315,29.9,224,57.5,290,75.6,62,70.6,100,master_account,0,/world-university-rankings/university-newcastle,757,Australia,,,,,University of Newcastle Australia Newcastle,"Law,Psychology,Communication & Media Studies,Mathematics & Statistics,Biological Sciences,Civil Engineering,Economics & Econometrics,Electrical & Electronic Engineering,Geology, Environmental, Earth & Marine Sciences,Business & Management,Accounting & Finance,Other Health,Mechanical & Aerospace Engineering,Computer Science,Medicine & Dentistry,Architecture,Chemistry,Physics & Astronomy,Politics & International Studies (incl Development Studies),General Engineering,Sociology,Geography,Chemical Engineering,Languages, Literature & Linguistics,Art, Performing Arts & Design,Sport Science,Education,History, Philosophy & Theology,Agriculture & Forestry",False,False,False,https://www.timeshighereducation.com/student/register-interest/aecc?utm_medium=thewebsite&utm_campaign=cta-link&utm_source=rankings&iid=i-35453247
251-275,"University of the Andes, Colombia",-,371,17.3,393,12.1,390,89.8,49,36.5,265,54.6,206,master_account,0,/world-university-rankings/university-andes-colombia,896,Colombia,,,,,"University of the Andes, Colombia","Languages, Literature & Linguistics,Electrical & Electronic Engineering,Politics & International Studies (incl Development Studies),Chemistry,Accounting & Finance,Art, Performing Arts & Design,Mechanical & Aerospace Engineering,Sociology,Medicine & Dentistry,Geology, Environmental, Earth & Marine Sciences,Economics & Econometrics,Architecture,Civil Engineering,Geography,Mathematics & Statistics,Education,Biological Sciences,Psychology,General Engineering,Communication & Media Studies,Chemical Engineering,Law,History, Philosophy & Theology,Computer Science,Physics & Astronomy,Business & Management",False,False,False,
251-275,Queen’s University,-,271,37.3,170,33.4,189,48.2,353,59.0,103,55.4,197,master_account,11,/world-university-rankings/queens-university,639,Canada,,,,,Queen’s University Canadian University Research Student Experience,"Mechanical & Aerospace Engineering,Sport Science,Electrical & Electronic Engineering,Accounting & Finance,Education,Geography,Mathematics & Statistics,History, Philosophy & Theology,Politics & International Studies (incl Development Studies),Chemical Engineering,Business & Management,Psychology,Other Health,Civil Engineering,Chemistry,Physics & Astronomy,Geology, Environmental, Earth & Marine Sciences,Medicine & Dentistry,Economics & Econometrics,Law,Art, Performing Arts & Design,Biological Sciences,Sociology,Languages, Literature & Linguistics,General Engineering,Computer Science,Communication & Media Studies,Agriculture & Forestry",False,False,False,https://www.timeshighereducation.com/student/register-interest/applyboard?utm_medium=thewebsite&utm_campaign=cta-link&utm_source=rankings&iid=i-38060122
251-275,University of the Witwatersrand,-,372,22.3,355,21.7,321,67.3,214,94.8,29,66.3,124,master_account,0,/world-university-rankings/university-witwatersrand,739,South Africa,,,,,University of the Witwatersrand Wits,"Education,Physics & Astronomy,Other Health,Psychology,Chemical Engineering,Civil Engineering,Electrical & Electronic Engineering,General Engineering,Art, Performing Arts & Design,Geology, Environmental, Earth & Marine Sciences,Business & Management,Communication & Media Studies,Medicine & Dentistry,Sociology,Computer Science,Economics & Econometrics,Chemistry,Mathematics & Statistics,Sport Science,Biological Sciences,Archaeology,Law,Accounting & Finance,Architecture,Mechanical & Aerospace Engineering,History, Philosophy & Theology,Geography,Languages, Literature & Linguistics,Politics & International Studies (incl Development Studies)",False,False,False,
251-275,University of Trento,-,373,26.8,310,20.3,333,70.3,189,46.0,170,57.3,181,master_account,0,/world-university-rankings/university-trento,763,Italy,,,,,University of Trento,"Archaeology,Sport Science,Mathematics & Statistics,Business & Management,Physics & Astronomy,Chemical Engineering,Law,Economics & Econometrics,Accounting & Finance,Politics & International Studies (incl Development Studies),Languages, Literature & Linguistics,Architecture,Computer Science,Sociology,History, Philosophy & Theology,Civil Engineering,Biological Sciences,Psychology,Electrical & Electronic Engineering,Mechanical & Aerospace Engineering,Geology, Environmental, Earth & Marine Sciences,Agriculture & Forestry,Medicine & Dentistry,Art, Performing Arts & Design",False,False,False,
251-275,National Tsing Hua University,-,260,39.4,148,40.3,128,49.1,349,49.4,149,24.8,387,master_account,0,/world-university-rankings/national-tsing-hua-university,680,Taiwan,,,,,National Tsing Hua University,"Civil Engineering,Politics & International Studies (incl Development Studies),Education,Languages, Literature & Linguistics,Physics & Astronomy,Psychology,Chemical Engineering,Sociology,Business & Management,Accounting & Finance,Electrical & Electronic Engineering,History, Philosophy & Theology,Chemistry,Computer Science,Mechanical & Aerospace Engineering,Art, Performing Arts & Design,Medicine & Dentistry,Other Health,Economics & Econometrics,Archaeology,Law,Sport Science,Mathematics & Statistics,General Engineering,Communication & Media Studies,Biological Sciences",False,False,False,
276-300,University of South Carolina-Columbia,-,362,34.5,202,27.5,257,55.1,310,31.8,334,37.3,320,public,0,/world-university-rankings/university-south-carolina-columbia,683,United States,,,,,University of South Carolina-Columbia,"General Engineering,Chemistry,Geography,Medicine & Dentistry,Business & Management,Education,Physics & Astronomy,Biological Sciences,Accounting & Finance,Chemical Engineering,Electrical & Electronic Engineering,Sport Science,Law,Languages, Literature & Linguistics,Communication & Media Studies,Mechanical & Aerospace Engineering,Sociology,Computer Science,Other Health,Geology, Environmental, Earth & Marine Sciences,Psychology,History, Philosophy & Theology,Economics & Econometrics,Civil Engineering,Art, Performing Arts & Design,Politics & International Studies (incl Development Studies),Mathematics & Statistics",False,False,False,https://www.timeshighereducation.com/student/register-interest/shorelight?utm_medium=thewebsite&utm_campaign=cta-link&utm_source=rankings&iid=i-43280749
276-300,University of Plymouth,-,267,18.4,389,18.1,349,80.5,101,28.8,373,51.3,227,master_account,0,/world-university-rankings/university-plymouth,796,United Kingdom,,,,,University of Plymouth,"Computer Science,Education,Art, Performing Arts & Design,Civil Engineering,Geography,Medicine & Dentistry,Politics & International Studies (incl Development Studies),Electrical & Electronic Engineering,Psychology,History, Philosophy & Theology,Chemistry,Business & Management,Mathematics & Statistics,Communication & Media Studies,Economics & Econometrics,Other Health,Sociology,Languages, Literature & Linguistics,Mechanical & Aerospace Engineering,Law,Architecture,Geology, Environmental, Earth & Marine Sciences,Accounting & Finance,Biological Sciences",False,False,False,https://www.timeshighereducation.com/student/register-interest/siuk?utm_medium=thewebsite&utm_campaign=cta-link&utm_source=rankings&iid=i-23101933
276-300,University of Milan,-,339,25.3,330,22.9,303,66.9,218,40.1,224,37.4,318,master_account,0,/world-university-rankings/university-milan,704,Italy,,,,,University of Milan,"Medicine & Dentistry,Psychology,Agriculture & Forestry,Physics & Astronomy,Art, Performing Arts & Design,Geography,Computer Science,Archaeology,Chemical Engineering,Politics & International Studies (incl Development Studies),Veterinary Science,Biological Sciences,Sociology,Accounting & Finance,History, Philosophy & Theology,Other Health,Mathematics & Statistics,Chemistry,Economics & Econometrics,Geology, Environmental, Earth & Marine Sciences,Business & Management,Communication & Media Studies,Law,Sport Science,Languages, Literature & Linguistics",False,False,False,
276-300,Indian Institute of Science,-,236,32.6,217,39.5,135,51.6,329,37.9,254,18.2,400,master_account,0,/world-university-rankings/indian-institute-science,926,India,,,,,Indian Institute of Science,"Electrical & Electronic Engineering,Chemistry,Biological Sciences,Mechanical & Aerospace Engineering,Civil Engineering,Geology, Environmental, Earth & Marine Sciences,Physics & Astronomy,Computer Science,Chemical Engineering,Mathematics & Statistics",False,False,False,
276-300,University College Cork,-,298,26.7,314,22.2,314,56.9,296,45.9,171,70.8,99,master_account,0,/world-university-rankings/university-college-cork,775,Ireland,,,,,University College Cork ucc,"History, Philosophy & Theology,Archaeology,Chemistry,Chemical Engineering,Languages, Literature & Linguistics,Computer Science,Medicine & Dentistry,Biological Sciences,Accounting & Finance,Politics & International Studies (incl Development Studies),Geography,Psychology,Geology, Environmental, Earth & Marine Sciences,Mathematics & Statistics,Electrical & Electronic Engineering,Education,Other Health,Mechanical & Aerospace Engineering,Sport Science,Civil Engineering,Art, Performing Arts & Design,Sociology,Business & Management,Physics & Astronomy,General Engineering,Law,Economics & Econometrics,Architecture,Agriculture & Forestry",False,False,False,
276-300,National Chiao Tung University,-,257,35.0,195,40.7,124,40.4,386,98.2,25,30.7,359,master_account,0,/world-university-rankings/national-chiao-tung-university,707,Taiwan,,,,,National Chiao Tung University,"Mechanical & Aerospace Engineering,Architecture,Physics & Astronomy,Languages, Literature & Linguistics,Biological Sciences,Education,Law,Chemistry,Civil Engineering,Art, Performing Arts & Design,Mathematics & Statistics,General Engineering,Computer Science,Business & Management,Electrical & Electronic Engineering,Accounting & Finance,Communication & Media Studies,Geology, Environmental, Earth & Marine Sciences,Chemical Engineering",False,False,False,
276-300,Shanghai Jiao Tong University,-,278,37.9,163,37.9,145,38.9,392,88.4,39,23.9,389,master_account,0,/world-university-rankings/shanghai-jiao-tong-university,801,China,,,,,Shanghai Jiao Tong University SJTU,"Geology, Environmental, Earth & Marine Sciences,General Engineering,Politics & International Studies (incl Development Studies),Sociology,Medicine & Dentistry,Biological Sciences,Communication & Media Studies,Chemical Engineering,Veterinary Science,Business & Management,Architecture,Psychology,Law,Mechanical & Aerospace Engineering,Art, Performing Arts & Design,Education,Agriculture & Forestry,Languages, Literature & Linguistics,Sport Science,Economics & Econometrics,Accounting & Finance,Mathematics & Statistics,Electrical & Electronic Engineering,Civil Engineering,Computer Science,Other Health,Physics & Astronomy,History, Philosophy & Theology,Chemistry",False,False,False,
276-300,University of South Australia,-,361,25.7,325,24.0,291,52.7,322,83.9,50,80.8,56,master_account,0,/world-university-rankings/university-south-australia,855,Australia,,,,,University of South Australia,"History, Philosophy & Theology,Biological Sciences,Accounting & Finance,Electrical & Electronic Engineering,Sociology,Computer Science,Business & Management,Languages, Literature & Linguistics,Sport Science,General Engineering,Civil Engineering,Law,Medicine & Dentistry,Mathematics & Statistics,Economics & Econometrics,Art, Performing Arts & Design,Architecture,Mechanical & Aerospace Engineering,Education,Communication & Media Studies,Geology, Environmental, Earth & Marine Sciences,Other Health,Psychology",False,False,False,https://www.timeshighereducation.com/student/register-interest/aecc?utm_medium=thewebsite&utm_campaign=cta-link&utm_source=rankings&iid=i-71919185
276-300,Norwegian University of Science and Technology,-,263,33.5,211,29.6,226,49.6,346,45.0,173,54.7,203,master_account,0,/world-university-rankings/norwegian-university-science-and-technology,729,Norway,,,,,Norwegian University of Science and Technology,"History, Philosophy & Theology,Chemical Engineering,Art, Performing Arts & Design,Other Health,Physics & Astronomy,Archaeology,Sport Science,Economics & Econometrics,Computer Science,Chemistry,Medicine & Dentistry,Mathematics & Statistics,Architecture,Biological Sciences,Accounting & Finance,Mechanical & Aerospace Engineering,Politics & International Studies (incl Development Studies),Education,General Engineering,Geology, Environmental, Earth & Marine Sciences,Languages, Literature & Linguistics,Electrical & Electronic Engineering,Communication & Media Studies,Geography,Civil Engineering,Sociology,Psychology,Business & Management",False,False,False,
276-300,University of Fribourg,-,319,29.2,276,19.7,339,58.6,279,48.2,153,84.4,38,master_account,0,/world-university-rankings/university-fribourg,887,Switzerland,,,,,University of Fribourg,"Geography,Computer Science,Biological Sciences,Archaeology,Politics & International Studies (incl Development Studies),Physics & Astronomy,Law,Communication & Media Studies,Medicine & Dentistry,Accounting & Finance,Mathematics & Statistics,Chemistry,Education,Sociology,Other Health,Languages, Literature & Linguistics,Geology, Environmental, Earth & Marine Sciences,Sport Science,Business & Management,Economics & Econometrics,History, Philosophy & Theology,Psychology",False,False,False,
276-300,Panjab University,-,266,23.7,348,10.5,395,84.4,75,28.3,380,29.2,368,master_account,0,/world-university-rankings/panjab-university,960,India,,,,,Panjab University,"Archaeology,Electrical & Electronic Engineering,Economics & Econometrics,Other Health,Politics & International Studies (incl Development Studies),Mechanical & Aerospace Engineering,Computer Science,Education,Accounting & Finance,Chemistry,Languages, Literature & Linguistics,Psychology,Physics & Astronomy,Communication & Media Studies,Business & Management,Art, Performing Arts & Design,Law,History, Philosophy & Theology,Mathematics & Statistics,Chemical Engineering,Geology, Environmental, Earth & Marine Sciences,Sport Science,Sociology,Biological Sciences,Medicine & Dentistry,Geography,General Engineering",False,False,False,
276-300,LUT University,-,245,25.2,332,25.5,271,59.9,268,73.8,64,59.1,174,master_account,0,/world-university-rankings/lut-university,1026,Finland,,,,,LUT University,"Chemical Engineering,Politics & International Studies (incl Development Studies),Geology, Environmental, Earth & Marine Sciences,Physics & Astronomy,Mathematics & Statistics,Chemistry,Computer Science,Accounting & Finance,General Engineering,Communication & Media Studies,Electrical & Electronic Engineering,Economics & Econometrics,Mechanical & Aerospace Engineering,Business & Management",False,False,False,
276-300,University of Macau,-,335,17.1,394,20.3,332,68.1,205,33.6,307,73.3,88,master_account,11,/world-university-rankings/university-macau,1027,Macao,,,,,University of Macau,"General Engineering,Communication & Media Studies,Civil Engineering,Politics & International Studies (incl Development Studies),Medicine & Dentistry,Biological Sciences,Education,Computer Science,Economics & Econometrics,Sport Science,Law,Electrical & Electronic Engineering,Sociology,History, Philosophy & Theology,Physics & Astronomy,Accounting & Finance,Art, Performing Arts & Design,Chemistry,Psychology,Languages, Literature & Linguistics,Mathematics & Statistics,Business & Management,Other Health,Geology, Environmental, Earth & Marine Sciences,Mechanical & Aerospace Engineering",False,False,False,
276-300,University of Nebraska-Lincoln,-,346,31.0,249,24.4,287,57.5,289,35.0,281,47.8,258,public,0,/world-university-rankings/university-nebraska-lincoln,962,United States,,,,,University of Nebraska-Lincoln,"Psychology,Archaeology,Communication & Media Studies,Mathematics & Statistics,Business & Management,Languages, Literature & Linguistics,Biological Sciences,Civil Engineering,Mechanical & Aerospace Engineering,Geology, Environmental, Earth & Marine Sciences,Geography,Economics & Econometrics,Electrical & Electronic Engineering,Politics & International Studies (incl Development Studies),Computer Science,General Engineering,Other Health,Veterinary Science,Chemistry,Law,Architecture,Agriculture & Forestry,Sociology,Art, Performing Arts & Design,History, Philosophy & Theology,Medicine & Dentistry,Chemical Engineering,Sport Science,Physics & Astronomy,Education,Accounting & Finance",False,False,False,
276-300,University of Cincinnati – Uptown,-,308,32.0,230,22.4,311,67.8,208,35.6,275,26.0,383,public,0,/world-university-rankings/university-cincinnati-uptown,672,United States,,,,,University of Cincinnati – Uptown,"Mathematics & Statistics,Architecture,Business & Management,Medicine & Dentistry,General Engineering,Law,Geography,Psychology,Art, Performing Arts & Design,History, Philosophy & Theology,Biological Sciences,Communication & Media Studies,Accounting & Finance,Mechanical & Aerospace Engineering,Civil Engineering,Sociology,Geology, Environmental, Earth & Marine Sciences,Chemical Engineering,Languages, Literature & Linguistics,Archaeology,Education,Agriculture & Forestry,Other Health,Economics & Econometrics,Electrical & Electronic Engineering,Chemistry,Politics & International Studies (incl Development Studies),Physics & Astronomy,Computer Science",False,False,False,https://www.timeshighereducation.com/student/register-interest/shorelight?utm_medium=thewebsite&utm_campaign=cta-link&utm_source=rankings&iid=i-56367118
276-300,University of Bologna,-,304,31.0,248,23.2,299,64.5,229,34.9,282,43.1,286,master_account,11,/world-university-rankings/university-bologna,692,Italy,,,,,University of Bologna,"Sport Science,Veterinary Science,Communication & Media Studies,Chemical Engineering,Other Health,History, Philosophy & Theology,Mathematics & Statistics,Business & Management,Computer Science,Mechanical & Aerospace Engineering,Politics & International Studies (incl Development Studies),Economics & Econometrics,Civil Engineering,Languages, Literature & Linguistics,Medicine & Dentistry,Geology, Environmental, Earth & Marine Sciences,Sociology,Biological Sciences,Archaeology,Law,Art, Performing Arts & Design,Accounting & Finance,Education,Electrical & Electronic Engineering,Physics & Astronomy,Chemistry,General Engineering,Psychology,Architecture,Agriculture & Forestry,Geography",False,False,False,
276-300,Stellenbosch University,-,283,30.0,266,31.2,211,45.6,366,94.7,30,47.8,256,master_account,0,/world-university-rankings/stellenbosch-university,732,South Africa,,,,,Stellenbosch University SU South Africa,"Geology, Environmental, Earth & Marine Sciences,Accounting & Finance,Languages, Literature & Linguistics,Civil Engineering,Chemistry,Other Health,Mathematics & Statistics,Education,History, Philosophy & Theology,Chemical Engineering,Communication & Media Studies,Economics & Econometrics,Archaeology,Biological Sciences,General Engineering,Computer Science,Physics & Astronomy,Psychology,Art, Performing Arts & Design,Mechanical & Aerospace Engineering,Law,Medicine & Dentistry,Sport Science,Geography,Architecture,Agriculture & Forestry,Politics & International Studies (incl Development Studies),Electrical & Electronic Engineering,Sociology,Business & Management",False,False,False,
276-300,Tilburg University,-,289,33.0,214,45.1,108,34.9,393,55.1,118,62.2,148,master_account,0,/world-university-rankings/tilburg-university,734,Netherlands,,,,,Tilburg University,"Sociology,Other Health,History, Philosophy & Theology,Communication & Media Studies,Education,Law,Psychology,Business & Management,Languages, Literature & Linguistics,Accounting & Finance,Computer Science,Economics & Econometrics",False,False,False,
276-300,Montpellier University,-,252,23.7,347,22.5,306,67.4,213,33.6,306,56.6,188,master_account,0,/world-university-rankings/montpellier-university,755,France,,,,,Montpellier University,"Geology, Environmental, Earth & Marine Sciences,Agriculture & Forestry,Accounting & Finance,Biological Sciences,Law,Other Health,Mechanical & Aerospace Engineering,Veterinary Science,General Engineering,Business & Management,Economics & Econometrics,Computer Science,Electrical & Electronic Engineering,Civil Engineering,Chemical Engineering,Physics & Astronomy,Medicine & Dentistry,Mathematics & Statistics,Politics & International Studies (incl Development Studies),Chemistry,Education,Sport Science",False,False,False,
276-300,Victoria University of Wellington,-,386,21.6,360,28.5,240,53.8,319,49.7,145,84.2,41,master_account,0,/world-university-rankings/victoria-university-wellington,736,New Zealand,,,,,Victoria University of Wellington,"History, Philosophy & Theology,Biological Sciences,Business & Management,Geology, Environmental, Earth & Marine Sciences,Psychology,Communication & Media Studies,Architecture,Mathematics & Statistics,Accounting & Finance,Other Health,Geography,Computer Science,Chemistry,Economics & Econometrics,Electrical & Electronic Engineering,Law,Art, Performing Arts & Design,Politics & International Studies (incl Development Studies),Languages, Literature & Linguistics,Sociology,Physics & Astronomy,Education",False,False,False,https://www.timeshighereducation.com/student/register-interest/aecc?utm_medium=thewebsite&utm_campaign=cta-link&utm_source=rankings&iid=i-06549291
276-300,University of Georgia (USA),-,320,39.7,145,28.9,236,46.6,363,31.1,346,35.3,337,public,0,/world-university-rankings/university-georgia-usa,675,United States,,,,,University of Georgia (USA),"Art, Performing Arts & Design,Computer Science,Sport Science,Education,Medicine & Dentistry,Veterinary Science,Geography,Languages, Literature & Linguistics,Mechanical & Aerospace Engineering,Communication & Media Studies,Economics & Econometrics,History, Philosophy & Theology,Civil Engineering,Geology, Environmental, Earth & Marine Sciences,Archaeology,Chemical Engineering,Politics & International Studies (incl Development Studies),Other Health,Biological Sciences,Law,Mathematics & Statistics,Psychology,General Engineering,Physics & Astronomy,Business & Management,Architecture,Agriculture & Forestry,Sociology,Electrical & Electronic Engineering,Chemistry,Accounting & Finance",False,False,False,https://www.timeshighereducation.com/student/register-interest/shorelight?utm_medium=thewebsite&utm_campaign=cta-link&utm_source=rankings&iid=i-14747593
276-300,University of Erlangen-Nuremberg,-,315,28.4,291,15.3,378,68.7,199,46.8,163,49.0,247,master_account,6,/world-university-rankings/university-erlangen-nuremberg,870,Germany,,,,,University of Erlangen-Nuremberg,"History, Philosophy & Theology,Archaeology,Mathematics & Statistics,Chemical Engineering,Sociology,Biological Sciences,Physics & Astronomy,Mechanical & Aerospace Engineering,Electrical & Electronic Engineering,Law,Chemistry,Medicine & Dentistry,Geography,Sport Science,Other Health,Business & Management,Languages, Literature & Linguistics,Politics & International Studies (incl Development Studies),Education,Psychology,Geology, Environmental, Earth & Marine Sciences,Economics & Econometrics,Communication & Media Studies,Accounting & Finance,Computer Science,General Engineering",False,False,False,
276-300,University of Wollongong,-,384,25.2,334,27.8,249,55.1,312,44.7,178,80.4,60,master_account,0,/world-university-rankings/university-wollongong,740,Australia,,,,,University of Wollongong UOW University of Wollongong Australia,"Business & Management,Accounting & Finance,Art, Performing Arts & Design,Archaeology,Sociology,Electrical & Electronic Engineering,History, Philosophy & Theology,Politics & International Studies (incl Development Studies),Civil Engineering,Sport Science,Psychology,Medicine & Dentistry,Law,Communication & Media Studies,Mathematics & Statistics,Geography,Chemistry,Architecture,Languages, Literature & Linguistics,Geology, Environmental, Earth & Marine Sciences,General Engineering,Computer Science,Mechanical & Aerospace Engineering,Agriculture & Forestry,Education,Biological Sciences,Other Health,Physics & Astronomy,Economics & Econometrics",False,False,False,
276-300,Chalmers University of Technology,-,216,35.7,188,32.8,199,40.8,384,75.8,61,62.5,145,master_account,0,/world-university-rankings/chalmers-university-technology,695,Sweden,,,,,Chalmers University of Technology,"Chemistry,Other Health,Chemical Engineering,Economics & Econometrics,Mathematics & Statistics,General Engineering,Business & Management,Civil Engineering,Education,Mechanical & Aerospace Engineering,Geology, Environmental, Earth & Marine Sciences,Computer Science,Physics & Astronomy,Accounting & Finance,Electrical & Electronic Engineering,Architecture,Sport Science,Biological Sciences",False,False,False,
276-300,Virginia Polytechnic Institute and State University,-,388,40.1,139,40.0,130,40.7,385,42.6,201,28.9,372,public,11,/world-university-rankings/virginia-polytechnic-institute-and-state-university,737,United States,,,,,Virginia Polytechnic Institute and State University virginia tech virginia,"Languages, Literature & Linguistics,Agriculture & Forestry,General Engineering,Mathematics & Statistics,Other Health,Psychology,Accounting & Finance,Architecture,Chemical Engineering,Biological Sciences,Sociology,Sport Science,Mechanical & Aerospace Engineering,History, Philosophy & Theology,Physics & Astronomy,Art, Performing Arts & Design,Medicine & Dentistry,Veterinary Science,Business & Management,Electrical & Electronic Engineering,Civil Engineering,Geography,Archaeology,Education,Communication & Media Studies,Chemistry,Geology, Environmental, Earth & Marine Sciences,Politics & International Studies (incl Development Studies),Economics & Econometrics,Computer Science",False,False,False,
276-300,"Colorado State University, Fort Collins",-,220,27.6,301,31.3,210,59.9,267,38.8,244,30.4,361,public,0,/world-university-rankings/colorado-state-university-fort-collins-0,696,United States,,,,,"Colorado State University, Fort Collins","Education,Archaeology,Veterinary Science,Other Health,Geography,Civil Engineering,Computer Science,Sociology,History, Philosophy & Theology,Electrical & Electronic Engineering,Biological Sciences,Art, Performing Arts & Design,Psychology,Agriculture & Forestry,Languages, Literature & Linguistics,Accounting & Finance,Chemistry,Physics & Astronomy,Economics & Econometrics,Geology, Environmental, Earth & Marine Sciences,Chemical Engineering,Communication & Media Studies,Mechanical & Aerospace Engineering,Politics & International Studies (incl Development Studies),General Engineering,Sport Science,Business & Management,Mathematics & Statistics",False,False,False,https://www.timeshighereducation.com/student/into-university-partnerships?utm_medium=thewebsite&utm_campaign=cta-link&utm_source=rankings&iid=i-29201174
276-300,Tokyo Medical and Dental University (TMDU),-,290,42.7,117,22.9,302,51.1,334,56.9,110,21.8,391,master_account,0,/world-university-rankings/tokyo-medical-and-dental-university-tmdu,762,Japan,,,,,Tokyo Medical and Dental University (TMDU),"Geology, Environmental, Earth & Marine Sciences,Medicine & Dentistry,Politics & International Studies (incl Development Studies),History, Philosophy & Theology,Education,Communication & Media Studies,Agriculture & Forestry,Veterinary Science,Art, Performing Arts & Design,Civil Engineering,Chemical Engineering,Electrical & Electronic Engineering,Biological Sciences,Physics & Astronomy,Accounting & Finance,Economics & Econometrics,Business & Management,Archaeology,Chemistry,Mechanical & Aerospace Engineering,Architecture,Computer Science,Psychology,Sport Science,Law,Mathematics & Statistics,General Engineering,Other Health,Sociology,Languages, Literature & Linguistics,Geography",False,False,False,
276-300,Queensland University of Technology,-,269,29.9,267,36.0,163,42.9,378,71.9,73,69.8,106,master_account,6,/world-university-rankings/queensland-university-technology,758,Australia,,,,,Queensland University of Technology qut,"Architecture,Politics & International Studies (incl Development Studies),Business & Management,Education,Computer Science,Accounting & Finance,Languages, Literature & Linguistics,Chemical Engineering,Electrical & Electronic Engineering,Chemistry,General Engineering,Other Health,Art, Performing Arts & Design,Sport Science,Geology, Environmental, Earth & Marine Sciences,Biological Sciences,Communication & Media Studies,Psychology,Civil Engineering,Law,Mathematics & Statistics,Economics & Econometrics,Physics & Astronomy,Geography,Mechanical & Aerospace Engineering",False,False,False,
301-350,Drexel University,-,225,31.8,235,14.3,382,57.5,287,34.6,289,42.2,292,private,0,/world-university-rankings/drexel-university,699,United States,,,,,Drexel University,"Communication & Media Studies,Languages, Literature & Linguistics,Mechanical & Aerospace Engineering,History, Philosophy & Theology,Biological Sciences,Education,Sociology,Politics & International Studies (incl Development Studies),Economics & Econometrics,Business & Management,Chemical Engineering,Civil Engineering,Mathematics & Statistics,Agriculture & Forestry,Architecture,Accounting & Finance,General Engineering,Psychology,Veterinary Science,Physics & Astronomy,Other Health,Computer Science,Geology, Environmental, Earth & Marine Sciences,Sport Science,Chemistry,Law,Electrical & Electronic Engineering,Art, Performing Arts & Design,Medicine & Dentistry",False,False,False,https://www.timeshighereducation.com/student/register-interest/shorelight?utm_medium=thewebsite&utm_campaign=cta-link&utm_source=rankings&iid=i-39843311
301-350,University of Pisa,-,353,22.4,354,18.8,345,69.2,196,37.7,255,36.7,328,master_account,0,/world-university-rankings/university-pisa,795,Italy,,,,,University of Pisa,"Art, Performing Arts & Design,Civil Engineering,Sport Science,Law,Languages, Literature & Linguistics,Chemical Engineering,Economics & Econometrics,General Engineering,Veterinary Science,Mathematics & Statistics,Electrical & Electronic Engineering,Physics & Astronomy,Psychology,Other Health,Chemistry,Business & Management,Education,Archaeology,Communication & Media Studies,Computer Science,Accounting & Finance,History, Philosophy & Theology,Sociology,Biological Sciences,Politics & International Studies (incl Development Studies),Geology, Environmental, Earth & Marine Sciences,Mechanical & Aerospace Engineering,Agriculture & Forestry,Medicine & Dentistry",False,False,False,
301-350,Autonomous University of Madrid,-,207,28.6,283,19.3,341,59.7,271,32.2,326,48.8,248,master_account,0,/world-university-rankings/autonomous-university-madrid,743,Spain,,,,,Autonomous University of Madrid,"Psychology,Medicine & Dentistry,Chemical Engineering,Geology, Environmental, Earth & Marine Sciences,Art, Performing Arts & Design,Physics & Astronomy,Business & Management,Geography,Electrical & Electronic Engineering,Law,Sport Science,Computer Science,Accounting & Finance,Languages, Literature & Linguistics,Economics & Econometrics,Communication & Media Studies,Chemistry,Other Health,History, Philosophy & Theology,Sociology,Mathematics & Statistics,General Engineering,Politics & International Studies (incl Development Studies),Archaeology,Biological Sciences,Education",False,False,False,
301-350,University of Montana,-,342,29.1,279,13.7,385,75.0,143,34.4,293,20.7,396,public,0,/world-university-rankings/university-montana,882,United States,,,,,University of Montana,"Medicine & Dentistry,Law,Sport Science,Geography,Computer Science,Psychology,History, Philosophy & Theology,Chemistry,Business & Management,Communication & Media Studies,Other Health,Geology, Environmental, Earth & Marine Sciences,Economics & Econometrics,Biological Sciences,Sociology,Agriculture & Forestry,Education,Languages, Literature & Linguistics,Physics & Astronomy,Accounting & Finance,Art, Performing Arts & Design,Mathematics & Statistics,Politics & International Studies (incl Development Studies)",False,False,False,https://www.timeshighereducation.com/student/register-interest/shorelight?utm_medium=thewebsite&utm_campaign=cta-link&utm_source=rankings&iid=i-73004561
301-350,University of Crete,-,311,19.0,387,16.8,369,67.0,217,36.0,271,47.0,260,master_account,0,/world-university-rankings/university-crete,744,Greece,,,,,University of Crete,"History, Philosophy & Theology,Sociology,Computer Science,Psychology,Languages, Literature & Linguistics,Education,Medicine & Dentistry,Economics & Econometrics,Mathematics & Statistics,Geology, Environmental, Earth & Marine Sciences,General Engineering,Chemistry,Archaeology,Business & Management,Biological Sciences,Politics & International Studies (incl Development Studies),Other Health,Physics & Astronomy",False,False,False,
301-350,University of Canterbury,-,307,21.1,366,23.4,294,53.8,317,49.5,147,88.2,22,master_account,6,/world-university-rankings/university-canterbury,773,New Zealand,,,,,University of Canterbury,"Biological Sciences,Education,Accounting & Finance,Civil Engineering,Physics & Astronomy,Communication & Media Studies,Sociology,General Engineering,Geography,Veterinary Science,History, Philosophy & Theology,Languages, Literature & Linguistics,Sport Science,Chemistry,Psychology,Architecture,Business & Management,Computer Science,Geology, Environmental, Earth & Marine Sciences,Other Health,Medicine & Dentistry,Chemical Engineering,Mechanical & Aerospace Engineering,Archaeology,Economics & Econometrics,Law,Politics & International Studies (incl Development Studies),Mathematics & Statistics,Agriculture & Forestry,Art, Performing Arts & Design,Electrical & Electronic Engineering",False,False,False,https://www.timeshighereducation.com/student/register-interest/aecc?utm_medium=thewebsite&utm_campaign=cta-link&utm_source=rankings&iid=i-36383713
301-350,Politecnico di Milano,-,268,27.6,302,26.6,266,55.8,302,67.8,82,42.9,289,master_account,11,/world-university-rankings/politecnico-di-milano,797,Italy,,,,,Politecnico di Milano,"Civil Engineering,Computer Science,Architecture,Chemical Engineering,Mechanical & Aerospace Engineering,Business & Management,Electrical & Electronic Engineering,Art, Performing Arts & Design,General Engineering",False,False,False,
301-350,Oregon State University,-,265,27.8,297,21.1,326,63.3,237,32.0,329,36.7,327,public,0,/world-university-rankings/oregon-state-university,883,United States,,,,,Oregon State University,"Mechanical & Aerospace Engineering,Chemistry,Veterinary Science,Computer Science,Geography,Art, Performing Arts & Design,Psychology,Civil Engineering,Agriculture & Forestry,Sport Science,Education,Biological Sciences,Sociology,Economics & Econometrics,Politics & International Studies (incl Development Studies),Electrical & Electronic Engineering,Geology, Environmental, Earth & Marine Sciences,History, Philosophy & Theology,Languages, Literature & Linguistics,Mathematics & Statistics,Chemical Engineering,Business & Management,Other Health,Physics & Astronomy,Accounting & Finance,Communication & Media Studies",False,False,False,https://www.timeshighereducation.com/student/into-university-partnerships?utm_medium=thewebsite&utm_campaign=cta-link&utm_source=rankings&iid=i-42892913
301-350,Charles Darwin University,-,217,20.3,373,17.8,354,64.5,228,32.7,319,45.5,269,master_account,0,/world-university-rankings/charles-darwin-university,774,Australia,,,,,Charles Darwin University,"Electrical & Electronic Engineering,Other Health,Economics & Econometrics,History, Philosophy & Theology,Agriculture & Forestry,Politics & International Studies (incl Development Studies),Law,Computer Science,Medicine & Dentistry,Chemical Engineering,Accounting & Finance,Psychology,General Engineering,Chemistry,Business & Management,Languages, Literature & Linguistics,Physics & Astronomy,Education,Art, Performing Arts & Design,Biological Sciences,Communication & Media Studies,Mechanical & Aerospace Engineering,Geology, Environmental, Earth & Marine Sciences,Civil Engineering,Sociology,Geography",False,False,False,https://www.timeshighereducation.com/student/register-interest/aecc?utm_medium=thewebsite&utm_campaign=cta-link&utm_source=rankings&iid=i-76387108
301-350,Charles University,-,218,31.5,241,24.3,288,50.1,343,29.4,361,53.9,211,master_account,0,/world-university-rankings/charles-university,799,Czechia,,,,,Charles University,"Sport Science,Sociology,Medicine & Dentistry,Communication & Media Studies,Mathematics & Statistics,Politics & International Studies (incl Development Studies),Art, Performing Arts & Design,History, Philosophy & Theology,Biological Sciences,Economics & Econometrics,Law,Psychology,Business & Management,Physics & Astronomy,Accounting & Finance,Education,Languages, Literature & Linguistics,Computer Science,Chemistry,Geology, Environmental, Earth & Marine Sciences,Other Health,Archaeology,Geography",False,False,False,
301-350,Kansas State University,-,240,27.0,308,16.5,371,61.0,262,39.2,239,41.5,295,public,0,/world-university-rankings/kansas-state-university,831,United States,,,,,Kansas State University,"Electrical & Electronic Engineering,Other Health,Sport Science,Art, Performing Arts & Design,Economics & Econometrics,Geology, Environmental, Earth & Marine Sciences,Chemical Engineering,Politics & International Studies (incl Development Studies),Education,Architecture,Agriculture & Forestry,Biological Sciences,History, Philosophy & Theology,Civil Engineering,General Engineering,Geography,Languages, Literature & Linguistics,Accounting & Finance,Psychology,Sociology,Physics & Astronomy,Communication & Media Studies,Business & Management,Computer Science,Mathematics & Statistics,Chemistry,Law,Veterinary Science,Mechanical & Aerospace Engineering",False,False,False,https://www.timeshighereducation.com/student/register-interest/shorelight?utm_medium=thewebsite&utm_campaign=cta-link&utm_source=rankings&iid=i-29439461
301-350,University of Essex,-,316,31.6,239,29.0,235,39.3,390,29.1,370,86.7,31,master_account,0,/world-university-rankings/university-essex,674,United Kingdom,,,,,University of Essex,"Computer Science,Psychology,Art, Performing Arts & Design,Law,Electrical & Electronic Engineering,Business & Management,Communication & Media Studies,Languages, Literature & Linguistics,Mathematics & Statistics,History, Philosophy & Theology,Economics & Econometrics,Biological Sciences,Accounting & Finance,Sport Science,Other Health,Sociology,General Engineering,Politics & International Studies (incl Development Studies)",False,False,False,https://www.timeshighereducation.com/student/register-interest/siuk?utm_medium=thewebsite&utm_campaign=cta-link&utm_source=rankings&iid=i-74984323
301-350,Tulane University,-,293,40.7,132,20.7,327,53.9,316,-,389,29.7,365,private,0,/world-university-rankings/tulane-university,686,United States,,,,,Tulane University,"Mechanical & Aerospace Engineering,Communication & Media Studies,Civil Engineering,Politics & International Studies (incl Development Studies),Art, Performing Arts & Design,Agriculture & Forestry,Law,Medicine & Dentistry,Mathematics & Statistics,Business & Management,General Engineering,Geology, Environmental, Earth & Marine Sciences,Computer Science,Languages, Literature & Linguistics,History, Philosophy & Theology,Sport Science,Psychology,Architecture,Physics & Astronomy,Accounting & Finance,Biological Sciences,Education,Other Health,Chemistry,Economics & Econometrics,Chemical Engineering,Sociology",False,False,False,https://www.timeshighereducation.com/student/register-interest/shorelight?utm_medium=thewebsite&utm_campaign=cta-link&utm_source=rankings&iid=i-04338708
301-350,Sapienza University of Rome,-,277,32.3,225,28.1,245,50.7,336,34.2,295,37.5,314,master_account,0,/world-university-rankings/sapienza-university-rome,800,Italy,,,,,Sapienza University of Rome,"Art, Performing Arts & Design,Law,Computer Science,Other Health,Civil Engineering,Mathematics & Statistics,Economics & Econometrics,Chemistry,Architecture,Languages, Literature & Linguistics,Chemical Engineering,Sociology,Accounting & Finance,Medicine & Dentistry,Geography,Geology, Environmental, Earth & Marine Sciences,Psychology,Mechanical & Aerospace Engineering,Communication & Media Studies,General Engineering,Business & Management,Biological Sciences,History, Philosophy & Theology,Archaeology,Politics & International Studies (incl Development Studies),Physics & Astronomy,Electrical & Electronic Engineering,Education",False,False,False,
301-350,University of Padua,-,351,20.7,372,18.2,348,68.0,206,32.9,314,40.4,302,master_account,0,/world-university-rankings/university-padua,708,Italy,,,,,University of Padua,"Art, Performing Arts & Design,Electrical & Electronic Engineering,Chemistry,Business & Management,Languages, Literature & Linguistics,Civil Engineering,Geology, Environmental, Earth & Marine Sciences,Accounting & Finance,History, Philosophy & Theology,Mechanical & Aerospace Engineering,Communication & Media Studies,Agriculture & Forestry,Politics & International Studies (incl Development Studies),Economics & Econometrics,Architecture,Chemical Engineering,Sociology,Other Health,Sport Science,Education,Archaeology,Biological Sciences,Law,Computer Science,Mathematics & Statistics,Psychology,Medicine & Dentistry,Veterinary Science,Geography,General Engineering,Physics & Astronomy",False,False,False,
301-350,Sharif University of Technology,-,279,28.7,281,34.7,176,50.4,337,86.2,44,19.4,399,master_account,0,/world-university-rankings/sharif-university-technology,802,Iran,,,,,Sharif University of Technology,"Mathematics & Statistics,Languages, Literature & Linguistics,History, Philosophy & Theology,Business & Management,Electrical & Electronic Engineering,Mechanical & Aerospace Engineering,Chemistry,Civil Engineering,Physics & Astronomy,Computer Science,General Engineering,Chemical Engineering",False,False,False,
301-350,Macquarie University,-,249,24.0,344,24.8,278,50.2,340,36.2,267,89.2,18,master_account,0,/world-university-rankings/macquarie-university,703,Australia,,,,,Macquarie University,"Agriculture & Forestry,Sport Science,Economics & Econometrics,Civil Engineering,Computer Science,Education,Law,Sociology,Geology, Environmental, Earth & Marine Sciences,Communication & Media Studies,General Engineering,Business & Management,Physics & Astronomy,Other Health,Mechanical & Aerospace Engineering,Accounting & Finance,History, Philosophy & Theology,Politics & International Studies (incl Development Studies),Languages, Literature & Linguistics,Art, Performing Arts & Design,Medicine & Dentistry,Mathematics & Statistics,Biological Sciences,Chemistry,Psychology,Architecture,Geography,Archaeology,Electrical & Electronic Engineering",False,False,False,
301-350,University of Kansas,-,330,30.6,254,20.1,336,62.2,251,36.2,268,32.2,353,public,0,/world-university-rankings/university-kansas,751,United States,,,,,University of Kansas,"Architecture,Sport Science,Law,Art, Performing Arts & Design,Electrical & Electronic Engineering,Politics & International Studies (incl Development Studies),Computer Science,Geology, Environmental, Earth & Marine Sciences,Languages, Literature & Linguistics,Chemical Engineering,Geography,Economics & Econometrics,General Engineering,Chemistry,Accounting & Finance,History, Philosophy & Theology,Civil Engineering,Sociology,Agriculture & Forestry,Other Health,Physics & Astronomy,Psychology,Biological Sciences,Archaeology,Education,Medicine & Dentistry,Mathematics & Statistics,Business & Management,Communication & Media Studies,Mechanical & Aerospace Engineering",False,False,False,https://www.timeshighereducation.com/student/register-interest/shorelight?utm_medium=thewebsite&utm_campaign=cta-link&utm_source=rankings&iid=i-11245372
301-350,University of Cologne,-,309,25.6,327,18.4,346,65.3,224,28.8,374,52.1,224,master_account,0,/world-university-rankings/university-cologne,961,Germany,,,,,University of Cologne,"Mathematics & Statistics,Psychology,Physics & Astronomy,History, Philosophy & Theology,Sociology,Art, Performing Arts & Design,Chemistry,Business & Management,Medicine & Dentistry,Politics & International Studies (incl Development Studies),Computer Science,Geography,Archaeology,Geology, Environmental, Earth & Marine Sciences,Languages, Literature & Linguistics,Law,Biological Sciences,Accounting & Finance,Other Health,Communication & Media Studies,Economics & Econometrics,Education",False,False,False,
301-350,Koç University,-,242,21.6,358,24.4,284,58.5,280,50.6,139,49.8,238,master_account,0,/world-university-rankings/koc-university,875,Turkey,,,,,Koç University koc,"Archaeology,Other Health,General Engineering,Art, Performing Arts & Design,Mathematics & Statistics,Computer Science,Communication & Media Studies,Biological Sciences,Languages, Literature & Linguistics,Sociology,Politics & International Studies (incl Development Studies),Electrical & Electronic Engineering,Business & Management,Chemistry,Mechanical & Aerospace Engineering,Medicine & Dentistry,Economics & Econometrics,Law,History, Philosophy & Theology,Physics & Astronomy,Accounting & Finance,Chemical Engineering,Psychology",False,False,False,
301-350,University of Southern Denmark,-,364,19.5,383,20.5,330,61.2,258,72.6,71,67.1,119,master_account,0,/world-university-rankings/university-southern-denmark,731,Denmark,,,,,University of Southern Denmark,"Civil Engineering,Law,History, Philosophy & Theology,Mechanical & Aerospace Engineering,Politics & International Studies (incl Development Studies),Computer Science,Geology, Environmental, Earth & Marine Sciences,Economics & Econometrics,Chemical Engineering,Business & Management,Other Health,Electrical & Electronic Engineering,Communication & Media Studies,Medicine & Dentistry,General Engineering,Chemistry,Physics & Astronomy,Accounting & Finance,Art, Performing Arts & Design,Biological Sciences,Psychology,Sport Science,Sociology,Languages, Literature & Linguistics,Mathematics & Statistics,Education",False,False,False,
301-350,University of Stirling,-,365,21.5,361,25.1,277,49.9,345,30.7,351,66.9,121,master_account,0,/world-university-rankings/university-stirling,804,United Kingdom,,,,,University of Stirling,"General Engineering,History, Philosophy & Theology,Communication & Media Studies,Other Health,Business & Management,Politics & International Studies (incl Development Studies),Sociology,Accounting & Finance,Economics & Econometrics,Computer Science,Law,Education,Mathematics & Statistics,Sport Science,Psychology,Geology, Environmental, Earth & Marine Sciences,Languages, Literature & Linguistics,Biological Sciences",False,False,False,
301-350,Illinois Institute of Technology,-,235,40.2,135,17.3,357,50.3,338,-,384,59.4,170,private,0,/world-university-rankings/illinois-institute-technology,1028,United States,,,,,Illinois Institute of Technology,"Languages, Literature & Linguistics,Biological Sciences,Education,Accounting & Finance,Chemistry,Business & Management,Law,Computer Science,Chemical Engineering,Physics & Astronomy,Economics & Econometrics,History, Philosophy & Theology,Mathematics & Statistics,Art, Performing Arts & Design,Electrical & Electronic Engineering,Architecture,Psychology,Civil Engineering,Communication & Media Studies,Geology, Environmental, Earth & Marine Sciences,Mechanical & Aerospace Engineering,Sociology,Medicine & Dentistry,General Engineering",False,False,False,https://www.timeshighereducation.com/student/register-interest/shorelight?utm_medium=thewebsite&utm_campaign=cta-link&utm_source=rankings&iid=i-78514152
301-350,University of Duisburg-Essen,-,312,21.9,357,13.7,384,64.1,234,44.2,183,49.2,244,master_account,0,/world-university-rankings/university-duisburg-essen,898,Germany,,,,,University of Duisburg-Essen,"Languages, Literature & Linguistics,Electrical & Electronic Engineering,Sport Science,Mathematics & Statistics,Art, Performing Arts & Design,Medicine & Dentistry,Psychology,Business & Management,Politics & International Studies (incl Development Studies),Computer Science,Economics & Econometrics,Other Health,General Engineering,Sociology,Education,History, Philosophy & Theology,Biological Sciences,Chemistry,Accounting & Finance,Civil Engineering,Communication & Media Studies,Physics & Astronomy",False,False,False,
301-350,University of Houston,-,325,39.3,151,25.8,268,44.2,374,43.2,192,33.1,348,public,0,/world-university-rankings/university-houston,780,United States,,,,,University of Houston,"Mechanical & Aerospace Engineering,Politics & International Studies (incl Development Studies),Electrical & Electronic Engineering,Communication & Media Studies,Art, Performing Arts & Design,Civil Engineering,Sociology,Medicine & Dentistry,Mathematics & Statistics,Psychology,Computer Science,Chemistry,Accounting & Finance,Architecture,Sport Science,Education,General Engineering,Geology, Environmental, Earth & Marine Sciences,Economics & Econometrics,Languages, Literature & Linguistics,Chemical Engineering,Geography,History, Philosophy & Theology,Biological Sciences,Law,Other Health,Physics & Astronomy,Business & Management",False,False,False,https://www.timeshighereducation.com/student/register-interest/shorelight?utm_medium=thewebsite&utm_campaign=cta-link&utm_source=rankings&iid=i-22783831
301-350,University of Tampere,-,368,22.9,352,22.2,316,58.7,276,42.5,202,45.6,268,master_account,0,/world-university-rankings/university-tampere,807,Finland,,,,,University of Tampere,"Medicine & Dentistry,Business & Management,Sociology,Politics & International Studies (incl Development Studies),Languages, Literature & Linguistics,Education,Computer Science,Other Health,Accounting & Finance,Communication & Media Studies,History, Philosophy & Theology,Psychology,Art, Performing Arts & Design,Law,Mathematics & Statistics,Economics & Econometrics",False,False,False,
301-350,University of Nebraska Medical Center,-,345,36.4,182,16.5,372,51.5,332,34.5,291,34.8,340,master_account,0,/world-university-rankings/university-nebraska-medical-center,1029,United States,,,,,University of Nebraska Medical Center,"Biological Sciences,Other Health,Politics & International Studies (incl Development Studies),Psychology,Medicine & Dentistry,Education,Business & Management",False,False,False,https://www.timeshighereducation.com/student/register-interest/shorelight?utm_medium=thewebsite&utm_campaign=cta-link&utm_source=rankings&iid=i-57877133
301-350,University of Valencia,-,379,17.9,391,12.0,391,72.7,172,30.8,349,43.7,282,master_account,0,/world-university-rankings/university-valencia,809,Spain,,,,,University of Valencia,"Chemical Engineering,Psychology,Physics & Astronomy,History, Philosophy & Theology,Mathematics & Statistics,Other Health,Education,Agriculture & Forestry,Art, Performing Arts & Design,Law,Biological Sciences,Computer Science,Sociology,Accounting & Finance,Business & Management,Politics & International Studies (incl Development Studies),Sport Science,Architecture,Geology, Environmental, Earth & Marine Sciences,Medicine & Dentistry,Geography,Communication & Media Studies,Languages, Literature & Linguistics,Economics & Econometrics,Chemistry,Electrical & Electronic Engineering",False,False,False,
301-350,Novosibirsk State University,-,264,24.6,337,17.2,363,70.5,187,33.4,309,43.8,280,master_account,0,/world-university-rankings/novosibirsk-state-university,1030,Russian Federation,,,,,Novosibirsk State University,"Physics & Astronomy,Languages, Literature & Linguistics,Education,Politics & International Studies (incl Development Studies),Geology, Environmental, Earth & Marine Sciences,Art, Performing Arts & Design,Other Health,Civil Engineering,Mathematics & Statistics,General Engineering,Sociology,Archaeology,History, Philosophy & Theology,Accounting & Finance,Chemical Engineering,Medicine & Dentistry,Computer Science,Mechanical & Aerospace Engineering,Business & Management,Communication & Media Studies,Electrical & Electronic Engineering,Agriculture & Forestry,Economics & Econometrics,Chemistry,Law,Psychology,Biological Sciences",False,False,True,
301-350,University of Tsukuba,-,375,33.4,212,21.6,324,51.1,335,36.9,260,36.1,329,master_account,0,/world-university-rankings/university-tsukuba,735,Japan,,,,,University of Tsukuba,"Chemical Engineering,Mechanical & Aerospace Engineering,Architecture,Computer Science,Agriculture & Forestry,Chemistry,History, Philosophy & Theology,Politics & International Studies (incl Development Studies),Education,Civil Engineering,Languages, Literature & Linguistics,Art, Performing Arts & Design,Psychology,Other Health,Medicine & Dentistry,Geology, Environmental, Earth & Marine Sciences,Business & Management,Economics & Econometrics,Physics & Astronomy,Communication & Media Studies,Accounting & Finance,Geography,Sociology,Electrical & Electronic Engineering,Biological Sciences,General Engineering,Archaeology,Mathematics & Statistics,Sport Science,Law",False,False,False,
301-350,Renmin University of China,-,272,34.9,198,14.7,381,59.6,273,42.8,198,44.4,276,master_account,0,/world-university-rankings/renmin-university-china,894,China,,,,,Renmin University of China,"Agriculture & Forestry,Psychology,Communication & Media Studies,Accounting & Finance,Chemistry,Languages, Literature & Linguistics,Sociology,History, Philosophy & Theology,Geology, Environmental, Earth & Marine Sciences,Mathematics & Statistics,Archaeology,Computer Science,Law,Art, Performing Arts & Design,Education,Physics & Astronomy,Politics & International Studies (incl Development Studies),Business & Management",False,False,False,
301-350,San Diego State University,-,276,19.7,380,24.8,280,65.6,223,29.2,365,26.9,377,public,0,/world-university-rankings/san-diego-state-university,969,United States,,,,,San Diego State University,"Languages, Literature & Linguistics,Chemistry,Other Health,Geography,Psychology,History, Philosophy & Theology,Physics & Astronomy,Electrical & Electronic Engineering,Politics & International Studies (incl Development Studies),Economics & Econometrics,Art, Performing Arts & Design,Mathematics & Statistics,Geology, Environmental, Earth & Marine Sciences,Business & Management,Mechanical & Aerospace Engineering,Education,Sport Science,Biological Sciences,Computer Science,Communication & Media Studies,Accounting & Finance,Civil Engineering,General Engineering,Sociology",False,False,False,https://www.timeshighereducation.com/student/register-interest/shorelight?utm_medium=thewebsite&utm_campaign=cta-link&utm_source=rankings&iid=i-78657722
301-350,University of Stuttgart,-,367,30.6,256,17.3,360,56.9,297,48.2,154,59.3,173,master_account,0,/world-university-rankings/university-stuttgart,1031,Germany,,,,,University of Stuttgart,"Mathematics & Statistics,Sociology,Chemistry,Electrical & Electronic Engineering,History, Philosophy & Theology,Physics & Astronomy,Business & Management,General Engineering,Computer Science,Chemical Engineering,Politics & International Studies (incl Development Studies),Sport Science,Languages, Literature & Linguistics,Civil Engineering,Mechanical & Aerospace Engineering,Biological Sciences,Architecture",False,False,False,
301-350,Bangor University,-,208,22.4,353,23.0,300,55.8,301,31.1,344,73.1,90,master_account,0,/world-university-rankings/bangor-university,715,United Kingdom,,,,,Bangor University,"Economics & Econometrics,Accounting & Finance,Geology, Environmental, Earth & Marine Sciences,Law,Art, Performing Arts & Design,Archaeology,Politics & International Studies (incl Development Studies),Education,Electrical & Electronic Engineering,Business & Management,Computer Science,Communication & Media Studies,Languages, Literature & Linguistics,History, Philosophy & Theology,Psychology,Biological Sciences,Geography,Sport Science,Sociology,Other Health,Agriculture & Forestry",False,False,False,https://www.timeshighereducation.com/student/register-interest/siuk?utm_medium=thewebsite&utm_campaign=cta-link&utm_source=rankings&iid=i-57489761
301-350,University of Campinas,-,281,43.4,112,38.8,139,28.0,401,44.5,179,20.7,395,master_account,0,/world-university-rankings/university-campinas,759,Brazil,,,,,University of Campinas,"Business & Management,Agriculture & Forestry,Computer Science,Chemistry,Sociology,Electrical & Electronic Engineering,Geography,History, Philosophy & Theology,Education,Communication & Media Studies,Politics & International Studies (incl Development Studies),Physics & Astronomy,General Engineering,Biological Sciences,Geology, Environmental, Earth & Marine Sciences,Economics & Econometrics,Other Health,Architecture,Mechanical & Aerospace Engineering,Accounting & Finance,Mathematics & Statistics,Sport Science,Medicine & Dentistry,Civil Engineering,Chemical Engineering,Art, Performing Arts & Design,Languages, Literature & Linguistics",False,False,False,
301-350,University Cadi Ayyad of Marrakech,-,337,16.3,396,6.5,401,83.0,86,28.6,377,45.1,270,master_account,0,/world-university-rankings/university-cadi-ayyad-marrakech,998,Morocco,,,,,University Cadi Ayyad of Marrakech,"Law,Computer Science,Mathematics & Statistics,Education,Physics & Astronomy,Business & Management,General Engineering,Geology, Environmental, Earth & Marine Sciences,Chemistry,Accounting & Finance,Languages, Literature & Linguistics,Civil Engineering,Sociology,Mechanical & Aerospace Engineering,Politics & International Studies (incl Development Studies),Medicine & Dentistry,Agriculture & Forestry,Electrical & Electronic Engineering,Communication & Media Studies,Economics & Econometrics,Other Health,Biological Sciences,Psychology,History, Philosophy & Theology,Chemical Engineering,Geography",False,False,False,
301-350,Deakin University,-,224,20.1,378,20.6,329,57.5,286,30.6,352,71.8,92,master_account,0,/world-university-rankings/deakin-university,822,Australia,,,,,Deakin University,"Architecture,Agriculture & Forestry,Geography,Languages, Literature & Linguistics,Chemistry,Civil Engineering,Art, Performing Arts & Design,Geology, Environmental, Earth & Marine Sciences,Sport Science,Sociology,Other Health,Education,Computer Science,Psychology,Electrical & Electronic Engineering,Mechanical & Aerospace Engineering,Biological Sciences,Medicine & Dentistry,Politics & International Studies (incl Development Studies),Accounting & Finance,Mathematics & Statistics,Communication & Media Studies,History, Philosophy & Theology,Law,General Engineering,Business & Management,Economics & Econometrics",False,False,False,https://www.timeshighereducation.com/student/register-interest/aecc?utm_medium=thewebsite&utm_campaign=cta-link&utm_source=rankings&iid=i-92679623
301-350,Hong Kong Baptist University,-,233,21.2,363,13.2,387,70.8,184,29.1,368,62.3,146,master_account,0,/world-university-rankings/hong-kong-baptist-university,748,Hong Kong,,,,,Hong Kong Baptist University hkbu,"Medicine & Dentistry,Business & Management,Computer Science,Sociology,Art, Performing Arts & Design,Biological Sciences,Geography,History, Philosophy & Theology,Languages, Literature & Linguistics,Chemistry,Accounting & Finance,Communication & Media Studies,Education,Politics & International Studies (incl Development Studies),Mathematics & Statistics,Economics & Econometrics,Agriculture & Forestry,Sport Science,Physics & Astronomy,Other Health,Geology, Environmental, Earth & Marine Sciences",False,False,False,
301-350,University of Bath,-,302,29.2,275,25.1,276,47.5,359,36.7,262,76.1,79,master_account,11,/world-university-rankings/university-bath,716,United Kingdom,,,,,University of Bath,"Languages, Literature & Linguistics,Mathematics & Statistics,Accounting & Finance,Education,Civil Engineering,Architecture,Physics & Astronomy,Business & Management,General Engineering,Geology, Environmental, Earth & Marine Sciences,Mechanical & Aerospace Engineering,Psychology,Economics & Econometrics,Sport Science,Chemical Engineering,Politics & International Studies (incl Development Studies),Other Health,Biological Sciences,Computer Science,Sociology,Electrical & Electronic Engineering,Chemistry",False,False,False,https://www.timeshighereducation.com/student/register-interest/siuk?utm_medium=thewebsite&utm_campaign=cta-link&utm_source=rankings&iid=i-70346313
301-350,Wayne State University,-,393,32.0,232,15.2,380,61.0,263,-,400,30.7,360,public,0,/world-university-rankings/wayne-state-university,738,United States,,,,,Wayne State University,"Accounting & Finance,Electrical & Electronic Engineering,Physics & Astronomy,Business & Management,Other Health,Mathematics & Statistics,Architecture,Civil Engineering,Communication & Media Studies,Education,Law,Biological Sciences,Psychology,Computer Science,History, Philosophy & Theology,Chemistry,Economics & Econometrics,Medicine & Dentistry,Art, Performing Arts & Design,Agriculture & Forestry,Politics & International Studies (incl Development Studies),Sport Science,General Engineering,Languages, Literature & Linguistics,Sociology,Chemical Engineering,Mechanical & Aerospace Engineering,Geology, Environmental, Earth & Marine Sciences",False,False,False,https://www.timeshighereducation.com/student/register-interest/shorelight?utm_medium=thewebsite&utm_campaign=cta-link&utm_source=rankings&iid=i-27884402
301-350,University of Warsaw,-,382,20.8,368,13.6,386,70.0,193,28.5,378,41.6,294,master_account,0,/world-university-rankings/university-warsaw,813,Poland,,,,,University of Warsaw,"Accounting & Finance,Law,Computer Science,Geography,Chemistry,Medicine & Dentistry,Languages, Literature & Linguistics,Mathematics & Statistics,History, Philosophy & Theology,Archaeology,Sociology,Biological Sciences,Art, Performing Arts & Design,Psychology,Business & Management,Education,Physics & Astronomy,Economics & Econometrics,Communication & Media Studies,Geology, Environmental, Earth & Marine Sciences,Politics & International Studies (incl Development Studies)",False,False,False,
301-350,Creighton University,-,221,40.7,131,10.4,396,63.3,236,32.4,323,29.1,369,private,0,/world-university-rankings/creighton-university,697,United States,,,,,Creighton University,"Art, Performing Arts & Design,Geography,Mathematics & Statistics,Business & Management,Sport Science,Communication & Media Studies,Chemistry,Accounting & Finance,Computer Science,Law,History, Philosophy & Theology,Politics & International Studies (incl Development Studies),Languages, Literature & Linguistics,Physics & Astronomy,Economics & Econometrics,Other Health,Geology, Environmental, Earth & Marine Sciences,Education,Biological Sciences,Psychology,Medicine & Dentistry,Sociology",False,False,False,https://www.timeshighereducation.com/student/register-interest/shorelight?utm_medium=thewebsite&utm_campaign=cta-link&utm_source=rankings&iid=i-19911524
301-350,University of Manitoba,-,336,31.6,240,29.4,227,48.2,354,43.5,190,43.4,284,master_account,0,/world-university-rankings/university-manitoba,790,Canada,,,,,University of Manitoba,"Computer Science,Archaeology,Mathematics & Statistics,Law,Agriculture & Forestry,Medicine & Dentistry,Business & Management,History, Philosophy & Theology,Sport Science,Geology, Environmental, Earth & Marine Sciences,Chemical Engineering,Electrical & Electronic Engineering,Education,Accounting & Finance,Art, Performing Arts & Design,Economics & Econometrics,Architecture,Physics & Astronomy,Other Health,Chemistry,Politics & International Studies (incl Development Studies),Civil Engineering,Biological Sciences,Geography,General Engineering,Mechanical & Aerospace Engineering,Psychology,Languages, Literature & Linguistics,Sociology",False,False,False,https://www.timeshighereducation.com/student/register-interest/applyboard?utm_medium=thewebsite&utm_campaign=cta-link&utm_source=rankings&iid=i-35304783
301-350,Sun Yat-sen University,-,284,32.5,220,25.2,272,54.1,314,58.9,104,37.0,323,master_account,0,/world-university-rankings/sun-yat-sen-university,760,China,,,,,Sun Yat-sen University,"Computer Science,Sport Science,Mechanical & Aerospace Engineering,History, Philosophy & Theology,Sociology,Chemistry,Electrical & Electronic Engineering,Medicine & Dentistry,Art, Performing Arts & Design,Veterinary Science,Accounting & Finance,Education,Biological Sciences,Geology, Environmental, Earth & Marine Sciences,General Engineering,Agriculture & Forestry,Architecture,Psychology,Economics & Econometrics,Physics & Astronomy,Business & Management,Languages, Literature & Linguistics,Law,Communication & Media Studies,Archaeology,Other Health,Chemical Engineering,Mathematics & Statistics,Geography,Politics & International Studies (incl Development Studies),Civil Engineering",False,False,False,
301-350,University of Oklahoma,-,349,32.6,219,15.7,377,57.5,291,34.5,292,30.0,363,public,0,/world-university-rankings/university-oklahoma,794,United States,,,,,University of Oklahoma,"General Engineering,Physics & Astronomy,Business & Management,Archaeology,Chemical Engineering,Sociology,Architecture,Chemistry,Accounting & Finance,Languages, Literature & Linguistics,Mathematics & Statistics,Psychology,Medicine & Dentistry,Geology, Environmental, Earth & Marine Sciences,Economics & Econometrics,Computer Science,Sport Science,Education,Other Health,Biological Sciences,Law,Art, Performing Arts & Design,Civil Engineering,Communication & Media Studies,Electrical & Electronic Engineering,Politics & International Studies (incl Development Studies),History, Philosophy & Theology,Mechanical & Aerospace Engineering,Geography",False,False,False,https://www.timeshighereducation.com/student/register-interest/shorelight?utm_medium=thewebsite&utm_campaign=cta-link&utm_source=rankings&iid=i-11900483
301-350,Zhejiang University,-,401,36.0,185,33.1,195,40.2,387,88.6,38,21.5,392,master_account,0,/world-university-rankings/zhejiang-university,815,China,,,,,Zhejiang University ZJU Zhejiang University China research,"Chemical Engineering,Business & Management,Other Health,Biological Sciences,Politics & International Studies (incl Development Studies),Languages, Literature & Linguistics,Law,Architecture,Geography,Communication & Media Studies,Economics & Econometrics,Physics & Astronomy,Geology, Environmental, Earth & Marine Sciences,Computer Science,Agriculture & Forestry,History, Philosophy & Theology,Civil Engineering,Psychology,Sport Science,Electrical & Electronic Engineering,Mathematics & Statistics,Chemistry,Education,Sociology,General Engineering,Art, Performing Arts & Design,Mechanical & Aerospace Engineering,Veterinary Science,Medicine & Dentistry,Accounting & Finance,Archaeology",False,False,False,
301-350,University of Connecticut,-,310,37.6,166,27.1,264,45.4,368,31.1,345,38.8,311,public,0,/world-university-rankings/university-connecticut,879,United States,,,,,University of Connecticut,"Physics & Astronomy,General Engineering,Other Health,Sport Science,Geography,Electrical & Electronic Engineering,Communication & Media Studies,Civil Engineering,Geology, Environmental, Earth & Marine Sciences,Accounting & Finance,Mechanical & Aerospace Engineering,Chemistry,Art, Performing Arts & Design,Agriculture & Forestry,Politics & International Studies (incl Development Studies),Languages, Literature & Linguistics,Chemical Engineering,Sociology,Medicine & Dentistry,Veterinary Science,Education,Computer Science,Mathematics & Statistics,Psychology,History, Philosophy & Theology,Biological Sciences,Law,Business & Management,Economics & Econometrics",False,False,False,https://www.timeshighereducation.com/student/register-interest/shorelight?utm_medium=thewebsite&utm_campaign=cta-link&utm_source=rankings&iid=i-04748462
301-350,University of Jyväskylä,-,329,27.6,303,24.0,290,50.2,342,-,394,47.2,259,master_account,0,/world-university-rankings/university-jyvaskyla,900,Finland,,,,,University of Jyväskylä,"Politics & International Studies (incl Development Studies),Sociology,Languages, Literature & Linguistics,Sport Science,Computer Science,Economics & Econometrics,Communication & Media Studies,Education,Biological Sciences,Business & Management,Art, Performing Arts & Design,Other Health,Accounting & Finance,Mathematics & Statistics,Physics & Astronomy,Chemistry,History, Philosophy & Theology,Psychology",False,False,False,
351-400,Aston University,-,205,19.4,384,21.6,322,45.1,370,35.7,274,79.7,63,master_account,0,/world-university-rankings/aston-university,816,United Kingdom,,,,,Aston University,"Economics & Econometrics,Biological Sciences,Languages, Literature & Linguistics,Mechanical & Aerospace Engineering,Computer Science,Politics & International Studies (incl Development Studies),Other Health,Law,Chemical Engineering,Mathematics & Statistics,Sociology,Civil Engineering,Chemistry,Psychology,Business & Management,Medicine & Dentistry,History, Philosophy & Theology,Accounting & Finance,Electrical & Electronic Engineering,General Engineering",False,False,False,https://www.timeshighereducation.com/student/register-interest/siuk?utm_medium=thewebsite&utm_campaign=cta-link&utm_source=rankings&iid=i-95141863
351-400,University of Bayreuth,-,209,21.3,362,12.9,389,61.8,254,34.8,284,53.9,210,master_account,0,/world-university-rankings/university-bayreuth,881,Germany,,,,,University of Bayreuth,"Economics & Econometrics,Languages, Literature & Linguistics,Mathematics & Statistics,Other Health,Education,Politics & International Studies (incl Development Studies),Chemical Engineering,Communication & Media Studies,Computer Science,Mechanical & Aerospace Engineering,History, Philosophy & Theology,Electrical & Electronic Engineering,Law,General Engineering,Geology, Environmental, Earth & Marine Sciences,Sport Science,Business & Management,Chemistry,Geography,Sociology,Physics & Astronomy,Biological Sciences,Accounting & Finance,Art, Performing Arts & Design",False,False,False,
351-400,King Mongkut’s University of Technology Thonburi,-,241,16.7,395,10.0,398,75.0,141,56.5,113,22.5,390,master_account,0,/world-university-rankings/king-mongkuts-university-technology-thonburi,901,Thailand,,,,,King Mongkut’s University of Technology Thonburi,"Education,Computer Science,Civil Engineering,Electrical & Electronic Engineering,Architecture,General Engineering,Chemistry,Business & Management,Accounting & Finance,Agriculture & Forestry,Biological Sciences,Communication & Media Studies,Mathematics & Statistics,Languages, Literature & Linguistics,Chemical Engineering,Mechanical & Aerospace Engineering,Geology, Environmental, Earth & Marine Sciences,Physics & Astronomy",False,False,False,
351-400,Aalborg University,-,202,23.8,346,28.5,238,39.9,388,43.9,185,65.8,126,master_account,1,/world-university-rankings/aalborg-university,766,Denmark,,,,,Aalborg University,"Agriculture & Forestry,Geography,History, Philosophy & Theology,Electrical & Electronic Engineering,Geology, Environmental, Earth & Marine Sciences,Economics & Econometrics,Languages, Literature & Linguistics,Chemistry,Accounting & Finance,Civil Engineering,Politics & International Studies (incl Development Studies),Other Health,Sport Science,Education,Medicine & Dentistry,Chemical Engineering,Sociology,Art, Performing Arts & Design,Biological Sciences,Law,General Engineering,Physics & Astronomy,Business & Management,Architecture,Mechanical & Aerospace Engineering,Communication & Media Studies,Computer Science,Mathematics & Statistics,Psychology",False,False,False,
351-400,University of Graz,-,322,23.7,349,17.3,359,55.1,308,30.2,357,64.8,129,master_account,0,/world-university-rankings/university-graz,721,Austria,,,,,University of Graz,"Psychology,Geology, Environmental, Earth & Marine Sciences,Biological Sciences,Law,History, Philosophy & Theology,Physics & Astronomy,Economics & Econometrics,Architecture,Other Health,Sociology,Chemical Engineering,Sport Science,Languages, Literature & Linguistics,Communication & Media Studies,Archaeology,Mathematics & Statistics,Business & Management,Computer Science,Education,Art, Performing Arts & Design,Chemistry",False,False,False,
351-400,University of Bari Aldo Moro,-,301,29.1,278,18.1,350,52.0,327,35.2,279,38.1,313,master_account,0,/world-university-rankings/university-bari-aldo-moro,818,Italy,,,,,University of Bari Aldo Moro,"Computer Science,Politics & International Studies (incl Development Studies),History, Philosophy & Theology,Physics & Astronomy,Accounting & Finance,Sociology,Agriculture & Forestry,Biological Sciences,Education,Sport Science,Psychology,Veterinary Science,Law,Archaeology,Chemistry,Economics & Econometrics,Languages, Literature & Linguistics,Mathematics & Statistics,Business & Management,Medicine & Dentistry,Geology, Environmental, Earth & Marine Sciences,Other Health,Communication & Media Studies",False,False,False,
351-400,University of Minho,-,340,20.2,376,16.2,375,60.6,265,44.5,180,49.7,241,master_account,0,/world-university-rankings/university-minho,903,Portugal,,,,,University of Minho,"Communication & Media Studies,Psychology,Art, Performing Arts & Design,General Engineering,Geology, Environmental, Earth & Marine Sciences,Mechanical & Aerospace Engineering,Medicine & Dentistry,Mathematics & Statistics,Electrical & Electronic Engineering,Sociology,Other Health,Economics & Econometrics,Civil Engineering,Chemistry,Business & Management,Computer Science,Physics & Astronomy,Archaeology,Education,History, Philosophy & Theology,Law,Accounting & Finance,Languages, Literature & Linguistics,Architecture,Geography,Biological Sciences,Politics & International Studies (incl Development Studies),Chemical Engineering,Agriculture & Forestry",False,False,False,
351-400,National Taiwan University of Science and Technology (Taiwan Tech),-,259,27.7,299,42.6,118,30.9,398,82.0,53,26.7,379,master_account,0,/world-university-rankings/national-taiwan-university-science-and-technology-taiwan-tech,793,Taiwan,,,,,National Taiwan University of Science and Technology (Taiwan Tech),"Accounting & Finance,Electrical & Electronic Engineering,Mechanical & Aerospace Engineering,Art, Performing Arts & Design,Civil Engineering,Languages, Literature & Linguistics,Chemical Engineering,Computer Science,General Engineering,Education,Architecture,Business & Management",False,False,False,
351-400,Curtin University,-,222,20.1,377,17.1,364,45.3,369,36.1,269,91.3,11,master_account,6,/world-university-rankings/curtin-university,821,Australia,,,,,Curtin University Curtin,"General Engineering,Chemistry,Geography,Computer Science,Biological Sciences,Politics & International Studies (incl Development Studies),Architecture,Mathematics & Statistics,Law,History, Philosophy & Theology,Agriculture & Forestry,Communication & Media Studies,Accounting & Finance,Other Health,Sport Science,Languages, Literature & Linguistics,Chemical Engineering,Business & Management,Medicine & Dentistry,Physics & Astronomy,Education,Art, Performing Arts & Design,Civil Engineering,Psychology,Electrical & Electronic Engineering,Geology, Environmental, Earth & Marine Sciences,Mechanical & Aerospace Engineering,Sociology,Economics & Econometrics",False,False,False,
351-400,University of Waikato,-,381,18.6,388,17.0,367,50.0,344,50.0,140,80.3,61,master_account,0,/world-university-rankings/university-waikato,812,New Zealand,,,,,University of Waikato UoW,"Other Health,Mathematics & Statistics,Psychology,History, Philosophy & Theology,Sport Science,Law,Computer Science,Physics & Astronomy,Business & Management,Civil Engineering,Politics & International Studies (incl Development Studies),Art, Performing Arts & Design,Biological Sciences,Geography,Mechanical & Aerospace Engineering,Communication & Media Studies,Economics & Econometrics,Languages, Literature & Linguistics,Agriculture & Forestry,Education,General Engineering,Chemistry,Electrical & Electronic Engineering,Geology, Environmental, Earth & Marine Sciences,Accounting & Finance,Chemical Engineering,Sociology",False,False,False,https://www.timeshighereducation.com/student/register-interest/aecc?utm_medium=thewebsite&utm_campaign=cta-link&utm_source=rankings&iid=i-22862122
351-400,Mizzou – University of Missouri,-,341,31.7,238,22.0,318,46.6,364,31.2,342,29.6,366,public,0,/world-university-rankings/mizzou-university-missouri,706,United States,,,,,Mizzou – University of Missouri,"Electrical & Electronic Engineering,Chemistry,Accounting & Finance,Computer Science,Mathematics & Statistics,Psychology,Art, Performing Arts & Design,Civil Engineering,Communication & Media Studies,Other Health,Sport Science,Education,Mechanical & Aerospace Engineering,Geology, Environmental, Earth & Marine Sciences,Economics & Econometrics,Medicine & Dentistry,Veterinary Science,Law,Languages, Literature & Linguistics,Chemical Engineering,Politics & International Studies (incl Development Studies),Archaeology,Biological Sciences,Geography,General Engineering,Physics & Astronomy,Business & Management,History, Philosophy & Theology,Agriculture & Forestry,Sociology",False,False,False,https://www.timeshighereducation.com/student/register-interest/shorelight?utm_medium=thewebsite&utm_campaign=cta-link&utm_source=rankings&iid=i-11279063
351-400,Hokkaido University,-,232,38.4,154,27.5,255,32.2,397,43.4,191,25.2,386,master_account,11,/world-university-rankings/hokkaido-university,747,Japan,,,,,Hokkaido University,"Medicine & Dentistry,Chemistry,Mechanical & Aerospace Engineering,Geology, Environmental, Earth & Marine Sciences,Geography,Other Health,Business & Management,Biological Sciences,Accounting & Finance,History, Philosophy & Theology,Civil Engineering,Art, Performing Arts & Design,Veterinary Science,Psychology,Agriculture & Forestry,Sociology,Languages, Literature & Linguistics,Computer Science,Sport Science,Electrical & Electronic Engineering,Physics & Astronomy,Communication & Media Studies,Architecture,Chemical Engineering,Mathematics & Statistics,Law,Economics & Econometrics,Archaeology,General Engineering,Education,Politics & International Studies (incl Development Studies)",False,False,False,
351-400,National Cheng Kung University (NCKU),-,256,31.8,236,40.1,129,28.4,400,100.0,8,26.7,378,master_account,0,/world-university-rankings/national-cheng-kung-university-ncku,885,Taiwan,,,,,National Cheng Kung University (NCKU),"Archaeology,Agriculture & Forestry,Business & Management,Art, Performing Arts & Design,Civil Engineering,Geology, Environmental, Earth & Marine Sciences,Electrical & Electronic Engineering,Politics & International Studies (incl Development Studies),History, Philosophy & Theology,Chemical Engineering,Education,Other Health,Mathematics & Statistics,Medicine & Dentistry,Sport Science,Economics & Econometrics,General Engineering,Chemistry,Architecture,Biological Sciences,Psychology,Languages, Literature & Linguistics,Mechanical & Aerospace Engineering,Law,Computer Science,Physics & Astronomy,Accounting & Finance",False,False,False,
351-400,Wuhan University of Technology,-,397,16.2,398,8.0,400,75.8,138,57.8,108,21.4,393,master_account,0,/world-university-rankings/wuhan-university-technology,929,China,,,,,Wuhan University of Technology,"Electrical & Electronic Engineering,Mathematics & Statistics,Languages, Literature & Linguistics,Civil Engineering,Geology, Environmental, Earth & Marine Sciences,Business & Management,Physics & Astronomy,Sociology,Architecture,History, Philosophy & Theology,Chemistry,Accounting & Finance,Computer Science,Communication & Media Studies,Biological Sciences,Sport Science,Art, Performing Arts & Design,Chemical Engineering,Education,Law,Geography,Mechanical & Aerospace Engineering,Politics & International Studies (incl Development Studies),General Engineering,Economics & Econometrics",False,False,False,
351-400,National Sun Yat-Sen University,-,258,26.4,316,32.9,197,39.0,391,47.0,161,24.2,388,master_account,0,/world-university-rankings/national-sun-yat-sen-university,728,Taiwan,,,,,National Sun Yat-Sen University,"Languages, Literature & Linguistics,Education,Agriculture & Forestry,Art, Performing Arts & Design,Architecture,Chemistry,Medicine & Dentistry,Biological Sciences,Law,Communication & Media Studies,Electrical & Electronic Engineering,History, Philosophy & Theology,Chemical Engineering,Physics & Astronomy,Psychology,Civil Engineering,Sociology,Computer Science,Geology, Environmental, Earth & Marine Sciences,Economics & Econometrics,Mechanical & Aerospace Engineering,Politics & International Studies (incl Development Studies),Accounting & Finance,General Engineering,Geography,Other Health,Mathematics & Statistics,Business & Management",False,False,False,
351-400,University of Eastern Finland,-,314,24.3,341,21.6,323,53.8,318,32.8,316,44.1,278,master_account,0,/world-university-rankings/university-eastern-finland,776,Finland,,,,,University of Eastern Finland,"Geography,Politics & International Studies (incl Development Studies),Physics & Astronomy,Computer Science,Medicine & Dentistry,Education,Languages, Literature & Linguistics,Mathematics & Statistics,Economics & Econometrics,General Engineering,Agriculture & Forestry,Chemistry,Biological Sciences,Geology, Environmental, Earth & Marine Sciences,Other Health,History, Philosophy & Theology,Business & Management,Law,Psychology,Accounting & Finance,Sociology",False,False,False,
351-400,Swinburne University of Technology,-,286,20.2,375,16.3,373,50.2,341,38.8,246,86.9,28,master_account,11,/world-university-rankings/swinburne-university-technology,858,Australia,,,,,Swinburne University of Technology Swinburne University of Technology Swinburne SUT,"Civil Engineering,Medicine & Dentistry,Computer Science,General Engineering,Languages, Literature & Linguistics,Agriculture & Forestry,Art, Performing Arts & Design,Chemical Engineering,Economics & Econometrics,Business & Management,Communication & Media Studies,Other Health,Mathematics & Statistics,Sport Science,Chemistry,Accounting & Finance,History, Philosophy & Theology,Mechanical & Aerospace Engineering,Architecture,Education,Politics & International Studies (incl Development Studies),Electrical & Electronic Engineering,Psychology,Sociology,Law,Physics & Astronomy,Biological Sciences",False,False,False,https://www.timeshighereducation.com/student/register-interest/aecc?utm_medium=thewebsite&utm_campaign=cta-link&utm_source=rankings&iid=i-90741515
351-400,Claude Bernard University Lyon 1,-,219,19.1,386,17.2,362,62.6,246,33.6,305,52.1,223,master_account,0,/world-university-rankings/claude-bernard-university-lyon-1,886,France,,,,,Claude Bernard University Lyon 1,"Chemical Engineering,Business & Management,Civil Engineering,Education,Electrical & Electronic Engineering,Chemistry,Computer Science,Mathematics & Statistics,Agriculture & Forestry,Economics & Econometrics,Medicine & Dentistry,Veterinary Science,General Engineering,Physics & Astronomy,Other Health,Sport Science,Biological Sciences,Accounting & Finance,Mechanical & Aerospace Engineering,Geology, Environmental, Earth & Marine Sciences",False,False,False,
351-400,Isfahan University of Technology,-,239,20.7,370,27.3,259,48.9,350,84.1,48,20.0,397,master_account,0,/world-university-rankings/isfahan-university-technology,953,Iran,,,,,Isfahan University of Technology,"Physics & Astronomy,General Engineering,Veterinary Science,Civil Engineering,Agriculture & Forestry,Electrical & Electronic Engineering,Chemistry,Mechanical & Aerospace Engineering,Chemical Engineering,Mathematics & Statistics,Geology, Environmental, Earth & Marine Sciences,Computer Science,Biological Sciences",False,False,False,
351-400,Umeå University,-,296,21.2,365,25.7,269,52.7,321,31.3,341,50.3,233,master_account,0,/world-university-rankings/umea-university,688,Sweden,,,,,Umeå University,"Medicine & Dentistry,Geology, Environmental, Earth & Marine Sciences,Law,Computer Science,Communication & Media Studies,Psychology,Other Health,Accounting & Finance,Languages, Literature & Linguistics,Electrical & Electronic Engineering,Physics & Astronomy,Business & Management,Art, Performing Arts & Design,General Engineering,Chemistry,Education,Architecture,Civil Engineering,Mathematics & Statistics,Chemical Engineering,Economics & Econometrics,Archaeology,Biological Sciences,Politics & International Studies (incl Development Studies),Agriculture & Forestry,Sociology,History, Philosophy & Theology,Mechanical & Aerospace Engineering,Sport Science,Geography",False,False,False,
351-400,University of Ferrara,-,317,19.5,382,15.2,379,64.5,230,40.4,221,42.1,293,master_account,0,/world-university-rankings/university-ferrara,777,Italy,,,,,University of Ferrara,"Agriculture & Forestry,Business & Management,Medicine & Dentistry,Physics & Astronomy,Civil Engineering,Education,Electrical & Electronic Engineering,Communication & Media Studies,Languages, Literature & Linguistics,Biological Sciences,Economics & Econometrics,Architecture,Sport Science,Archaeology,Mathematics & Statistics,Mechanical & Aerospace Engineering,Law,Other Health,Chemistry,Computer Science,Geology, Environmental, Earth & Marine Sciences",False,False,False,
351-400,University of Turku,-,377,24.3,342,21.8,320,47.7,358,32.1,328,46.3,265,master_account,6,/world-university-rankings/university-turku,861,Finland,,,,,University of Turku,"Civil Engineering,Business & Management,Geography,Other Health,Mathematics & Statistics,Medicine & Dentistry,Geology, Environmental, Earth & Marine Sciences,Accounting & Finance,General Engineering,History, Philosophy & Theology,Communication & Media Studies,Sociology,Mechanical & Aerospace Engineering,Computer Science,Languages, Literature & Linguistics,Law,Biological Sciences,Archaeology,Economics & Econometrics,Psychology,Physics & Astronomy,Chemical Engineering,Chemistry,Education,Politics & International Studies (incl Development Studies)",False,False,False,
351-400,George Mason University,-,228,26.3,317,20.3,331,53.9,315,28.7,376,35.8,334,public,0,/world-university-rankings/george-mason-university,778,United States,,,,,George Mason University,"Mathematics & Statistics,Psychology,Geography,Sport Science,Computer Science,Mechanical & Aerospace Engineering,Physics & Astronomy,Law,History, Philosophy & Theology,Other Health,Veterinary Science,Accounting & Finance,Agriculture & Forestry,Art, Performing Arts & Design,Communication & Media Studies,Electrical & Electronic Engineering,Architecture,Civil Engineering,Economics & Econometrics,Languages, Literature & Linguistics,Medicine & Dentistry,Chemistry,Education,Biological Sciences,Sociology,Chemical Engineering,Geology, Environmental, Earth & Marine Sciences,General Engineering,Business & Management,Politics & International Studies (incl Development Studies),Archaeology",False,False,False,https://www.timeshighereducation.com/student/into-university-partnerships?utm_medium=thewebsite&utm_campaign=cta-link&utm_source=rankings&iid=i-27260358
351-400,Waseda University,-,391,25.5,328,16.3,374,55.5,304,32.6,322,43.1,287,master_account,6,/world-university-rankings/waseda-university,862,Japan,,,,,Waseda University Waseda Japan Tokyo,"Electrical & Electronic Engineering,Physics & Astronomy,Education,Architecture,Geology, Environmental, Earth & Marine Sciences,Psychology,Other Health,Sport Science,Economics & Econometrics,Medicine & Dentistry,Politics & International Studies (incl Development Studies),History, Philosophy & Theology,Chemical Engineering,Geography,Languages, Literature & Linguistics,Mechanical & Aerospace Engineering,Chemistry,Law,General Engineering,Mathematics & Statistics,Business & Management,Art, Performing Arts & Design,Civil Engineering,Biological Sciences,Accounting & Finance,Computer Science,Communication & Media Studies,Archaeology,Sociology",False,False,False,
351-400,University of Hertfordshire,-,324,16.2,397,10.9,393,65.0,227,29.6,360,74.9,84,master_account,0,/world-university-rankings/university-hertfordshire,779,United Kingdom,,,,,University of Hertfordshire,"Communication & Media Studies,Electrical & Electronic Engineering,General Engineering,Politics & International Studies (incl Development Studies),Accounting & Finance,Biological Sciences,Physics & Astronomy,Civil Engineering,Art, Performing Arts & Design,Business & Management,Psychology,Other Health,Sport Science,Law,Sociology,Veterinary Science,Mathematics & Statistics,Geology, Environmental, Earth & Marine Sciences,Economics & Econometrics,Education,Computer Science,Geography,Mechanical & Aerospace Engineering,Architecture",False,False,False,https://www.timeshighereducation.com/student/register-interest/siuk?utm_medium=thewebsite&utm_campaign=cta-link&utm_source=rankings&iid=i-38054073
351-400,Murdoch University,-,253,21.2,364,17.8,355,46.5,365,40.5,219,85.3,33,master_account,0,/world-university-rankings/murdoch-university,890,Australia,,,,,Murdoch University Murdoch,"Chemical Engineering,Agriculture & Forestry,Geology, Environmental, Earth & Marine Sciences,Computer Science,Economics & Econometrics,Politics & International Studies (incl Development Studies),Psychology,Electrical & Electronic Engineering,Languages, Literature & Linguistics,History, Philosophy & Theology,Sociology,Law,Accounting & Finance,Physics & Astronomy,Communication & Media Studies,General Engineering,Sport Science,Art, Performing Arts & Design,Mathematics & Statistics,Business & Management,Other Health,Veterinary Science,Education,Chemistry,Biological Sciences",False,False,False,
351-400,Bielefeld University,-,210,27.5,304,19.1,343,52.0,325,37.4,257,48.6,250,master_account,0,/world-university-rankings/bielefeld-university,717,Germany,,,,,Bielefeld University,"Languages, Literature & Linguistics,Chemistry,Accounting & Finance,Physics & Astronomy,Biological Sciences,Mathematics & Statistics,Education,Economics & Econometrics,Sport Science,Other Health,Communication & Media Studies,History, Philosophy & Theology,Chemical Engineering,Geology, Environmental, Earth & Marine Sciences,Psychology,Art, Performing Arts & Design,Medicine & Dentistry,Business & Management,Politics & International Studies (incl Development Studies),Sociology,Law,Computer Science",False,False,False,
351-400,University of Florence,-,318,18.1,390,17.3,358,60.8,264,35.4,277,37.4,317,master_account,0,/world-university-rankings/university-florence,964,Italy,,,,,University of Florence,"Physics & Astronomy,Other Health,Agriculture & Forestry,Geography,Computer Science,Mechanical & Aerospace Engineering,Archaeology,Civil Engineering,Communication & Media Studies,Languages, Literature & Linguistics,Electrical & Electronic Engineering,General Engineering,Business & Management,Education,Mathematics & Statistics,Sociology,Sport Science,Art, Performing Arts & Design,Politics & International Studies (incl Development Studies),Psychology,Architecture,Medicine & Dentistry,Veterinary Science,Accounting & Finance,Chemistry,Economics & Econometrics,Biological Sciences,History, Philosophy & Theology,Geology, Environmental, Earth & Marine Sciences,Law",False,False,False,
351-400,Hanyang University,-,230,31.5,242,32.3,204,29.0,399,88.7,37,48.4,251,master_account,6,/world-university-rankings/hanyang-university,936,South Korea,,,,,Hanyang University,"Architecture,History, Philosophy & Theology,Civil Engineering,Languages, Literature & Linguistics,Sociology,Chemical Engineering,Education,Economics & Econometrics,Physics & Astronomy,Sport Science,Law,Electrical & Electronic Engineering,Other Health,Geology, Environmental, Earth & Marine Sciences,Business & Management,Mechanical & Aerospace Engineering,Chemistry,Art, Performing Arts & Design,Computer Science,Politics & International Studies (incl Development Studies),Medicine & Dentistry,Mathematics & Statistics,Archaeology,General Engineering,Communication & Media Studies,Biological Sciences,Accounting & Finance",False,False,False,
351-400,Indian Institute of Technology Bombay,-,237,34.2,204,24.6,282,43.5,376,49.7,144,19.5,398,master_account,0,/world-university-rankings/indian-institute-technology-bombay,782,India,,,,,Indian Institute of Technology Bombay,"Mechanical & Aerospace Engineering,Education,Electrical & Electronic Engineering,Geography,Civil Engineering,General Engineering,Politics & International Studies (incl Development Studies),Chemistry,Computer Science,Communication & Media Studies,Chemical Engineering,Business & Management,Art, Performing Arts & Design,Geology, Environmental, Earth & Marine Sciences,Physics & Astronomy,Mathematics & Statistics,Economics & Econometrics",False,False,False,
351-400,University of Portsmouth,-,354,16.1,399,10.6,394,61.6,257,29.2,367,73.3,89,master_account,0,/world-university-rankings/university-portsmouth,893,United Kingdom,,,,,University of Portsmouth,"Geology, Environmental, Earth & Marine Sciences,Sociology,Art, Performing Arts & Design,Archaeology,Mathematics & Statistics,Geography,Economics & Econometrics,Architecture,Other Health,Accounting & Finance,Civil Engineering,Business & Management,Psychology,History, Philosophy & Theology,Medicine & Dentistry,Sport Science,General Engineering,Physics & Astronomy,Biological Sciences,Mechanical & Aerospace Engineering,Education,Languages, Literature & Linguistics,Chemical Engineering,Communication & Media Studies,Computer Science,Politics & International Studies (incl Development Studies),Law,Electrical & Electronic Engineering",False,False,False,https://www.timeshighereducation.com/student/register-interest/siuk?utm_medium=thewebsite&utm_campaign=cta-link&utm_source=rankings&iid=i-40952633
351-400,University of Navarra,-,344,29.5,271,22.3,313,41.7,382,90.2,32,46.2,266,master_account,0,/world-university-rankings/university-navarra,967,Spain,,,,,University of Navarra,"Architecture,Geography,Communication & Media Studies,Other Health,Law,Politics & International Studies (incl Development Studies),Electrical & Electronic Engineering,Psychology,Medicine & Dentistry,History, Philosophy & Theology,Accounting & Finance,Biological Sciences,Economics & Econometrics,Geology, Environmental, Earth & Marine Sciences,Languages, Literature & Linguistics,Business & Management,Education,Art, Performing Arts & Design,Computer Science,Chemistry,Agriculture & Forestry",False,False,False,
351-400,Western Sydney University,-,394,17.8,392,22.4,312,58.7,278,30.4,354,50.1,237,master_account,0,/world-university-rankings/western-sydney-university,1014,Australia,,,,,Western Sydney University University of Western Sydney WSU UWS,"Geology, Environmental, Earth & Marine Sciences,Other Health,Electrical & Electronic Engineering,Civil Engineering,Politics & International Studies (incl Development Studies),Veterinary Science,Biological Sciences,Geography,Archaeology,Chemical Engineering,Psychology,Languages, Literature & Linguistics,Mathematics & Statistics,Architecture,Business & Management,Chemistry,Computer Science,Economics & Econometrics,Sociology,Communication & Media Studies,Mechanical & Aerospace Engineering,Accounting & Finance,History, Philosophy & Theology,Agriculture & Forestry,Law,General Engineering,Medicine & Dentistry,Education,Physics & Astronomy,Art, Performing Arts & Design,Sport Science",False,False,False,
351-400,Lehigh University,-,247,25.4,329,16.6,370,56.3,299,39.2,240,34.5,341,private,0,/world-university-rankings/lehigh-university,787,United States,,,,,Lehigh University,"Architecture,Civil Engineering,Education,Biological Sciences,Business & Management,Chemical Engineering,Psychology,History, Philosophy & Theology,Mechanical & Aerospace Engineering,Sociology,Art, Performing Arts & Design,General Engineering,Communication & Media Studies,Computer Science,Physics & Astronomy,Economics & Econometrics,Chemistry,Languages, Literature & Linguistics,Electrical & Electronic Engineering,Politics & International Studies (incl Development Studies),Other Health,Geology, Environmental, Earth & Marine Sciences,Mathematics & Statistics,Accounting & Finance",False,False,False,https://www.timeshighereducation.com/student/register-interest/shorelight?utm_medium=thewebsite&utm_campaign=cta-link&utm_source=rankings&iid=i-16717372
351-400,University of Liège,-,333,25.9,322,18.4,347,44.6,372,70.4,75,69.1,110,master_account,0,/world-university-rankings/university-liege,788,Belgium,,,,,University of Liège,"Other Health,Civil Engineering,Chemistry,Archaeology,Veterinary Science,Politics & International Studies (incl Development Studies),Accounting & Finance,Mechanical & Aerospace Engineering,Communication & Media Studies,Business & Management,Computer Science,Chemical Engineering,Sociology,Economics & Econometrics,Architecture,Sport Science,Geography,Medicine & Dentistry,Mathematics & Statistics,History, Philosophy & Theology,Biological Sciences,Education,General Engineering,Physics & Astronomy,Electrical & Electronic Engineering,Geology, Environmental, Earth & Marine Sciences,Psychology,Languages, Literature & Linguistics,Agriculture & Forestry,Law",False,False,False,
351-400,Vrije Universiteit Brussel,-,389,31.2,245,17.9,353,48.1,356,44.8,176,54.5,207,master_account,0,/world-university-rankings/vrije-universiteit-brussel,811,Belgium,,,,,Vrije Universiteit Brussel,"Architecture,Politics & International Studies (incl Development Studies),Business & Management,Computer Science,History, Philosophy & Theology,Chemistry,Electrical & Electronic Engineering,Education,Other Health,Chemical Engineering,Economics & Econometrics,Physics & Astronomy,Mathematics & Statistics,Geography,Biological Sciences,Sport Science,Sociology,General Engineering,Languages, Literature & Linguistics,Civil Engineering,Communication & Media Studies,Medicine & Dentistry,Mechanical & Aerospace Engineering,Law,Geology, Environmental, Earth & Marine Sciences,Psychology",False,False,False,
351-400,University of Vermont,-,380,26.8,311,19.4,340,57.5,292,-,398,21.0,394,public,0,/world-university-rankings/university-vermont,895,United States,,,,,University of Vermont UV Vermont USA,"General Engineering,Communication & Media Studies,Computer Science,Sociology,History, Philosophy & Theology,Mathematics & Statistics,Business & Management,Art, Performing Arts & Design,Civil Engineering,Geology, Environmental, Earth & Marine Sciences,Other Health,Sport Science,Economics & Econometrics,Mechanical & Aerospace Engineering,Psychology,Chemistry,Agriculture & Forestry,Geography,Physics & Astronomy,Biological Sciences,Languages, Literature & Linguistics,Veterinary Science,Education,Electrical & Electronic Engineering,Politics & International Studies (incl Development Studies)",False,False,False,https://www.timeshighereducation.com/student/register-interest/shorelight?utm_medium=thewebsite&utm_campaign=cta-link&utm_source=rankings&iid=i-72549341
351-400,University of Lisbon,-,334,30.1,265,22.8,304,44.8,371,33.9,300,46.8,262,master_account,0,/world-university-rankings/university-lisbon,1032,Portugal,,,,,University of Lisbon,"Mechanical & Aerospace Engineering,Communication & Media Studies,Other Health,Mathematics & Statistics,Geography,Chemical Engineering,Politics & International Studies (incl Development Studies),Psychology,Civil Engineering,Agriculture & Forestry,Economics & Econometrics,Architecture,Biological Sciences,Sociology,Education,Art, Performing Arts & Design,General Engineering,Sport Science,Business & Management,Languages, Literature & Linguistics,Computer Science,Geology, Environmental, Earth & Marine Sciences,Accounting & Finance,History, Philosophy & Theology,Electrical & Electronic Engineering,Chemistry,Archaeology,Physics & Astronomy,Medicine & Dentistry,Veterinary Science,Law",False,False,False,
351-400,RCSI University of Medicine and Health Sciences,-,274,24.7,336,18.9,344,43.5,377,28.4,379,82.6,49,master_account,11,/world-university-rankings/rcsi-university-medicine-and-health-sciences,1033,Ireland,,,,,RCSI University of Medicine and Health Sciences rcsi,"Medicine & Dentistry,Other Health",False,False,False,
351-400,Linköping University,-,248,20.2,374,27.6,253,51.5,330,-,386,50.9,229,master_account,0,/world-university-rankings/linkoping-university,789,Sweden,,,,,Linköping University,"General Engineering,Geology, Environmental, Earth & Marine Sciences,Art, Performing Arts & Design,Civil Engineering,Politics & International Studies (incl Development Studies),Economics & Econometrics,Biological Sciences,Geography,Mechanical & Aerospace Engineering,Chemistry,Accounting & Finance,Computer Science,Veterinary Science,Education,History, Philosophy & Theology,Chemical Engineering,Business & Management,Other Health,Communication & Media Studies,Medicine & Dentistry,Agriculture & Forestry,Sociology,Electrical & Electronic Engineering,Mathematics & Statistics,Psychology,Languages, Literature & Linguistics,Physics & Astronomy",False,False,False,
351-400,University of Rome III,-,356,19.3,385,11.8,392,62.1,253,37.7,256,48.0,253,master_account,0,/world-university-rankings/university-rome-iii,1016,Italy,,,,,University of Rome III,"Languages, Literature & Linguistics,Geology, Environmental, Earth & Marine Sciences,Economics & Econometrics,Mechanical & Aerospace Engineering,Business & Management,Electrical & Electronic Engineering,Mathematics & Statistics,Accounting & Finance,History, Philosophy & Theology,Sociology,Art, Performing Arts & Design,Biological Sciences,Civil Engineering,Education,Architecture,Physics & Astronomy,Computer Science,Politics & International Studies (incl Development Studies),Archaeology,Communication & Media Studies,Agriculture & Forestry,Law",False,False,False,
351-400,Wuhan University,-,398,34.1,205,17.4,356,48.5,352,85.9,45,33.1,350,master_account,0,/world-university-rankings/wuhan-university,863,China,,,,,Wuhan University,"History, Philosophy & Theology,Mathematics & Statistics,Geography,Physics & Astronomy,Medicine & Dentistry,Biological Sciences,Languages, Literature & Linguistics,Communication & Media Studies,Law,Psychology,Business & Management,Other Health,Mechanical & Aerospace Engineering,Chemical Engineering,Accounting & Finance,Civil Engineering,Archaeology,Politics & International Studies (incl Development Studies),Electrical & Electronic Engineering,Art, Performing Arts & Design,Veterinary Science,Architecture,Sociology,Economics & Econometrics,Geology, Environmental, Earth & Marine Sciences,General Engineering,Chemistry,Computer Science",False,False,False,
351-400,Ruhr University Bochum,-,275,31.5,243,22.5,307,42.0,380,47.4,158,53.6,214,master_account,0,/world-university-rankings/ruhr-university-bochum,718,Germany,,,,,Ruhr University Bochum,"Education,Art, Performing Arts & Design,Biological Sciences,Law,Accounting & Finance,Electrical & Electronic Engineering,General Engineering,Mathematics & Statistics,Psychology,Other Health,Agriculture & Forestry,Geography,Business & Management,Computer Science,Sport Science,History, Philosophy & Theology,Communication & Media Studies,Languages, Literature & Linguistics,Civil Engineering,Geology, Environmental, Earth & Marine Sciences,Mechanical & Aerospace Engineering,Chemistry,Medicine & Dentistry,Sociology,Archaeology,Politics & International Studies (incl Development Studies),Physics & Astronomy,Economics & Econometrics",False,False,False,
351-400,Washington State University,-,392,28.5,289,27.5,258,44.2,375,54.5,120,36.0,332,public,0,/world-university-rankings/washington-state-university,814,United States,,,,,Washington State University,"Archaeology,Computer Science,Chemistry,Business & Management,Electrical & Electronic Engineering,Mathematics & Statistics,Accounting & Finance,Languages, Literature & Linguistics,Civil Engineering,Politics & International Studies (incl Development Studies),Economics & Econometrics,Other Health,Chemical Engineering,Communication & Media Studies,General Engineering,Physics & Astronomy,Mechanical & Aerospace Engineering,Art, Performing Arts & Design,Geology, Environmental, Earth & Marine Sciences,History, Philosophy & Theology,Agriculture & Forestry,Sociology,Architecture,Veterinary Science,Psychology,Medicine & Dentistry,Biological Sciences,Geography,Sport Science,Education",False,False,False,https://www.timeshighereducation.com/student/register-interest/shorelight?utm_medium=thewebsite&utm_campaign=cta-link&utm_source=rankings&iid=i-18966292
351-400,Indian Institute of Technology Roorkee,-,238,25.2,331,14.3,383,62.6,247,69.0,79,16.6,401,master_account,0,/world-university-rankings/indian-institute-technology-roorkee,899,India,,,,,Indian Institute of Technology Roorkee,"Mechanical & Aerospace Engineering,General Engineering,Computer Science,Biological Sciences,Chemistry,Civil Engineering,Chemical Engineering,Physics & Astronomy,Business & Management,Mathematics & Statistics,Architecture,Geology, Environmental, Earth & Marine Sciences,Electrical & Electronic Engineering",False,False,False,
351-400,University of Seoul,-,360,21.0,367,20.2,335,63.3,238,29.1,371,34.3,344,master_account,0,/world-university-rankings/university-seoul,1017,South Korea,,,,,University of Seoul,"Physics & Astronomy,Computer Science,History, Philosophy & Theology,Accounting & Finance,Mathematics & Statistics,Chemical Engineering,Geography,Geology, Environmental, Earth & Marine Sciences,Economics & Econometrics,Chemistry,General Engineering,Architecture,Electrical & Electronic Engineering,Biological Sciences,Business & Management,Mechanical & Aerospace Engineering,Politics & International Studies (incl Development Studies),Education,Sociology,Art, Performing Arts & Design,Sport Science,Languages, Literature & Linguistics,Civil Engineering,Law",False,False,False,
351-400,Kyushu University,-,244,36.5,178,28.5,239,33.6,395,68.7,81,26.1,382,master_account,0,/world-university-rankings/kyushu-university,131724,Japan,,,,,Kyushu University,"Business & Management,Medicine & Dentistry,Agriculture & Forestry,Archaeology,Other Health,Sport Science,Education,Mathematics & Statistics,Biological Sciences,Communication & Media Studies,Civil Engineering,Chemical Engineering,Geography,Languages, Literature & Linguistics,General Engineering,Veterinary Science,Law,Chemistry,Electrical & Electronic Engineering,Physics & Astronomy,History, Philosophy & Theology,Geology, Environmental, Earth & Marine Sciences,Economics & Econometrics,Psychology,Mechanical & Aerospace Engineering,Art, Performing Arts & Design,Sociology,Accounting & Finance,Computer Science,Architecture,Politics & International Studies (incl Development Studies)",False,False,False,
351-400,Aberystwyth University,-,204,20.7,369,20.6,328,52.2,323,33.0,313,66.5,122,master_account,0,/world-university-rankings/aberystwyth-university,741,United Kingdom,,,,,Aberystwyth University,"Other Health,Agriculture & Forestry,Geology, Environmental, Earth & Marine Sciences,Electrical & Electronic Engineering,Languages, Literature & Linguistics,Psychology,Mathematics & Statistics,Sport Science,Economics & Econometrics,Education,Sociology,Veterinary Science,Law,Business & Management,Politics & International Studies (incl Development Studies),Biological Sciences,History, Philosophy & Theology,Computer Science,Communication & Media Studies,Physics & Astronomy,Accounting & Finance,Art, Performing Arts & Design,Geography",False,False,False,https://www.timeshighereducation.com/student/register-interest/siuk?utm_medium=thewebsite&utm_campaign=cta-link&utm_source=rankings&iid=i-97330263
351-400,UiT The Arctic University of Norway,-,294,20.7,371,16.9,368,53.2,320,38.8,247,60.0,162,master_account,0,/world-university-rankings/uit-arctic-university-norway,764,Norway,,,,,UiT The Arctic University of Norway,"Electrical & Electronic Engineering,Mathematics & Statistics,Economics & Econometrics,Languages, Literature & Linguistics,Psychology,Law,Mechanical & Aerospace Engineering,Chemistry,Sociology,Medicine & Dentistry,Accounting & Finance,Chemical Engineering,Politics & International Studies (incl Development Studies),Business & Management,Sport Science,Veterinary Science,Education,Physics & Astronomy,Civil Engineering,Archaeology,Art, Performing Arts & Design,Other Health,General Engineering,Biological Sciences,Agriculture & Forestry,Geography,Architecture,Geology, Environmental, Earth & Marine Sciences,Computer Science,History, Philosophy & Theology,Communication & Media Studies",False,False,False,
351-400,Ewha Womans University,-,226,23.5,350,18.0,352,57.6,284,61.3,97,36.0,330,master_account,0,/world-university-rankings/ewha-womans-university,1018,South Korea,,,,,Ewha Womans University,"Physics & Astronomy,Chemistry,Sociology,Economics & Econometrics,Art, Performing Arts & Design,Civil Engineering,Politics & International Studies (incl Development Studies),General Engineering,Business & Management,Mathematics & Statistics,Communication & Media Studies,Geology, Environmental, Earth & Marine Sciences,Chemical Engineering,Accounting & Finance,Medicine & Dentistry,Languages, Literature & Linguistics,Electrical & Electronic Engineering,Other Health,History, Philosophy & Theology,Architecture,Law,Agriculture & Forestry,Geography,Biological Sciences,Archaeology,Psychology,Computer Science,Education,Veterinary Science,Sport Science,Mechanical & Aerospace Engineering",False,False,False,
