rank,name,scores_overall,scores_overall_rank,scores_teaching,scores_teaching_rank,scores_research,scores_research_rank,scores_citations,scores_citations_rank,scores_industry_income,scores_industry_income_rank,scores_international_outlook,scores_international_outlook_rank,record_type,member_level,url,nid,location,stats_number_students,stats_student_staff_ratio,stats_pc_intl_students,stats_female_male_ratio,aliases,subjects_offered,closed,unaccredited,disabled,website_url
1,California Institute of Technology,95.2,1,95.6,1,97.6,3,99.8,4,97.8,38,64,211,private,0,/world-university-rankings/california-institute-technology,128779,United States,"2,243",6.9,26%,33 : 67,California Institute of Technology caltech,"Biological Sciences,History, Philosophy & Theology,Mathematics & Statistics,Languages, Literature & Linguistics,Economics & Econometrics,General Engineering,Politics & International Studies (incl Development Studies),Electrical & Electronic Engineering,Chemistry,Chemical Engineering,Computer Science,Geology, Environmental, Earth & Marine Sciences,Mechanical & Aerospace Engineering,Business & Management,Physics & Astronomy,Civil Engineering",False,False,False,https://www.timeshighereducation.com/student/register-interest/shorelight?utm_medium=thewebsite&utm_campaign=cta-link&utm_source=rankings&iid=i-20537945
2,University of Oxford,94.2,2,86.5,5,98.9,2,98.8,15,73.1,110,94.4,18,master_account,0,/world-university-rankings/university-oxford,468,United Kingdom,"19,920",11.6,34%,46 : 54,University of Oxford,"Computer Science,Languages, Literature & Linguistics,Mathematics & Statistics,Economics & Econometrics,Law,Accounting & Finance,Chemical Engineering,Archaeology,Communication & Media Studies,Civil Engineering,Education,Mechanical & Aerospace Engineering,Geology, Environmental, Earth & Marine Sciences,Psychology,Biological Sciences,Geography,Politics & International Studies (incl Development Studies),Other Health,General Engineering,Business & Management,Chemistry,Medicine & Dentistry,Art, Performing Arts & Design,Electrical & Electronic Engineering,Physics & Astronomy,History, Philosophy & Theology,Sociology",False,False,False,https://www.timeshighereducation.com/student/register-interest/siuk?utm_medium=thewebsite&utm_campaign=cta-link&utm_source=rankings&iid=i-92611101
3,Stanford University,93.9,3,92.5,2,96.2,5,99.9,3,63.3,149,76.3,141,private,0,/world-university-rankings/stanford-university,467,United States,"15,596",7.8,22%,42 : 58,Stanford University,"Civil Engineering,Politics & International Studies (incl Development Studies),General Engineering,Sociology,Other Health,Computer Science,Chemical Engineering,Mathematics & Statistics,Art, Performing Arts & Design,Biological Sciences,Mechanical & Aerospace Engineering,Business & Management,Medicine & Dentistry,Geology, Environmental, Earth & Marine Sciences,Veterinary Science,History, Philosophy & Theology,Electrical & Electronic Engineering,Psychology,Accounting & Finance,Agriculture & Forestry,Archaeology,Education,Languages, Literature & Linguistics,Communication & Media Studies,Physics & Astronomy,Law,Economics & Econometrics,Chemistry",False,False,False,
4,University of Cambridge,92.8,4,88.2,4,96.7,4,97,27,55,197,91.5,36,master_account,0,/world-university-rankings/university-cambridge,470,United Kingdom,"18,810",11.8,34%,46 : 54,University of Cambridge,"History, Philosophy & Theology,Biological Sciences,Geology, Environmental, Earth & Marine Sciences,Law,Electrical & Electronic Engineering,Architecture,Psychology,Veterinary Science,Politics & International Studies (incl Development Studies),Physics & Astronomy,General Engineering,Archaeology,Medicine & Dentistry,Chemistry,Mechanical & Aerospace Engineering,Geography,Economics & Econometrics,Languages, Literature & Linguistics,Computer Science,Mathematics & Statistics,Civil Engineering,Sociology,Business & Management,Chemical Engineering,Art, Performing Arts & Design,Education",False,False,False,https://www.timeshighereducation.com/student/register-interest/siuk?utm_medium=thewebsite&utm_campaign=cta-link&utm_source=rankings&iid=i-67516113
5,Massachusetts Institute of Technology,92,5,89.4,3,88.6,15,99.7,7,95.4,45,84,91,private,0,/world-university-rankings/massachusetts-institute-technology,471,United States,"11,074",9.0,33%,37 : 63,Massachusetts Institute of Technology,"Biological Sciences,Electrical & Electronic Engineering,Languages, Literature & Linguistics,Economics & Econometrics,Psychology,Art, Performing Arts & Design,Physics & Astronomy,Mechanical & Aerospace Engineering,Sociology,Communication & Media Studies,Mathematics & Statistics,Architecture,General Engineering,Civil Engineering,Chemical Engineering,History, Philosophy & Theology,Geology, Environmental, Earth & Marine Sciences,Archaeology,Other Health,Chemistry,Politics & International Studies (incl Development Studies),Computer Science,Business & Management",False,False,False,https://www.timeshighereducation.com/student/register-interest/shorelight?utm_medium=thewebsite&utm_campaign=cta-link&utm_source=rankings&iid=i-68334672
6,Harvard University,91.6,6,83.6,10,99,1,99.8,5,45.2,276,77.2,134,private,0,/world-university-rankings/harvard-university,466,United States,"20,152",8.9,25%,,Harvard University,"Archaeology,Mathematics & Statistics,Art, Performing Arts & Design,Psychology,Other Health,Chemistry,Economics & Econometrics,Biological Sciences,Accounting & Finance,Physics & Astronomy,Medicine & Dentistry,Communication & Media Studies,Civil Engineering,Mechanical & Aerospace Engineering,Law,History, Philosophy & Theology,Geography,Education,Computer Science,General Engineering,Politics & International Studies (incl Development Studies),Languages, Literature & Linguistics,Business & Management,Architecture,Sociology,Geology, Environmental, Earth & Marine Sciences,Electrical & Electronic Engineering,Agriculture & Forestry",False,False,False,https://www.timeshighereducation.com/student/register-interest/shorelight?utm_medium=thewebsite&utm_campaign=cta-link&utm_source=rankings&iid=i-48698023
7,Princeton University,90.1,7,85.1,9,91.9,7,99.3,9,52.1,216,78.5,124,private,0,/world-university-rankings/princeton-university,469,United States,"7,929",8.4,27%,45 : 55,Princeton University,"Chemistry,Languages, Literature & Linguistics,Mechanical & Aerospace Engineering,Sociology,Chemical Engineering,Economics & Econometrics,General Engineering,Geology, Environmental, Earth & Marine Sciences,Computer Science,Mathematics & Statistics,Other Health,Biological Sciences,History, Philosophy & Theology,Agriculture & Forestry,Electrical & Electronic Engineering,Politics & International Studies (incl Development Studies),Art, Performing Arts & Design,Physics & Astronomy,Architecture,Civil Engineering,Psychology",False,False,False,https://www.timeshighereducation.com/student/register-interest/shorelight?utm_medium=thewebsite&utm_campaign=cta-link&utm_source=rankings&iid=i-20795402
8,Imperial College London,89.1,8,83.3,11,88.5,16,96.7,29,53.7,205,96,10,master_account,0,/world-university-rankings/imperial-college-london,472,United Kingdom,"15,060",11.7,51%,37 : 63,Imperial College London,"Computer Science,Business & Management,Chemical Engineering,Accounting & Finance,Chemistry,Economics & Econometrics,Geology, Environmental, Earth & Marine Sciences,General Engineering,Electrical & Electronic Engineering,Physics & Astronomy,Medicine & Dentistry,Mechanical & Aerospace Engineering,Other Health,Mathematics & Statistics,Biological Sciences,Civil Engineering",False,False,False,https://www.timeshighereducation.com/student/register-interest/siuk?utm_medium=thewebsite&utm_campaign=cta-link&utm_source=rankings&iid=i-67704114
9,ETH Zurich,88.3,9,77,20,95,6,91.1,62,80,88,97.9,7,master_account,0,/world-university-rankings/eth-zurich,479,Switzerland,"18,178",14.7,37%,31 : 69,ETH Zurich,"Electrical & Electronic Engineering,Education,Civil Engineering,Business & Management,Chemical Engineering,Computer Science,Politics & International Studies (incl Development Studies),General Engineering,Economics & Econometrics,Chemistry,Other Health,Mathematics & Statistics,Sport Science,Mechanical & Aerospace Engineering,Geology, Environmental, Earth & Marine Sciences,Agriculture & Forestry,Biological Sciences,Architecture,Physics & Astronomy,Medicine & Dentistry,Accounting & Finance",False,False,False,
10,The University of Chicago,87.9,10,85.7,8,88.9,12,99.2,11,36.6,432,65,202,private,0,/world-university-rankings/university-chicago,473,United States,"14,221",6.9,20%,42 : 58,The University of Chicago,"Accounting & Finance,Medicine & Dentistry,History, Philosophy & Theology,Psychology,Law,Archaeology,Physics & Astronomy,Languages, Literature & Linguistics,Chemistry,Politics & International Studies (incl Development Studies),Economics & Econometrics,Business & Management,Geology, Environmental, Earth & Marine Sciences,Mathematics & Statistics,Biological Sciences,Chemical Engineering,Art, Performing Arts & Design,Sociology,Computer Science",False,False,False,
11,Johns Hopkins University,87.6,11,77.6,19,90.4,10,98.2,20,100,7,70,178,private,0,/world-university-rankings/johns-hopkins-university,478,United States,"15,128",3.6,23%,50 : 50,Johns Hopkins University,"Mathematics & Statistics,Economics & Econometrics,Civil Engineering,General Engineering,Sociology,Medicine & Dentistry,Physics & Astronomy,Education,Archaeology,Business & Management,Accounting & Finance,Computer Science,History, Philosophy & Theology,Psychology,Chemistry,Electrical & Electronic Engineering,Mechanical & Aerospace Engineering,Geology, Environmental, Earth & Marine Sciences,Biological Sciences,Languages, Literature & Linguistics,Politics & International Studies (incl Development Studies),Other Health,Art, Performing Arts & Design,Chemical Engineering",False,False,False,https://www.timeshighereducation.com/student/register-interest/shorelight?utm_medium=thewebsite&utm_campaign=cta-link&utm_source=rankings&iid=i-44788493
12,Yale University,87.4,12,86.5,6,87.8,17,97.2,26,43.3,300,64.3,209,private,0,/world-university-rankings/yale-university,475,United States,"11,751",4.4,20%,50 : 50,Yale University,"Languages, Literature & Linguistics,Other Health,Geology, Environmental, Earth & Marine Sciences,Archaeology,Agriculture & Forestry,Psychology,Mathematics & Statistics,Law,Computer Science,Politics & International Studies (incl Development Studies),General Engineering,History, Philosophy & Theology,Electrical & Electronic Engineering,Accounting & Finance,Art, Performing Arts & Design,Mechanical & Aerospace Engineering,Sociology,Medicine & Dentistry,Physics & Astronomy,Chemical Engineering,Business & Management,Chemistry,Architecture,Biological Sciences,Economics & Econometrics",False,False,False,https://www.timeshighereducation.com/student/register-interest/shorelight?utm_medium=thewebsite&utm_campaign=cta-link&utm_source=rankings&iid=i-73583889
13,"University of California, Berkeley",87.2,13,80.4,15,91.1,8,99.7,6,47.9,248,61.9,233,public,0,/world-university-rankings/university-california-berkeley,474,United States,"36,186",16.4,15%,50 : 50,"University of California, Berkeley","Languages, Literature & Linguistics,Civil Engineering,Politics & International Studies (incl Development Studies),Agriculture & Forestry,Art, Performing Arts & Design,Geography,General Engineering,Chemical Engineering,Physics & Astronomy,Economics & Econometrics,Biological Sciences,Electrical & Electronic Engineering,Computer Science,Education,Other Health,Geology, Environmental, Earth & Marine Sciences,Sociology,History, Philosophy & Theology,Chemistry,Law,Psychology,Business & Management,Architecture,Mathematics & Statistics,Mechanical & Aerospace Engineering,Communication & Media Studies,Archaeology",False,False,False,https://www.timeshighereducation.com/student/register-interest/shorelight?utm_medium=thewebsite&utm_campaign=cta-link&utm_source=rankings&iid=i-50018853
14,UCL,87.1,14,78.1,16,91,9,94.2,44,40.5,355,94.4,19,master_account,0,/world-university-rankings/ucl,481,United Kingdom,"26,605",10.7,46%,56 : 44,UCL ucl UCL,"General Engineering,Medicine & Dentistry,Sport Science,Art, Performing Arts & Design,Biological Sciences,Law,Mechanical & Aerospace Engineering,Physics & Astronomy,Education,Architecture,Electrical & Electronic Engineering,Geology, Environmental, Earth & Marine Sciences,Business & Management,History, Philosophy & Theology,Chemical Engineering,Geography,Archaeology,Mathematics & Statistics,Computer Science,Politics & International Studies (incl Development Studies),Other Health,Communication & Media Studies,Economics & Econometrics,Languages, Literature & Linguistics,Civil Engineering,Sociology,Chemistry,Psychology",False,False,False,https://www.timeshighereducation.com/student/register-interest/siuk?utm_medium=thewebsite&utm_campaign=cta-link&utm_source=rankings&iid=i-15171793
15,Columbia University,86.1,15,85.9,7,82.2,24,98.1,21,0,772,73.5,156,private,0,/world-university-rankings/columbia-university,476,United States,"25,055",5.9,28%,,Columbia University,"Architecture,Sport Science,Electrical & Electronic Engineering,Communication & Media Studies,Law,Chemistry,Archaeology,Agriculture & Forestry,Sociology,History, Philosophy & Theology,Business & Management,Other Health,Psychology,Biological Sciences,Mechanical & Aerospace Engineering,Languages, Literature & Linguistics,Politics & International Studies (incl Development Studies),Art, Performing Arts & Design,Chemical Engineering,Civil Engineering,Accounting & Finance,Mathematics & Statistics,Physics & Astronomy,General Engineering,Medicine & Dentistry,Computer Science,Economics & Econometrics,Geology, Environmental, Earth & Marine Sciences",False,False,False,https://www.timeshighereducation.com/student/register-interest/shorelight?utm_medium=thewebsite&utm_campaign=cta-link&utm_source=rankings&iid=i-62830784
16,"University of California, Los Angeles",85.8,16,80.8,14,88.6,14,98.5,19,47.9,249,56.4,275,public,0,/world-university-rankings/university-california-los-angeles,477,United States,"38,206",10.3,15%,52 : 48,"University of California, Los Angeles","History, Philosophy & Theology,Mathematics & Statistics,Geography,Other Health,Biological Sciences,Law,Physics & Astronomy,Chemistry,Sport Science,Business & Management,Accounting & Finance,General Engineering,Geology, Environmental, Earth & Marine Sciences,Education,Languages, Literature & Linguistics,Psychology,Electrical & Electronic Engineering,Chemical Engineering,Art, Performing Arts & Design,Agriculture & Forestry,Medicine & Dentistry,Civil Engineering,Architecture,Archaeology,Mechanical & Aerospace Engineering,Veterinary Science,Economics & Econometrics,Computer Science,Politics & International Studies (incl Development Studies),Sociology,Communication & Media Studies",False,False,False,https://www.timeshighereducation.com/student/register-interest/shorelight?utm_medium=thewebsite&utm_campaign=cta-link&utm_source=rankings&iid=i-95508882
17,University of Pennsylvania,85.2,17,82,12,86.9,18,98.6,17,47.9,250,49.5,346,private,0,/world-university-rankings/university-pennsylvania,480,United States,"20,376",6.5,20%,51 : 49,University of Pennsylvania,"Business & Management,Other Health,Languages, Literature & Linguistics,Economics & Econometrics,Psychology,Mechanical & Aerospace Engineering,Education,Mathematics & Statistics,Medicine & Dentistry,Communication & Media Studies,Computer Science,Biological Sciences,Accounting & Finance,Geology, Environmental, Earth & Marine Sciences,General Engineering,Archaeology,Politics & International Studies (incl Development Studies),Sociology,Veterinary Science,Chemistry,History, Philosophy & Theology,Art, Performing Arts & Design,Electrical & Electronic Engineering,Geography,Physics & Astronomy,Chemical Engineering,Architecture,Law",False,False,False,https://www.timeshighereducation.com/student/register-interest/shorelight?utm_medium=thewebsite&utm_campaign=cta-link&utm_source=rankings&iid=i-31733092
18,Cornell University,84,18,77.9,17,86.1,19,97.2,25,33.7,506,63.9,214,private,0,/world-university-rankings/cornell-university,484,United States,"21,424",10.2,19%,48 : 52,Cornell University,"History, Philosophy & Theology,Archaeology,Veterinary Science,Agriculture & Forestry,Law,Biological Sciences,Chemical Engineering,Politics & International Studies (incl Development Studies),Civil Engineering,Mathematics & Statistics,Mechanical & Aerospace Engineering,Architecture,Art, Performing Arts & Design,Languages, Literature & Linguistics,Sociology,Communication & Media Studies,Geology, Environmental, Earth & Marine Sciences,Electrical & Electronic Engineering,Computer Science,General Engineering,Chemistry,Economics & Econometrics,Physics & Astronomy,Business & Management,Psychology,Other Health",False,False,False,https://www.timeshighereducation.com/student/register-interest/shorelight?utm_medium=thewebsite&utm_campaign=cta-link&utm_source=rankings&iid=i-48987672
19,University of Toronto,83.9,19,75.9,23,89.3,11,90.9,64,49.1,239,77.8,128,master_account,0,/world-university-rankings/university-toronto,483,Canada,"66,198",19.5,15%,,University of Toronto,"Art, Performing Arts & Design,Accounting & Finance,Archaeology,Communication & Media Studies,Sport Science,Politics & International Studies (incl Development Studies),Physics & Astronomy,History, Philosophy & Theology,Mechanical & Aerospace Engineering,Other Health,Computer Science,Architecture,Psychology,Mathematics & Statistics,General Engineering,Chemistry,Economics & Econometrics,Law,Chemical Engineering,Geology, Environmental, Earth & Marine Sciences,Biological Sciences,Agriculture & Forestry,Education,Geography,Business & Management,Sociology,Electrical & Electronic Engineering,Medicine & Dentistry,Civil Engineering,Languages, Literature & Linguistics",False,False,False,https://www.timeshighereducation.com/student/register-interest/applyboard?utm_medium=thewebsite&utm_campaign=cta-link&utm_source=rankings&iid=i-67051171
20,Duke University,82.7,20,76,22,78,29,99,14,100,4,56.5,274,private,0,/world-university-rankings/duke-university,487,United States,"15,172",4.8,17%,49 : 51,Duke University,"Computer Science,Physics & Astronomy,Agriculture & Forestry,Law,General Engineering,Geology, Environmental, Earth & Marine Sciences,Mechanical & Aerospace Engineering,Sociology,Geography,Languages, Literature & Linguistics,Chemical Engineering,Business & Management,Other Health,Chemistry,Communication & Media Studies,Medicine & Dentistry,Mathematics & Statistics,Economics & Econometrics,Art, Performing Arts & Design,Civil Engineering,Psychology,History, Philosophy & Theology,Biological Sciences,Accounting & Finance,Electrical & Electronic Engineering,Politics & International Studies (incl Development Studies)",False,False,False,https://www.timeshighereducation.com/student/register-interest/shorelight?utm_medium=thewebsite&utm_campaign=cta-link&utm_source=rankings&iid=i-10310643
21,University of Michigan-Ann Arbor,82.4,21,76.8,21,85.2,20,94.4,41,56.3,191,53.7,301,public,0,/world-university-rankings/university-michigan-ann-arbor,482,United States,"41,786",9.0,16%,48 : 52,University of Michigan-Ann Arbor,"Geology, Environmental, Earth & Marine Sciences,Communication & Media Studies,Physics & Astronomy,Computer Science,General Engineering,Chemical Engineering,Agriculture & Forestry,History, Philosophy & Theology,Mechanical & Aerospace Engineering,Art, Performing Arts & Design,Mathematics & Statistics,Sociology,Electrical & Electronic Engineering,Law,Business & Management,Education,Civil Engineering,Medicine & Dentistry,Economics & Econometrics,Psychology,Architecture,Accounting & Finance,Other Health,Politics & International Studies (incl Development Studies),Biological Sciences,Chemistry,Sport Science,Languages, Literature & Linguistics",False,False,False,https://www.timeshighereducation.com/student/register-interest/shorelight?utm_medium=thewebsite&utm_campaign=cta-link&utm_source=rankings&iid=i-98611775
22,Carnegie Mellon University,82.3,22,67.4,35,88.8,13,99.1,13,57.5,180,57.1,271,private,0,/world-university-rankings/carnegie-mellon-university,485,United States,"11,885",13.1,35%,39 : 61,Carnegie Mellon University,"Biological Sciences,Economics & Econometrics,Civil Engineering,Business & Management,Architecture,Communication & Media Studies,Art, Performing Arts & Design,Computer Science,Politics & International Studies (incl Development Studies),Languages, Literature & Linguistics,Electrical & Electronic Engineering,Psychology,Chemical Engineering,Accounting & Finance,Mathematics & Statistics,Physics & Astronomy,History, Philosophy & Theology,Mechanical & Aerospace Engineering,Chemistry",False,False,False,https://www.timeshighereducation.com/student/register-interest/shorelight?utm_medium=thewebsite&utm_campaign=cta-link&utm_source=rankings&iid=i-14763812
23,London School of Economics and Political Science,81.3,23,69.8,31,80.6,27,94.3,43,32.2,558,93.6,22,master_account,0,/world-university-rankings/london-school-economics-and-political-science,511,United Kingdom,"9,235",12.1,70%,53 : 47,London School of Economics and Political Science,"Mathematics & Statistics,Accounting & Finance,Geography,Law,Sociology,Politics & International Studies (incl Development Studies),Communication & Media Studies,Psychology,Languages, Literature & Linguistics,Business & Management,Economics & Econometrics,Geology, Environmental, Earth & Marine Sciences,History, Philosophy & Theology",False,False,False,https://www.timeshighereducation.com/student/register-interest/siuk?utm_medium=thewebsite&utm_campaign=cta-link&utm_source=rankings&iid=i-89868061
24,University of Edinburgh,80.3,24,68.6,34,77.2,32,96.3,33,36.1,447,89.8,52,master_account,0,/world-university-rankings/university-edinburgh,500,United Kingdom,"25,775",14.1,36%,58 : 42,University of Edinburgh,"History, Philosophy & Theology,Civil Engineering,Politics & International Studies (incl Development Studies),Computer Science,Psychology,Archaeology,Art, Performing Arts & Design,Biological Sciences,Business & Management,Medicine & Dentistry,Economics & Econometrics,Mathematics & Statistics,Geology, Environmental, Earth & Marine Sciences,Communication & Media Studies,General Engineering,Law,Chemistry,Architecture,Agriculture & Forestry,Languages, Literature & Linguistics,Physics & Astronomy,Electrical & Electronic Engineering,Mechanical & Aerospace Engineering,Sociology,Chemical Engineering,Accounting & Finance,Education,Other Health,Veterinary Science,Sport Science,Geography",False,False,False,https://www.timeshighereducation.com/student/register-interest/siuk?utm_medium=thewebsite&utm_campaign=cta-link&utm_source=rankings&iid=i-61465682
25,Northwestern University,79.5,25,69.8,32,78.4,28,96.5,30,81.2,83,53.9,299,private,0,/world-university-rankings/northwestern-university,490,United States,"18,334",13.8,15%,48 : 52,Northwestern University,"Education,Computer Science,Biological Sciences,Psychology,Archaeology,Physics & Astronomy,History, Philosophy & Theology,Art, Performing Arts & Design,Business & Management,Economics & Econometrics,Mechanical & Aerospace Engineering,Languages, Literature & Linguistics,Communication & Media Studies,Medicine & Dentistry,Accounting & Finance,Chemistry,Chemical Engineering,Mathematics & Statistics,Geography,Sociology,Civil Engineering,Other Health,Electrical & Electronic Engineering,Sport Science,Law,Politics & International Studies (incl Development Studies),General Engineering,Architecture,Geology, Environmental, Earth & Marine Sciences",False,False,False,https://www.timeshighereducation.com/student/register-interest/shorelight?utm_medium=thewebsite&utm_campaign=cta-link&utm_source=rankings&iid=i-44947751
26,National University of Singapore,79.2,26,71.7,27,84.5,21,79.4,164,49.8,233,96.2,9,master_account,11,/world-university-rankings/national-university-singapore,504,Singapore,"31,592",15.5,34%,49 : 51,National University of Singapore nus,"Computer Science,Chemistry,Economics & Econometrics,General Engineering,Geology, Environmental, Earth & Marine Sciences,Architecture,Chemical Engineering,Geography,Medicine & Dentistry,Mathematics & Statistics,Psychology,Electrical & Electronic Engineering,Communication & Media Studies,Art, Performing Arts & Design,Mechanical & Aerospace Engineering,Politics & International Studies (incl Development Studies),History, Philosophy & Theology,Biological Sciences,Law,Other Health,Physics & Astronomy,Accounting & Finance,Languages, Literature & Linguistics,Civil Engineering,Sociology,Archaeology,Agriculture & Forestry,Business & Management",False,False,False,
27,King’s College London,78.2,27,64.5,42,75.8,35,93.8,45,40.1,362,93.8,20,master_account,0,/world-university-rankings/kings-college-london,520,United Kingdom,"21,395",11.4,37%,61 : 39,King’s College London,"Sport Science,History, Philosophy & Theology,Education,Sociology,Business & Management,Biological Sciences,Chemistry,Mechanical & Aerospace Engineering,Economics & Econometrics,Law,Medicine & Dentistry,Art, Performing Arts & Design,Geology, Environmental, Earth & Marine Sciences,Other Health,Communication & Media Studies,Geography,Physics & Astronomy,Languages, Literature & Linguistics,Computer Science,Psychology,Accounting & Finance,General Engineering,Politics & International Studies (incl Development Studies),Archaeology,Mathematics & Statistics,Electrical & Electronic Engineering",False,False,False,
28,Karolinska Institute,77.5,28,60.6,50,81.1,26,92.2,53,75.8,101,73.1,158,master_account,0,/world-university-rankings/karolinska-institute,496,Sweden,"7,774",11.5,22%,70 : 30,Karolinska Institute,"Education,Business & Management,Psychology,Chemical Engineering,Sociology,Medicine & Dentistry,Biological Sciences,Languages, Literature & Linguistics,Geology, Environmental, Earth & Marine Sciences,Other Health,Mathematics & Statistics",False,False,False,
29,LMU Munich,77.3,29,70.5,30,77.4,30,85.7,101,100,10,62.8,228,master_account,6,/world-university-rankings/lmu-munich,509,Germany,"35,691",15.5,13%,62 : 38,LMU Munich Ludwig-Maximilians-Universität München,"Biological Sciences,Art, Performing Arts & Design,Psychology,Communication & Media Studies,Languages, Literature & Linguistics,Politics & International Studies (incl Development Studies),Chemistry,Computer Science,Other Health,Law,Sociology,Education,Business & Management,Medicine & Dentistry,Mathematics & Statistics,Veterinary Science,History, Philosophy & Theology,Geography,Physics & Astronomy,Economics & Econometrics,Archaeology,Geology, Environmental, Earth & Marine Sciences",False,False,False,
30,New York University,77.2,30,74.7,25,72.3,43,95.3,38,30.4,629,49.3,350,private,0,/world-university-rankings/new-york-university,508,United States,"42,056",6.8,19%,55 : 45,New York University,"Psychology,Politics & International Studies (incl Development Studies),Medicine & Dentistry,Education,Law,Civil Engineering,Geology, Environmental, Earth & Marine Sciences,Archaeology,Architecture,History, Philosophy & Theology,Electrical & Electronic Engineering,Computer Science,Biological Sciences,Economics & Econometrics,Chemical Engineering,Communication & Media Studies,Art, Performing Arts & Design,Chemistry,General Engineering,Business & Management,Mathematics & Statistics,Other Health,Languages, Literature & Linguistics,Accounting & Finance,Sociology,Physics & Astronomy,Mechanical & Aerospace Engineering",False,False,False,https://www.timeshighereducation.com/student/register-interest/shorelight?utm_medium=thewebsite&utm_campaign=cta-link&utm_source=rankings&iid=i-53177321
31,École Polytechnique Fédérale de Lausanne,76.1,31,61.3,46,67.5,55,94.6,40,65.4,138,98.6,4,master_account,0,/world-university-rankings/ecole-polytechnique-federale-de-lausanne,510,Switzerland,"9,666",10.5,54%,27 : 73,École Polytechnique Fédérale de Lausanne,"Sport Science,Biological Sciences,Chemistry,Electrical & Electronic Engineering,Accounting & Finance,Civil Engineering,Computer Science,Geology, Environmental, Earth & Marine Sciences,Chemical Engineering,Architecture,Mathematics & Statistics,General Engineering,Physics & Astronomy,Mechanical & Aerospace Engineering,Business & Management",False,False,False,
32,University of Washington,75.6,32,67.1,36,70,47,98.6,18,43.1,305,51.2,329,public,0,/world-university-rankings/university-washington,489,United States,"44,020",11.8,13%,53 : 47,University of Washington,"Languages, Literature & Linguistics,Civil Engineering,Geography,Electrical & Electronic Engineering,Mathematics & Statistics,General Engineering,Chemical Engineering,Accounting & Finance,Architecture,Physics & Astronomy,Computer Science,Chemistry,Psychology,History, Philosophy & Theology,Art, Performing Arts & Design,Law,Other Health,Geology, Environmental, Earth & Marine Sciences,Business & Management,Agriculture & Forestry,Communication & Media Studies,Archaeology,Biological Sciences,Sociology,Mechanical & Aerospace Engineering,Sport Science,Education,Medicine & Dentistry,Politics & International Studies (incl Development Studies),Economics & Econometrics",False,False,False,https://www.timeshighereducation.com/student/register-interest/shorelight?utm_medium=thewebsite&utm_campaign=cta-link&utm_source=rankings&iid=i-79008396
33,University of Melbourne,75.4,33,62,45,75.5,36,86.6,92,64.6,142,87.1,67,master_account,0,/world-university-rankings/university-melbourne,501,Australia,"40,128",23.7,35%,55 : 45,University of Melbourne UniMelb Australia,"Communication & Media Studies,Medicine & Dentistry,Computer Science,Economics & Econometrics,Civil Engineering,Physics & Astronomy,History, Philosophy & Theology,Architecture,Chemical Engineering,Accounting & Finance,Sociology,Politics & International Studies (incl Development Studies),Art, Performing Arts & Design,Biological Sciences,Agriculture & Forestry,Archaeology,Mathematics & Statistics,Mechanical & Aerospace Engineering,Geology, Environmental, Earth & Marine Sciences,Other Health,Veterinary Science,Geography,Languages, Literature & Linguistics,Law,Education,Sport Science,Electrical & Electronic Engineering,Chemistry,Psychology,General Engineering,Business & Management",False,False,False,https://www.timeshighereducation.com/student/register-interest/aecc?utm_medium=thewebsite&utm_campaign=cta-link&utm_source=rankings&iid=i-84190491
34,University of British Columbia,75.3,34,60.2,51,73.2,38,91.5,57,42.6,312,90.5,42,master_account,11,/world-university-rankings/university-british-columbia,486,Canada,"50,152",17.6,25%,54 : 46,University of British Columbia,"Accounting & Finance,Mechanical & Aerospace Engineering,History, Philosophy & Theology,Other Health,Medicine & Dentistry,Sociology,Computer Science,Art, Performing Arts & Design,Education,Mathematics & Statistics,Economics & Econometrics,Law,Chemical Engineering,Biological Sciences,Languages, Literature & Linguistics,Sport Science,Politics & International Studies (incl Development Studies),Architecture,General Engineering,Business & Management,Psychology,Physics & Astronomy,Geography,Agriculture & Forestry,Archaeology,Electrical & Electronic Engineering,Civil Engineering,Geology, Environmental, Earth & Marine Sciences,Communication & Media Studies,Chemistry",False,False,False,https://www.timeshighereducation.com/student/register-interest/applyboard?utm_medium=thewebsite&utm_campaign=cta-link&utm_source=rankings&iid=i-91511981
35,KU Leuven,74.8,35,59.9,53,76.9,34,87.3,86,100,9,68.6,189,master_account,11,/world-university-rankings/ku-leuven,531,Belgium,"42,503",41.9,18%,54 : 46,KU Leuven,"Art, Performing Arts & Design,Chemical Engineering,Electrical & Electronic Engineering,Communication & Media Studies,Medicine & Dentistry,Mathematics & Statistics,Accounting & Finance,General Engineering,Geology, Environmental, Earth & Marine Sciences,Other Health,Physics & Astronomy,Business & Management,Languages, Literature & Linguistics,Mechanical & Aerospace Engineering,Politics & International Studies (incl Development Studies),Architecture,Sport Science,Education,Archaeology,Biological Sciences,Psychology,History, Philosophy & Theology,Agriculture & Forestry,Law,Computer Science,Chemistry,Economics & Econometrics,Civil Engineering,Sociology,Geography",False,False,False,
36,University of Illinois at Urbana-Champaign,74.5,36,64.5,41,81.2,25,86.8,90,52.8,208,45.8,399,public,0,/world-university-rankings/university-illinois-urbana-champaign,495,United States,"42,727",18.7,20%,47 : 53,University of Illinois at Urbana-Champaign,"Languages, Literature & Linguistics,General Engineering,Business & Management,Mechanical & Aerospace Engineering,Mathematics & Statistics,Education,Other Health,Chemical Engineering,Psychology,Electrical & Electronic Engineering,Chemistry,Communication & Media Studies,History, Philosophy & Theology,Veterinary Science,Geography,Archaeology,Physics & Astronomy,Law,Architecture,Biological Sciences,Sociology,Computer Science,Agriculture & Forestry,Politics & International Studies (incl Development Studies),Art, Performing Arts & Design,Civil Engineering,Accounting & Finance,Medicine & Dentistry,Sport Science,Geology, Environmental, Earth & Marine Sciences,Economics & Econometrics",False,False,False,https://www.timeshighereducation.com/student/register-interest/shorelight?utm_medium=thewebsite&utm_campaign=cta-link&utm_source=rankings&iid=i-24020534
37,Universität Heidelberg,74.4,37,68.8,33,69.6,50,88.2,75,68.2,129,62.8,227,master_account,11,/world-university-rankings/universitat-heidelberg,537,Germany,"28,881",24.5,17%,55 : 45,Universität Heidelberg,"Mathematics & Statistics,Economics & Econometrics,Archaeology,Politics & International Studies (incl Development Studies),Art, Performing Arts & Design,Computer Science,Law,Biological Sciences,Psychology,Medicine & Dentistry,Sociology,Languages, Literature & Linguistics,Geology, Environmental, Earth & Marine Sciences,Physics & Astronomy,Other Health,Geography,Sport Science,Education,History, Philosophy & Theology,Chemistry",False,False,False,
38,McGill University,72.6,38,66.1,38,72.1,45,78.9,171,40.3,357,85.5,77,master_account,11,/world-university-rankings/mcgill-university,492,Canada,"31,326",13.7,23%,56 : 44,McGill University,"Civil Engineering,Languages, Literature & Linguistics,Politics & International Studies (incl Development Studies),Architecture,Agriculture & Forestry,Sociology,Computer Science,Physics & Astronomy,Business & Management,Mechanical & Aerospace Engineering,Geology, Environmental, Earth & Marine Sciences,Accounting & Finance,Sport Science,Other Health,Psychology,General Engineering,Chemistry,Economics & Econometrics,History, Philosophy & Theology,Chemical Engineering,Geography,Biological Sciences,Archaeology,Law,Medicine & Dentistry,Mathematics & Statistics,Education,Art, Performing Arts & Design,Electrical & Electronic Engineering,Communication & Media Studies",False,False,False,https://www.timeshighereducation.com/student/register-interest/applyboard?utm_medium=thewebsite&utm_campaign=cta-link&utm_source=rankings&iid=i-09910272
 =39,"University of California, San Diego",72.2,39,56.9,60,69.8,48,98.7,16,56.7,189,42.9,428,public,0,/world-university-rankings/university-california-san-diego,497,United States,"27,233",6.5,11%,48 : 52,"University of California, San Diego","Physics & Astronomy,Accounting & Finance,Electrical & Electronic Engineering,Medicine & Dentistry,Art, Performing Arts & Design,Education,Communication & Media Studies,General Engineering,Mechanical & Aerospace Engineering,Computer Science,Psychology,Geology, Environmental, Earth & Marine Sciences,Business & Management,Chemical Engineering,Languages, Literature & Linguistics,Chemistry,Other Health,Biological Sciences,History, Philosophy & Theology,Politics & International Studies (incl Development Studies),Civil Engineering,Sociology,Economics & Econometrics,Mathematics & Statistics",False,False,False,https://www.timeshighereducation.com/student/register-interest/shorelight?utm_medium=thewebsite&utm_campaign=cta-link&utm_source=rankings&iid=i-62118223
 =39,"University of California, Santa Barbara",72.2,40,52.6,72,66,59,99.2,10,90.4,56,61.5,236,public,0,/world-university-rankings/university-california-santa-barbara,499,United States,"22,020",27.3,11%,52 : 48,"University of California, Santa Barbara","Communication & Media Studies,Electrical & Electronic Engineering,Geology, Environmental, Earth & Marine Sciences,Biological Sciences,Education,Computer Science,Art, Performing Arts & Design,Politics & International Studies (incl Development Studies),Agriculture & Forestry,Sociology,Archaeology,History, Philosophy & Theology,Chemistry,Mechanical & Aerospace Engineering,Physics & Astronomy,Economics & Econometrics,Chemical Engineering,Accounting & Finance,Architecture,Languages, Literature & Linguistics,Mathematics & Statistics,Psychology,Veterinary Science,Geography",False,False,False,https://www.timeshighereducation.com/student/register-interest/shorelight?utm_medium=thewebsite&utm_campaign=cta-link&utm_source=rankings&iid=i-69587594
41,Georgia Institute of Technology,72.1,41,57.8,59,72.7,41,86,97,73.7,107,71.5,166,public,0,/world-university-rankings/georgia-institute-technology,488,United States,"19,967",20.1,26%,31 : 69,Georgia Institute of Technology,"Chemistry,General Engineering,Biological Sciences,Mathematics & Statistics,Sociology,Other Health,Politics & International Studies (incl Development Studies),Electrical & Electronic Engineering,Agriculture & Forestry,History, Philosophy & Theology,Geology, Environmental, Earth & Marine Sciences,Geography,Mechanical & Aerospace Engineering,Economics & Econometrics,Computer Science,Psychology,Business & Management,Architecture,Civil Engineering,Chemical Engineering,Communication & Media Studies,Physics & Astronomy,Languages, Literature & Linguistics",False,False,False,https://www.timeshighereducation.com/student/register-interest/shorelight?utm_medium=thewebsite&utm_campaign=cta-link&utm_source=rankings&iid=i-55860137
42,Peking University,72,42,77.8,18,72.4,42,69.1,243,100,12,49.2,352,master_account,0,/world-university-rankings/peking-university,514,China,"40,148",8.3,14%,,Peking University,"Chemistry,Mechanical & Aerospace Engineering,History, Philosophy & Theology,Law,Accounting & Finance,Art, Performing Arts & Design,Economics & Econometrics,Mathematics & Statistics,Psychology,Computer Science,Geography,Business & Management,Geology, Environmental, Earth & Marine Sciences,Politics & International Studies (incl Development Studies),Physics & Astronomy,General Engineering,Other Health,Archaeology,Sociology,Electrical & Electronic Engineering,Biological Sciences,Education,Medicine & Dentistry,Communication & Media Studies,Languages, Literature & Linguistics",False,False,False,
43,The University of Tokyo,71.1,43,81.4,13,83,22,60.9,324,50.8,225,30.3,590,master_account,0,/world-university-rankings/university-tokyo,494,Japan,"26,199",5.7,10%,,The University of Tokyo,"Art, Performing Arts & Design,General Engineering,Mathematics & Statistics,Psychology,Computer Science,Biological Sciences,Geography,Electrical & Electronic Engineering,Communication & Media Studies,Economics & Econometrics,Medicine & Dentistry,Veterinary Science,Law,Languages, Literature & Linguistics,Chemical Engineering,Politics & International Studies (incl Development Studies),History, Philosophy & Theology,Geology, Environmental, Earth & Marine Sciences,Business & Management,Other Health,Chemistry,Architecture,Civil Engineering,Sport Science,Education,Mechanical & Aerospace Engineering,Physics & Astronomy,Accounting & Finance,Archaeology,Agriculture & Forestry,Sociology",False,False,False,
 =44,"University of California, Davis",71,44,60.1,52,72.7,40,84.3,118,57.3,185,58.4,257,public,0,/world-university-rankings/university-california-davis,503,United States,"35,364",13.9,13%,54 : 46,"University of California, Davis","Education,Chemistry,Civil Engineering,Veterinary Science,Economics & Econometrics,Business & Management,History, Philosophy & Theology,Medicine & Dentistry,Chemical Engineering,Biological Sciences,Architecture,Agriculture & Forestry,Accounting & Finance,Mechanical & Aerospace Engineering,Geology, Environmental, Earth & Marine Sciences,Languages, Literature & Linguistics,Sociology,Art, Performing Arts & Design,Politics & International Studies (incl Development Studies),Sport Science,Mathematics & Statistics,Archaeology,Psychology,Other Health,Communication & Media Studies,Physics & Astronomy,Geography,Law,Computer Science,General Engineering,Electrical & Electronic Engineering",False,False,False,https://www.timeshighereducation.com/student/register-interest/shorelight?utm_medium=thewebsite&utm_campaign=cta-link&utm_source=rankings&iid=i-62049829
 =44,University of Hong Kong,71,45,64.6,40,72.8,39,70.1,236,53.7,204,99.5,3,master_account,11,/world-university-rankings/university-hong-kong,498,Hong Kong,"19,835",17.6,38%,53 : 47,University of Hong Kong,"Physics & Astronomy,Education,Mathematics & Statistics,Languages, Literature & Linguistics,Business & Management,Biological Sciences,Accounting & Finance,Civil Engineering,Communication & Media Studies,Law,History, Philosophy & Theology,Electrical & Electronic Engineering,Mechanical & Aerospace Engineering,Other Health,Geology, Environmental, Earth & Marine Sciences,Psychology,Chemistry,Politics & International Studies (incl Development Studies),Computer Science,General Engineering,Economics & Econometrics,Art, Performing Arts & Design,Sociology,Geography,Agriculture & Forestry,Medicine & Dentistry,Architecture",False,False,False,
46,University of Texas at Austin,70.3,46,59.3,54,69.7,49,92.2,54,63.1,151,31.7,564,public,0,/world-university-rankings/university-texas-austin,493,United States,"49,427",17.4,9%,51 : 49,University of Texas at Austin,"Medicine & Dentistry,Geography,General Engineering,Economics & Econometrics,History, Philosophy & Theology,Biological Sciences,Other Health,Politics & International Studies (incl Development Studies),Education,Law,Sport Science,Chemistry,Computer Science,Accounting & Finance,Geology, Environmental, Earth & Marine Sciences,Chemical Engineering,Art, Performing Arts & Design,Communication & Media Studies,Civil Engineering,Architecture,Mathematics & Statistics,Mechanical & Aerospace Engineering,Languages, Literature & Linguistics,Sociology,Electrical & Electronic Engineering,Psychology,Physics & Astronomy,Business & Management",False,False,False,https://www.timeshighereducation.com/student/register-interest/shorelight?utm_medium=thewebsite&utm_campaign=cta-link&utm_source=rankings&iid=i-33268802
 =47,Tsinghua University,70,47,73.3,26,83,23,58.8,338,100,17,39.5,462,master_account,0,/world-university-rankings/tsinghua-university,535,China,"39,763",13.7,10%,32 : 68,Tsinghua University Qinghua University Tsing hua University Qing hua University,"Art, Performing Arts & Design,Medicine & Dentistry,Sport Science,Economics & Econometrics,Architecture,Mechanical & Aerospace Engineering,Geography,Accounting & Finance,Electrical & Electronic Engineering,Physics & Astronomy,Education,Other Health,Communication & Media Studies,Chemical Engineering,Sociology,Business & Management,General Engineering,Geology, Environmental, Earth & Marine Sciences,Psychology,Languages, Literature & Linguistics,Archaeology,Mathematics & Statistics,Civil Engineering,Politics & International Studies (incl Development Studies),Computer Science,Chemistry,History, Philosophy & Theology,Biological Sciences,Law",False,False,False,
 =47,Wageningen University & Research,70,48,52.6,73,66.9,56,87.8,81,100,18,70.3,174,master_account,11,/world-university-rankings/wageningen-university-research,540,Netherlands,"9,248",17.0,21%,56 : 44,Wageningen University & Research,"Chemistry,Geology, Environmental, Earth & Marine Sciences,Business & Management,Communication & Media Studies,Other Health,Veterinary Science,Economics & Econometrics,Biological Sciences,Computer Science,Agriculture & Forestry,Chemical Engineering,Politics & International Studies (incl Development Studies),Sociology",False,False,False,
49,Humboldt University of Berlin,69.9,49,63.7,43,77,33,73.6,210,36.1,448,62.6,229,master_account,0,/world-university-rankings/humboldt-university-berlin,573,Germany,"29,987",52.5,16%,,Humboldt University of Berlin,"Politics & International Studies (incl Development Studies),Geography,Sociology,Geology, Environmental, Earth & Marine Sciences,Biological Sciences,Sport Science,Physics & Astronomy,Medicine & Dentistry,Other Health,Art, Performing Arts & Design,Economics & Econometrics,Mathematics & Statistics,Law,Chemistry,History, Philosophy & Theology,Education,Agriculture & Forestry,Psychology,Business & Management,Languages, Literature & Linguistics,Computer Science,Accounting & Finance,Archaeology,Communication & Media Studies",False,False,False,
50,University of Wisconsin-Madison,69.7,50,65.1,39,68.2,53,86.6,93,48.5,243,33,547,public,0,/world-university-rankings/university-wisconsin-madison,491,United States,"39,655",10.8,11%,51 : 49,University of Wisconsin-Madison,"Politics & International Studies (incl Development Studies),Agriculture & Forestry,Electrical & Electronic Engineering,Other Health,Business & Management,Computer Science,Communication & Media Studies,Education,Mathematics & Statistics,Languages, Literature & Linguistics,Physics & Astronomy,Law,Architecture,Geography,Sport Science,Medicine & Dentistry,Art, Performing Arts & Design,Sociology,Accounting & Finance,Chemical Engineering,Chemistry,Veterinary Science,History, Philosophy & Theology,Mechanical & Aerospace Engineering,Geology, Environmental, Earth & Marine Sciences,General Engineering,Economics & Econometrics,Civil Engineering,Biological Sciences,Psychology",False,False,False,https://www.timeshighereducation.com/student/register-interest/shorelight?utm_medium=thewebsite&utm_campaign=cta-link&utm_source=rankings&iid=i-96030823
51,Brown University,69.6,51,62.8,44,55.7,80,96.4,31,31.4,589,57.8,266,private,0,/world-university-rankings/brown-university,513,United States,"8,653",10.1,19%,,Brown University,"Geology, Environmental, Earth & Marine Sciences,History, Philosophy & Theology,Electrical & Electronic Engineering,Sociology,Medicine & Dentistry,Business & Management,Mechanical & Aerospace Engineering,Communication & Media Studies,Psychology,Art, Performing Arts & Design,General Engineering,Education,Archaeology,Politics & International Studies (incl Development Studies),Mathematics & Statistics,Architecture,Computer Science,Biological Sciences,Chemistry,Physics & Astronomy,Other Health,Chemical Engineering,Economics & Econometrics,Languages, Literature & Linguistics",False,False,False,https://www.timeshighereducation.com/student/register-interest/shorelight?utm_medium=thewebsite&utm_campaign=cta-link&utm_source=rankings&iid=i-47263781
52,Australian National University,69.5,52,54.7,62,77.3,31,72.3,222,48,246,93.3,25,master_account,11,/world-university-rankings/australian-national-university,502,Australia,"14,604",19.2,35%,52 : 48,Australian National University anu,"Art, Performing Arts & Design,Electrical & Electronic Engineering,Politics & International Studies (incl Development Studies),Chemistry,Accounting & Finance,General Engineering,History, Philosophy & Theology,Civil Engineering,Psychology,Mechanical & Aerospace Engineering,Sociology,Mathematics & Statistics,Archaeology,Agriculture & Forestry,Geology, Environmental, Earth & Marine Sciences,Biological Sciences,Economics & Econometrics,Computer Science,Business & Management,Communication & Media Studies,Medicine & Dentistry,Geography,Other Health,Physics & Astronomy,Languages, Literature & Linguistics,Law",False,False,False,https://www.timeshighereducation.com/student/register-interest/aecc?utm_medium=thewebsite&utm_campaign=cta-link&utm_source=rankings&iid=i-78601931
53,Technical University of Munich,69.4,53,61,48,66,61,80.1,158,99.2,32,63.8,218,master_account,6,/world-university-rankings/technical-university-munich,552,Germany,"35,565",31.5,20%,33 : 67,Technical University of Munich,"Medicine & Dentistry,Politics & International Studies (incl Development Studies),General Engineering,Accounting & Finance,Chemistry,Electrical & Electronic Engineering,Other Health,Biological Sciences,Geology, Environmental, Earth & Marine Sciences,Sport Science,Mathematics & Statistics,Architecture,Physics & Astronomy,Civil Engineering,Business & Management,Agriculture & Forestry,Education,Chemical Engineering,Computer Science,Sociology,Mechanical & Aerospace Engineering",False,False,False,
54,École Normale Supérieure,69,54,70.6,28,47.7,109,87.1,88,37.1,419,85.5,76,master_account,0,/world-university-rankings/ecole-normale-superieure,523,France,"2,400",7.9,20%,46 : 54,École Normale Supérieure,"Art, Performing Arts & Design,Biological Sciences,Chemical Engineering,Chemistry,Computer Science,Economics & Econometrics,Geography,Geology, Environmental, Earth & Marine Sciences,History, Philosophy & Theology,Languages, Literature & Linguistics,Law,Mathematics & Statistics,Mechanical & Aerospace Engineering,Sociology",False,False,False,
55,"Nanyang Technological University, Singapore",68.2,55,48.4,96,61.3,67,85.6,104,99.9,20,94.6,17,master_account,11,/world-university-rankings/nanyang-technological-university-singapore,634,Singapore,"25,028",16.2,33%,48 : 52,"Nanyang Technological University, Singapore NTU Nan yang","Psychology,Geology, Environmental, Earth & Marine Sciences,Chemical Engineering,Politics & International Studies (incl Development Studies),Computer Science,Biological Sciences,General Engineering,History, Philosophy & Theology,Communication & Media Studies,Electrical & Electronic Engineering,Accounting & Finance,Mathematics & Statistics,Sport Science,Medicine & Dentistry,Chemistry,Sociology,Civil Engineering,Art, Performing Arts & Design,Economics & Econometrics,Business & Management,Languages, Literature & Linguistics,Mechanical & Aerospace Engineering,Other Health,Physics & Astronomy,Education",False,False,False,
 =56,University of Manchester,68.1,56,58.4,55,66,60,77.3,179,42,329,87,69,master_account,11,/world-university-rankings/university-manchester,512,United Kingdom,"34,940",15.3,34%,52 : 48,University of Manchester,"Geology, Environmental, Earth & Marine Sciences,Architecture,Geography,Economics & Econometrics,Education,Chemical Engineering,Archaeology,Languages, Literature & Linguistics,Politics & International Studies (incl Development Studies),Electrical & Electronic Engineering,Biological Sciences,Art, Performing Arts & Design,Medicine & Dentistry,Communication & Media Studies,Civil Engineering,Sociology,Accounting & Finance,Chemistry,General Engineering,Psychology,Mathematics & Statistics,Computer Science,Mechanical & Aerospace Engineering,History, Philosophy & Theology,Law,Other Health,Business & Management,Physics & Astronomy",False,False,False,https://www.timeshighereducation.com/student/register-interest/siuk?utm_medium=thewebsite&utm_campaign=cta-link&utm_source=rankings&iid=i-29944014
 =56,The University of Sydney,68.1,57,54.3,64,68.1,54,77.5,177,72.4,112,84.4,87,master_account,1,/world-university-rankings/university-sydney,522,Australia,"41,868",20.2,28%,57 : 43,The University of Sydney UniSyd,"Electrical & Electronic Engineering,Law,General Engineering,Business & Management,Accounting & Finance,Mathematics & Statistics,Veterinary Science,Other Health,Communication & Media Studies,Psychology,Biological Sciences,Chemical Engineering,Medicine & Dentistry,Politics & International Studies (incl Development Studies),Architecture,Mechanical & Aerospace Engineering,Physics & Astronomy,Computer Science,Education,Geology, Environmental, Earth & Marine Sciences,Sport Science,History, Philosophy & Theology,Economics & Econometrics,Archaeology,Chemistry,Art, Performing Arts & Design,Civil Engineering,Geography,Agriculture & Forestry,Sociology,Languages, Literature & Linguistics",False,False,False,
58,University of Amsterdam,67.8,58,52.2,74,64.7,62,87.4,85,62.8,153,66.5,195,master_account,1,/world-university-rankings/university-amsterdam,556,Netherlands,"24,570",14.4,11%,53 : 47,University of Amsterdam uva,"Politics & International Studies (incl Development Studies),History, Philosophy & Theology,Sociology,Medicine & Dentistry,Psychology,Other Health,Biological Sciences,Chemistry,Law,Accounting & Finance,Archaeology,Physics & Astronomy,Languages, Literature & Linguistics,Computer Science,Business & Management,Geography,Mathematics & Statistics,Communication & Media Studies,Art, Performing Arts & Design,Geology, Environmental, Earth & Marine Sciences,Economics & Econometrics,Education",False,False,False,
59,The Hong Kong University of Science and Technology,67.2,59,49.4,88,66.1,58,82.6,134,68.1,131,80.5,112,master_account,11,/world-university-rankings/hong-kong-university-science-and-technology,526,Hong Kong,"11,385",23.8,36%,,The Hong Kong University of Science and Technology hkust,"Other Health,Physics & Astronomy,Chemical Engineering,Business & Management,Geology, Environmental, Earth & Marine Sciences,Chemistry,General Engineering,Sociology,Computer Science,Politics & International Studies (incl Development Studies),Mathematics & Statistics,Biological Sciences,Economics & Econometrics,Electrical & Electronic Engineering,Mechanical & Aerospace Engineering,Civil Engineering,Accounting & Finance",False,False,False,
 =60,The University of Queensland,67,60,49.2,93,62.8,65,82.4,138,76.7,98,89.3,55,master_account,11,/world-university-rankings/university-queensland,538,Australia,"34,718",32.7,27%,53 : 47,The University of Queensland UQ UOQ,"Geography,History, Philosophy & Theology,Geology, Environmental, Earth & Marine Sciences,Biological Sciences,Electrical & Electronic Engineering,General Engineering,Law,Agriculture & Forestry,Art, Performing Arts & Design,Archaeology,Other Health,Languages, Literature & Linguistics,Medicine & Dentistry,Sport Science,Education,Communication & Media Studies,Economics & Econometrics,Politics & International Studies (incl Development Studies),Business & Management,Chemical Engineering,Physics & Astronomy,Mechanical & Aerospace Engineering,Veterinary Science,Architecture,Sociology,Accounting & Finance,Chemistry,Civil Engineering,Computer Science,Mathematics & Statistics,Psychology",False,False,False,
 =60,Washington University in St Louis,67,61,54.3,65,55.6,82,99.2,12,33.5,514,44.9,408,private,0,/world-university-rankings/washington-university-st-louis,505,United States,"12,528",5.7,17%,0 : 100,Washington University in St Louis,"Mechanical & Aerospace Engineering,Biological Sciences,Sociology,Art, Performing Arts & Design,Computer Science,Chemical Engineering,Electrical & Electronic Engineering,Law,Medicine & Dentistry,General Engineering,Accounting & Finance,Mathematics & Statistics,Economics & Econometrics,Education,Architecture,Politics & International Studies (incl Development Studies),Psychology,Geology, Environmental, Earth & Marine Sciences,Other Health,Business & Management,History, Philosophy & Theology,Chemistry,Languages, Literature & Linguistics,Archaeology,Physics & Astronomy,Communication & Media Studies",False,False,False,
62,Utrecht University,66.6,62,48.1,99,64.3,63,88.1,78,89.1,59,55.8,282,master_account,0,/world-university-rankings/utrecht-university,532,Netherlands,"30,779",15.4,7%,59 : 41,Utrecht University utrecht  utrecht university,"Communication & Media Studies,Accounting & Finance,Geology, Environmental, Earth & Marine Sciences,Economics & Econometrics,Computer Science,Law,Biological Sciences,Education,Art, Performing Arts & Design,Physics & Astronomy,Business & Management,Chemistry,Languages, Literature & Linguistics,Other Health,Geography,Psychology,History, Philosophy & Theology,Mathematics & Statistics,Veterinary Science,Politics & International Studies (incl Development Studies),Sociology,Medicine & Dentistry",False,False,False,
63,University of North Carolina at Chapel Hill,66.4,63,58,56,54.5,86,95.9,35,39.4,377,39,471,public,0,/world-university-rankings/university-north-carolina-chapel-hill,507,United States,"26,518",7.3,8%,58 : 42,University of North Carolina at Chapel Hill,"Business & Management,Politics & International Studies (incl Development Studies),History, Philosophy & Theology,Other Health,Law,Agriculture & Forestry,Biological Sciences,Computer Science,Physics & Astronomy,Geography,Archaeology,Communication & Media Studies,Education,Accounting & Finance,Languages, Literature & Linguistics,Geology, Environmental, Earth & Marine Sciences,Medicine & Dentistry,Sport Science,Chemistry,Mathematics & Statistics,Art, Performing Arts & Design,Economics & Econometrics,Psychology,Sociology,General Engineering",False,False,False,https://www.timeshighereducation.com/student/register-interest/shorelight?utm_medium=thewebsite&utm_campaign=cta-link&utm_source=rankings&iid=i-95855921
64,Boston University,66.1,64,57.8,58,49.5,102,97.7,22,30.3,633,51,330,private,0,/world-university-rankings/boston-university,518,United States,"24,789",8.6,17%,58 : 42,Boston University,"Other Health,Politics & International Studies (incl Development Studies),Sociology,Mechanical & Aerospace Engineering,Education,Languages, Literature & Linguistics,Geography,Psychology,General Engineering,Geology, Environmental, Earth & Marine Sciences,Accounting & Finance,Chemistry,Computer Science,Art, Performing Arts & Design,Mathematics & Statistics,Biological Sciences,Medicine & Dentistry,History, Philosophy & Theology,Physics & Astronomy,Architecture,Electrical & Electronic Engineering,Business & Management,Economics & Econometrics,Archaeology,Communication & Media Studies,Law",False,False,False,https://www.timeshighereducation.com/student/register-interest/shorelight?utm_medium=thewebsite&utm_campaign=cta-link&utm_source=rankings&iid=i-74571941
 =65,Delft University of Technology,65.9,65,55,61,73.8,37,61.5,316,100,3,84,90,master_account,0,/world-university-rankings/delft-university-technology,568,Netherlands,"15,920",19.4,25%,26 : 74,Delft University of Technology,"Computer Science,Sport Science,Mechanical & Aerospace Engineering,Communication & Media Studies,Chemical Engineering,Geography,General Engineering,Mathematics & Statistics,Architecture,Biological Sciences,History, Philosophy & Theology,Chemistry,Economics & Econometrics,Art, Performing Arts & Design,Agriculture & Forestry,Education,Electrical & Electronic Engineering,Physics & Astronomy,Business & Management,Other Health,Geology, Environmental, Earth & Marine Sciences,Civil Engineering,Politics & International Studies (incl Development Studies)",False,False,False,
 =65,University of Minnesota,65.9,66,53.5,69,61,68,88,79,98.5,36,35.3,517,public,0,/world-university-rankings/university-minnesota,506,United States,"46,825",18.0,12%,52 : 48,University of Minnesota,"Geography,Computer Science,Veterinary Science,Architecture,Agriculture & Forestry,Economics & Econometrics,General Engineering,Mathematics & Statistics,Psychology,Languages, Literature & Linguistics,Mechanical & Aerospace Engineering,Geology, Environmental, Earth & Marine Sciences,History, Philosophy & Theology,Chemical Engineering,Politics & International Studies (incl Development Studies),Physics & Astronomy,Business & Management,Art, Performing Arts & Design,Civil Engineering,Communication & Media Studies,Sociology,Electrical & Electronic Engineering,Chemistry,Accounting & Finance,Medicine & Dentistry,Biological Sciences,Law,Other Health,Sport Science,Education",False,False,False,https://www.timeshighereducation.com/student/register-interest/shorelight?utm_medium=thewebsite&utm_campaign=cta-link&utm_source=rankings&iid=i-25162572
67,Leiden University,65.7,67,50.5,82,63.1,64,85.2,109,49.8,232,64.3,208,master_account,6,/world-university-rankings/leiden-university,543,Netherlands,"21,222",17.1,9%,59 : 41,Leiden University,"Biological Sciences,Psychology,Mathematics & Statistics,Languages, Literature & Linguistics,Chemistry,Computer Science,Education,History, Philosophy & Theology,Geology, Environmental, Earth & Marine Sciences,Art, Performing Arts & Design,Physics & Astronomy,Architecture,Communication & Media Studies,Other Health,Law,Archaeology,Politics & International Studies (incl Development Studies),Medicine & Dentistry,Sociology",False,False,False,
68,University of Southern California,65.5,68,49.3,92,58.9,73,93,48,38,400,56.3,278,private,0,/world-university-rankings/university-southern-california,519,United States,"36,534",12.9,20%,52 : 48,University of Southern California,"General Engineering,Education,Physics & Astronomy,Biological Sciences,Art, Performing Arts & Design,Agriculture & Forestry,Chemical Engineering,Politics & International Studies (incl Development Studies),Computer Science,Chemistry,Psychology,Medicine & Dentistry,Economics & Econometrics,Architecture,Electrical & Electronic Engineering,Sociology,History, Philosophy & Theology,Mechanical & Aerospace Engineering,Communication & Media Studies,Languages, Literature & Linguistics,Civil Engineering,Geology, Environmental, Earth & Marine Sciences,Business & Management,Archaeology,Sport Science,Accounting & Finance,Other Health,Mathematics & Statistics,Law,Geography",False,False,False,https://www.timeshighereducation.com/student/register-interest/shorelight?utm_medium=thewebsite&utm_campaign=cta-link&utm_source=rankings&iid=i-74975443
69,University of Bristol,64.3,69,47.6,103,51.6,95,91.2,59,40,364,82.4,96,master_account,0,/world-university-rankings/university-bristol,530,United Kingdom,"17,905",14.0,25%,53 : 47,University of Bristol,"Computer Science,Geology, Environmental, Earth & Marine Sciences,Economics & Econometrics,Electrical & Electronic Engineering,Politics & International Studies (incl Development Studies),Other Health,Mathematics & Statistics,Psychology,Art, Performing Arts & Design,Chemistry,Accounting & Finance,Languages, Literature & Linguistics,Mechanical & Aerospace Engineering,Geography,General Engineering,Communication & Media Studies,Medicine & Dentistry,Veterinary Science,Sociology,Archaeology,Civil Engineering,Education,History, Philosophy & Theology,Biological Sciences,Law,Physics & Astronomy,Business & Management",False,False,False,
70,Durham University,63.6,70,47.9,100,51.9,94,87.7,82,34.4,489,86.4,73,master_account,0,/world-university-rankings/durham-university,547,United Kingdom,"15,490",15.7,24%,54 : 46,Durham University united kingdom UK  England,"Electrical & Electronic Engineering,General Engineering,Sociology,History, Philosophy & Theology,Communication & Media Studies,Mechanical & Aerospace Engineering,Physics & Astronomy,Other Health,Politics & International Studies (incl Development Studies),Education,Civil Engineering,Computer Science,Geography,Sport Science,Law,Biological Sciences,Art, Performing Arts & Design,Languages, Literature & Linguistics,Mathematics & Statistics,Geology, Environmental, Earth & Marine Sciences,Business & Management,Economics & Econometrics,Accounting & Finance,Chemistry,Archaeology,Psychology",False,False,False,https://www.timeshighereducation.com/student/register-interest/siuk?utm_medium=thewebsite&utm_campaign=cta-link&utm_source=rankings&iid=i-56154151
71,Erasmus University Rotterdam,63.5,71,37.2,205,55.2,83,95.6,37,54.6,198,76.1,142,master_account,1,/world-university-rankings/erasmus-university-rotterdam,621,Netherlands,"20,580",18.9,17%,48 : 52,Erasmus University Rotterdam,"Communication & Media Studies,Economics & Econometrics,Medicine & Dentistry,Accounting & Finance,History, Philosophy & Theology,Other Health,Biological Sciences,Education,Mathematics & Statistics,Business & Management,Art, Performing Arts & Design,Psychology,Politics & International Studies (incl Development Studies),Law,Sociology",False,False,False,
72,Free University of Berlin,63.2,72,57.9,57,72.2,44,60.2,326,35.1,469,69.2,185,master_account,0,/world-university-rankings/free-university-berlin,617,Germany,"33,062",39.3,20%,58 : 42,Free University of Berlin,"Communication & Media Studies,Computer Science,Chemistry,Mathematics & Statistics,Economics & Econometrics,Languages, Literature & Linguistics,Sociology,Biological Sciences,Accounting & Finance,Psychology,Geography,Geology, Environmental, Earth & Marine Sciences,History, Philosophy & Theology,Business & Management,Veterinary Science,Physics & Astronomy,Law,Education,Politics & International Studies (incl Development Studies)",False,False,False,
73,Monash University,62.8,73,48.3,98,59.1,72,73.3,213,82.5,75,87.6,63,master_account,0,/world-university-rankings/monash-university,581,Australia,"50,882",40.5,36%,56 : 44,Monash University,"Civil Engineering,History, Philosophy & Theology,Geology, Environmental, Earth & Marine Sciences,Law,Medicine & Dentistry,Biological Sciences,Electrical & Electronic Engineering,Chemistry,Geography,Economics & Econometrics,Computer Science,Mechanical & Aerospace Engineering,Accounting & Finance,Languages, Literature & Linguistics,Sociology,Mathematics & Statistics,Architecture,General Engineering,Chemical Engineering,Other Health,Art, Performing Arts & Design,Communication & Media Studies,Psychology,Politics & International Studies (incl Development Studies),Archaeology,Education,Sport Science,Business & Management,Physics & Astronomy",False,False,False,https://www.timeshighereducation.com/student/register-interest/aecc?utm_medium=thewebsite&utm_campaign=cta-link&utm_source=rankings&iid=i-45738353
74,University of Groningen,62.4,74,43.3,132,56.9,76,84,119,92.4,50,63.9,215,master_account,0,/world-university-rankings/university-groningen,598,Netherlands,"24,556",25.6,11%,52 : 48,University of Groningen,"Sociology,Other Health,Physics & Astronomy,Geology, Environmental, Earth & Marine Sciences,Economics & Econometrics,Archaeology,Medicine & Dentistry,Geography,Law,Psychology,Mathematics & Statistics,Chemistry,History, Philosophy & Theology,Accounting & Finance,Politics & International Studies (incl Development Studies),General Engineering,Chemical Engineering,Languages, Literature & Linguistics,Education,Computer Science,Biological Sciences,Communication & Media Studies,Business & Management",False,False,False,
75,Penn State (Main campus),62.3,75,50.4,83,61.9,66,80.5,155,56.2,192,40.8,444,public,0,/world-university-rankings/penn-state-main-campus,515,United States,"44,501",12.4,12%,46 : 54,Penn State (Main campus),"Business & Management,Geology, Environmental, Earth & Marine Sciences,Mechanical & Aerospace Engineering,Mathematics & Statistics,General Engineering,Law,Medicine & Dentistry,Architecture,Veterinary Science,Politics & International Studies (incl Development Studies),Civil Engineering,Archaeology,Chemistry,Chemical Engineering,Education,Computer Science,Languages, Literature & Linguistics,Psychology,Accounting & Finance,Communication & Media Studies,Other Health,Sport Science,Art, Performing Arts & Design,Physics & Astronomy,History, Philosophy & Theology,Electrical & Electronic Engineering,Sociology,Economics & Econometrics,Biological Sciences,Geography,Agriculture & Forestry",False,False,False,https://www.timeshighereducation.com/student/register-interest/shorelight?utm_medium=thewebsite&utm_campaign=cta-link&utm_source=rankings&iid=i-63396649
 =76,University of Glasgow,61.9,76,41.6,146,48.3,106,92.3,51,31.6,580,85.8,75,master_account,11,/world-university-rankings/university-glasgow,566,United Kingdom,"22,615",16.0,29%,57 : 43,University of Glasgow,"General Engineering,Agriculture & Forestry,Sociology,Architecture,Physics & Astronomy,Business & Management,Art, Performing Arts & Design,Electrical & Electronic Engineering,Biological Sciences,Geography,Computer Science,Mechanical & Aerospace Engineering,Politics & International Studies (incl Development Studies),History, Philosophy & Theology,Mathematics & Statistics,Psychology,Languages, Literature & Linguistics,Sport Science,Education,Archaeology,Chemistry,Accounting & Finance,Medicine & Dentistry,Geology, Environmental, Earth & Marine Sciences,Economics & Econometrics,Veterinary Science,Law,Other Health,Civil Engineering,Communication & Media Studies",False,False,False,
 =76,University of Helsinki,61.9,77,48.4,95,60.4,70,82.1,140,31.6,581,51.8,324,master_account,0,/world-university-rankings/university-helsinki,555,Finland,"23,505",15.1,6%,66 : 34,University of Helsinki,"Law,Economics & Econometrics,Communication & Media Studies,Civil Engineering,Biological Sciences,Chemical Engineering,Sociology,Chemistry,Business & Management,Computer Science,Agriculture & Forestry,Geography,Art, Performing Arts & Design,Politics & International Studies (incl Development Studies),Mechanical & Aerospace Engineering,General Engineering,Physics & Astronomy,Sport Science,Mathematics & Statistics,Education,Psychology,Archaeology,History, Philosophy & Theology,Electrical & Electronic Engineering,Veterinary Science,Geology, Environmental, Earth & Marine Sciences,Languages, Literature & Linguistics,Accounting & Finance,Medicine & Dentistry,Architecture,Other Health",False,False,False,
78,University of Tübingen,61.7,78,47,108,59.8,71,79.3,166,59.2,170,58.2,261,master_account,0,/world-university-rankings/university-tubingen,652,Germany,"28,327",38.9,12%,58 : 42,University of Tübingen,"Archaeology,Politics & International Studies (incl Development Studies),Languages, Literature & Linguistics,Sport Science,History, Philosophy & Theology,Psychology,Medicine & Dentistry,Physics & Astronomy,Mathematics & Statistics,Chemistry,Sociology,Biological Sciences,Education,Communication & Media Studies,Business & Management,Computer Science,Accounting & Finance,Other Health,Geography,Economics & Econometrics,Law,Geology, Environmental, Earth & Marine Sciences",False,False,False,
79,University of Pittsburgh-Pittsburgh campus,61.5,79,50.6,81,50.3,101,92.3,52,39.3,378,33.9,535,public,0,/world-university-rankings/university-pittsburgh-pittsburgh-campus,524,United States,"26,485",5.8,10%,51 : 49,University of Pittsburgh-Pittsburgh campus,"Electrical & Electronic Engineering,Politics & International Studies (incl Development Studies),Mechanical & Aerospace Engineering,Geography,Medicine & Dentistry,Sport Science,Law,Architecture,Languages, Literature & Linguistics,Mathematics & Statistics,Accounting & Finance,Chemical Engineering,History, Philosophy & Theology,Civil Engineering,Chemistry,Computer Science,Communication & Media Studies,Biological Sciences,Psychology,Economics & Econometrics,Sociology,Business & Management,Art, Performing Arts & Design,Physics & Astronomy,Other Health,General Engineering,Geology, Environmental, Earth & Marine Sciences,Education",False,False,False,https://www.timeshighereducation.com/student/register-interest/shorelight?utm_medium=thewebsite&utm_campaign=cta-link&utm_source=rankings&iid=i-73524078
80,University of Warwick,61.3,80,47.4,106,53.1,91,78.2,174,37.7,409,90.3,45,master_account,0,/world-university-rankings/university-warwick,622,United Kingdom,"18,530",16.6,37%,48 : 52,University of Warwick,"Economics & Econometrics,Chemistry,Medicine & Dentistry,Politics & International Studies (incl Development Studies),Art, Performing Arts & Design,Business & Management,Psychology,Education,Communication & Media Studies,Geography,Computer Science,Mathematics & Statistics,Languages, Literature & Linguistics,Biological Sciences,History, Philosophy & Theology,Physics & Astronomy,Accounting & Finance,Electrical & Electronic Engineering,General Engineering,Sociology,Mechanical & Aerospace Engineering,Law,Other Health,Civil Engineering",False,False,False,https://www.timeshighereducation.com/student/register-interest/siuk?utm_medium=thewebsite&utm_campaign=cta-link&utm_source=rankings&iid=i-26364423
81,Uppsala University,61.2,81,44.1,127,61,69,80.9,153,39.5,375,59.6,250,master_account,0,/world-university-rankings/uppsala-university,551,Sweden,"25,266",18.2,12%,57 : 43,Uppsala University,"Economics & Econometrics,History, Philosophy & Theology,Education,Physics & Astronomy,Communication & Media Studies,Chemistry,Medicine & Dentistry,Electrical & Electronic Engineering,Computer Science,Languages, Literature & Linguistics,Chemical Engineering,Archaeology,Accounting & Finance,Sociology,Civil Engineering,Biological Sciences,Politics & International Studies (incl Development Studies),Mathematics & Statistics,Business & Management,General Engineering,Geology, Environmental, Earth & Marine Sciences,Geography,Law,Psychology,Other Health",False,False,False,
 =82,University of Copenhagen,61,82,49.8,85,42.7,147,86.2,95,45,279,83.3,95,master_account,0,/world-university-rankings/university-copenhagen,599,Denmark,"27,545",4.1,19%,67 : 33,University of Copenhagen,"Politics & International Studies (incl Development Studies),Other Health,Psychology,Archaeology,Biological Sciences,Communication & Media Studies,History, Philosophy & Theology,Law,Sport Science,Geology, Environmental, Earth & Marine Sciences,Medicine & Dentistry,Computer Science,Economics & Econometrics,Mathematics & Statistics,Physics & Astronomy,Languages, Literature & Linguistics,Chemistry,Veterinary Science,Agriculture & Forestry,Geography,Sociology",False,False,False,
 =82,UNSW Sydney,61,83,40.7,157,53.9,87,82.1,141,50,230,89.5,54,master_account,6,/world-university-rankings/unsw-sydney,638,Australia,"38,309",25.9,32%,47 : 53,UNSW Sydney unsw australia unsw,"Medicine & Dentistry,Other Health,Chemistry,General Engineering,History, Philosophy & Theology,Architecture,Psychology,Sport Science,Education,Biological Sciences,Languages, Literature & Linguistics,Mechanical & Aerospace Engineering,Sociology,Mathematics & Statistics,Geology, Environmental, Earth & Marine Sciences,Economics & Econometrics,Chemical Engineering,Electrical & Electronic Engineering,Art, Performing Arts & Design,Politics & International Studies (incl Development Studies),Accounting & Finance,Geography,Communication & Media Studies,Computer Science,Law,Civil Engineering,Business & Management,Physics & Astronomy",False,False,False,
84,University of Freiburg,60.7,84,47.4,105,51.1,97,80.5,154,100,5,60.3,244,master_account,0,/world-university-rankings/university-freiburg,653,Germany,"26,467",31.2,16%,52 : 48,University of Freiburg,"Mathematics & Statistics,Art, Performing Arts & Design,Politics & International Studies (incl Development Studies),History, Philosophy & Theology,Business & Management,Sport Science,Communication & Media Studies,Languages, Literature & Linguistics,Medicine & Dentistry,Sociology,Archaeology,Physics & Astronomy,Economics & Econometrics,Other Health,Geology, Environmental, Earth & Marine Sciences,Agriculture & Forestry,Electrical & Electronic Engineering,Law,Education,Geography,Psychology,Computer Science,Biological Sciences,Chemistry",False,False,False,
85,Seoul National University,60.5,85,66.5,37,70.5,46,50,403,85.4,69,30.9,577,master_account,0,/world-university-rankings/seoul-national-university,588,South Korea,"26,389",13.9,10%,,Seoul National University,"Geography,Business & Management,Politics & International Studies (incl Development Studies),Communication & Media Studies,Veterinary Science,Agriculture & Forestry,Civil Engineering,Chemistry,Art, Performing Arts & Design,Economics & Econometrics,Psychology,Archaeology,History, Philosophy & Theology,Sociology,Medicine & Dentistry,Mathematics & Statistics,Mechanical & Aerospace Engineering,Chemical Engineering,General Engineering,Computer Science,Languages, Literature & Linguistics,Other Health,Sport Science,Biological Sciences,Law,Accounting & Finance,Physics & Astronomy,Electrical & Electronic Engineering,Education,Geology, Environmental, Earth & Marine Sciences,Architecture",False,False,False,
86,University of St Andrews,60.4,86,49.7,86,47.3,116,78.8,172,30.6,625,92.3,34,master_account,0,/world-university-rankings/university-st-andrews,549,United Kingdom,"8,340",12.7,47%,56 : 44,University of St Andrews,"Geography,Medicine & Dentistry,Sociology,Archaeology,Languages, Literature & Linguistics,Physics & Astronomy,Computer Science,Psychology,Chemistry,Business & Management,Biological Sciences,History, Philosophy & Theology,Other Health,Politics & International Studies (incl Development Studies),Geology, Environmental, Earth & Marine Sciences,Communication & Media Studies,Economics & Econometrics,Mathematics & Statistics",False,False,False,https://www.timeshighereducation.com/student/register-interest/siuk?utm_medium=thewebsite&utm_campaign=cta-link&utm_source=rankings&iid=i-44428293
87,Vanderbilt University,60.1,87,47.8,102,44.2,139,95.7,36,63.2,150,29.1,602,private,0,/world-university-rankings/vanderbilt-university,534,United States,"12,161",3.6,9%,52 : 48,Vanderbilt University,"Mathematics & Statistics,Business & Management,General Engineering,Art, Performing Arts & Design,Chemical Engineering,Psychology,Accounting & Finance,Computer Science,Communication & Media Studies,Archaeology,Geology, Environmental, Earth & Marine Sciences,Economics & Econometrics,Chemistry,Medicine & Dentistry,Law,Electrical & Electronic Engineering,Civil Engineering,Geography,Other Health,Languages, Literature & Linguistics,Education,Physics & Astronomy,Mechanical & Aerospace Engineering,Sociology,History, Philosophy & Theology,Biological Sciences,Politics & International Studies (incl Development Studies)",False,False,False,https://www.timeshighereducation.com/student/register-interest/shorelight?utm_medium=thewebsite&utm_campaign=cta-link&utm_source=rankings&iid=i-72359222
 =88,Kyoto University,59.9,88,70.6,29,69.3,51,46.6,430,79,93,26.1,633,master_account,0,/world-university-rankings/kyoto-university,516,Japan,"22,809",5.6,7%,,Kyoto University,"Architecture,Geography,Biological Sciences,Psychology,Mechanical & Aerospace Engineering,Law,Communication & Media Studies,Archaeology,Education,Electrical & Electronic Engineering,Sociology,Business & Management,Civil Engineering,Agriculture & Forestry,Economics & Econometrics,Physics & Astronomy,Chemistry,Computer Science,Medicine & Dentistry,Mathematics & Statistics,History, Philosophy & Theology,Chemical Engineering,Languages, Literature & Linguistics,Politics & International Studies (incl Development Studies),General Engineering,Accounting & Finance,Art, Performing Arts & Design,Geology, Environmental, Earth & Marine Sciences,Other Health,Sport Science",False,False,False,
 =88,Maastricht University,59.9,89,37.5,202,47.7,110,82.7,132,95.4,44,95.5,14,master_account,6,/world-university-rankings/maastricht-university,663,Netherlands,"15,626",18.9,48%,56 : 44,Maastricht University,"Biological Sciences,Business & Management,Communication & Media Studies,Other Health,Sociology,Chemistry,Computer Science,Law,History, Philosophy & Theology,Politics & International Studies (incl Development Studies),Medicine & Dentistry,Education,Art, Performing Arts & Design,Economics & Econometrics,Languages, Literature & Linguistics,Psychology",False,False,False,
 =90,Emory University,59.7,90,48.3,97,37.1,188,96.7,28,48.9,241,51,331,private,0,/world-university-rankings/emory-university,539,United States,"12,338",4.5,18%,56 : 44,Emory University,"Other Health,Sociology,Medicine & Dentistry,Politics & International Studies (incl Development Studies),General Engineering,Law,Computer Science,Business & Management,Mathematics & Statistics,Accounting & Finance,Biological Sciences,Psychology,Physics & Astronomy,Economics & Econometrics,Art, Performing Arts & Design,Chemistry,History, Philosophy & Theology,Communication & Media Studies,Languages, Literature & Linguistics,Geology, Environmental, Earth & Marine Sciences",False,False,False,https://www.timeshighereducation.com/student/register-interest/shorelight?utm_medium=thewebsite&utm_campaign=cta-link&utm_source=rankings&iid=i-20903556
 =90,Lund University,59.7,91,39.7,171,53.6,88,81.3,151,70.4,120,74.1,153,master_account,0,/world-university-rankings/lund-university,544,Sweden,"28,251",11.5,15%,,Lund University,"Electrical & Electronic Engineering,Communication & Media Studies,Art, Performing Arts & Design,Mechanical & Aerospace Engineering,Politics & International Studies (incl Development Studies),Other Health,Physics & Astronomy,Business & Management,Civil Engineering,Sociology,Languages, Literature & Linguistics,Architecture,Agriculture & Forestry,Law,Archaeology,Biological Sciences,Education,History, Philosophy & Theology,Chemical Engineering,Geography,Computer Science,Chemistry,Accounting & Finance,Psychology,Medicine & Dentistry,Mathematics & Statistics,General Engineering,Geology, Environmental, Earth & Marine Sciences,Economics & Econometrics",False,False,False,
 =90,Ohio State University (Main campus),59.7,92,51.6,78,46.6,121,83.2,128,53.1,206,53,311,public,0,/world-university-rankings/ohio-state-university-main-campus,521,United States,"51,462",13.4,12%,49 : 51,Ohio State University (Main campus),"Electrical & Electronic Engineering,Veterinary Science,Communication & Media Studies,Civil Engineering,Computer Science,Archaeology,Education,Accounting & Finance,Geology, Environmental, Earth & Marine Sciences,Medicine & Dentistry,Economics & Econometrics,Geography,Sociology,Biological Sciences,Sport Science,Architecture,Art, Performing Arts & Design,Mathematics & Statistics,Business & Management,Other Health,Politics & International Studies (incl Development Studies),Chemical Engineering,Physics & Astronomy,Psychology,Law,Mechanical & Aerospace Engineering,Chemistry,Languages, Literature & Linguistics,Agriculture & Forestry,History, Philosophy & Theology,General Engineering",False,False,False,https://www.timeshighereducation.com/student/register-interest/shorelight?utm_medium=thewebsite&utm_campaign=cta-link&utm_source=rankings&iid=i-88908463
93,University of Exeter,59.5,93,39.4,175,40,168,94.3,42,31.9,568,87.3,65,master_account,11,/world-university-rankings/university-exeter,620,United Kingdom,"17,755",18.8,28%,54 : 46,University of Exeter,"Architecture,Biological Sciences,Law,Languages, Literature & Linguistics,Computer Science,Politics & International Studies (incl Development Studies),Accounting & Finance,General Engineering,Physics & Astronomy,Art, Performing Arts & Design,Medicine & Dentistry,Sport Science,Mechanical & Aerospace Engineering,Sociology,Psychology,Civil Engineering,Geology, Environmental, Earth & Marine Sciences,Business & Management,Archaeology,Veterinary Science,Education,History, Philosophy & Theology,Agriculture & Forestry,Geography,Other Health,Mathematics & Statistics,Electrical & Electronic Engineering,Communication & Media Studies,Economics & Econometrics",False,False,False,
 =94,University of Bonn,58.8,94,45.1,119,47.5,114,85.3,107,0,767,63.6,220,master_account,0,/world-university-rankings/university-bonn,868,Germany,"32,474",70.4,12%,55 : 45,University of Bonn,"Physics & Astronomy,Politics & International Studies (incl Development Studies),Medicine & Dentistry,Communication & Media Studies,Languages, Literature & Linguistics,Computer Science,Chemistry,Agriculture & Forestry,Archaeology,Biological Sciences,History, Philosophy & Theology,Business & Management,Geology, Environmental, Earth & Marine Sciences,Economics & Econometrics,Law,Geography,Sociology,Mathematics & Statistics,Other Health,Psychology",False,False,False,
 =94,Georgetown University,58.8,95,54.4,63,39.3,172,82.5,135,80.7,84,52.7,316,private,0,/world-university-rankings/georgetown-university,602,United States,"15,408",8.5,14%,53 : 47,Georgetown University,"History, Philosophy & Theology,Economics & Econometrics,Languages, Literature & Linguistics,General Engineering,Psychology,Sociology,Medicine & Dentistry,Law,Mathematics & Statistics,Computer Science,Physics & Astronomy,Accounting & Finance,Architecture,Politics & International Studies (incl Development Studies),Art, Performing Arts & Design,Education,Agriculture & Forestry,Other Health,Sport Science,Business & Management,Geology, Environmental, Earth & Marine Sciences,Communication & Media Studies,Chemistry,Biological Sciences",False,False,False,https://www.timeshighereducation.com/student/register-interest/shorelight?utm_medium=thewebsite&utm_campaign=cta-link&utm_source=rankings&iid=i-26274852
 =94,McMaster University,58.8,96,39.8,167,44.8,134,84.9,113,88,62,76.1,143,master_account,11,/world-university-rankings/mcmaster-university,529,Canada,"23,823",19.3,15%,53 : 47,McMaster University,"Medicine & Dentistry,Biological Sciences,History, Philosophy & Theology,Politics & International Studies (incl Development Studies),Civil Engineering,Archaeology,Chemical Engineering,Sociology,Chemistry,Accounting & Finance,Languages, Literature & Linguistics,Mechanical & Aerospace Engineering,General Engineering,Geology, Environmental, Earth & Marine Sciences,Economics & Econometrics,Art, Performing Arts & Design,Electrical & Electronic Engineering,Communication & Media Studies,Computer Science,Sport Science,Business & Management,Other Health,Mathematics & Statistics,Psychology,Physics & Astronomy,Geography",False,False,False,
97,University of Sheffield,58.6,97,42.4,139,48.8,103,80.1,157,43.4,296,81.9,99,master_account,0,/world-university-rankings/university-sheffield,565,United Kingdom,"23,310",15.4,31%,50 : 50,University of Sheffield united kingdom UK Sheffield,"Business & Management,Chemical Engineering,Languages, Literature & Linguistics,Medicine & Dentistry,Accounting & Finance,Geology, Environmental, Earth & Marine Sciences,Archaeology,General Engineering,Civil Engineering,Physics & Astronomy,Geography,Politics & International Studies (incl Development Studies),Computer Science,Electrical & Electronic Engineering,Other Health,Law,Architecture,Education,Economics & Econometrics,Chemistry,Psychology,Communication & Media Studies,History, Philosophy & Theology,Biological Sciences,Mathematics & Statistics,Mechanical & Aerospace Engineering,Sociology",False,False,False,https://www.timeshighereducation.com/student/register-interest/siuk?utm_medium=thewebsite&utm_campaign=cta-link&utm_source=rankings&iid=i-51616042
98,Queen Mary University of London,58.5,98,34.1,256,41.3,158,93.3,47,36.8,427,93.5,23,master_account,0,/world-university-rankings/queen-mary-university-london,131678,United Kingdom,"14,260",14.0,40%,52 : 48,Queen Mary University of London,"Mechanical & Aerospace Engineering,Communication & Media Studies,Accounting & Finance,Chemical Engineering,Geography,Chemistry,Business & Management,History, Philosophy & Theology,Economics & Econometrics,Electrical & Electronic Engineering,General Engineering,Geology, Environmental, Earth & Marine Sciences,Art, Performing Arts & Design,Sport Science,Law,Other Health,Sociology,Computer Science,Mathematics & Statistics,Languages, Literature & Linguistics,Biological Sciences,Psychology,Medicine & Dentistry,Physics & Astronomy,Politics & International Studies (incl Development Studies)",False,False,False,
 =99,University of Göttingen,58,99,49.3,91,54.5,85,72.7,218,31.8,571,56.4,276,master_account,0,/world-university-rankings/university-gottingen,533,Germany,"25,581",25.6,12%,51 : 49,University of Göttingen,"Biological Sciences,Geography,Education,Veterinary Science,Law,Art, Performing Arts & Design,Mathematics & Statistics,Accounting & Finance,Languages, Literature & Linguistics,Sport Science,Psychology,Medicine & Dentistry,Chemistry,Business & Management,History, Philosophy & Theology,Agriculture & Forestry,Politics & International Studies (incl Development Studies),Archaeology,Geology, Environmental, Earth & Marine Sciences,Economics & Econometrics,Computer Science,Sociology,Other Health,Communication & Media Studies,Physics & Astronomy",False,False,False,
 =99,Michigan State University,58,100,47.3,107,52.6,92,76.8,183,32.2,559,56.4,277,public,0,/world-university-rankings/michigan-state-university,560,United States,"44,750",15.7,15%,51 : 49,Michigan State University,"Business & Management,Other Health,History, Philosophy & Theology,Chemistry,Law,General Engineering,Agriculture & Forestry,Art, Performing Arts & Design,Sociology,Sport Science,Computer Science,Economics & Econometrics,Architecture,Geology, Environmental, Earth & Marine Sciences,Psychology,Politics & International Studies (incl Development Studies),Electrical & Electronic Engineering,Chemical Engineering,Biological Sciences,Languages, Literature & Linguistics,Civil Engineering,Education,Mathematics & Statistics,Communication & Media Studies,Geography,Archaeology,Medicine & Dentistry,Veterinary Science,Physics & Astronomy,Accounting & Finance,Mechanical & Aerospace Engineering",False,False,False,https://www.timeshighereducation.com/student/register-interest/shorelight?utm_medium=thewebsite&utm_campaign=cta-link&utm_source=rankings&iid=i-58650993
 =101,University of Basel,57.9,101,39.5,173,33.1,226,88.3,74,99.9,19,94.7,16,master_account,0,/world-university-rankings/university-basel,575,Switzerland,"12,551",17.3,24%,54 : 46,University of Basel,"Psychology,Art, Performing Arts & Design,Archaeology,Physics & Astronomy,Chemistry,Business & Management,History, Philosophy & Theology,Sport Science,Law,Medicine & Dentistry,Other Health,Sociology,Languages, Literature & Linguistics,Accounting & Finance,Communication & Media Studies,Politics & International Studies (incl Development Studies),Education,Biological Sciences,Geology, Environmental, Earth & Marine Sciences,Computer Science,Economics & Econometrics,Mathematics & Statistics,Geography",False,False,False,
 =101,École Polytechnique – Institut Polytechnique de Paris,57.9,102,53.5,68,44.6,136,64.7,288,82.3,78,92.8,29,master_account,0,/world-university-rankings/ecole-polytechnique-institut-polytechnique-de-paris,527,France,"2,429",4.8,30%,18 : 82,École Polytechnique – Institut Polytechnique de Paris,"Physics & Astronomy,General Engineering,Education,Computer Science,Geology, Environmental, Earth & Marine Sciences,Languages, Literature & Linguistics,Mathematics & Statistics,History, Philosophy & Theology,Chemistry,Civil Engineering,Mechanical & Aerospace Engineering,Economics & Econometrics,Electrical & Electronic Engineering,Business & Management,Biological Sciences,Chemical Engineering",False,False,False,
 =101,Rice University,57.9,103,37.9,195,35.1,211,99.7,8,41.7,336,66.6,194,private,0,/world-university-rankings/rice-university,536,United States,"6,333",9.0,26%,44 : 56,Rice University,"Physics & Astronomy,Art, Performing Arts & Design,Civil Engineering,Business & Management,Education,Computer Science,Chemistry,Architecture,Economics & Econometrics,General Engineering,History, Philosophy & Theology,Politics & International Studies (incl Development Studies),Mechanical & Aerospace Engineering,Accounting & Finance,Psychology,Sport Science,Languages, Literature & Linguistics,Sociology,Chemical Engineering,Geology, Environmental, Earth & Marine Sciences,Electrical & Electronic Engineering,Mathematics & Statistics,Biological Sciences",False,False,False,https://www.timeshighereducation.com/student/register-interest/shorelight?utm_medium=thewebsite&utm_campaign=cta-link&utm_source=rankings&iid=i-26979505
 =101,Trinity College Dublin,57.9,104,45.5,116,46.2,124,75.8,192,32.8,537,90.8,40,master_account,0,/world-university-rankings/trinity-college-dublin,582,Ireland,"15,520",22.3,25%,57 : 43,Trinity College Dublin,"Art, Performing Arts & Design,General Engineering,Sociology,Languages, Literature & Linguistics,History, Philosophy & Theology,Physics & Astronomy,Business & Management,Computer Science,Politics & International Studies (incl Development Studies),Electrical & Electronic Engineering,Law,Mechanical & Aerospace Engineering,Geography,Other Health,Geology, Environmental, Earth & Marine Sciences,Economics & Econometrics,Biological Sciences,Psychology,Medicine & Dentistry,Chemistry,Accounting & Finance,Civil Engineering,Education,Mathematics & Statistics",False,False,False,
 =104,Dartmouth College,57.8,105,50.7,80,35.8,198,93.3,46,40.8,350,38.3,479,private,0,/world-university-rankings/dartmouth-college,554,United States,"6,178",6.6,16%,47 : 53,Dartmouth College,"Sociology,Mathematics & Statistics,General Engineering,History, Philosophy & Theology,Computer Science,Biological Sciences,Geography,Art, Performing Arts & Design,Languages, Literature & Linguistics,Electrical & Electronic Engineering,Psychology,Geology, Environmental, Earth & Marine Sciences,Politics & International Studies (incl Development Studies),Mechanical & Aerospace Engineering,Economics & Econometrics,Other Health,Business & Management,Physics & Astronomy,Archaeology,Medicine & Dentistry,Chemistry,Chemical Engineering,Accounting & Finance",False,False,False,https://www.timeshighereducation.com/student/register-interest/shorelight?utm_medium=thewebsite&utm_campaign=cta-link&utm_source=rankings&iid=i-46262331
 =104,University of Zurich,57.8,106,49.5,87,31.5,247,85.4,106,44,290,90.4,44,master_account,0,/world-university-rankings/university-zurich,525,Switzerland,"26,583",6.5,19%,57 : 43,University of Zurich,"Veterinary Science,Accounting & Finance,Languages, Literature & Linguistics,Art, Performing Arts & Design,Psychology,Law,Mathematics & Statistics,Physics & Astronomy,Business & Management,Medicine & Dentistry,Geology, Environmental, Earth & Marine Sciences,Other Health,Computer Science,History, Philosophy & Theology,Geography,Education,Politics & International Studies (incl Development Studies),Communication & Media Studies,Sociology,Agriculture & Forestry,Biological Sciences,Economics & Econometrics,Archaeology,Chemistry",False,False,False,
 =106,"University of California, Irvine",57.7,107,39.9,166,41.8,155,91.6,56,48.9,240,59.2,252,public,0,/world-university-rankings/university-california-irvine,550,United States,"26,614",16.1,16%,52 : 48,"University of California, Irvine","Medicine & Dentistry,Business & Management,Chemistry,Civil Engineering,Languages, Literature & Linguistics,Accounting & Finance,General Engineering,Chemical Engineering,Education,Architecture,Mathematics & Statistics,Art, Performing Arts & Design,Sociology,Economics & Econometrics,Electrical & Electronic Engineering,Psychology,Mechanical & Aerospace Engineering,History, Philosophy & Theology,Biological Sciences,Computer Science,Law,Geology, Environmental, Earth & Marine Sciences,Politics & International Studies (incl Development Studies),Other Health,Physics & Astronomy",False,False,False,https://www.timeshighereducation.com/student/register-interest/shorelight?utm_medium=thewebsite&utm_campaign=cta-link&utm_source=rankings&iid=i-49530901
 =106,Aarhus University,57.7,108,36.9,211,50.7,98,79.8,159,68.3,128,76.8,136,master_account,0,/world-university-rankings/aarhus-university,589,Denmark,"23,895",13.6,14%,54 : 46,Aarhus University,"Electrical & Electronic Engineering,Geology, Environmental, Earth & Marine Sciences,Medicine & Dentistry,Veterinary Science,Accounting & Finance,Art, Performing Arts & Design,Mathematics & Statistics,Law,History, Philosophy & Theology,Agriculture & Forestry,Geography,Other Health,Sport Science,Psychology,Archaeology,Biological Sciences,Business & Management,Computer Science,Chemical Engineering,Politics & International Studies (incl Development Studies),Mechanical & Aerospace Engineering,Communication & Media Studies,Languages, Literature & Linguistics,Physics & Astronomy,Education,Civil Engineering,Chemistry,Economics & Econometrics",False,False,False,
 =106,University of Mannheim,57.7,109,34.5,248,47.7,111,86.9,89,85.3,70,64.6,206,master_account,0,/world-university-rankings/university-mannheim,131813,Germany,"11,761",85.8,15%,55 : 45,University of Mannheim,"Economics & Econometrics,Languages, Literature & Linguistics,Business & Management,Education,Accounting & Finance,History, Philosophy & Theology,Law,Communication & Media Studies,Computer Science,Politics & International Studies (incl Development Studies),Psychology,Mathematics & Statistics,Sociology",False,False,False,
108,University of Notre Dame,57.6,110,47.6,104,48.1,108,81.7,146,33.7,507,47.6,373,private,0,/world-university-rankings/university-notre-dame,553,United States,"11,829",13.8,10%,44 : 56,University of Notre Dame,"Chemistry,Biological Sciences,Computer Science,History, Philosophy & Theology,Accounting & Finance,Art, Performing Arts & Design,Psychology,Mathematics & Statistics,Languages, Literature & Linguistics,Chemical Engineering,Economics & Econometrics,Physics & Astronomy,Politics & International Studies (incl Development Studies),Architecture,Law,General Engineering,Mechanical & Aerospace Engineering,Civil Engineering,Sociology,Business & Management,Education,Electrical & Electronic Engineering,Geology, Environmental, Earth & Marine Sciences,Communication & Media Studies",False,False,False,https://www.timeshighereducation.com/student/register-interest/shorelight?utm_medium=thewebsite&utm_campaign=cta-link&utm_source=rankings&iid=i-46645881
109,The University of Western Australia,57.5,111,33.4,269,46.1,125,83.6,124,64.5,144,92.6,32,master_account,0,/world-university-rankings/university-western-australia,654,Australia,"20,851",20.7,27%,50 : 50,The University of Western Australia,"General Engineering,Mathematics & Statistics,Politics & International Studies (incl Development Studies),Computer Science,Languages, Literature & Linguistics,Agriculture & Forestry,Psychology,Communication & Media Studies,Business & Management,Electrical & Electronic Engineering,Sport Science,Medicine & Dentistry,Chemistry,Accounting & Finance,Art, Performing Arts & Design,Education,Other Health,Physics & Astronomy,Economics & Econometrics,Biological Sciences,Geography,Geology, Environmental, Earth & Marine Sciences,History, Philosophy & Theology,Civil Engineering,Architecture,Chemical Engineering,Archaeology,Sociology,Law,Mechanical & Aerospace Engineering,Veterinary Science",False,False,False,https://www.timeshighereducation.com/student/register-interest/aecc?utm_medium=thewebsite&utm_campaign=cta-link&utm_source=rankings&iid=i-74036713
 =110,RWTH Aachen University,57.2,112,49.4,89,56.3,78,63.2,307,98.1,37,54.1,296,master_account,0,/world-university-rankings/rwth-aachen-university,632,Germany,"37,917",27.6,16%,31 : 69,RWTH Aachen University,"Languages, Literature & Linguistics,Politics & International Studies (incl Development Studies),Accounting & Finance,Business & Management,Chemical Engineering,Sociology,Biological Sciences,History, Philosophy & Theology,Mathematics & Statistics,General Engineering,Electrical & Electronic Engineering,Other Health,Physics & Astronomy,Medicine & Dentistry,Chemistry,Computer Science,Psychology,Economics & Econometrics,Geology, Environmental, Earth & Marine Sciences,Communication & Media Studies,Mechanical & Aerospace Engineering,Geography,Education,Architecture,Civil Engineering",False,False,False,
 =110,University of Southampton,57.2,113,39.8,168,43.6,142,82,143,37.5,414,88.4,60,master_account,0,/world-university-rankings/university-southampton,593,United Kingdom,"20,925",13.5,29%,53 : 47,University of Southampton,"Electrical & Electronic Engineering,Languages, Literature & Linguistics,Geology, Environmental, Earth & Marine Sciences,Politics & International Studies (incl Development Studies),Computer Science,Art, Performing Arts & Design,History, Philosophy & Theology,Civil Engineering,Education,Physics & Astronomy,Geography,Accounting & Finance,Medicine & Dentistry,Chemical Engineering,Law,Biological Sciences,Economics & Econometrics,Mathematics & Statistics,Mechanical & Aerospace Engineering,Psychology,General Engineering,Other Health,Communication & Media Studies,Chemistry,Sociology,Business & Management,Archaeology",False,False,False,https://www.timeshighereducation.com/student/register-interest/siuk?utm_medium=thewebsite&utm_campaign=cta-link&utm_source=rankings&iid=i-58225932
112,Scuola Normale Superiore di Pisa,57.1,114,54.2,66,53.1,90,67.2,262,52,218,46.3,393,master_account,0,/world-university-rankings/scuola-normale-superiore-di-pisa,1019,Italy,462,16.5,5%,28 : 72,Scuola Normale Superiore di Pisa,"Politics & International Studies (incl Development Studies),Physics & Astronomy,Chemistry,Archaeology,Sociology,History, Philosophy & Theology,Mathematics & Statistics,Computer Science,Languages, Literature & Linguistics,Art, Performing Arts & Design",False,False,False,
 =113,Université de Montréal,57,115,46.3,112,45.5,130,69.6,240,92.6,49,84.2,89,master_account,0,/world-university-rankings/universite-de-montreal,569,Canada,"38,264",20.3,25%,57 : 43,Université de Montréal Université de Montréal Universite de Montreal,"Communication & Media Studies,Languages, Literature & Linguistics,Electrical & Electronic Engineering,Geography,Sport Science,Mathematics & Statistics,Architecture,History, Philosophy & Theology,Mechanical & Aerospace Engineering,Art, Performing Arts & Design,Chemistry,Civil Engineering,Biological Sciences,Psychology,Computer Science,Veterinary Science,Chemical Engineering,Business & Management,Sociology,Archaeology,General Engineering,Education,Accounting & Finance,Other Health,Politics & International Studies (incl Development Studies),Medicine & Dentistry,Physics & Astronomy,Economics & Econometrics,Law",False,False,False,
 =113,Pierre and Marie Curie University,57,116,52.8,71,32.7,234,82.9,130,37.4,416,74.1,154,master_account,0,/world-university-rankings/pierre-and-marie-curie-university,548,France,"27,862",8.7,18%,48 : 52,Pierre and Marie Curie University,"Biological Sciences,Medicine & Dentistry,Chemical Engineering,Civil Engineering,Mechanical & Aerospace Engineering,Economics & Econometrics,General Engineering,Geology, Environmental, Earth & Marine Sciences,Mathematics & Statistics,Other Health,Veterinary Science,Physics & Astronomy,Electrical & Electronic Engineering,Computer Science,Chemistry",False,False,False,
 =113,Purdue University West Lafayette,57,117,50.2,84,57.7,75,63.2,306,0,791,66.4,196,public,0,/world-university-rankings/purdue-university-west-lafayette,562,United States,"39,256",18.1,22%,42 : 58,Purdue University West Lafayette,"Physics & Astronomy,Biological Sciences,Art, Performing Arts & Design,Architecture,Sport Science,Computer Science,Accounting & Finance,Languages, Literature & Linguistics,Sociology,Economics & Econometrics,Medicine & Dentistry,Chemical Engineering,Veterinary Science,Agriculture & Forestry,History, Philosophy & Theology,Other Health,Electrical & Electronic Engineering,Geology, Environmental, Earth & Marine Sciences,Politics & International Studies (incl Development Studies),Education,Chemistry,Communication & Media Studies,Psychology,General Engineering,Civil Engineering,Mechanical & Aerospace Engineering,Archaeology,Business & Management,Mathematics & Statistics",False,False,False,https://www.timeshighereducation.com/student/register-interest/shorelight?utm_medium=thewebsite&utm_campaign=cta-link&utm_source=rankings&iid=i-32236813
116,Pohang University of Science and Technology (POSTECH),56.9,118,49.1,94,47.1,118,76.7,184,100,13,33.7,538,master_account,0,/world-university-rankings/pohang-university-science-and-technology-postech,517,South Korea,"3,055",10.1,4%,20 : 80,Pohang University of Science and Technology (POSTECH) postech,"General Engineering,Chemical Engineering,Chemistry,Business & Management,Electrical & Electronic Engineering,Computer Science,Mathematics & Statistics,Geology, Environmental, Earth & Marine Sciences,Other Health,Biological Sciences,Physics & Astronomy,Mechanical & Aerospace Engineering",False,False,False,
117,"University of Maryland, College Park",56.7,119,45,120,42.1,151,88.2,76,32.3,554,43.5,423,public,0,/world-university-rankings/university-maryland-college-park,559,United States,"31,331",8.4,9%,48 : 52,"University of Maryland, College Park","Chemistry,Biological Sciences,Accounting & Finance,Languages, Literature & Linguistics,Computer Science,Mathematics & Statistics,Business & Management,Architecture,General Engineering,Physics & Astronomy,Economics & Econometrics,Art, Performing Arts & Design,Mechanical & Aerospace Engineering,Geology, Environmental, Earth & Marine Sciences,Archaeology,Sport Science,Geography,Agriculture & Forestry,Politics & International Studies (incl Development Studies),Electrical & Electronic Engineering,History, Philosophy & Theology,Sociology,Civil Engineering,Education,Other Health,Veterinary Science,Chemical Engineering,Communication & Media Studies",False,False,False,https://www.timeshighereducation.com/student/register-interest/shorelight?utm_medium=thewebsite&utm_campaign=cta-link&utm_source=rankings&iid=i-76110123
118,Ghent University,56.6,120,42.1,142,54.5,84,71.2,230,88.3,61,54.2,293,master_account,0,/world-university-rankings/ghent-university,570,Belgium,"32,166",34.1,9%,57 : 43,Ghent University,"Art, Performing Arts & Design,General Engineering,Physics & Astronomy,Business & Management,Archaeology,Chemical Engineering,Communication & Media Studies,History, Philosophy & Theology,Civil Engineering,Geology, Environmental, Earth & Marine Sciences,Economics & Econometrics,Computer Science,Mathematics & Statistics,Psychology,Biological Sciences,Sociology,Electrical & Electronic Engineering,Geography,Languages, Literature & Linguistics,Mechanical & Aerospace Engineering,Chemistry,Accounting & Finance,Other Health,Sport Science,Education,Medicine & Dentistry,Agriculture & Forestry,Politics & International Studies (incl Development Studies),Veterinary Science,Law",False,False,False,
119,University of Birmingham,56.2,121,39.4,174,41.8,154,82.7,131,34.7,476,82,98,master_account,0,/world-university-rankings/university-birmingham,612,United Kingdom,"25,295",16.4,23%,54 : 46,University of Birmingham,"General Engineering,Communication & Media Studies,Accounting & Finance,History, Philosophy & Theology,Biological Sciences,Business & Management,Medicine & Dentistry,Mathematics & Statistics,Geography,Architecture,Chemical Engineering,Sociology,Archaeology,Sport Science,Education,Art, Performing Arts & Design,Mechanical & Aerospace Engineering,Law,Languages, Literature & Linguistics,Civil Engineering,Electrical & Electronic Engineering,Politics & International Studies (incl Development Studies),Economics & Econometrics,Computer Science,Physics & Astronomy,Psychology,Other Health,Chemistry,Geology, Environmental, Earth & Marine Sciences",False,False,False,https://www.timeshighereducation.com/student/register-interest/siuk?utm_medium=thewebsite&utm_campaign=cta-link&utm_source=rankings&iid=i-24885315
 =120,University of Bern,56.1,122,40,163,42.5,149,76.6,185,82.9,74,83.7,92,master_account,0,/world-university-rankings/university-bern,576,Switzerland,"14,708",22.5,14%,54 : 46,University of Bern,"Art, Performing Arts & Design,Biological Sciences,Geography,Languages, Literature & Linguistics,Sport Science,Psychology,History, Philosophy & Theology,Physics & Astronomy,Education,Computer Science,Communication & Media Studies,Medicine & Dentistry,Chemistry,Business & Management,Archaeology,Mathematics & Statistics,Accounting & Finance,General Engineering,Sociology,Agriculture & Forestry,Politics & International Studies (incl Development Studies),Veterinary Science,Law,Other Health,Geology, Environmental, Earth & Marine Sciences,Economics & Econometrics",False,False,False,
 =120,University of Cape Town,56.1,123,34.9,235,38.7,176,85.6,102,92.7,48,80.2,114,master_account,11,/world-university-rankings/university-cape-town,567,South Africa,"20,040",12.1,18%,53 : 47,University of Cape Town UCT,"Politics & International Studies (incl Development Studies),Sport Science,Education,Art, Performing Arts & Design,Mechanical & Aerospace Engineering,General Engineering,Electrical & Electronic Engineering,Geology, Environmental, Earth & Marine Sciences,Architecture,Chemical Engineering,Sociology,Medicine & Dentistry,Biological Sciences,Law,Languages, Literature & Linguistics,Civil Engineering,Geography,Accounting & Finance,Other Health,Communication & Media Studies,Archaeology,Chemistry,Business & Management,Computer Science,Physics & Astronomy,Economics & Econometrics,History, Philosophy & Theology,Mathematics & Statistics,Psychology",False,False,False,
 =120,University of Florida,56.1,124,51.8,75,56.8,77,67.7,255,0,780,33.3,544,public,0,/world-university-rankings/university-florida,590,United States,"50,095",18.7,9%,54 : 46,University of Florida,"History, Philosophy & Theology,Electrical & Electronic Engineering,Sociology,Medicine & Dentistry,Civil Engineering,Geology, Environmental, Earth & Marine Sciences,Economics & Econometrics,Archaeology,Agriculture & Forestry,Politics & International Studies (incl Development Studies),Mechanical & Aerospace Engineering,Law,Computer Science,Mathematics & Statistics,Education,Art, Performing Arts & Design,Biological Sciences,Communication & Media Studies,Architecture,Sport Science,Psychology,Other Health,Chemical Engineering,Chemistry,Accounting & Finance,General Engineering,Physics & Astronomy,Business & Management,Languages, Literature & Linguistics,Veterinary Science,Geography",False,False,False,https://www.timeshighereducation.com/student/register-interest/shorelight?utm_medium=thewebsite&utm_campaign=cta-link&utm_source=rankings&iid=i-25479123
 =123,University of Erlangen-Nuremberg,56,125,51.7,77,39.7,170,75.2,195,99.4,31,47,381,master_account,6,/world-university-rankings/university-erlangen-nuremberg,870,Germany,"36,146",53.9,9%,49 : 51,University of Erlangen-Nuremberg,"History, Philosophy & Theology,Archaeology,Mathematics & Statistics,Chemical Engineering,Sociology,Biological Sciences,Physics & Astronomy,Mechanical & Aerospace Engineering,Electrical & Electronic Engineering,Law,Chemistry,Medicine & Dentistry,Geography,Sport Science,Other Health,Business & Management,Languages, Literature & Linguistics,Politics & International Studies (incl Development Studies),Education,Psychology,Geology, Environmental, Earth & Marine Sciences,Economics & Econometrics,Communication & Media Studies,Accounting & Finance,Computer Science,General Engineering",False,False,False,
 =123,Rutgers University–New Brunswick,56,126,43.9,130,55.7,81,75.4,194,35.9,453,34.7,524,public,0,/world-university-rankings/rutgers-university-new-brunswick-0,546,United States,"37,032",17.3,8%,51 : 49,Rutgers University–New Brunswick,"Other Health,Sport Science,Psychology,Agriculture & Forestry,Architecture,Communication & Media Studies,Physics & Astronomy,Medicine & Dentistry,Geography,Civil Engineering,Politics & International Studies (incl Development Studies),Art, Performing Arts & Design,Electrical & Electronic Engineering,Chemistry,Business & Management,General Engineering,Geology, Environmental, Earth & Marine Sciences,Languages, Literature & Linguistics,Education,Computer Science,Chemical Engineering,History, Philosophy & Theology,Biological Sciences,Economics & Econometrics,Mechanical & Aerospace Engineering,Sociology,Archaeology,Accounting & Finance,Mathematics & Statistics",False,False,False,https://www.timeshighereducation.com/student/register-interest/shorelight?utm_medium=thewebsite&utm_campaign=cta-link&utm_source=rankings&iid=i-70313321
 =125,University of Münster,55.9,127,40.3,160,44.1,140,85.6,103,58.2,176,46.3,392,master_account,0,/world-university-rankings/university-munster,756,Germany,"39,838",46.1,8%,53 : 47,University of Münster,"History, Philosophy & Theology,Geology, Environmental, Earth & Marine Sciences,Economics & Econometrics,Archaeology,Communication & Media Studies,Sport Science,Law,Art, Performing Arts & Design,Physics & Astronomy,Accounting & Finance,Medicine & Dentistry,Politics & International Studies (incl Development Studies),Computer Science,Sociology,Biological Sciences,Psychology,Languages, Literature & Linguistics,Chemistry,Business & Management,Other Health,Geography,Mathematics & Statistics,Education",False,False,False,
 =125,Radboud University Nijmegen,55.9,128,34.3,251,48.5,105,84.9,114,39.2,379,60.9,241,master_account,11,/world-university-rankings/radboud-university-nijmegen,624,Netherlands,"17,713",13.0,10%,58 : 42,Radboud University Nijmegen,"Other Health,Psychology,History, Philosophy & Theology,Chemistry,Sociology,Geology, Environmental, Earth & Marine Sciences,Business & Management,Accounting & Finance,Medicine & Dentistry,Law,Communication & Media Studies,Economics & Econometrics,Mathematics & Statistics,Computer Science,Geography,Languages, Literature & Linguistics,Politics & International Studies (incl Development Studies),Physics & Astronomy,Biological Sciences,Education",False,False,False,
 =127,University of Colorado Boulder,55.8,129,39.7,169,37.6,182,96.4,32,35.7,457,36.6,503,public,0,/world-university-rankings/university-colorado-boulder,541,United States,"29,325",16.1,8%,45 : 55,University of Colorado Boulder,"Electrical & Electronic Engineering,Communication & Media Studies,Accounting & Finance,Physics & Astronomy,Civil Engineering,Chemical Engineering,Business & Management,Law,Mechanical & Aerospace Engineering,Psychology,Mathematics & Statistics,History, Philosophy & Theology,Education,Architecture,Biological Sciences,General Engineering,Economics & Econometrics,Languages, Literature & Linguistics,Chemistry,Computer Science,Geography,Politics & International Studies (incl Development Studies),Art, Performing Arts & Design,Sociology,Geology, Environmental, Earth & Marine Sciences",False,False,False,https://www.timeshighereducation.com/student/register-interest/shorelight?utm_medium=thewebsite&utm_campaign=cta-link&utm_source=rankings&iid=i-73893083
 =127,Tufts University,55.8,130,45.2,118,33.3,223,90.1,69,60.7,161,49.4,349,private,0,/world-university-rankings/tufts-university,542,United States,"10,410",10.0,14%,54 : 46,Tufts University,"Languages, Literature & Linguistics,Agriculture & Forestry,Sociology,History, Philosophy & Theology,Chemical Engineering,Law,General Engineering,Civil Engineering,Geology, Environmental, Earth & Marine Sciences,Architecture,Biological Sciences,Business & Management,Other Health,Chemistry,Economics & Econometrics,Archaeology,Veterinary Science,Psychology,Art, Performing Arts & Design,Mechanical & Aerospace Engineering,Physics & Astronomy,Medicine & Dentistry,Mathematics & Statistics,Education,Computer Science,Communication & Media Studies,Electrical & Electronic Engineering,Politics & International Studies (incl Development Studies)",False,False,False,https://www.timeshighereducation.com/student/register-interest/shorelight?utm_medium=thewebsite&utm_campaign=cta-link&utm_source=rankings&iid=i-14091951
129,"Royal Holloway, University of London",55.7,131,35.1,233,33.2,225,91.2,61,34.4,491,92.7,30,master_account,0,/world-university-rankings/royal-holloway-university-london,571,United Kingdom,"8,745",15.9,37%,57 : 43,"Royal Holloway, University of London","Electrical & Electronic Engineering,Physics & Astronomy,Business & Management,Chemistry,Accounting & Finance,History, Philosophy & Theology,Politics & International Studies (incl Development Studies),Agriculture & Forestry,Psychology,Art, Performing Arts & Design,Biological Sciences,Communication & Media Studies,Languages, Literature & Linguistics,Geography,Archaeology,Law,Mathematics & Statistics,Computer Science,Sociology,Geology, Environmental, Earth & Marine Sciences,Economics & Econometrics",False,False,False,https://www.timeshighereducation.com/student/register-interest/siuk?utm_medium=thewebsite&utm_campaign=cta-link&utm_source=rankings&iid=i-17688201
130,Lancaster University,55.6,132,34,262,41.4,157,85.3,108,33.6,511,87,68,master_account,0,/world-university-rankings/lancaster-university,595,United Kingdom,"11,510",14.9,33%,52 : 48,Lancaster University,"Computer Science,Art, Performing Arts & Design,Business & Management,Biological Sciences,Politics & International Studies (incl Development Studies),Chemistry,Architecture,Chemical Engineering,Languages, Literature & Linguistics,Economics & Econometrics,Education,Physics & Astronomy,Geology, Environmental, Earth & Marine Sciences,Sport Science,General Engineering,Accounting & Finance,Sociology,Electrical & Electronic Engineering,History, Philosophy & Theology,Psychology,Medicine & Dentistry,Law,Geography,Mechanical & Aerospace Engineering,Communication & Media Studies,Other Health,Mathematics & Statistics",False,False,False,https://www.timeshighereducation.com/student/register-interest/siuk?utm_medium=thewebsite&utm_campaign=cta-link&utm_source=rankings&iid=i-49618222
 =131,University of Geneva,55.4,133,34.9,236,40.5,162,78.5,173,72.4,111,98.5,5,master_account,0,/world-university-rankings/university-geneva,594,Switzerland,"15,668",15.0,39%,61 : 39,University of Geneva,"Economics & Econometrics,Geography,Chemistry,Computer Science,Accounting & Finance,Business & Management,Communication & Media Studies,Psychology,History, Philosophy & Theology,Physics & Astronomy,Other Health,Geology, Environmental, Earth & Marine Sciences,Archaeology,Medicine & Dentistry,Biological Sciences,Mathematics & Statistics,Law,Politics & International Studies (incl Development Studies),Education,Languages, Literature & Linguistics,Sociology",False,False,False,
 =131,University of York,55.4,134,41.9,143,46.3,122,73.1,214,31.1,605,83.5,94,master_account,0,/world-university-rankings/university-york,586,United Kingdom,"14,545",15.8,26%,55 : 45,University of York,"Archaeology,Physics & Astronomy,Law,Computer Science,Chemistry,Education,Electrical & Electronic Engineering,Politics & International Studies (incl Development Studies),Accounting & Finance,Mechanical & Aerospace Engineering,Other Health,Art, Performing Arts & Design,Medicine & Dentistry,Mathematics & Statistics,Economics & Econometrics,Languages, Literature & Linguistics,Communication & Media Studies,Business & Management,General Engineering,Geology, Environmental, Earth & Marine Sciences,Psychology,Sociology,Geography,Biological Sciences,History, Philosophy & Theology,Architecture",False,False,False,https://www.timeshighereducation.com/student/register-interest/siuk?utm_medium=thewebsite&utm_campaign=cta-link&utm_source=rankings&iid=i-82568163
 =133,Case Western Reserve University,55.3,135,46.1,113,33.2,224,92,55,34.1,497,40.5,449,private,0,/world-university-rankings/case-western-reserve-university,557,United States,"9,259",6.4,17%,48 : 52,Case Western Reserve University,"Computer Science,Agriculture & Forestry,Psychology,Civil Engineering,Geology, Environmental, Earth & Marine Sciences,History, Philosophy & Theology,Economics & Econometrics,Chemistry,Mechanical & Aerospace Engineering,Art, Performing Arts & Design,Politics & International Studies (incl Development Studies),Business & Management,General Engineering,Education,Accounting & Finance,Chemical Engineering,Other Health,Sociology,Electrical & Electronic Engineering,Communication & Media Studies,Languages, Literature & Linguistics,Law,Physics & Astronomy,Mathematics & Statistics,Architecture,Medicine & Dentistry,Biological Sciences",False,False,False,https://www.timeshighereducation.com/student/register-interest/shorelight?utm_medium=thewebsite&utm_campaign=cta-link&utm_source=rankings&iid=i-36123924
 =133,University of Leeds,55.3,136,43.7,131,39,173,79.2,167,36.7,429,77.4,132,master_account,0,/world-university-rankings/university-leeds,597,United Kingdom,"27,705",14.7,21%,58 : 42,University of Leeds,"General Engineering,Mechanical & Aerospace Engineering,Economics & Econometrics,Chemistry,Chemical Engineering,Physics & Astronomy,Communication & Media Studies,Languages, Literature & Linguistics,Biological Sciences,Geology, Environmental, Earth & Marine Sciences,Business & Management,Architecture,Electrical & Electronic Engineering,Geography,Medicine & Dentistry,Computer Science,Education,History, Philosophy & Theology,Accounting & Finance,Psychology,Law,Sociology,Politics & International Studies (incl Development Studies),Sport Science,Agriculture & Forestry,Mathematics & Statistics,Civil Engineering,Other Health,Art, Performing Arts & Design",False,False,False,https://www.timeshighereducation.com/student/register-interest/siuk?utm_medium=thewebsite&utm_campaign=cta-link&utm_source=rankings&iid=i-90575012
135,University of Oslo,55.1,137,43.3,134,44.7,135,75.5,193,38.3,390,68.2,191,master_account,0,/world-university-rankings/university-oslo,647,Norway,"27,139",18.8,18%,,University of Oslo,"Geology, Environmental, Earth & Marine Sciences,Sociology,Communication & Media Studies,Politics & International Studies (incl Development Studies),Archaeology,Art, Performing Arts & Design,History, Philosophy & Theology,Geography,Education,Psychology,Physics & Astronomy,Agriculture & Forestry,Computer Science,Other Health,Languages, Literature & Linguistics,Mathematics & Statistics,Law,Medicine & Dentistry,Chemistry,Economics & Econometrics,Biological Sciences",False,False,False,
136,Stockholm University,54.8,138,34.1,258,51.2,96,82.5,136,31.1,602,48.5,364,master_account,0,/world-university-rankings/stockholm-university,596,Sweden,"31,715",23.7,8%,62 : 38,Stockholm University,"History, Philosophy & Theology,Geography,Law,Education,Mathematics & Statistics,Physics & Astronomy,Biological Sciences,Chemistry,Sociology,Business & Management,Communication & Media Studies,Art, Performing Arts & Design,Computer Science,Geology, Environmental, Earth & Marine Sciences,Languages, Literature & Linguistics,Accounting & Finance,Politics & International Studies (incl Development Studies),Archaeology,Psychology,Economics & Econometrics,Veterinary Science",False,False,False,
137,University of Alberta,54.7,139,46.4,111,48.1,107,63.6,301,47.4,252,80.7,110,master_account,11,/world-university-rankings/university-alberta,564,Canada,"36,299",21.6,23%,55 : 45,University of Alberta,"Civil Engineering,Sociology,Other Health,Electrical & Electronic Engineering,Mathematics & Statistics,Law,Languages, Literature & Linguistics,Agriculture & Forestry,Politics & International Studies (incl Development Studies),Economics & Econometrics,Art, Performing Arts & Design,Mechanical & Aerospace Engineering,Geography,Medicine & Dentistry,Sport Science,Geology, Environmental, Earth & Marine Sciences,Business & Management,Computer Science,Chemistry,General Engineering,Physics & Astronomy,Accounting & Finance,History, Philosophy & Theology,Chemical Engineering,Psychology,Archaeology,Veterinary Science,Communication & Media Studies,Biological Sciences,Education",False,False,False,https://www.timeshighereducation.com/student/register-interest/applyboard?utm_medium=thewebsite&utm_campaign=cta-link&utm_source=rankings&iid=i-20147712
 =138,The Chinese University of Hong Kong,54.5,140,41.5,147,48.5,104,68.4,248,37.5,412,81.1,108,master_account,11,/world-university-rankings/chinese-university-hong-kong,662356,Hong Kong,"17,916",10.2,22%,53 : 47,The Chinese University of Hong Kong CUHK Chinese University of Hong Kong Chinese U,"Computer Science,Law,Geography,Education,Architecture,Sport Science,History, Philosophy & Theology,General Engineering,Art, Performing Arts & Design,Chemistry,Economics & Econometrics,Physics & Astronomy,Communication & Media Studies,Medicine & Dentistry,Geology, Environmental, Earth & Marine Sciences,Accounting & Finance,Sociology,Other Health,Psychology,Mathematics & Statistics,Languages, Literature & Linguistics,Business & Management,Politics & International Studies (incl Development Studies),Biological Sciences,Mechanical & Aerospace Engineering,Electrical & Electronic Engineering",False,False,False,
 =138,Karlsruhe Institute of Technology,54.5,141,37.7,198,47.5,115,73.8,208,99.5,30,56.7,273,master_account,0,/world-university-rankings/karlsruhe-institute-technology,660,Germany,"25,294",24.6,16%,26 : 74,Karlsruhe Institute of Technology,"Economics & Econometrics,General Engineering,Communication & Media Studies,Education,Electrical & Electronic Engineering,Civil Engineering,Geography,Sport Science,Chemistry,Computer Science,Chemical Engineering,Mathematics & Statistics,Geology, Environmental, Earth & Marine Sciences,Accounting & Finance,Agriculture & Forestry,Art, Performing Arts & Design,Architecture,Biological Sciences,Physics & Astronomy,Mechanical & Aerospace Engineering,History, Philosophy & Theology,Business & Management",False,False,False,
140,University of Sussex,54.4,142,33.4,268,37.2,187,86.1,96,30.6,626,88.3,62,master_account,0,/world-university-rankings/university-sussex,563,United Kingdom,"12,000",17.4,35%,54 : 46,University of Sussex,"History, Philosophy & Theology,Chemistry,Economics & Econometrics,Geography,Art, Performing Arts & Design,Mathematics & Statistics,Electrical & Electronic Engineering,Sociology,Education,Computer Science,Mechanical & Aerospace Engineering,Psychology,Architecture,Medicine & Dentistry,Geology, Environmental, Earth & Marine Sciences,Communication & Media Studies,Accounting & Finance,Other Health,Politics & International Studies (incl Development Studies),Physics & Astronomy,Biological Sciences,Law,Business & Management,General Engineering,Languages, Literature & Linguistics",False,False,False,https://www.timeshighereducation.com/student/register-interest/siuk?utm_medium=thewebsite&utm_campaign=cta-link&utm_source=rankings&iid=i-64911343
141,University of Massachusetts,54.3,143,40.2,162,36.3,196,88.1,77,52.2,214,48.9,358,master_account,0,/world-university-rankings/university-massachusetts,528,United States,"56,959",13.0,11%,49 : 51,University of Massachusetts,"Law,Business & Management,Politics & International Studies (incl Development Studies),Art, Performing Arts & Design,Computer Science,Medicine & Dentistry,Electrical & Electronic Engineering,Languages, Literature & Linguistics,Geography,Architecture,Economics & Econometrics,Chemistry,Geology, Environmental, Earth & Marine Sciences,Mechanical & Aerospace Engineering,Sport Science,History, Philosophy & Theology,Civil Engineering,Other Health,Sociology,Communication & Media Studies,Veterinary Science,Accounting & Finance,Mathematics & Statistics,Physics & Astronomy,General Engineering,Psychology,Archaeology,Biological Sciences,Agriculture & Forestry,Education,Chemical Engineering",False,False,False,https://www.timeshighereducation.com/student/register-interest/shorelight?utm_medium=thewebsite&utm_campaign=cta-link&utm_source=rankings&iid=i-88328014
142,University of Vienna,54.2,144,40.8,156,50.5,100,63.6,302,30.2,642,92.6,31,master_account,0,/world-university-rankings/university-vienna,603,Austria,"34,651",20.5,25%,67 : 33,University of Vienna,"Physics & Astronomy,Computer Science,Geography,Geology, Environmental, Earth & Marine Sciences,Chemistry,Economics & Econometrics,History, Philosophy & Theology,Politics & International Studies (incl Development Studies),Mathematics & Statistics,Business & Management,Biological Sciences,Psychology,Archaeology,Sociology,Education,Sport Science,Law,Languages, Literature & Linguistics,Communication & Media Studies,Accounting & Finance",False,False,False,
143,University of Nottingham,54.1,145,40.3,161,39,174,77.5,176,39.8,371,80.6,111,master_account,0,/world-university-rankings/university-nottingham,604,United Kingdom,"30,145",15.0,27%,54 : 46,University of Nottingham,"Other Health,Sport Science,Psychology,Art, Performing Arts & Design,Civil Engineering,Politics & International Studies (incl Development Studies),General Engineering,Physics & Astronomy,Accounting & Finance,Medicine & Dentistry,Veterinary Science,Education,History, Philosophy & Theology,Chemical Engineering,Communication & Media Studies,Languages, Literature & Linguistics,Mechanical & Aerospace Engineering,Geology, Environmental, Earth & Marine Sciences,Computer Science,Mathematics & Statistics,Business & Management,Electrical & Electronic Engineering,Chemistry,Sociology,Economics & Econometrics,Archaeology,Biological Sciences,Law,Architecture,Agriculture & Forestry,Geography",False,False,False,https://www.timeshighereducation.com/student/register-interest/siuk?utm_medium=thewebsite&utm_campaign=cta-link&utm_source=rankings&iid=i-18193873
 =144,"University of California, Santa Cruz",53.9,146,31.1,316,34.2,214,99.9,2,36.1,446,45.6,401,public,0,/world-university-rankings/university-california-santa-cruz,574,United States,"17,404",22.7,1%,53 : 47,"University of California, Santa Cruz","Economics & Econometrics,Biological Sciences,Business & Management,Agriculture & Forestry,Other Health,Physics & Astronomy,Communication & Media Studies,Art, Performing Arts & Design,Languages, Literature & Linguistics,Chemistry,Geology, Environmental, Earth & Marine Sciences,Archaeology,Psychology,Politics & International Studies (incl Development Studies),Education,General Engineering,Computer Science,Sociology,Electrical & Electronic Engineering,History, Philosophy & Theology,Mathematics & Statistics",False,False,False,https://www.timeshighereducation.com/student/register-interest/shorelight?utm_medium=thewebsite&utm_campaign=cta-link&utm_source=rankings&iid=i-68567521
 =144,University of Lausanne,53.9,147,30.9,321,45.6,128,76.2,188,56,193,89.2,56,master_account,0,/world-university-rankings/university-lausanne,580,Switzerland,"11,964",13.1,22%,,University of Lausanne,"Languages, Literature & Linguistics,Politics & International Studies (incl Development Studies),Biological Sciences,Sociology,History, Philosophy & Theology,Business & Management,Law,Geology, Environmental, Earth & Marine Sciences,Other Health,Medicine & Dentistry,Accounting & Finance,Economics & Econometrics,Computer Science,Geography,Archaeology,Psychology,Communication & Media Studies,Sport Science,Education",False,False,False,
146,Universitat Autònoma de Barcelona (UAB),53.8,148,40.3,158,40,167,83.8,121,34.9,470,50.3,339,master_account,1,/world-university-rankings/universitat-autonoma-de-barcelona-uab,666,Spain,"30,538",12.3,10%,59 : 41,Universitat Autònoma de Barcelona (UAB) uab,"Economics & Econometrics,Languages, Literature & Linguistics,Electrical & Electronic Engineering,Geology, Environmental, Earth & Marine Sciences,Computer Science,Business & Management,Mathematics & Statistics,Veterinary Science,Politics & International Studies (incl Development Studies),Sociology,Mechanical & Aerospace Engineering,History, Philosophy & Theology,Geography,Accounting & Finance,Sport Science,Other Health,Art, Performing Arts & Design,Physics & Astronomy,Chemical Engineering,Psychology,General Engineering,Medicine & Dentistry,Chemistry,Communication & Media Studies,Archaeology,Law,Agriculture & Forestry,Education,Biological Sciences",False,False,False,
147,University of Virginia (Main campus),53.3,149,38.8,182,37.5,183,87.3,87,37.9,401,43.4,424,public,0,/world-university-rankings/university-virginia-main-campus,601,United States,"23,845",10.2,12%,52 : 48,University of Virginia (Main campus),"General Engineering,Chemistry,Geography,Physics & Astronomy,Sociology,Other Health,Biological Sciences,Education,Art, Performing Arts & Design,Mathematics & Statistics,Business & Management,Languages, Literature & Linguistics,Electrical & Electronic Engineering,Economics & Econometrics,Archaeology,Chemical Engineering,Accounting & Finance,History, Philosophy & Theology,Geology, Environmental, Earth & Marine Sciences,Psychology,Medicine & Dentistry,Mechanical & Aerospace Engineering,Communication & Media Studies,Architecture,Civil Engineering,Politics & International Studies (incl Development Studies),Computer Science,Sport Science,Law",False,False,False,https://www.timeshighereducation.com/student/register-interest/shorelight?utm_medium=thewebsite&utm_campaign=cta-link&utm_source=rankings&iid=i-21442282
148,Korea Advanced Institute of Science and Technology (KAIST),53,150,43.3,133,40.5,163,75.9,191,100,8,33.9,534,master_account,0,/world-university-rankings/korea-advanced-institute-science-and-technology-kaist,558,South Korea,"9,027",10.0,9%,20 : 80,Korea Advanced Institute of Science and Technology (KAIST),"History, Philosophy & Theology,Electrical & Electronic Engineering,Sport Science,Languages, Literature & Linguistics,Chemical Engineering,Sociology,Computer Science,Mathematics & Statistics,Education,Archaeology,Veterinary Science,Law,Art, Performing Arts & Design,Mechanical & Aerospace Engineering,Communication & Media Studies,Architecture,Chemistry,Medicine & Dentistry,Biological Sciences,Psychology,Civil Engineering,Politics & International Studies (incl Development Studies),Business & Management,General Engineering,Geology, Environmental, Earth & Marine Sciences,Accounting & Finance,Other Health,Physics & Astronomy,Economics & Econometrics",False,False,False,
 =149,University of Adelaide,52.9,151,32.8,277,43.2,144,72.4,221,79.3,92,85.1,79,master_account,0,/world-university-rankings/university-adelaide,665,Australia,"20,771",30.1,26%,48 : 52,University of Adelaide Adelaide University,"Electrical & Electronic Engineering,Geology, Environmental, Earth & Marine Sciences,Agriculture & Forestry,Medicine & Dentistry,History, Philosophy & Theology,Chemical Engineering,Politics & International Studies (incl Development Studies),Civil Engineering,Sociology,Chemistry,Languages, Literature & Linguistics,Law,Mathematics & Statistics,Physics & Astronomy,Veterinary Science,Education,Psychology,Other Health,Computer Science,Biological Sciences,Economics & Econometrics,Business & Management,Architecture,Accounting & Finance,General Engineering,Communication & Media Studies,Mechanical & Aerospace Engineering,Geography,Art, Performing Arts & Design",False,False,False,
 =149,University of East Anglia,52.9,152,31.9,296,28.7,282,92.7,50,28.5,715,83.5,93,master_account,11,/world-university-rankings/university-east-anglia,609,United Kingdom,"14,990",14.7,28%,58 : 42,University of East Anglia,"Communication & Media Studies,Other Health,Art, Performing Arts & Design,Mathematics & Statistics,Psychology,Economics & Econometrics,Medicine & Dentistry,Geology, Environmental, Earth & Marine Sciences,Computer Science,Politics & International Studies (incl Development Studies),General Engineering,Sociology,Languages, Literature & Linguistics,Chemistry,Business & Management,Biological Sciences,Law,History, Philosophy & Theology,Physics & Astronomy,Accounting & Finance,Agriculture & Forestry,Geography,Sport Science,Education",False,False,False,
 =149,University of Twente,52.9,153,34.1,260,45.6,129,68.8,246,91.2,54,80.1,115,master_account,0,/world-university-rankings/university-twente,664,Netherlands,"6,631",12.0,26%,37 : 63,University of Twente,"General Engineering,Geology, Environmental, Earth & Marine Sciences,Economics & Econometrics,Computer Science,Mathematics & Statistics,Business & Management,History, Philosophy & Theology,Agriculture & Forestry,Politics & International Studies (incl Development Studies),Electrical & Electronic Engineering,Chemistry,Civil Engineering,Geography,Other Health,Communication & Media Studies,Medicine & Dentistry,Physics & Astronomy,Education,Chemical Engineering,Law,Biological Sciences,Psychology,Mechanical & Aerospace Engineering,Sociology",False,False,False,
153,Sungkyunkwan University (SKKU),52.8,154,51.4,79,53.5,89,53.8,368,97.5,40,36.7,499,master_account,11,/world-university-rankings/sungkyunkwan-university-skku,805,South Korea,"24,365",20.3,9%,39 : 61,Sungkyunkwan University (SKKU),"Medicine & Dentistry,Communication & Media Studies,Electrical & Electronic Engineering,Psychology,Sociology,Architecture,Agriculture & Forestry,Sport Science,Law,General Engineering,Chemistry,History, Philosophy & Theology,Chemical Engineering,Physics & Astronomy,Economics & Econometrics,Languages, Literature & Linguistics,Civil Engineering,Geography,Archaeology,Biological Sciences,Mathematics & Statistics,Business & Management,Computer Science,Geology, Environmental, Earth & Marine Sciences,Accounting & Finance,Other Health,Veterinary Science,Education,Mechanical & Aerospace Engineering,Politics & International Studies (incl Development Studies),Art, Performing Arts & Design",False,False,False,
154,Vrije Universiteit Amsterdam,52.5,155,28.4,368,37.1,189,90.7,66,60.1,165,54.9,287,master_account,0,/world-university-rankings/vrije-universiteit-amsterdam,625,Netherlands,"23,280",16.3,6%,56 : 44,Vrije Universiteit Amsterdam,"Geology, Environmental, Earth & Marine Sciences,History, Philosophy & Theology,Art, Performing Arts & Design,Chemistry,Physics & Astronomy,Politics & International Studies (incl Development Studies),Law,Biological Sciences,Business & Management,Other Health,Economics & Econometrics,Languages, Literature & Linguistics,Mathematics & Statistics,Mechanical & Aerospace Engineering,Medicine & Dentistry,Sociology,Archaeology,Education,Communication & Media Studies,Computer Science,Architecture,Geography,Sport Science,Accounting & Finance,Agriculture & Forestry,Psychology",False,False,False,
155,KTH Royal Institute of Technology,52.4,156,39,180,44.3,138,63.9,298,78.1,94,84.4,86,master_account,6,/world-university-rankings/kth-royal-institute-technology,651,Sweden,"12,062",14.6,21%,30 : 70,KTH Royal Institute of Technology,"Education,History, Philosophy & Theology,General Engineering,Business & Management,Mechanical & Aerospace Engineering,Mathematics & Statistics,Computer Science,Biological Sciences,Architecture,Chemical Engineering,Economics & Econometrics,Geology, Environmental, Earth & Marine Sciences,Electrical & Electronic Engineering,Chemistry,Physics & Astronomy,Civil Engineering",False,False,False,
156,University of Cologne,52.3,157,42.2,141,38,180,75,197,68.5,126,53.1,309,master_account,0,/world-university-rankings/university-cologne,961,Germany,"43,280",43.4,11%,60 : 40,University of Cologne,"Mathematics & Statistics,Psychology,Physics & Astronomy,History, Philosophy & Theology,Sociology,Art, Performing Arts & Design,Chemistry,Business & Management,Medicine & Dentistry,Politics & International Studies (incl Development Studies),Computer Science,Geography,Archaeology,Geology, Environmental, Earth & Marine Sciences,Languages, Literature & Linguistics,Law,Biological Sciences,Accounting & Finance,Other Health,Communication & Media Studies,Economics & Econometrics,Education",False,False,False,
157,University of Liverpool,52.2,158,32.8,279,30.9,253,85.9,100,36.6,433,85.4,78,master_account,11,/world-university-rankings/university-liverpool,646,United Kingdom,"18,815",13.6,30%,52 : 48,University of Liverpool,"Communication & Media Studies,Medicine & Dentistry,Physics & Astronomy,Accounting & Finance,Biological Sciences,Geography,Archaeology,Architecture,Politics & International Studies (incl Development Studies),Mathematics & Statistics,Economics & Econometrics,Civil Engineering,Business & Management,Law,Computer Science,Geology, Environmental, Earth & Marine Sciences,Languages, Literature & Linguistics,Sociology,Psychology,Veterinary Science,Mechanical & Aerospace Engineering,Chemistry,Electrical & Electronic Engineering,Other Health,General Engineering,History, Philosophy & Theology",False,False,False,https://www.timeshighereducation.com/student/register-interest/siuk?utm_medium=thewebsite&utm_campaign=cta-link&utm_source=rankings&iid=i-48205864
 =158,TU Dresden,52.1,159,41.4,150,45.8,127,66.1,271,99.7,27,47.7,372,master_account,0,/world-university-rankings/tu-dresden,720,Germany,"35,487",37.4,12%,42 : 58,TU Dresden,"Civil Engineering,Biological Sciences,General Engineering,History, Philosophy & Theology,Geography,Education,Agriculture & Forestry,Physics & Astronomy,Communication & Media Studies,Sociology,Psychology,Electrical & Electronic Engineering,Medicine & Dentistry,Economics & Econometrics,Business & Management,Chemical Engineering,Mechanical & Aerospace Engineering,Geology, Environmental, Earth & Marine Sciences,Chemistry,Architecture,Accounting & Finance,Computer Science,Politics & International Studies (incl Development Studies),Languages, Literature & Linguistics,Other Health,Mathematics & Statistics",False,False,False,
 =158,University of Rochester,52.1,160,39.7,172,27.9,297,89,72,37,424,55.8,281,private,0,/world-university-rankings/university-rochester,545,United States,"9,390",4.5,26%,49 : 51,University of Rochester,"Electrical & Electronic Engineering,Mechanical & Aerospace Engineering,Psychology,Biological Sciences,Medicine & Dentistry,Chemical Engineering,Mathematics & Statistics,Languages, Literature & Linguistics,Education,Politics & International Studies (incl Development Studies),Art, Performing Arts & Design,Geography,General Engineering,Geology, Environmental, Earth & Marine Sciences,Computer Science,Economics & Econometrics,Physics & Astronomy,Accounting & Finance,Veterinary Science,Agriculture & Forestry,Business & Management,Communication & Media Studies,Archaeology,History, Philosophy & Theology,Sociology,Chemistry,Architecture,Other Health",False,False,False,https://www.timeshighereducation.com/student/register-interest/shorelight?utm_medium=thewebsite&utm_campaign=cta-link&utm_source=rankings&iid=i-49369082
 =161,Lomonosov Moscow State University,51.9,161,75.4,24,66.7,57,8.6,779,95.7,43,57.8,267,master_account,0,/world-university-rankings/lomonosov-moscow-state-university,753,Russian Federation,"30,822",7.7,20%,43 : 57,Lomonosov Moscow State University,"Education,History, Philosophy & Theology,Sport Science,Communication & Media Studies,Computer Science,Economics & Econometrics,Mathematics & Statistics,Languages, Literature & Linguistics,Politics & International Studies (incl Development Studies),Mechanical & Aerospace Engineering,Art, Performing Arts & Design,Chemical Engineering,Business & Management,Chemistry,Other Health,Agriculture & Forestry,Sociology,Geography,Medicine & Dentistry,Biological Sciences,Law,Archaeology,Accounting & Finance,Electrical & Electronic Engineering,Physics & Astronomy,Geology, Environmental, Earth & Marine Sciences,Psychology",False,False,True,
 =161,University of Miami,51.9,162,41.7,144,22.3,398,90.1,68,35.5,462,64,212,private,0,/world-university-rankings/university-miami,636,United States,"15,286",5.7,14%,50 : 50,University of Miami,"Other Health,Physics & Astronomy,Business & Management,Computer Science,Chemistry,Accounting & Finance,Civil Engineering,Sociology,Languages, Literature & Linguistics,Biological Sciences,Education,General Engineering,Communication & Media Studies,Economics & Econometrics,Electrical & Electronic Engineering,Geology, Environmental, Earth & Marine Sciences,Medicine & Dentistry,Art, Performing Arts & Design,Chemical Engineering,Geography,Architecture,Mathematics & Statistics,Psychology,Mechanical & Aerospace Engineering,Politics & International Studies (incl Development Studies),History, Philosophy & Theology,Sport Science,Law",False,False,False,https://www.timeshighereducation.com/student/register-interest/shorelight?utm_medium=thewebsite&utm_campaign=cta-link&utm_source=rankings&iid=i-02632503
163,University of Arizona,51.7,163,38.7,183,41.8,153,79.5,162,32.4,546,38.6,475,public,0,/world-university-rankings/university-arizona,561,United States,"36,429",12.7,8%,52 : 48,University of Arizona,"Geology, Environmental, Earth & Marine Sciences,Communication & Media Studies,Civil Engineering,Business & Management,Veterinary Science,Psychology,Sociology,Other Health,Physics & Astronomy,Accounting & Finance,Languages, Literature & Linguistics,Chemical Engineering,Computer Science,Mathematics & Statistics,Electrical & Electronic Engineering,Economics & Econometrics,Biological Sciences,Chemistry,Art, Performing Arts & Design,History, Philosophy & Theology,Geography,Agriculture & Forestry,Law,Architecture,Education,General Engineering,Sport Science,Mechanical & Aerospace Engineering,Medicine & Dentistry,Politics & International Studies (incl Development Studies),Archaeology",False,False,False,https://www.timeshighereducation.com/student/into-university-partnerships?utm_medium=thewebsite&utm_campaign=cta-link&utm_source=rankings&iid=i-84754683
 =164,Pompeu Fabra University,51.2,164,32.9,276,28,294,90.7,65,37.2,418,63.3,223,master_account,0,/world-university-rankings/pompeu-fabra-university,650,Spain,"10,901",18.3,13%,59 : 41,Pompeu Fabra University,"Languages, Literature & Linguistics,Sociology,Communication & Media Studies,Computer Science,History, Philosophy & Theology,Economics & Econometrics,Medicine & Dentistry,Biological Sciences,General Engineering,Accounting & Finance,Business & Management,Education,Politics & International Studies (incl Development Studies),Law,Art, Performing Arts & Design",False,False,False,
 =164,University of Reading,51.2,165,39.3,177,37.3,185,69.9,238,34.2,495,85.1,80,master_account,0,/world-university-rankings/university-reading,628,United Kingdom,"12,050",14.8,28%,55 : 45,University of Reading,"Veterinary Science,Communication & Media Studies,Accounting & Finance,Languages, Literature & Linguistics,Politics & International Studies (incl Development Studies),Chemistry,Mathematics & Statistics,Physics & Astronomy,Archaeology,Business & Management,Education,Chemical Engineering,Economics & Econometrics,Law,Architecture,Psychology,Other Health,Biological Sciences,History, Philosophy & Theology,Civil Engineering,Computer Science,Art, Performing Arts & Design,Geology, Environmental, Earth & Marine Sciences,Agriculture & Forestry,General Engineering,Geography",False,False,False,https://www.timeshighereducation.com/student/register-interest/siuk?utm_medium=thewebsite&utm_campaign=cta-link&utm_source=rankings&iid=i-33306644
 =164,Yeshiva University,51.2,166,44.8,122,23.7,365,92.8,49,0,800,28.5,609,private,0,/world-university-rankings/yeshiva-university,619,United States,"6,753",5.5,7%,53 : 47,Yeshiva University,"Accounting & Finance,Art, Performing Arts & Design,Biological Sciences,Business & Management,Chemistry,Computer Science,Economics & Econometrics,Education,History, Philosophy & Theology,Languages, Literature & Linguistics,Mathematics & Statistics,Other Health,Physics & Astronomy,Politics & International Studies (incl Development Studies),Psychology,Sociology",False,False,False,https://www.timeshighereducation.com/student/register-interest/shorelight?utm_medium=thewebsite&utm_campaign=cta-link&utm_source=rankings&iid=i-22876811
 =167,"University of California, Riverside",51.1,167,27.5,389,33.3,220,91.2,60,42.5,313,59.5,251,public,0,/world-university-rankings/university-california-riverside,607,United States,"20,626",22.0,12%,51 : 49,"University of California, Riverside","Biological Sciences,General Engineering,Languages, Literature & Linguistics,Communication & Media Studies,Education,History, Philosophy & Theology,Chemical Engineering,Computer Science,Chemistry,Psychology,Economics & Econometrics,Physics & Astronomy,Medicine & Dentistry,Business & Management,Other Health,Mathematics & Statistics,Geology, Environmental, Earth & Marine Sciences,Electrical & Electronic Engineering,Mechanical & Aerospace Engineering,Politics & International Studies (incl Development Studies),Art, Performing Arts & Design,Accounting & Finance,Sociology,Agriculture & Forestry",False,False,False,https://www.timeshighereducation.com/student/register-interest/shorelight?utm_medium=thewebsite&utm_campaign=cta-link&utm_source=rankings&iid=i-48621253
 =167,University of Leicester,51.1,168,32.1,292,27.8,299,86,98,31.7,577,86.6,72,master_account,0,/world-university-rankings/university-leicester,662,United Kingdom,"14,540",13.3,35%,54 : 46,University of Leicester uk united kingdom leicester,"Civil Engineering,Sociology,Mechanical & Aerospace Engineering,Economics & Econometrics,Art, Performing Arts & Design,Languages, Literature & Linguistics,Electrical & Electronic Engineering,Medicine & Dentistry,Business & Management,History, Philosophy & Theology,Mathematics & Statistics,Psychology,General Engineering,Chemistry,Agriculture & Forestry,Education,Communication & Media Studies,Chemical Engineering,Politics & International Studies (incl Development Studies),Biological Sciences,Law,Archaeology,Veterinary Science,Geology, Environmental, Earth & Marine Sciences,Accounting & Finance,Computer Science,Geography,Sport Science,Other Health,Physics & Astronomy",False,False,False,https://www.timeshighereducation.com/student/register-interest/siuk?utm_medium=thewebsite&utm_campaign=cta-link&utm_source=rankings&iid=i-37055783
 =167,National Taiwan University (NTU),51.1,169,54.1,67,58,74,47.3,422,49.6,234,27.7,618,master_account,0,/world-university-rankings/national-taiwan-university-ntu,618,Taiwan,"31,891",11.9,7%,39 : 61,National Taiwan University (NTU),"Languages, Literature & Linguistics,Chemical Engineering,Communication & Media Studies,Civil Engineering,Archaeology,Computer Science,Geography,Veterinary Science,Physics & Astronomy,Business & Management,Medicine & Dentistry,Sport Science,Art, Performing Arts & Design,Law,Mechanical & Aerospace Engineering,Other Health,Electrical & Electronic Engineering,Economics & Econometrics,Politics & International Studies (incl Development Studies),Architecture,Mathematics & Statistics,Chemistry,Psychology,Geology, Environmental, Earth & Marine Sciences,Biological Sciences,Education,Agriculture & Forestry,Accounting & Finance,Sociology,History, Philosophy & Theology,General Engineering",False,False,False,
 =167,Technical University of Denmark,51.1,170,37.3,204,29.9,268,77.8,175,50,231,85.1,81,master_account,0,/world-university-rankings/technical-university-denmark,643,Denmark,"9,990",5.0,18%,27 : 73,Technical University of Denmark,"Chemical Engineering,Biological Sciences,Agriculture & Forestry,Physics & Astronomy,Other Health,Electrical & Electronic Engineering,Mechanical & Aerospace Engineering,Geology, Environmental, Earth & Marine Sciences,Computer Science,General Engineering,Civil Engineering,Mathematics & Statistics,Chemistry,Veterinary Science",False,False,False,
 =167,Université Catholique de Louvain,51.1,171,38.7,186,40.6,161,68.4,249,51,224,74.2,152,master_account,0,/world-university-rankings/universite-catholique-de-louvain,633,Belgium,"28,856",42.0,19%,54 : 46,Université Catholique de Louvain,"General Engineering,Physics & Astronomy,Business & Management,Electrical & Electronic Engineering,Chemistry,Accounting & Finance,Architecture,Agriculture & Forestry,Sociology,Other Health,Sport Science,Education,Art, Performing Arts & Design,Mechanical & Aerospace Engineering,Geology, Environmental, Earth & Marine Sciences,Economics & Econometrics,Languages, Literature & Linguistics,Civil Engineering,Communication & Media Studies,Archaeology,Biological Sciences,Geography,Computer Science,Mathematics & Statistics,Psychology,History, Philosophy & Theology,Chemical Engineering,Politics & International Studies (incl Development Studies),Medicine & Dentistry,Veterinary Science,Law",False,False,False,
 =172,University of Aberdeen,51,172,29.7,343,31.4,248,82.6,133,43.1,302,91.4,37,master_account,0,/world-university-rankings/university-aberdeen,615,United Kingdom,"12,940",15.8,33%,54 : 46,University of Aberdeen,"Archaeology,Biological Sciences,Languages, Literature & Linguistics,Other Health,Physics & Astronomy,History, Philosophy & Theology,Chemical Engineering,Psychology,Business & Management,Law,Chemistry,Economics & Econometrics,Geology, Environmental, Earth & Marine Sciences,General Engineering,Politics & International Studies (incl Development Studies),Mechanical & Aerospace Engineering,Electrical & Electronic Engineering,Sociology,Medicine & Dentistry,Geography,Sport Science,Accounting & Finance,Mathematics & Statistics,Civil Engineering,Art, Performing Arts & Design,Education,Computer Science",False,False,False,https://www.timeshighereducation.com/student/register-interest/siuk?utm_medium=thewebsite&utm_campaign=cta-link&utm_source=rankings&iid=i-57429768
 =172,University of Auckland,51,173,31.4,308,39.5,171,69.8,239,78,95,90.5,41,master_account,0,/world-university-rankings/university-auckland,637,New Zealand,"29,787",18.9,28%,54 : 46,University of Auckland UOA Auckland University,"Accounting & Finance,Communication & Media Studies,Geography,Politics & International Studies (incl Development Studies),Psychology,Civil Engineering,Art, Performing Arts & Design,Mathematics & Statistics,Archaeology,History, Philosophy & Theology,General Engineering,Mechanical & Aerospace Engineering,Medicine & Dentistry,Computer Science,Law,Sociology,Architecture,Other Health,Physics & Astronomy,Business & Management,Electrical & Electronic Engineering,Education,Languages, Literature & Linguistics,Sport Science,Chemistry,Biological Sciences,Geology, Environmental, Earth & Marine Sciences,Chemical Engineering,Economics & Econometrics",False,False,False,
174,University of Barcelona,50.9,174,38.5,188,37.4,184,78.9,170,31.1,600,49.2,351,master_account,11,/world-university-rankings/university-barcelona,667,Spain,"47,491",12.2,10%,62 : 38,University of Barcelona,"Chemistry,History, Philosophy & Theology,Accounting & Finance,Art, Performing Arts & Design,General Engineering,Sociology,Biological Sciences,Sport Science,Other Health,Mathematics & Statistics,Economics & Econometrics,Medicine & Dentistry,Business & Management,Law,Electrical & Electronic Engineering,Computer Science,Education,Communication & Media Studies,Chemical Engineering,Physics & Astronomy,Politics & International Studies (incl Development Studies),Geology, Environmental, Earth & Marine Sciences,Languages, Literature & Linguistics,Geography,Agriculture & Forestry,Archaeology,Psychology",False,False,False,
175,University of Konstanz,50.8,175,38.5,190,46.7,120,61.9,315,92.4,51,58.3,260,master_account,0,/world-university-rankings/university-konstanz,658,Germany,"10,930",59.1,12%,54 : 46,University of Konstanz,"Languages, Literature & Linguistics,Sociology,Sport Science,Accounting & Finance,Biological Sciences,Psychology,Communication & Media Studies,Physics & Astronomy,Economics & Econometrics,History, Philosophy & Theology,Law,Computer Science,Education,Art, Performing Arts & Design,Politics & International Studies (incl Development Studies),Chemistry,Mathematics & Statistics,Business & Management",False,False,False,
 =176,Eindhoven University of Technology,50.6,176,34.3,250,41,159,70.7,232,57.3,186,71.3,168,master_account,0,/world-university-rankings/eindhoven-university-technology,579,Netherlands,"8,176",16.0,14%,19 : 81,Eindhoven University of Technology,"Electrical & Electronic Engineering,Civil Engineering,Architecture,Chemistry,Art, Performing Arts & Design,General Engineering,Physics & Astronomy,Computer Science,Archaeology,Geology, Environmental, Earth & Marine Sciences,Mechanical & Aerospace Engineering,Chemical Engineering,Languages, Literature & Linguistics,History, Philosophy & Theology,Mathematics & Statistics",False,False,False,
 =176,University College Dublin,50.6,177,35,234,38.5,177,70.8,231,33.5,513,86.3,74,master_account,1,/world-university-rankings/university-college-dublin,623,Ireland,"22,193",24.5,23%,,University College Dublin,"Electrical & Electronic Engineering,Chemistry,Sociology,Mechanical & Aerospace Engineering,Biological Sciences,Psychology,Civil Engineering,History, Philosophy & Theology,Chemical Engineering,Law,Accounting & Finance,Mathematics & Statistics,Medicine & Dentistry,Veterinary Science,Art, Performing Arts & Design,Architecture,Economics & Econometrics,Physics & Astronomy,Politics & International Studies (incl Development Studies),Computer Science,Education,Business & Management,Geology, Environmental, Earth & Marine Sciences,Other Health,Languages, Literature & Linguistics,Agriculture & Forestry,Communication & Media Studies,Archaeology,Sport Science,Geography",False,False,False,
178,Hebrew University of Jerusalem,50.5,178,45.8,114,41.4,156,64.6,290,31.9,569,55.6,283,master_account,0,/world-university-rankings/hebrew-university-jerusalem,585,Israel,"17,612",10.7,5%,55 : 45,Hebrew University of Jerusalem,"Veterinary Science,Other Health,Medicine & Dentistry,Agriculture & Forestry,Languages, Literature & Linguistics,Electrical & Electronic Engineering,Politics & International Studies (incl Development Studies),Communication & Media Studies,History, Philosophy & Theology,Economics & Econometrics,Computer Science,Physics & Astronomy,Geography,Psychology,Law,Education,Mathematics & Statistics,Chemistry,Business & Management,Biological Sciences,Art, Performing Arts & Design,Geology, Environmental, Earth & Marine Sciences,Archaeology,Sociology,Accounting & Finance",False,False,False,
179,University of Waterloo,50.3,179,35.4,229,43.9,141,66.5,268,39.5,376,74.4,151,master_account,0,/world-university-rankings/university-waterloo,689,Canada,"30,726",24.2,14%,45 : 55,University of Waterloo,"Communication & Media Studies,Computer Science,Art, Performing Arts & Design,Mechanical & Aerospace Engineering,History, Philosophy & Theology,Mathematics & Statistics,Accounting & Finance,Archaeology,Civil Engineering,Geography,Economics & Econometrics,Chemical Engineering,Psychology,Architecture,Physics & Astronomy,General Engineering,Geology, Environmental, Earth & Marine Sciences,Electrical & Electronic Engineering,Sociology,Languages, Literature & Linguistics,Biological Sciences,Business & Management,Other Health,Chemistry,Politics & International Studies (incl Development Studies)",False,False,False,
 =180,University of Gothenburg,50.2,180,28.5,365,39.8,169,81.8,144,30.3,636,58.3,259,master_account,0,/world-university-rankings/university-gothenburg,676,Sweden,"26,420",16.4,12%,,University of Gothenburg,"Economics & Econometrics,Biological Sciences,Medicine & Dentistry,Veterinary Science,Law,Communication & Media Studies,Other Health,Archaeology,History, Philosophy & Theology,Chemistry,Languages, Literature & Linguistics,Art, Performing Arts & Design,Accounting & Finance,Business & Management,Geology, Environmental, Earth & Marine Sciences,Politics & International Studies (incl Development Studies),Mathematics & Statistics,Sport Science,Geography,Computer Science,Physics & Astronomy,Education,Psychology,Sociology",False,False,False,
 =180,Sant’Anna School of Advanced Studies – Pisa,50.2,181,42.5,138,23.2,374,84.5,117,71.2,117,45.2,406,master_account,6,/world-university-rankings/santanna-school-advanced-studies-pisa,131267,Italy,769,8.5,17%,35 : 65,Sant’Anna School of Advanced Studies – Pisa,"Politics & International Studies (incl Development Studies),Electrical & Electronic Engineering,Law,Medicine & Dentistry,Accounting & Finance,Economics & Econometrics,Other Health,Business & Management,Agriculture & Forestry,Computer Science,Mechanical & Aerospace Engineering,Biological Sciences",False,False,False,
 =182,University of Bergen,50.1,182,32.5,283,31.5,244,82.4,137,36.2,443,70,177,master_account,0,/world-university-rankings/university-bergen,655,Norway,"11,623",11.1,12%,60 : 40,University of Bergen,"Chemistry,Other Health,Sociology,Biological Sciences,Education,Mathematics & Statistics,Psychology,History, Philosophy & Theology,Communication & Media Studies,Art, Performing Arts & Design,Geology, Environmental, Earth & Marine Sciences,Geography,Archaeology,Politics & International Studies (incl Development Studies),Computer Science,Law,Medicine & Dentistry,Economics & Econometrics,Languages, Literature & Linguistics,Physics & Astronomy",False,False,False,
 =182,Cardiff University,50.1,183,30.9,319,31.6,243,82,142,34.6,481,78.1,126,master_account,11,/world-university-rankings/cardiff-university,671,United Kingdom,"23,345",13.1,23%,57 : 43,Cardiff University,"Education,Accounting & Finance,Chemical Engineering,Chemistry,Psychology,Geography,Biological Sciences,Law,Other Health,Mathematics & Statistics,General Engineering,Medicine & Dentistry,Communication & Media Studies,Economics & Econometrics,Languages, Literature & Linguistics,Electrical & Electronic Engineering,History, Philosophy & Theology,Mechanical & Aerospace Engineering,Business & Management,Computer Science,Politics & International Studies (incl Development Studies),Geology, Environmental, Earth & Marine Sciences,Architecture,Civil Engineering,Sociology,Art, Performing Arts & Design,Physics & Astronomy,Archaeology",False,False,False,https://www.timeshighereducation.com/student/register-interest/siuk?utm_medium=thewebsite&utm_campaign=cta-link&utm_source=rankings&iid=i-50330553
 =182,University of Utah,50.1,184,35.6,226,35.3,208,83.7,123,57.4,184,30.1,591,public,0,/world-university-rankings/university-utah,577,United States,"25,674",16.9,9%,45 : 55,University of Utah,"Agriculture & Forestry,Geography,History, Philosophy & Theology,Architecture,Biological Sciences,Law,General Engineering,Chemistry,Accounting & Finance,Art, Performing Arts & Design,Mechanical & Aerospace Engineering,Politics & International Studies (incl Development Studies),Medicine & Dentistry,Sport Science,Education,Other Health,Mathematics & Statistics,Psychology,Geology, Environmental, Earth & Marine Sciences,Economics & Econometrics,Electrical & Electronic Engineering,Languages, Literature & Linguistics,Chemical Engineering,Sociology,Computer Science,Physics & Astronomy,Business & Management,Civil Engineering,Communication & Media Studies",False,False,False,https://www.timeshighereducation.com/student/register-interest/shorelight?utm_medium=thewebsite&utm_campaign=cta-link&utm_source=rankings&iid=i-02638481
 =185,Brandeis University,49.9,185,28.3,370,25.7,336,97.3,24,38.6,388,47,379,private,0,/world-university-rankings/brandeis-university,614,United States,"5,495",12.6,22%,55 : 45,Brandeis University,"Physics & Astronomy,Art, Performing Arts & Design,Chemistry,Psychology,Education,Accounting & Finance,Mathematics & Statistics,History, Philosophy & Theology,Sociology,Languages, Literature & Linguistics,Biological Sciences,Business & Management,Economics & Econometrics,Computer Science,Politics & International Studies (incl Development Studies)",False,False,False,https://www.timeshighereducation.com/student/register-interest/shorelight?utm_medium=thewebsite&utm_campaign=cta-link&utm_source=rankings&iid=i-49167174
 =185,University of Dundee,49.9,186,25.6,446,26.9,317,90.2,67,49.5,235,78.5,123,master_account,0,/world-university-rankings/university-dundee,640,United Kingdom,"11,630",15.3,25%,60 : 40,University of Dundee,"Geography,Law,Communication & Media Studies,Economics & Econometrics,Architecture,Mathematics & Statistics,Computer Science,Art, Performing Arts & Design,Physics & Astronomy,History, Philosophy & Theology,Electrical & Electronic Engineering,Other Health,Business & Management,Civil Engineering,Education,Mechanical & Aerospace Engineering,Politics & International Studies (incl Development Studies),Medicine & Dentistry,Psychology,Geology, Environmental, Earth & Marine Sciences,Languages, Literature & Linguistics,Biological Sciences,Accounting & Finance",False,False,False,
 =185,University of Würzburg,49.9,187,34.6,247,35.8,200,79.1,168,47.9,251,50.9,333,master_account,0,/world-university-rankings/university-wurzburg,691,Germany,"26,576",38.4,8%,57 : 43,University of Würzburg,"Geography,Psychology,History, Philosophy & Theology,Sociology,Education,Art, Performing Arts & Design,Computer Science,Other Health,Politics & International Studies (incl Development Studies),Medicine & Dentistry,Sport Science,Business & Management,Languages, Literature & Linguistics,Veterinary Science,Archaeology,Mathematics & Statistics,Economics & Econometrics,Communication & Media Studies,Biological Sciences,Law,Chemistry,Accounting & Finance,Mechanical & Aerospace Engineering,Geology, Environmental, Earth & Marine Sciences,Agriculture & Forestry,Chemical Engineering,Physics & Astronomy",False,False,False,
188,Paris-Sud University,49.8,188,38.7,185,29,279,79.8,160,28.8,698,64.2,210,master_account,0,/world-university-rankings/paris-sud-university,867,France,"27,603",15.0,17%,,Paris-Sud University,"Geology, Environmental, Earth & Marine Sciences,Economics & Econometrics,Civil Engineering,Other Health,Chemical Engineering,Sport Science,Education,Medicine & Dentistry,General Engineering,Electrical & Electronic Engineering,Mathematics & Statistics,Biological Sciences,Business & Management,Computer Science,Mechanical & Aerospace Engineering,Physics & Astronomy,Accounting & Finance,Chemistry,Law",False,False,False,
189,Arizona State University (Tempe),49.7,189,32.4,284,38.1,179,84.6,116,32,565,31.9,561,public,11,/world-university-rankings/arizona-state-university-tempe,591,United States,"83,236",29.9,9%,50 : 50,Arizona State University (Tempe),"General Engineering,Business & Management,Architecture,Psychology,Art, Performing Arts & Design,Other Health,Communication & Media Studies,Civil Engineering,Computer Science,Law,Chemical Engineering,Electrical & Electronic Engineering,Geology, Environmental, Earth & Marine Sciences,Physics & Astronomy,History, Philosophy & Theology,Chemistry,Mechanical & Aerospace Engineering,Politics & International Studies (incl Development Studies),Archaeology,Biological Sciences,Education,Languages, Literature & Linguistics,Sociology,Accounting & Finance,Sport Science,Geography,Economics & Econometrics,Mathematics & Statistics",False,False,False,
 =190,University of Antwerp,49.6,190,31.6,302,40.8,160,71.7,228,60.3,163,64.8,204,master_account,0,/world-university-rankings/university-antwerp,742,Belgium,"12,346",30.3,16%,56 : 44,University of Antwerp,"Veterinary Science,Chemistry,Education,Languages, Literature & Linguistics,Chemical Engineering,Law,Geology, Environmental, Earth & Marine Sciences,Mechanical & Aerospace Engineering,Computer Science,History, Philosophy & Theology,Sociology,Art, Performing Arts & Design,Biological Sciences,Mathematics & Statistics,Politics & International Studies (incl Development Studies),Business & Management,Architecture,Medicine & Dentistry,Electrical & Electronic Engineering,Physics & Astronomy,Economics & Econometrics,Other Health,Communication & Media Studies,General Engineering",False,False,False,
 =190,Boston College,49.6,191,34.1,255,29.3,275,83.3,125,46.8,259,60,247,private,0,/world-university-rankings/boston-college,659,United States,"13,216",17.4,19%,54 : 46,Boston College,"Geology, Environmental, Earth & Marine Sciences,Languages, Literature & Linguistics,Sociology,History, Philosophy & Theology,Business & Management,Accounting & Finance,Mathematics & Statistics,Education,Computer Science,Biological Sciences,Physics & Astronomy,Law,Economics & Econometrics,Medicine & Dentistry,Art, Performing Arts & Design,Communication & Media Studies,Psychology,General Engineering,Chemistry,Politics & International Studies (incl Development Studies)",False,False,False,https://www.timeshighereducation.com/student/register-interest/shorelight?utm_medium=thewebsite&utm_campaign=cta-link&utm_source=rankings&iid=i-48283681
192,Ulm University,49.5,192,35.2,232,23.9,361,86.4,94,58.4,175,58.2,262,master_account,0,/world-university-rankings/ulm-university,687,Germany,"9,187",11.2,10%,47 : 53,Ulm University,"Biological Sciences,Education,Chemical Engineering,Chemistry,Other Health,Physics & Astronomy,Sport Science,Medicine & Dentistry,Electrical & Electronic Engineering,Computer Science,Mathematics & Statistics,Psychology",False,False,False,
 =193,University of Luxembourg,49.4,193,25,466,26.7,322,84.8,115,38.1,396,99.8,2,master_account,0,/world-university-rankings/university-luxembourg,131698,Luxembourg,"5,144",15.9,52%,50 : 50,University of Luxembourg,"Computer Science,Physics & Astronomy,Economics & Econometrics,Medicine & Dentistry,Architecture,Law,Art, Performing Arts & Design,Civil Engineering,Accounting & Finance,Languages, Literature & Linguistics,Communication & Media Studies,Electrical & Electronic Engineering,Education,Veterinary Science,Business & Management,Other Health,Geography,Biological Sciences,Politics & International Studies (incl Development Studies),History, Philosophy & Theology,Mathematics & Statistics,General Engineering,Psychology,Mechanical & Aerospace Engineering",False,False,False,
 =193,Texas A&M University,49.4,194,49.4,90,52.4,93,47.1,424,46.4,264,47.8,370,public,0,/world-university-rankings/texas-am-university,629,United States,"50,657",21.4,9%,47 : 53,Texas A&M University,"Computer Science,Geography,Other Health,Agriculture & Forestry,Sociology,History, Philosophy & Theology,General Engineering,Geology, Environmental, Earth & Marine Sciences,Archaeology,Chemical Engineering,Chemistry,Mechanical & Aerospace Engineering,Politics & International Studies (incl Development Studies),Languages, Literature & Linguistics,Veterinary Science,Physics & Astronomy,Business & Management,Art, Performing Arts & Design,Biological Sciences,Communication & Media Studies,Accounting & Finance,Medicine & Dentistry,Mathematics & Statistics,Education,Economics & Econometrics,Civil Engineering,Sport Science,Law,Architecture,Electrical & Electronic Engineering,Psychology",False,False,False,
195,Charité – Universitätsmedizin Berlin,49.3,195,37.3,203,22.2,400,83.8,122,68.4,127,61.1,239,master_account,0,/world-university-rankings/charite-universitatsmedizin-berlin,131692,Germany,"6,853",6.6,16%,64 : 36,Charité – Universitätsmedizin Berlin,"Medicine & Dentistry,Other Health",False,False,False,
 =196,Newcastle University,49.2,196,30.9,322,27.5,308,81.5,147,34.7,478,84.3,88,master_account,11,/world-university-rankings/newcastle-university,610,United Kingdom,"20,175",15.2,29%,50 : 50,Newcastle University,"Chemistry,General Engineering,History, Philosophy & Theology,Chemical Engineering,Politics & International Studies (incl Development Studies),Archaeology,Agriculture & Forestry,Sociology,Computer Science,Mathematics & Statistics,Business & Management,Art, Performing Arts & Design,Mechanical & Aerospace Engineering,Geology, Environmental, Earth & Marine Sciences,Architecture,Biological Sciences,Geography,Medicine & Dentistry,Veterinary Science,Law,Electrical & Electronic Engineering,Physics & Astronomy,Psychology,Languages, Literature & Linguistics,Civil Engineering,Communication & Media Studies,Accounting & Finance,Other Health,Sport Science,Education,Economics & Econometrics",False,False,False,https://www.timeshighereducation.com/student/register-interest/siuk?utm_medium=thewebsite&utm_campaign=cta-link&utm_source=rankings&iid=i-02421202
 =196,"St George’s, University of London",49.2,197,25.6,449,18.1,495,100,1,37.7,408,69.5,182,master_account,0,/world-university-rankings/st-georges-university-london,872,United Kingdom,"2,960",13.5,17%,61 : 39,"St George’s, University of London","Other Health,Medicine & Dentistry",False,False,False,https://www.timeshighereducation.com/student/register-interest/siuk?utm_medium=thewebsite&utm_campaign=cta-link&utm_source=rankings&iid=i-09230679
198,University of Trento,49.1,198,30.8,326,27.4,309,87.7,83,47.1,256,55.9,280,master_account,0,/world-university-rankings/university-trento,763,Italy,"16,841",43.2,8%,51 : 49,University of Trento,"Archaeology,Sport Science,Mathematics & Statistics,Business & Management,Physics & Astronomy,Chemical Engineering,Law,Economics & Econometrics,Accounting & Finance,Politics & International Studies (incl Development Studies),Languages, Literature & Linguistics,Architecture,Computer Science,Sociology,History, Philosophy & Theology,Civil Engineering,Biological Sciences,Psychology,Electrical & Electronic Engineering,Mechanical & Aerospace Engineering,Geology, Environmental, Earth & Marine Sciences,Agriculture & Forestry,Medicine & Dentistry,Art, Performing Arts & Design",False,False,False,
199,Paris Diderot University – Paris 7,48.9,199,30.5,330,22.9,380,91,63,29,683,64.9,203,master_account,0,/world-university-rankings/paris-diderot-university-paris-7,635,France,"27,756",14.8,17%,63 : 37,Paris Diderot University – Paris 7,,False,False,False,
200,Queen’s University Belfast,48.8,200,34.1,257,33.3,222,68.9,245,35.7,459,93.4,24,master_account,11,/world-university-rankings/queens-university-belfast,730,United Kingdom,"17,940",17.9,30%,54 : 46,Queen’s University Belfast qub queen&#039;s,"Economics & Econometrics,Architecture,Chemical Engineering,Communication & Media Studies,Sociology,Mechanical & Aerospace Engineering,Agriculture & Forestry,Accounting & Finance,Business & Management,Civil Engineering,Chemistry,Other Health,Geography,Archaeology,Psychology,Education,Medicine & Dentistry,Electrical & Electronic Engineering,Computer Science,Physics & Astronomy,History, Philosophy & Theology,Law,Biological Sciences,Mathematics & Statistics,Geology, Environmental, Earth & Marine Sciences,Languages, Literature & Linguistics,Politics & International Studies (incl Development Studies),Art, Performing Arts & Design",False,False,False,
201-250,Aalborg University,0,201,25.1,462,28.4,289,73.8,207,43.7,293,71,169,master_account,1,/world-university-rankings/aalborg-university,766,Denmark,"17,422",15.9,15%,48 : 52,Aalborg University,"Agriculture & Forestry,Geography,History, Philosophy & Theology,Electrical & Electronic Engineering,Geology, Environmental, Earth & Marine Sciences,Economics & Econometrics,Languages, Literature & Linguistics,Chemistry,Accounting & Finance,Civil Engineering,Politics & International Studies (incl Development Studies),Other Health,Sport Science,Education,Medicine & Dentistry,Chemical Engineering,Sociology,Art, Performing Arts & Design,Biological Sciences,Law,General Engineering,Physics & Astronomy,Business & Management,Architecture,Mechanical & Aerospace Engineering,Communication & Media Studies,Computer Science,Mathematics & Statistics,Psychology",False,False,False,
201-250,"Birkbeck, University of London",0,202,33.5,267,35.1,210,66.3,269,28.5,713,89.9,50,master_account,0,/world-university-rankings/birkbeck-university-london,613,United Kingdom,"9,455",17.2,38%,55 : 45,"Birkbeck, University of London","Biological Sciences,Accounting & Finance,Physics & Astronomy,Politics & International Studies (incl Development Studies),Psychology,History, Philosophy & Theology,Sociology,Mathematics & Statistics,Geography,Economics & Econometrics,Art, Performing Arts & Design,Communication & Media Studies,Geology, Environmental, Earth & Marine Sciences,Law,Business & Management,Computer Science,Education,Archaeology,Languages, Literature & Linguistics",False,False,False,https://www.timeshighereducation.com/student/register-interest/siuk?utm_medium=thewebsite&utm_campaign=cta-link&utm_source=rankings&iid=i-55980062
201-250,University of Bologna,0,203,39.3,176,29.5,270,73,215,34.5,484,39.9,458,master_account,11,/world-university-rankings/university-bologna,692,Italy,"85,532",22.9,7%,56 : 44,University of Bologna,"Sport Science,Veterinary Science,Communication & Media Studies,Chemical Engineering,Other Health,History, Philosophy & Theology,Mathematics & Statistics,Business & Management,Computer Science,Mechanical & Aerospace Engineering,Politics & International Studies (incl Development Studies),Economics & Econometrics,Civil Engineering,Languages, Literature & Linguistics,Medicine & Dentistry,Geology, Environmental, Earth & Marine Sciences,Sociology,Biological Sciences,Archaeology,Law,Art, Performing Arts & Design,Accounting & Finance,Education,Electrical & Electronic Engineering,Physics & Astronomy,Chemistry,General Engineering,Psychology,Architecture,Agriculture & Forestry,Geography",False,False,False,
201-250,University at Buffalo,0,204,36.5,218,37.9,181,62,314,43.8,292,60.6,242,public,0,/world-university-rankings/university-buffalo,670,United States,"25,668",19.0,19%,47 : 53,University at Buffalo,"Archaeology,Chemical Engineering,Politics & International Studies (incl Development Studies),Biological Sciences,Communication & Media Studies,Art, Performing Arts & Design,Computer Science,Medicine & Dentistry,Civil Engineering,Law,Languages, Literature & Linguistics,Business & Management,Economics & Econometrics,Mechanical & Aerospace Engineering,Chemistry,Sociology,Sport Science,Accounting & Finance,History, Philosophy & Theology,Education,Physics & Astronomy,Geology, Environmental, Earth & Marine Sciences,General Engineering,Mathematics & Statistics,Other Health,Geography,Psychology,Architecture,Agriculture & Forestry,Electrical & Electronic Engineering",False,False,False,https://www.timeshighereducation.com/student/register-interest/shorelight?utm_medium=thewebsite&utm_campaign=cta-link&utm_source=rankings&iid=i-57536803
201-250,University of Calgary,0,205,33.9,264,36.7,191,67.8,253,52,217,70.1,176,master_account,11,/world-university-rankings/university-calgary,693,Canada,"28,341",16.5,17%,53 : 47,University of Calgary,"Economics & Econometrics,Medicine & Dentistry,Communication & Media Studies,Mathematics & Statistics,History, Philosophy & Theology,Accounting & Finance,Art, Performing Arts & Design,General Engineering,Business & Management,Computer Science,Geology, Environmental, Earth & Marine Sciences,Mechanical & Aerospace Engineering,Chemical Engineering,Sociology,Law,Other Health,Electrical & Electronic Engineering,Geography,Languages, Literature & Linguistics,Sport Science,Psychology,Veterinary Science,Chemistry,Physics & Astronomy,Politics & International Studies (incl Development Studies),Archaeology,Biological Sciences,Civil Engineering,Agriculture & Forestry,Education,Architecture",False,False,False,https://www.timeshighereducation.com/student/register-interest/applyboard?utm_medium=thewebsite&utm_campaign=cta-link&utm_source=rankings&iid=i-81953893
201-250,Chalmers University of Technology,0,206,36.6,214,35.3,206,52.2,387,79.5,90,77.6,130,master_account,0,/world-university-rankings/chalmers-university-technology,695,Sweden,"8,605",11.6,15%,30 : 70,Chalmers University of Technology,"Chemistry,Other Health,Chemical Engineering,Economics & Econometrics,Mathematics & Statistics,General Engineering,Business & Management,Civil Engineering,Education,Mechanical & Aerospace Engineering,Geology, Environmental, Earth & Marine Sciences,Computer Science,Physics & Astronomy,Accounting & Finance,Electrical & Electronic Engineering,Architecture,Sport Science,Biological Sciences",False,False,False,
201-250,City University of Hong Kong,0,207,32.1,291,26.7,320,76.8,181,50.1,228,81.6,106,master_account,11,/world-university-rankings/city-university-hong-kong,657,Hong Kong,"10,015",7.1,28%,51 : 49,City University of Hong Kong CityU HK,"History, Philosophy & Theology,Other Health,Geology, Environmental, Earth & Marine Sciences,Civil Engineering,Veterinary Science,Physics & Astronomy,Psychology,Art, Performing Arts & Design,Chemistry,General Engineering,Sociology,Mathematics & Statistics,Biological Sciences,Medicine & Dentistry,Business & Management,Computer Science,Mechanical & Aerospace Engineering,Accounting & Finance,Economics & Econometrics,Law,Communication & Media Studies,Politics & International Studies (incl Development Studies),Languages, Literature & Linguistics,Architecture,Electrical & Electronic Engineering,Chemical Engineering",False,False,False,
201-250,Copenhagen Business School,0,208,19.3,654,26.5,328,79.4,163,35.3,467,88.5,59,master_account,0,/world-university-rankings/copenhagen-business-school,131327,Denmark,"18,293",42.7,19%,48 : 52,Copenhagen Business School,"Politics & International Studies (incl Development Studies),Law,Computer Science,Psychology,Other Health,Economics & Econometrics,History, Philosophy & Theology,Accounting & Finance,Sociology,Business & Management,Communication & Media Studies,Mathematics & Statistics",False,False,False,
201-250,Dalhousie University,0,209,30.4,331,29.4,273,65.2,280,50.3,226,78.3,125,master_account,11,/world-university-rankings/dalhousie-university,698,Canada,"15,064",14.4,18%,55 : 45,Dalhousie University,"Civil Engineering,Accounting & Finance,Chemical Engineering,Agriculture & Forestry,Other Health,History, Philosophy & Theology,Art, Performing Arts & Design,Chemistry,Mathematics & Statistics,Sociology,Mechanical & Aerospace Engineering,Geology, Environmental, Earth & Marine Sciences,Electrical & Electronic Engineering,Psychology,Politics & International Studies (incl Development Studies),General Engineering,Architecture,Languages, Literature & Linguistics,Communication & Media Studies,Biological Sciences,Business & Management,Medicine & Dentistry,Economics & Econometrics,Computer Science,Law,Veterinary Science,Sport Science,Physics & Astronomy",False,False,False,https://www.timeshighereducation.com/student/register-interest/applyboard?utm_medium=thewebsite&utm_campaign=cta-link&utm_source=rankings&iid=i-91697003
201-250,University of São Paulo,0,210,60.9,49,68.6,52,20.4,671,40.3,360,25.3,647,master_account,0,/world-university-rankings/university-sao-paulo,642,Brazil,"81,402",14.6,4%,48 : 52,University of São Paulo,"Politics & International Studies (incl Development Studies),General Engineering,Art, Performing Arts & Design,Biological Sciences,Chemistry,Geography,Architecture,Law,Medicine & Dentistry,Communication & Media Studies,Civil Engineering,Mechanical & Aerospace Engineering,Accounting & Finance,Languages, Literature & Linguistics,Chemical Engineering,Economics & Econometrics,Education,Sociology,Computer Science,Archaeology,Other Health,Psychology,Electrical & Electronic Engineering,Business & Management,Mathematics & Statistics,Geology, Environmental, Earth & Marine Sciences,History, Philosophy & Theology,Agriculture & Forestry,Veterinary Science,Physics & Astronomy,Sport Science",False,False,False,
201-250,University of Duisburg-Essen,0,211,32.3,286,27,315,81.3,150,82.3,77,48.5,362,master_account,0,/world-university-rankings/university-duisburg-essen,898,Germany,"36,051",46.6,11%,49 : 51,University of Duisburg-Essen,"Languages, Literature & Linguistics,Electrical & Electronic Engineering,Sport Science,Mathematics & Statistics,Art, Performing Arts & Design,Medicine & Dentistry,Psychology,Business & Management,Politics & International Studies (incl Development Studies),Computer Science,Economics & Econometrics,Other Health,General Engineering,Sociology,Education,History, Philosophy & Theology,Biological Sciences,Chemistry,Accounting & Finance,Civil Engineering,Communication & Media Studies,Physics & Astronomy",False,False,False,
201-250,École Normale Supérieure de Lyon,0,212,41.6,145,30,264,69,244,31.7,575,65.6,200,master_account,0,/world-university-rankings/ecole-normale-superieure-de-lyon,605,France,"2,218",8.0,14%,49 : 51,École Normale Supérieure de Lyon,"Politics & International Studies (incl Development Studies),Physics & Astronomy,History, Philosophy & Theology,Biological Sciences,Mathematics & Statistics,Education,Languages, Literature & Linguistics,Chemistry,Economics & Econometrics,Geography,Computer Science,Sociology,Art, Performing Arts & Design,Geology, Environmental, Earth & Marine Sciences",False,False,False,
201-250,Florida State University,0,213,38.5,189,40.1,166,64.7,289,32,566,41.6,439,public,0,/world-university-rankings/florida-state-university,131777,United States,"41,226",31.8,7%,55 : 45,Florida State University,"Geology, Environmental, Earth & Marine Sciences,Business & Management,Computer Science,Chemical Engineering,Politics & International Studies (incl Development Studies),Law,Mechanical & Aerospace Engineering,Archaeology,Physics & Astronomy,Other Health,Economics & Econometrics,Art, Performing Arts & Design,Mathematics & Statistics,Psychology,History, Philosophy & Theology,Biological Sciences,Sociology,Education,Medicine & Dentistry,Languages, Literature & Linguistics,Accounting & Finance,Civil Engineering,Communication & Media Studies,Chemistry,Architecture,Electrical & Electronic Engineering,Sport Science,Geography,General Engineering",False,False,False,https://www.timeshighereducation.com/student/register-interest/shorelight?utm_medium=thewebsite&utm_campaign=cta-link&utm_source=rankings&iid=i-92186279
201-250,University of Fribourg,0,214,32.3,287,32.9,229,64.1,297,60.8,160,87.4,64,master_account,0,/world-university-rankings/university-fribourg,887,Switzerland,"10,416",46.9,19%,58 : 42,University of Fribourg,"Geography,Computer Science,Biological Sciences,Archaeology,Politics & International Studies (incl Development Studies),Physics & Astronomy,Law,Communication & Media Studies,Medicine & Dentistry,Accounting & Finance,Mathematics & Statistics,Chemistry,Education,Sociology,Other Health,Languages, Literature & Linguistics,Geology, Environmental, Earth & Marine Sciences,Sport Science,Business & Management,Economics & Econometrics,History, Philosophy & Theology,Psychology",False,False,False,
201-250,Fudan University,0,215,44.7,123,30.4,260,61.1,322,28,748,38.6,476,master_account,0,/world-university-rankings/fudan-university,700,China,"32,175",12.2,11%,50 : 50,Fudan University,"Mechanical & Aerospace Engineering,Medicine & Dentistry,Chemistry,Archaeology,Computer Science,Communication & Media Studies,History, Philosophy & Theology,Geology, Environmental, Earth & Marine Sciences,Economics & Econometrics,Languages, Literature & Linguistics,Biological Sciences,Education,Physics & Astronomy,Business & Management,General Engineering,Politics & International Studies (incl Development Studies),Electrical & Electronic Engineering,Sociology,Mathematics & Statistics,Psychology,Other Health,Chemical Engineering,Law,Accounting & Finance",False,False,False,
201-250,University of Iceland,0,216,16.8,758,27.1,313,91.4,58,58.8,173,61,240,master_account,0,/world-university-rankings/university-iceland,749,Iceland,"13,960",25.9,8%,66 : 34,University of Iceland,"Computer Science,Chemistry,Economics & Econometrics,Business & Management,Electrical & Electronic Engineering,Geography,Archaeology,Chemical Engineering,Law,Civil Engineering,Politics & International Studies (incl Development Studies),Biological Sciences,General Engineering,Geology, Environmental, Earth & Marine Sciences,Psychology,Other Health,Physics & Astronomy,Communication & Media Studies,Medicine & Dentistry,Sport Science,Education,Languages, Literature & Linguistics,Mechanical & Aerospace Engineering,Sociology,History, Philosophy & Theology,Mathematics & Statistics,Accounting & Finance",False,False,False,
201-250,George Washington University,0,217,44.7,124,23.5,366,65.7,275,29.5,660,48.1,369,private,0,/world-university-rankings/george-washington-university,600,United States,"20,541",12.0,16%,56 : 44,George Washington University,"Electrical & Electronic Engineering,Art, Performing Arts & Design,Physics & Astronomy,Archaeology,Sport Science,Economics & Econometrics,Mathematics & Statistics,Biological Sciences,Geology, Environmental, Earth & Marine Sciences,Civil Engineering,Mechanical & Aerospace Engineering,Sociology,History, Philosophy & Theology,Computer Science,Geography,Law,Accounting & Finance,Architecture,Communication & Media Studies,Languages, Literature & Linguistics,Medicine & Dentistry,General Engineering,Education,Politics & International Studies (incl Development Studies),Chemistry,Psychology,Business & Management,Other Health",False,False,False,https://www.timeshighereducation.com/student/register-interest/shorelight?utm_medium=thewebsite&utm_campaign=cta-link&utm_source=rankings&iid=i-83678132
201-250,Goethe University Frankfurt,0,218,35.8,222,28.6,284,79.3,165,38.1,395,60.2,246,master_account,0,/world-university-rankings/goethe-university-frankfurt,645,Germany,"31,861",9.3,15%,60 : 40,Goethe University Frankfurt,"History, Philosophy & Theology,Physics & Astronomy,Accounting & Finance,Languages, Literature & Linguistics,Geology, Environmental, Earth & Marine Sciences,Economics & Econometrics,Computer Science,Psychology,Sport Science,Law,Art, Performing Arts & Design,Mathematics & Statistics,Business & Management,Politics & International Studies (incl Development Studies),Archaeology,Chemistry,Agriculture & Forestry,Biological Sciences,Education,Medicine & Dentistry,Sociology,Other Health,Geography",False,False,False,
201-250,University of Hawai’i at Mānoa,0,219,32,294,35.5,204,67.7,256,44.7,281,63.4,222,public,0,/world-university-rankings/university-hawaii-manoa,722,United States,"16,773",11.1,13%,55 : 45,University of Hawai’i at Mānoa,"Economics & Econometrics,General Engineering,Geology, Environmental, Earth & Marine Sciences,Electrical & Electronic Engineering,Art, Performing Arts & Design,Other Health,Mathematics & Statistics,Law,History, Philosophy & Theology,Agriculture & Forestry,Sociology,Languages, Literature & Linguistics,Sport Science,Communication & Media Studies,Architecture,Civil Engineering,Politics & International Studies (incl Development Studies),Computer Science,Veterinary Science,Psychology,Biological Sciences,Education,Archaeology,Mechanical & Aerospace Engineering,Physics & Astronomy,Accounting & Finance,Medicine & Dentistry,Chemical Engineering,Geography,Chemistry,Business & Management",False,False,False,https://www.timeshighereducation.com/student/register-interest/shorelight?utm_medium=thewebsite&utm_campaign=cta-link&utm_source=rankings&iid=i-78451672
201-250,The Hong Kong Polytechnic University,0,220,29.3,351,35.2,209,63.3,304,45.1,277,79,120,master_account,11,/world-university-rankings/hong-kong-polytechnic-university,723,Hong Kong,"22,064",25.9,26%,51 : 49,The Hong Kong Polytechnic University PolyU Poly U HK PolyU,"Chemical Engineering,Psychology,Sociology,Other Health,Art, Performing Arts & Design,Mathematics & Statistics,Mechanical & Aerospace Engineering,Computer Science,Geology, Environmental, Earth & Marine Sciences,Electrical & Electronic Engineering,Business & Management,Chemistry,General Engineering,Physics & Astronomy,Languages, Literature & Linguistics,Civil Engineering,Economics & Econometrics,History, Philosophy & Theology,Accounting & Finance,Communication & Media Studies,Biological Sciences",False,False,False,
201-250,University of Illinois Chicago,0,221,40.9,154,29.2,276,63.2,305,38,399,58.1,264,public,0,/world-university-rankings/university-illinois-chicago,631,United States,"24,313",9.2,17%,53 : 47,University of Illinois Chicago,"Medicine & Dentistry,Mathematics & Statistics,Psychology,Art, Performing Arts & Design,Mechanical & Aerospace Engineering,Sociology,Architecture,Biological Sciences,Law,Other Health,Physics & Astronomy,Accounting & Finance,Computer Science,Chemistry,Business & Management,Archaeology,Sport Science,Education,General Engineering,Geology, Environmental, Earth & Marine Sciences,Economics & Econometrics,Languages, Literature & Linguistics,Civil Engineering,Politics & International Studies (incl Development Studies),Electrical & Electronic Engineering,Communication & Media Studies,History, Philosophy & Theology,Chemical Engineering,Geography",False,False,False,https://www.timeshighereducation.com/student/register-interest/shorelight?utm_medium=thewebsite&utm_campaign=cta-link&utm_source=rankings&iid=i-05828861
201-250,Indiana University,0,222,43,135,27.3,311,74.8,202,0,783,41.2,443,public,0,/world-university-rankings/indiana-university,587,United States,"62,468",13.6,13%,53 : 47,Indiana University,"Computer Science,Mathematics & Statistics,Education,Art, Performing Arts & Design,Physics & Astronomy,Psychology,Architecture,Electrical & Electronic Engineering,Politics & International Studies (incl Development Studies),Medicine & Dentistry,Civil Engineering,Economics & Econometrics,Other Health,Biological Sciences,Law,History, Philosophy & Theology,Sport Science,Geography,General Engineering,Communication & Media Studies,Accounting & Finance,Languages, Literature & Linguistics,Mechanical & Aerospace Engineering,Sociology,Geology, Environmental, Earth & Marine Sciences,Agriculture & Forestry,Chemistry,Business & Management",False,False,False,https://www.timeshighereducation.com/student/register-interest/shorelight?utm_medium=thewebsite&utm_campaign=cta-link&utm_source=rankings&iid=i-17534252
201-250,University of Iowa,0,223,41,152,26.7,321,73.5,211,54.1,201,32.3,557,public,0,/world-university-rankings/university-iowa,606,United States,"27,526",11.6,11%,52 : 48,University of Iowa,"Chemistry,Psychology,Geography,Education,Civil Engineering,Computer Science,Business & Management,Mechanical & Aerospace Engineering,Politics & International Studies (incl Development Studies),Art, Performing Arts & Design,Mathematics & Statistics,Chemical Engineering,Sport Science,Other Health,Languages, Literature & Linguistics,Geology, Environmental, Earth & Marine Sciences,Biological Sciences,Accounting & Finance,History, Philosophy & Theology,Economics & Econometrics,Sociology,General Engineering,Medicine & Dentistry,Communication & Media Studies,Law,Electrical & Electronic Engineering,Physics & Astronomy",False,False,False,https://www.timeshighereducation.com/student/register-interest/shorelight?utm_medium=thewebsite&utm_campaign=cta-link&utm_source=rankings&iid=i-88616472
201-250,University of Technology Sydney,0,224,27.2,397,35.4,205,66.9,264,43.4,297,90.1,48,master_account,0,/world-university-rankings/university-technology-sydney,906,Australia,"24,519",44.1,31%,53 : 47,University of Technology Sydney UTS,"Business & Management,Psychology,Mathematics & Statistics,Communication & Media Studies,Geography,Electrical & Electronic Engineering,Education,General Engineering,Other Health,Biological Sciences,Computer Science,Sociology,Geology, Environmental, Earth & Marine Sciences,Architecture,Medicine & Dentistry,Law,Sport Science,Art, Performing Arts & Design,Civil Engineering,Accounting & Finance,Politics & International Studies (incl Development Studies),Chemical Engineering,Languages, Literature & Linguistics,Mechanical & Aerospace Engineering,Economics & Econometrics,Physics & Astronomy,History, Philosophy & Theology,Chemistry,Agriculture & Forestry",False,False,False,
201-250,Johannes Gutenberg University of Mainz,0,225,34.9,238,21.7,413,72.6,219,70.7,119,53.3,306,master_account,0,/world-university-rankings/johannes-gutenberg-university-mainz,871,Germany,"35,609",32.6,10%,58 : 42,Johannes Gutenberg University of Mainz,"Sociology,Mathematics & Statistics,Economics & Econometrics,Archaeology,Other Health,Languages, Literature & Linguistics,Communication & Media Studies,Medicine & Dentistry,Physics & Astronomy,Business & Management,Law,Art, Performing Arts & Design,Computer Science,Sport Science,History, Philosophy & Theology,Biological Sciences,Education,Politics & International Studies (incl Development Studies),Geology, Environmental, Earth & Marine Sciences,Psychology,Accounting & Finance,Geography,Chemistry",False,False,False,
201-250,Joseph Fourier University,0,226,34.2,252,21.6,416,83.2,127,31.6,582,58.6,254,master_account,0,/world-university-rankings/universite-joseph-fourier-grenoble,869,France,"16,130",12.1,13%,,Joseph Fourier University,,False,False,False,
201-250,University of Kiel,0,227,32.3,289,20.5,439,89.5,70,0,784,49.4,348,master_account,0,/world-university-rankings/university-kiel,724,Germany,"24,444",23.8,8%,53 : 47,University of Kiel,"Art, Performing Arts & Design,Civil Engineering,Sociology,Other Health,Biological Sciences,Education,Electrical & Electronic Engineering,Mathematics & Statistics,Business & Management,History, Philosophy & Theology,Mechanical & Aerospace Engineering,Communication & Media Studies,Medicine & Dentistry,Physics & Astronomy,Psychology,Archaeology,Sport Science,Law,Agriculture & Forestry,Politics & International Studies (incl Development Studies),Chemical Engineering,Geography,General Engineering,Chemistry,Accounting & Finance,Languages, Literature & Linguistics,Computer Science,Geology, Environmental, Earth & Marine Sciences,Economics & Econometrics",False,False,False,
201-250,Université Laval,0,228,37.5,201,31.7,241,62.2,311,57.5,181,63.8,217,master_account,0,/world-university-rankings/universite-laval,876,Canada,"27,227",16.2,12%,,Université Laval,"Sport Science,Medicine & Dentistry,Psychology,Geology, Environmental, Earth & Marine Sciences,Electrical & Electronic Engineering,Economics & Econometrics,History, Philosophy & Theology,Agriculture & Forestry,Geography,General Engineering,Chemistry,Business & Management,Architecture,Chemical Engineering,Sociology,Languages, Literature & Linguistics,Civil Engineering,Politics & International Studies (incl Development Studies),Archaeology,Biological Sciences,Law,Computer Science,Physics & Astronomy,Accounting & Finance,Other Health,Mathematics & Statistics,Education,Art, Performing Arts & Design,Mechanical & Aerospace Engineering,Communication & Media Studies",False,False,False,
201-250,Medical University of Vienna,0,229,26.6,411,14.6,592,89.1,71,33.9,502,81.7,103,master_account,0,/world-university-rankings/medical-university-vienna,889,Austria,"7,426",2.9,28%,50 : 50,Medical University of Vienna,"Other Health,Medicine & Dentistry",False,False,False,
201-250,"Northeastern University, US",0,230,35.5,227,20.6,438,84,120,32.9,533,58.7,253,private,0,/world-university-rankings/northeastern-university-us,681,United States,"18,539",15.1,26%,50 : 50,"Northeastern University, US","General Engineering,History, Philosophy & Theology,Education,Sport Science,Chemical Engineering,Chemistry,Business & Management,Biological Sciences,Computer Science,Mechanical & Aerospace Engineering,Medicine & Dentistry,Politics & International Studies (incl Development Studies),Art, Performing Arts & Design,Law,Economics & Econometrics,Sociology,Civil Engineering,Physics & Astronomy,Communication & Media Studies,Other Health,Mathematics & Statistics,Geography,Architecture,Psychology,Electrical & Electronic Engineering,Geology, Environmental, Earth & Marine Sciences,Languages, Literature & Linguistics,Accounting & Finance,Veterinary Science",False,False,False,https://www.timeshighereducation.com/student/register-interest/shorelight?utm_medium=thewebsite&utm_campaign=cta-link&utm_source=rankings&iid=i-63575831
201-250,Oregon Health and Science University,0,231,27.8,387,15.7,556,96,34,44.6,282,21.4,682,master_account,0,/world-university-rankings/oregon-health-and-science-university,131454,United States,"2,838",1.1,3%,65 : 35,Oregon Health and Science University,"Psychology,Chemistry,Biological Sciences,Other Health,Medicine & Dentistry",False,False,False,https://www.timeshighereducation.com/student/register-interest/shorelight?utm_medium=thewebsite&utm_campaign=cta-link&utm_source=rankings&iid=i-32306612
201-250,University of Otago,0,232,30.7,327,30.5,259,74.9,199,31.5,587,89.9,51,master_account,0,/world-university-rankings/university-otago,682,New Zealand,"18,600",20.3,21%,57 : 43,University of Otago,"Chemistry,Mathematics & Statistics,Politics & International Studies (incl Development Studies),Computer Science,Other Health,Business & Management,Medicine & Dentistry,Biological Sciences,Accounting & Finance,Art, Performing Arts & Design,Education,Physics & Astronomy,Languages, Literature & Linguistics,Communication & Media Studies,Law,Geography,Geology, Environmental, Earth & Marine Sciences,Economics & Econometrics,History, Philosophy & Theology,Agriculture & Forestry,Psychology,Archaeology,Sport Science,Sociology",False,False,False,
201-250,University of Ottawa,0,233,37.1,208,36.7,192,61.5,318,41.5,340,69.9,179,master_account,0,/world-university-rankings/university-ottawa,649,Canada,"36,733",26.3,15%,60 : 40,University of Ottawa,"Medicine & Dentistry,Mathematics & Statistics,Politics & International Studies (incl Development Studies),Geology, Environmental, Earth & Marine Sciences,Chemistry,Communication & Media Studies,Mechanical & Aerospace Engineering,Languages, Literature & Linguistics,Education,Sport Science,Business & Management,Computer Science,General Engineering,Electrical & Electronic Engineering,Sociology,Accounting & Finance,Civil Engineering,Chemical Engineering,Art, Performing Arts & Design,Psychology,Geography,Biological Sciences,Physics & Astronomy,Law,Other Health,History, Philosophy & Theology,Economics & Econometrics",False,False,False,https://www.timeshighereducation.com/student/register-interest/applyboard?utm_medium=thewebsite&utm_campaign=cta-link&utm_source=rankings&iid=i-65998905
201-250,Paris Descartes University,0,234,24.6,487,28.8,281,83.3,126,29,682,49.1,354,master_account,0,/world-university-rankings/paris-descartes-university,131297,France,"34,691",26.9,15%,63 : 37,Paris Descartes University,"Accounting & Finance,Art, Performing Arts & Design,Biological Sciences,Business & Management,Communication & Media Studies,Computer Science,Economics & Econometrics,Education,Law,Mathematics & Statistics,Medicine & Dentistry,Psychology,Sociology,Sport Science",False,False,False,
201-250,Peter the Great St Petersburg Polytechnic University,0,235,30.8,324,17.8,497,97.4,23,42.5,315,29.6,596,master_account,0,/world-university-rankings/peter-great-st-petersburg-polytechnic-university,131339,Russian Federation,"17,155",7.2,8%,40 : 60,Peter the Great St Petersburg Polytechnic University,"Art, Performing Arts & Design,Sport Science,Accounting & Finance,General Engineering,Sociology,Electrical & Electronic Engineering,Law,Mathematics & Statistics,Economics & Econometrics,Architecture,Physics & Astronomy,Psychology,Civil Engineering,Politics & International Studies (incl Development Studies),Biological Sciences,Business & Management,History, Philosophy & Theology,Mechanical & Aerospace Engineering,Communication & Media Studies,Languages, Literature & Linguistics,Chemical Engineering,Education,Computer Science,Chemistry,Geology, Environmental, Earth & Marine Sciences",False,False,True,
201-250,Politecnico di Milano,0,236,30.1,337,31.7,242,76.3,187,66.3,137,48.8,360,master_account,11,/world-university-rankings/politecnico-di-milano,797,Italy,"30,025",22.2,12%,34 : 66,Politecnico di Milano,"Civil Engineering,Computer Science,Architecture,Chemical Engineering,Mechanical & Aerospace Engineering,Business & Management,Electrical & Electronic Engineering,Art, Performing Arts & Design,General Engineering",False,False,False,
201-250,Royal Veterinary College,0,237,26,432,27.8,301,74.9,200,45.5,272,81.7,104,master_account,0,/world-university-rankings/royal-veterinary-college,131747,United Kingdom,"1,820",11.0,17%,77 : 23,Royal Veterinary College,"Veterinary Science,Biological Sciences",False,False,False,https://www.timeshighereducation.com/student/register-interest/siuk?utm_medium=thewebsite&utm_campaign=cta-link&utm_source=rankings&iid=i-87553751
201-250,Rush University,0,238,37.7,200,17.4,514,88.9,73,45.4,274,21.8,677,master_account,0,/world-university-rankings/rush-university,131585,United States,"1,855",2.1,5%,71 : 29,Rush University,"Other Health,Medicine & Dentistry,Biological Sciences",False,False,False,https://www.timeshighereducation.com/student/register-interest/shorelight?utm_medium=thewebsite&utm_campaign=cta-link&utm_source=rankings&iid=i-57914611
201-250,Sapienza University of Rome,0,239,38,194,37.3,186,61.5,319,32.6,543,34.7,525,master_account,0,/world-university-rankings/sapienza-university-rome,800,Italy,"120,986",32.3,7%,59 : 41,Sapienza University of Rome,"Art, Performing Arts & Design,Law,Computer Science,Other Health,Civil Engineering,Mathematics & Statistics,Economics & Econometrics,Chemistry,Architecture,Languages, Literature & Linguistics,Chemical Engineering,Sociology,Accounting & Finance,Medicine & Dentistry,Geography,Geology, Environmental, Earth & Marine Sciences,Psychology,Mechanical & Aerospace Engineering,Communication & Media Studies,General Engineering,Business & Management,Biological Sciences,History, Philosophy & Theology,Archaeology,Politics & International Studies (incl Development Studies),Physics & Astronomy,Electrical & Electronic Engineering,Education",False,False,False,
201-250,University of Science and Technology of China,0,240,46.7,110,36.6,195,67.2,261,80.3,86,21.4,683,master_account,11,/world-university-rankings/university-science-and-technology-china,656,China,"14,290",7.9,2%,,University of Science and Technology of China USTC China University of Science and Technology,"Computer Science,Biological Sciences,Geology, Environmental, Earth & Marine Sciences,Languages, Literature & Linguistics,Chemistry,Other Health,Physics & Astronomy,Chemical Engineering,Business & Management,History, Philosophy & Theology,Accounting & Finance,Economics & Econometrics,Mathematics & Statistics,Law,Communication & Media Studies,Electrical & Electronic Engineering,General Engineering,Archaeology",False,False,False,
201-250,University of South Florida (Tampa),0,241,24.8,477,35.7,201,73.4,212,99.8,25,45.1,407,public,0,/world-university-rankings/university-south-florida-tampa,803,United States,"31,424",21.5,10%,,University of South Florida (Tampa),"Sociology,Archaeology,Mathematics & Statistics,Biological Sciences,Psychology,Politics & International Studies (incl Development Studies),Veterinary Science,Electrical & Electronic Engineering,General Engineering,Medicine & Dentistry,Geography,Civil Engineering,Education,Architecture,Agriculture & Forestry,History, Philosophy & Theology,Sport Science,Economics & Econometrics,Computer Science,Communication & Media Studies,Geology, Environmental, Earth & Marine Sciences,Art, Performing Arts & Design,Languages, Literature & Linguistics,Business & Management,Physics & Astronomy,Chemical Engineering,Other Health,Mechanical & Aerospace Engineering,Chemistry,Accounting & Finance",False,False,False,https://www.timeshighereducation.com/student/into-university-partnerships?utm_medium=thewebsite&utm_campaign=cta-link&utm_source=rankings&iid=i-47513011
201-250,Stony Brook University,0,242,32.6,282,22,408,83,129,33.4,516,53.2,308,public,0,/world-university-rankings/stony-brook-university,578,United States,"21,908",10.9,24%,50 : 50,Stony Brook University,"Mechanical & Aerospace Engineering,Sociology,Other Health,Chemistry,Accounting & Finance,Archaeology,Biological Sciences,Psychology,Art, Performing Arts & Design,Civil Engineering,Geography,General Engineering,Communication & Media Studies,Education,Electrical & Electronic Engineering,Chemical Engineering,Languages, Literature & Linguistics,Business & Management,Computer Science,Geology, Environmental, Earth & Marine Sciences,Politics & International Studies (incl Development Studies),History, Philosophy & Theology,Mathematics & Statistics,Medicine & Dentistry,Physics & Astronomy,Economics & Econometrics",False,False,False,https://www.timeshighereducation.com/student/register-interest/shorelight?utm_medium=thewebsite&utm_campaign=cta-link&utm_source=rankings&iid=i-10396992
201-250,University of Stuttgart,0,243,40,164,44.5,137,55.7,357,99.8,26,52.7,319,master_account,0,/world-university-rankings/university-stuttgart,1031,Germany,"24,099",45.4,20%,31 : 69,University of Stuttgart,"Mathematics & Statistics,Sociology,Chemistry,Electrical & Electronic Engineering,History, Philosophy & Theology,Physics & Astronomy,Business & Management,General Engineering,Computer Science,Chemical Engineering,Politics & International Studies (incl Development Studies),Sport Science,Languages, Literature & Linguistics,Civil Engineering,Mechanical & Aerospace Engineering,Biological Sciences,Architecture",False,False,False,
201-250,Swedish University of Agricultural Sciences,0,244,31.5,307,32.8,232,68.1,250,99.9,21,40.1,457,master_account,0,/world-university-rankings/swedish-university-agricultural-sciences,711,Sweden,"3,879",4.6,0%,67 : 33,Swedish University of Agricultural Sciences,"Biological Sciences,Architecture,Geology, Environmental, Earth & Marine Sciences,Civil Engineering,Veterinary Science,Economics & Econometrics,Communication & Media Studies,Chemistry,Agriculture & Forestry,Business & Management,Politics & International Studies (incl Development Studies)",False,False,False,
201-250,Technical University of Darmstadt,0,245,37.1,209,43.2,145,51.1,397,99.1,33,54.4,291,master_account,0,/world-university-rankings/technical-university-darmstadt,745,Germany,"20,300",53.6,18%,28 : 72,Technical University of Darmstadt Technical University of Darmstadt,"Languages, Literature & Linguistics,Sociology,Civil Engineering,Geology, Environmental, Earth & Marine Sciences,History, Philosophy & Theology,Sport Science,Psychology,Chemical Engineering,Politics & International Studies (incl Development Studies),Mechanical & Aerospace Engineering,Chemistry,Computer Science,Economics & Econometrics,Architecture,Education,Other Health,Biological Sciences,Business & Management,General Engineering,Mathematics & Statistics,Electrical & Electronic Engineering,Physics & Astronomy",False,False,False,
201-250,Tel Aviv University,0,246,41,153,50.5,99,49.2,412,42.9,309,47.5,376,master_account,0,/world-university-rankings/tel-aviv-university,630,Israel,"23,977",24.4,4%,,Tel Aviv University,"Electrical & Electronic Engineering,Sociology,Art, Performing Arts & Design,Computer Science,Politics & International Studies (incl Development Studies),Economics & Econometrics,Languages, Literature & Linguistics,Mathematics & Statistics,Education,Architecture,Geology, Environmental, Earth & Marine Sciences,Other Health,Agriculture & Forestry,History, Philosophy & Theology,Mechanical & Aerospace Engineering,Geography,Archaeology,Physics & Astronomy,Accounting & Finance,Law,General Engineering,Psychology,Biological Sciences,Chemistry,Business & Management,Medicine & Dentistry,Communication & Media Studies,Sport Science",False,False,False,
201-250,University of Texas at Dallas,0,247,24.3,494,26.7,324,86.8,91,41.8,334,52.3,323,public,0,/world-university-rankings/university-texas-dallas,733,United States,"16,306",22.8,23%,44 : 56,University of Texas at Dallas utd,"General Engineering,Sociology,Computer Science,Biological Sciences,Politics & International Studies (incl Development Studies),Other Health,Psychology,Geography,Chemistry,Education,Accounting & Finance,Art, Performing Arts & Design,Electrical & Electronic Engineering,Mechanical & Aerospace Engineering,History, Philosophy & Theology,Geology, Environmental, Earth & Marine Sciences,Economics & Econometrics,Mathematics & Statistics,Languages, Literature & Linguistics,Physics & Astronomy,Business & Management",False,False,False,
201-250,Tilburg University,0,248,34.1,259,47.1,119,51.5,394,57.4,183,71.6,165,master_account,0,/world-university-rankings/tilburg-university,734,Netherlands,"7,576",22.4,10%,49 : 51,Tilburg University,"Sociology,Other Health,History, Philosophy & Theology,Communication & Media Studies,Education,Law,Psychology,Business & Management,Languages, Literature & Linguistics,Accounting & Finance,Computer Science,Economics & Econometrics",False,False,False,
201-250,Tohoku University,0,249,45.3,117,42.7,148,49.4,411,74.7,105,29.3,601,master_account,0,/world-university-rankings/tohoku-university,584,Japan,"17,200",5.0,7%,25 : 75,Tohoku University,"Computer Science,Sport Science,Education,Economics & Econometrics,Electrical & Electronic Engineering,Geology, Environmental, Earth & Marine Sciences,Art, Performing Arts & Design,Civil Engineering,Politics & International Studies (incl Development Studies),History, Philosophy & Theology,Other Health,Mathematics & Statistics,Business & Management,Medicine & Dentistry,Biological Sciences,Chemistry,General Engineering,Physics & Astronomy,Psychology,Mechanical & Aerospace Engineering,Geography,Accounting & Finance,Archaeology,Agriculture & Forestry,Law,Architecture,Veterinary Science,Sociology,Languages, Literature & Linguistics,Chemical Engineering,Communication & Media Studies",False,False,False,
201-250,Tokyo Institute of Technology,0,250,45.6,115,47.6,113,42.2,473,70.9,118,31.9,562,master_account,0,/world-university-rankings/tokyo-institute-technology,572,Japan,"9,586",7.3,13%,13 : 87,Tokyo Institute of Technology,"Politics & International Studies (incl Development Studies),Civil Engineering,Chemistry,Architecture,Physics & Astronomy,Sport Science,Mechanical & Aerospace Engineering,Communication & Media Studies,General Engineering,Biological Sciences,Chemical Engineering,Business & Management,Computer Science,Geology, Environmental, Earth & Marine Sciences,Mathematics & Statistics,Electrical & Electronic Engineering,Sociology",False,False,False,
201-250,University of Victoria,0,251,20.6,612,30,267,79,169,36.6,437,70.2,175,master_account,11,/world-university-rankings/university-victoria,641,Canada,"17,581",21.5,11%,56 : 44,University of Victoria,"Communication & Media Studies,Mechanical & Aerospace Engineering,General Engineering,Sport Science,History, Philosophy & Theology,Languages, Literature & Linguistics,Business & Management,Archaeology,Chemistry,Accounting & Finance,Mathematics & Statistics,Law,Other Health,Computer Science,Politics & International Studies (incl Development Studies),Geography,Sociology,Education,Physics & Astronomy,Economics & Econometrics,Electrical & Electronic Engineering,Geology, Environmental, Earth & Marine Sciences,Civil Engineering,Art, Performing Arts & Design,Biological Sciences,Psychology",False,False,False,https://www.timeshighereducation.com/student/register-interest/applyboard?utm_medium=thewebsite&utm_campaign=cta-link&utm_source=rankings&iid=i-84469642
201-250,Wake Forest University,0,252,34.6,246,19.5,458,94.8,39,42.5,318,24.2,658,private,0,/world-university-rankings/wake-forest-university,627,United States,"7,326",4.6,5%,51 : 49,Wake Forest University,"Mechanical & Aerospace Engineering,Law,Agriculture & Forestry,Education,Languages, Literature & Linguistics,Other Health,Sociology,Biological Sciences,Psychology,Art, Performing Arts & Design,Sport Science,Business & Management,Medicine & Dentistry,Geology, Environmental, Earth & Marine Sciences,General Engineering,Communication & Media Studies,History, Philosophy & Theology,Mathematics & Statistics,Economics & Econometrics,Computer Science,Chemistry,Physics & Astronomy,Accounting & Finance",False,False,False,https://www.timeshighereducation.com/student/register-interest/shorelight?utm_medium=thewebsite&utm_campaign=cta-link&utm_source=rankings&iid=i-03430941
201-250,Western University,0,253,38.6,187,32.4,236,59,337,59.7,167,73.6,155,master_account,11,/world-university-rankings/western-university,690,Canada,"27,387",20.7,16%,54 : 46,Western University,"Mechanical & Aerospace Engineering,Sport Science,Physics & Astronomy,Chemistry,Business & Management,Communication & Media Studies,Computer Science,Civil Engineering,Law,Mathematics & Statistics,Politics & International Studies (incl Development Studies),Geography,Sociology,Education,Psychology,Other Health,Languages, Literature & Linguistics,General Engineering,Electrical & Electronic Engineering,Economics & Econometrics,Chemical Engineering,Archaeology,History, Philosophy & Theology,Accounting & Finance,Medicine & Dentistry,Biological Sciences,Art, Performing Arts & Design,Geology, Environmental, Earth & Marine Sciences",False,False,False,https://www.timeshighereducation.com/student/register-interest/applyboard?utm_medium=thewebsite&utm_campaign=cta-link&utm_source=rankings&iid=i-91582771
201-250,William & Mary,0,254,38.5,191,17.5,510,85,112,29.1,681,26.6,629,public,0,/world-university-rankings/william-mary,611,United States,"7,867",11.8,7%,54 : 46,William & Mary,"Sport Science,Politics & International Studies (incl Development Studies),Computer Science,Geography,Economics & Econometrics,Psychology,Chemistry,Business & Management,Languages, Literature & Linguistics,Education,Mathematics & Statistics,History, Philosophy & Theology,Art, Performing Arts & Design,Physics & Astronomy,Biological Sciences,Sociology,Geology, Environmental, Earth & Marine Sciences,Law,Accounting & Finance",False,False,False,https://www.timeshighereducation.com/student/register-interest/shorelight?utm_medium=thewebsite&utm_campaign=cta-link&utm_source=rankings&iid=i-84416933
201-250,University of the Witwatersrand,0,255,26.2,422,31.5,246,76,190,99.7,28,68.4,190,master_account,0,/world-university-rankings/university-witwatersrand,739,South Africa,"23,321",18.6,9%,56 : 44,University of the Witwatersrand Wits,"Education,Physics & Astronomy,Other Health,Psychology,Chemical Engineering,Civil Engineering,Electrical & Electronic Engineering,General Engineering,Art, Performing Arts & Design,Geology, Environmental, Earth & Marine Sciences,Business & Management,Communication & Media Studies,Medicine & Dentistry,Sociology,Computer Science,Economics & Econometrics,Chemistry,Mathematics & Statistics,Sport Science,Biological Sciences,Archaeology,Law,Accounting & Finance,Architecture,Mechanical & Aerospace Engineering,History, Philosophy & Theology,Geography,Languages, Literature & Linguistics,Politics & International Studies (incl Development Studies)",False,False,False,
251-300,Aalto University,0,256,31.1,315,32.8,230,62.1,312,61.6,156,65.4,201,master_account,0,/world-university-rankings/aalto-university,767,Finland,"16,099",24.2,17%,32 : 68,Aalto University,"Physics & Astronomy,Business & Management,Mathematics & Statistics,Civil Engineering,Economics & Econometrics,Accounting & Finance,Computer Science,Art, Performing Arts & Design,Electrical & Electronic Engineering,Chemistry,Architecture,Psychology,Chemical Engineering,General Engineering,Mechanical & Aerospace Engineering,Communication & Media Studies,Education",False,False,False,
251-300,Aix-Marseille University,0,257,36.7,213,22.1,403,64.9,284,33.1,527,63,224,master_account,0,/world-university-rankings/aix-marseille-university,131808,France,"71,749",45.5,13%,61 : 39,Aix-Marseille University,"General Engineering,Sport Science,Politics & International Studies (incl Development Studies),Biological Sciences,Geology, Environmental, Earth & Marine Sciences,Mechanical & Aerospace Engineering,History, Philosophy & Theology,Education,Accounting & Finance,Physics & Astronomy,Languages, Literature & Linguistics,Mathematics & Statistics,Architecture,Economics & Econometrics,Geography,Chemistry,Medicine & Dentistry,Sociology,Communication & Media Studies,Psychology,Computer Science,Electrical & Electronic Engineering,Law,Chemical Engineering,Archaeology,Art, Performing Arts & Design,Civil Engineering,Business & Management,Other Health",False,False,False,
251-300,University of Bath,0,258,28.9,357,27.9,296,56.7,350,36.3,440,84.8,82,master_account,11,/world-university-rankings/university-bath,716,United Kingdom,"12,830",18.7,30%,46 : 54,University of Bath,"Languages, Literature & Linguistics,Mathematics & Statistics,Accounting & Finance,Education,Civil Engineering,Architecture,Physics & Astronomy,Business & Management,General Engineering,Geology, Environmental, Earth & Marine Sciences,Mechanical & Aerospace Engineering,Psychology,Economics & Econometrics,Sport Science,Chemical Engineering,Politics & International Studies (incl Development Studies),Other Health,Biological Sciences,Computer Science,Sociology,Electrical & Electronic Engineering,Chemistry",False,False,False,https://www.timeshighereducation.com/student/register-interest/siuk?utm_medium=thewebsite&utm_campaign=cta-link&utm_source=rankings&iid=i-70346313
251-300,University of Bayreuth,0,259,32.2,290,31.2,251,60.1,328,56.4,190,52.6,320,master_account,0,/world-university-rankings/university-bayreuth,881,Germany,"12,520",35.5,8%,46 : 54,University of Bayreuth,"Economics & Econometrics,Languages, Literature & Linguistics,Mathematics & Statistics,Other Health,Education,Politics & International Studies (incl Development Studies),Chemical Engineering,Communication & Media Studies,Computer Science,Mechanical & Aerospace Engineering,History, Philosophy & Theology,Electrical & Electronic Engineering,Law,General Engineering,Geology, Environmental, Earth & Marine Sciences,Sport Science,Business & Management,Chemistry,Geography,Sociology,Physics & Astronomy,Biological Sciences,Accounting & Finance,Art, Performing Arts & Design",False,False,False,
251-300,Bielefeld University,0,260,35.2,230,46.2,123,49.9,404,60.9,159,45.4,403,master_account,0,/world-university-rankings/bielefeld-university,717,Germany,"21,428",67.8,7%,57 : 43,Bielefeld University,"Languages, Literature & Linguistics,Chemistry,Accounting & Finance,Physics & Astronomy,Biological Sciences,Mathematics & Statistics,Education,Economics & Econometrics,Sport Science,Other Health,Communication & Media Studies,History, Philosophy & Theology,Chemical Engineering,Geology, Environmental, Earth & Marine Sciences,Psychology,Art, Performing Arts & Design,Medicine & Dentistry,Business & Management,Politics & International Studies (incl Development Studies),Sociology,Law,Computer Science",False,False,False,
251-300,University of Bordeaux,0,261,25.3,458,22,407,71.7,229,30.6,623,54.6,288,master_account,6,/world-university-rankings/university-bordeaux,131635,France,"51,239",19.4,12%,58 : 42,University of Bordeaux,"Psychology,General Engineering,Politics & International Studies (incl Development Studies),Chemistry,Medicine & Dentistry,Accounting & Finance,Chemical Engineering,Computer Science,Agriculture & Forestry,Physics & Astronomy,Mechanical & Aerospace Engineering,Education,Mathematics & Statistics,Economics & Econometrics,Business & Management,Geology, Environmental, Earth & Marine Sciences,Other Health,Sport Science,Sociology,Civil Engineering,Electrical & Electronic Engineering,Law,Archaeology,Biological Sciences",False,False,False,
251-300,Charles Darwin University,0,262,17.8,725,22.6,388,85.9,99,43.2,301,63.7,219,master_account,0,/world-university-rankings/charles-darwin-university,774,Australia,"5,570",25.4,15%,67 : 33,Charles Darwin University,"Electrical & Electronic Engineering,Other Health,Economics & Econometrics,History, Philosophy & Theology,Agriculture & Forestry,Politics & International Studies (incl Development Studies),Law,Computer Science,Medicine & Dentistry,Chemical Engineering,Accounting & Finance,Psychology,General Engineering,Chemistry,Business & Management,Languages, Literature & Linguistics,Physics & Astronomy,Education,Art, Performing Arts & Design,Biological Sciences,Communication & Media Studies,Mechanical & Aerospace Engineering,Geology, Environmental, Earth & Marine Sciences,Civil Engineering,Sociology,Geography",False,False,False,https://www.timeshighereducation.com/student/register-interest/aecc?utm_medium=thewebsite&utm_campaign=cta-link&utm_source=rankings&iid=i-76387108
251-300,Colorado School of Mines,0,263,28.5,364,30.3,261,71.8,227,83.7,71,35.5,513,public,0,/world-university-rankings/colorado-school-mines,673,United States,"5,287",18.2,12%,26 : 74,Colorado School of Mines,"Geography,Mathematics & Statistics,General Engineering,Computer Science,Physics & Astronomy,Chemical Engineering,Mechanical & Aerospace Engineering,Chemistry,Geology, Environmental, Earth & Marine Sciences,Electrical & Electronic Engineering,Business & Management,Civil Engineering,Economics & Econometrics",False,False,False,https://www.timeshighereducation.com/student/register-interest/shorelight?utm_medium=thewebsite&utm_campaign=cta-link&utm_source=rankings&iid=i-08832472
251-300,"Colorado State University, Fort Collins",0,264,31.6,303,33,227,59.3,333,41,345,34.5,527,public,0,/world-university-rankings/colorado-state-university-fort-collins-0,696,United States,"26,769",19.0,5%,52 : 48,"Colorado State University, Fort Collins","Education,Archaeology,Veterinary Science,Other Health,Geography,Civil Engineering,Computer Science,Sociology,History, Philosophy & Theology,Electrical & Electronic Engineering,Biological Sciences,Art, Performing Arts & Design,Psychology,Agriculture & Forestry,Languages, Literature & Linguistics,Accounting & Finance,Chemistry,Physics & Astronomy,Economics & Econometrics,Geology, Environmental, Earth & Marine Sciences,Chemical Engineering,Communication & Media Studies,Mechanical & Aerospace Engineering,Politics & International Studies (incl Development Studies),General Engineering,Sport Science,Business & Management,Mathematics & Statistics",False,False,False,https://www.timeshighereducation.com/student/into-university-partnerships?utm_medium=thewebsite&utm_campaign=cta-link&utm_source=rankings&iid=i-29201174
251-300,University of Delaware,0,265,23.7,511,34,217,70,237,98.7,35,41.6,438,public,0,/world-university-rankings/university-delaware,644,United States,"19,262",15.9,10%,56 : 44,University of Delaware,"Communication & Media Studies,General Engineering,Sport Science,History, Philosophy & Theology,Accounting & Finance,Veterinary Science,Business & Management,Sociology,Other Health,Physics & Astronomy,Chemical Engineering,Art, Performing Arts & Design,Languages, Literature & Linguistics,Mechanical & Aerospace Engineering,Geography,Politics & International Studies (incl Development Studies),Psychology,Mathematics & Statistics,Agriculture & Forestry,Architecture,Chemistry,Civil Engineering,Economics & Econometrics,Biological Sciences,Education,Geology, Environmental, Earth & Marine Sciences,Computer Science,Electrical & Electronic Engineering",False,False,False,https://www.timeshighereducation.com/student/register-interest/shorelight?utm_medium=thewebsite&utm_campaign=cta-link&utm_source=rankings&iid=i-60250683
251-300,Flinders University,0,266,21.4,584,25.7,337,69.5,241,41.7,335,64.7,205,master_account,0,/world-university-rankings/flinders-university,823,Australia,"15,655",22.6,15%,63 : 37,Flinders University,"Biological Sciences,Computer Science,Politics & International Studies (incl Development Studies),Electrical & Electronic Engineering,Law,Agriculture & Forestry,Archaeology,Civil Engineering,General Engineering,Chemistry,Medicine & Dentistry,Art, Performing Arts & Design,Physics & Astronomy,Geography,Chemical Engineering,Mechanical & Aerospace Engineering,History, Philosophy & Theology,Sport Science,Mathematics & Statistics,Psychology,Languages, Literature & Linguistics,Other Health,Sociology,Economics & Econometrics,Geology, Environmental, Earth & Marine Sciences,Business & Management,Accounting & Finance,Communication & Media Studies,Education",False,False,False,
251-300,University of Georgia (USA),0,267,41.1,151,30.5,256,52.2,388,30.9,612,39.2,467,public,0,/world-university-rankings/university-georgia-usa,675,United States,"33,119",19.9,7%,57 : 43,University of Georgia (USA),"Art, Performing Arts & Design,Computer Science,Sport Science,Education,Medicine & Dentistry,Veterinary Science,Geography,Languages, Literature & Linguistics,Mechanical & Aerospace Engineering,Communication & Media Studies,Economics & Econometrics,History, Philosophy & Theology,Civil Engineering,Geology, Environmental, Earth & Marine Sciences,Archaeology,Chemical Engineering,Politics & International Studies (incl Development Studies),Other Health,Biological Sciences,Law,Mathematics & Statistics,Psychology,General Engineering,Physics & Astronomy,Business & Management,Architecture,Agriculture & Forestry,Sociology,Electrical & Electronic Engineering,Chemistry,Accounting & Finance",False,False,False,https://www.timeshighereducation.com/student/register-interest/shorelight?utm_medium=thewebsite&utm_campaign=cta-link&utm_source=rankings&iid=i-14747593
251-300,Griffith University,0,268,22.5,554,25.2,345,66.3,270,34.6,482,81.7,102,master_account,0,/world-university-rankings/griffith-university,825,Australia,"30,251",22.0,21%,0 : 100,Griffith University,"Accounting & Finance,Mathematics & Statistics,Other Health,Mechanical & Aerospace Engineering,Languages, Literature & Linguistics,Agriculture & Forestry,Business & Management,Archaeology,Electrical & Electronic Engineering,History, Philosophy & Theology,Sport Science,Chemistry,Politics & International Studies (incl Development Studies),Biological Sciences,Civil Engineering,Communication & Media Studies,General Engineering,Physics & Astronomy,Sociology,Art, Performing Arts & Design,Law,Geography,Psychology,Computer Science,Geology, Environmental, Earth & Marine Sciences,Economics & Econometrics,Education,Medicine & Dentistry,Architecture",False,False,False,
251-300,Indian Institute of Science,0,269,42.7,136,47.2,117,42.4,470,52.4,210,16.4,754,master_account,0,/world-university-rankings/indian-institute-science,926,India,"3,318",8.2,1%,19 : 81,Indian Institute of Science,"Electrical & Electronic Engineering,Chemistry,Biological Sciences,Mechanical & Aerospace Engineering,Civil Engineering,Geology, Environmental, Earth & Marine Sciences,Physics & Astronomy,Computer Science,Chemical Engineering,Mathematics & Statistics",False,False,False,
251-300,Iowa State University,0,270,31.2,312,29.4,274,61.5,317,54,202,35.4,515,public,0,/world-university-rankings/iowa-state-university,648,United States,"29,991",17.4,11%,44 : 56,Iowa State University,"History, Philosophy & Theology,Communication & Media Studies,Geology, Environmental, Earth & Marine Sciences,Education,Languages, Literature & Linguistics,Chemical Engineering,Veterinary Science,Mathematics & Statistics,Sociology,Computer Science,Agriculture & Forestry,Electrical & Electronic Engineering,Other Health,Sport Science,Psychology,Civil Engineering,Art, Performing Arts & Design,Geography,General Engineering,Architecture,Business & Management,Economics & Econometrics,Physics & Astronomy,Chemistry,Accounting & Finance,Politics & International Studies (incl Development Studies),Mechanical & Aerospace Engineering,Biological Sciences",False,False,False,https://www.timeshighereducation.com/student/register-interest/shorelight?utm_medium=thewebsite&utm_campaign=cta-link&utm_source=rankings&iid=i-66451983
251-300,James Cook University,0,271,19,668,22.8,381,81.4,148,40.7,352,70.4,173,master_account,0,/world-university-rankings/james-cook-university,131521,Australia,"11,713",21.9,11%,63 : 37,James Cook University,"Languages, Literature & Linguistics,Veterinary Science,Archaeology,Computer Science,Biological Sciences,Mathematics & Statistics,Economics & Econometrics,Geology, Environmental, Earth & Marine Sciences,Chemistry,Other Health,Electrical & Electronic Engineering,Sport Science,Psychology,General Engineering,Physics & Astronomy,Business & Management,Law,Agriculture & Forestry,Mechanical & Aerospace Engineering,Civil Engineering,Medicine & Dentistry,Accounting & Finance,Education,Politics & International Studies (incl Development Studies),Geography,Sociology,Chemical Engineering,History, Philosophy & Theology",False,False,False,https://www.timeshighereducation.com/student/register-interest/aecc?utm_medium=thewebsite&utm_campaign=cta-link&utm_source=rankings&iid=i-45641594
251-300,Justus Liebig University Giessen,0,272,32.9,274,33.9,218,52.9,382,46.4,263,46.8,386,master_account,0,/world-university-rankings/justus-liebig-university-giessen,131300,Germany,"25,682",53.9,9%,62 : 38,Justus Liebig University Giessen,"Other Health,Politics & International Studies (incl Development Studies),Languages, Literature & Linguistics,Physics & Astronomy,Business & Management,Archaeology,Communication & Media Studies,Agriculture & Forestry,Geography,Biological Sciences,Sociology,Medicine & Dentistry,Geology, Environmental, Earth & Marine Sciences,Veterinary Science,Education,History, Philosophy & Theology,Mathematics & Statistics,Law,Accounting & Finance,Art, Performing Arts & Design,Sport Science,Psychology,Architecture,Chemistry,Economics & Econometrics",False,False,False,
251-300,King Abdulaziz University,0,273,23.9,505,11.8,663,76.6,186,73.1,109,93,28,master_account,11,/world-university-rankings/king-abdulaziz-university,888,Saudi Arabia,"35,889",8.4,21%,57 : 43,King Abdulaziz University,"Electrical & Electronic Engineering,Sport Science,Agriculture & Forestry,Geography,Biological Sciences,Law,Psychology,Computer Science,Other Health,General Engineering,Business & Management,Medicine & Dentistry,Geology, Environmental, Earth & Marine Sciences,Mechanical & Aerospace Engineering,Physics & Astronomy,Chemistry,Mathematics & Statistics,Languages, Literature & Linguistics,Accounting & Finance,Communication & Media Studies,Economics & Econometrics,Politics & International Studies (incl Development Studies),Archaeology,Civil Engineering,Sociology,History, Philosophy & Theology,Architecture,Chemical Engineering,Education,Art, Performing Arts & Design,Veterinary Science",False,False,False,
251-300,Koç University,0,274,21.2,592,27.1,314,74.9,198,82.4,76,53.5,305,master_account,0,/world-university-rankings/koc-university,875,Turkey,"4,488",14.6,8%,52 : 48,Koç University koc,"Archaeology,Other Health,General Engineering,Art, Performing Arts & Design,Mathematics & Statistics,Computer Science,Communication & Media Studies,Biological Sciences,Languages, Literature & Linguistics,Sociology,Politics & International Studies (incl Development Studies),Electrical & Electronic Engineering,Business & Management,Chemistry,Mechanical & Aerospace Engineering,Medicine & Dentistry,Economics & Econometrics,Law,History, Philosophy & Theology,Physics & Astronomy,Accounting & Finance,Chemical Engineering,Psychology",False,False,False,
251-300,Korea University,0,275,43.9,129,43.4,143,41.8,477,99.8,23,40.2,454,master_account,11,/world-university-rankings/korea-university,702,South Korea,"24,043",15.8,14%,,Korea University,"Chemical Engineering,Chemistry,Psychology,Biological Sciences,History, Philosophy & Theology,Architecture,Geography,Medicine & Dentistry,Archaeology,Geology, Environmental, Earth & Marine Sciences,Physics & Astronomy,Mathematics & Statistics,General Engineering,Accounting & Finance,Civil Engineering,Communication & Media Studies,Law,Art, Performing Arts & Design,Economics & Econometrics,Sociology,Business & Management,Mechanical & Aerospace Engineering,Education,Sport Science,Computer Science,Politics & International Studies (incl Development Studies),Electrical & Electronic Engineering,Languages, Literature & Linguistics,Agriculture & Forestry,Other Health",False,False,False,
251-300,University of Liège,0,276,29.1,354,36.6,193,46.5,432,98.9,34,69.7,180,master_account,0,/world-university-rankings/university-liege,788,Belgium,"20,951",25.9,23%,54 : 46,University of Liège,"Other Health,Civil Engineering,Chemistry,Archaeology,Veterinary Science,Politics & International Studies (incl Development Studies),Accounting & Finance,Mechanical & Aerospace Engineering,Communication & Media Studies,Business & Management,Computer Science,Chemical Engineering,Sociology,Economics & Econometrics,Architecture,Sport Science,Geography,Medicine & Dentistry,Mathematics & Statistics,History, Philosophy & Theology,Biological Sciences,Education,General Engineering,Physics & Astronomy,Electrical & Electronic Engineering,Geology, Environmental, Earth & Marine Sciences,Psychology,Languages, Literature & Linguistics,Agriculture & Forestry,Law",False,False,False,
251-300,Linköping University,0,277,24.2,497,18.9,471,76.8,182,42.1,327,57.7,270,master_account,0,/world-university-rankings/linkoping-university,789,Sweden,"17,866",7.7,10%,52 : 48,Linköping University,"General Engineering,Geology, Environmental, Earth & Marine Sciences,Art, Performing Arts & Design,Civil Engineering,Politics & International Studies (incl Development Studies),Economics & Econometrics,Biological Sciences,Geography,Mechanical & Aerospace Engineering,Chemistry,Accounting & Finance,Computer Science,Veterinary Science,Education,History, Philosophy & Theology,Chemical Engineering,Business & Management,Other Health,Communication & Media Studies,Medicine & Dentistry,Agriculture & Forestry,Sociology,Electrical & Electronic Engineering,Mathematics & Statistics,Psychology,Languages, Literature & Linguistics,Physics & Astronomy",False,False,False,
251-300,Nanjing University,0,278,37.2,206,32.2,239,54.2,364,58.6,174,50.4,338,master_account,0,/world-university-rankings/nanjing-university,727,China,"29,743",13.3,10%,46 : 54,Nanjing University,"History, Philosophy & Theology,Psychology,Mathematics & Statistics,Archaeology,Languages, Literature & Linguistics,Education,Chemical Engineering,Art, Performing Arts & Design,Economics & Econometrics,Biological Sciences,Physics & Astronomy,Business & Management,Communication & Media Studies,Electrical & Electronic Engineering,Sociology,Politics & International Studies (incl Development Studies),Medicine & Dentistry,Chemistry,Other Health,Computer Science,Law,General Engineering,Geography,Architecture,Geology, Environmental, Earth & Marine Sciences,Accounting & Finance",False,False,False,
251-300,National Tsing Hua University,0,279,37.7,199,36.6,194,53,377,49.5,236,23.2,667,master_account,0,/world-university-rankings/national-tsing-hua-university,680,Taiwan,"10,221",13.5,5%,33 : 67,National Tsing Hua University,"Civil Engineering,Politics & International Studies (incl Development Studies),Education,Languages, Literature & Linguistics,Physics & Astronomy,Psychology,Chemical Engineering,Sociology,Business & Management,Accounting & Finance,Electrical & Electronic Engineering,History, Philosophy & Theology,Chemistry,Computer Science,Mechanical & Aerospace Engineering,Art, Performing Arts & Design,Medicine & Dentistry,Other Health,Economics & Econometrics,Archaeology,Law,Sport Science,Mathematics & Statistics,General Engineering,Communication & Media Studies,Biological Sciences",False,False,False,
251-300,University of Galway,0,280,27.3,394,25.4,343,68.5,247,41.9,331,76.5,140,master_account,0,/world-university-rankings/university-galway,842,Ireland,"14,067",26.8,14%,56 : 44,University of Galway nui nui galway,"Archaeology,Civil Engineering,Agriculture & Forestry,Geography,Economics & Econometrics,Electrical & Electronic Engineering,Politics & International Studies (incl Development Studies),Sociology,Psychology,Accounting & Finance,Art, Performing Arts & Design,Communication & Media Studies,Languages, Literature & Linguistics,Mathematics & Statistics,General Engineering,Geology, Environmental, Earth & Marine Sciences,Computer Science,Mechanical & Aerospace Engineering,Education,Medicine & Dentistry,Law,Business & Management,Other Health,Chemistry,History, Philosophy & Theology,Biological Sciences,Physics & Astronomy",False,False,False,
251-300,University of Newcastle,0,281,27.4,392,26.5,330,67.2,260,64.4,145,75.9,145,master_account,0,/world-university-rankings/university-newcastle,757,Australia,"23,508",21.9,18%,56 : 44,University of Newcastle Australia Newcastle,"Law,Psychology,Communication & Media Studies,Mathematics & Statistics,Biological Sciences,Civil Engineering,Economics & Econometrics,Electrical & Electronic Engineering,Geology, Environmental, Earth & Marine Sciences,Business & Management,Accounting & Finance,Other Health,Mechanical & Aerospace Engineering,Computer Science,Medicine & Dentistry,Architecture,Chemistry,Physics & Astronomy,Politics & International Studies (incl Development Studies),General Engineering,Sociology,Geography,Chemical Engineering,Languages, Literature & Linguistics,Art, Performing Arts & Design,Sport Science,Education,History, Philosophy & Theology,Agriculture & Forestry",False,False,False,https://www.timeshighereducation.com/student/register-interest/aecc?utm_medium=thewebsite&utm_campaign=cta-link&utm_source=rankings&iid=i-35453247
251-300,North Carolina State University,0,282,36.1,219,30.5,258,60,329,40.7,353,49,356,public,0,/world-university-rankings/north-carolina-state-university,891,United States,"30,533",13.6,11%,44 : 56,North Carolina State University,"Art, Performing Arts & Design,Computer Science,Sport Science,Mechanical & Aerospace Engineering,Mathematics & Statistics,Business & Management,Archaeology,Biological Sciences,Psychology,Civil Engineering,Politics & International Studies (incl Development Studies),Architecture,Agriculture & Forestry,Education,History, Philosophy & Theology,Physics & Astronomy,Accounting & Finance,General Engineering,Veterinary Science,Communication & Media Studies,Languages, Literature & Linguistics,Chemical Engineering,Sociology,Electrical & Electronic Engineering,Geology, Environmental, Earth & Marine Sciences,Economics & Econometrics,Chemistry",False,False,False,https://www.timeshighereducation.com/student/register-interest/shorelight?utm_medium=thewebsite&utm_campaign=cta-link&utm_source=rankings&iid=i-09500961
251-300,National Research Nuclear University MEPhI,0,283,44.9,121,27.8,300,52.8,383,99.8,24,27.5,620,master_account,0,/world-university-rankings/national-research-nuclear-university-mephi,878,Russian Federation,"7,801",7.3,7%,29 : 71,National Research Nuclear University MEPhI,"Psychology,Mechanical & Aerospace Engineering,Geology, Environmental, Earth & Marine Sciences,General Engineering,Biological Sciences,Chemistry,Civil Engineering,Education,History, Philosophy & Theology,Business & Management,Languages, Literature & Linguistics,Chemical Engineering,Computer Science,Law,Sociology,Other Health,Archaeology,Economics & Econometrics,Accounting & Finance,Electrical & Electronic Engineering,Politics & International Studies (incl Development Studies),Mathematics & Statistics,Physics & Astronomy,Medicine & Dentistry",False,False,True,
251-300,Oregon State University,0,284,30.6,328,28.5,288,63.8,299,32.1,562,42.8,430,public,0,/world-university-rankings/oregon-state-university,883,United States,"22,578",16.8,8%,47 : 53,Oregon State University,"Mechanical & Aerospace Engineering,Chemistry,Veterinary Science,Computer Science,Geography,Art, Performing Arts & Design,Psychology,Civil Engineering,Agriculture & Forestry,Sport Science,Education,Biological Sciences,Sociology,Economics & Econometrics,Politics & International Studies (incl Development Studies),Electrical & Electronic Engineering,Geology, Environmental, Earth & Marine Sciences,History, Philosophy & Theology,Languages, Literature & Linguistics,Mathematics & Statistics,Chemical Engineering,Business & Management,Other Health,Physics & Astronomy,Accounting & Finance,Communication & Media Studies",False,False,False,https://www.timeshighereducation.com/student/into-university-partnerships?utm_medium=thewebsite&utm_campaign=cta-link&utm_source=rankings&iid=i-42892913
251-300,The University of Osaka,0,285,46.8,109,45.2,132,37.4,510,76.1,99,26.6,627,master_account,0,/world-university-rankings/university-osaka,583,Japan,"23,144",7.8,9%,31 : 69,The University of Osaka Handai OU,"Chemistry,Computer Science,Languages, Literature & Linguistics,Chemical Engineering,Communication & Media Studies,Education,Architecture,Politics & International Studies (incl Development Studies),Electrical & Electronic Engineering,History, Philosophy & Theology,Sociology,Biological Sciences,General Engineering,Mechanical & Aerospace Engineering,Art, Performing Arts & Design,Economics & Econometrics,Psychology,Business & Management,Physics & Astronomy,Medicine & Dentistry,Archaeology,Sport Science,Geology, Environmental, Earth & Marine Sciences,Mathematics & Statistics,Geography,Accounting & Finance,Law,Civil Engineering,Other Health",False,False,False,
251-300,Queen’s University,0,286,35.8,224,35.8,199,54.4,362,54.2,199,61.6,235,master_account,11,/world-university-rankings/queens-university,639,Canada,"20,488",22.1,10%,58 : 42,Queen’s University Canadian University Research Student Experience,"Mechanical & Aerospace Engineering,Sport Science,Electrical & Electronic Engineering,Accounting & Finance,Education,Geography,Mathematics & Statistics,History, Philosophy & Theology,Politics & International Studies (incl Development Studies),Chemical Engineering,Business & Management,Psychology,Other Health,Civil Engineering,Chemistry,Physics & Astronomy,Geology, Environmental, Earth & Marine Sciences,Medicine & Dentistry,Economics & Econometrics,Law,Art, Performing Arts & Design,Biological Sciences,Sociology,Languages, Literature & Linguistics,General Engineering,Computer Science,Communication & Media Studies,Agriculture & Forestry",False,False,False,https://www.timeshighereducation.com/student/register-interest/applyboard?utm_medium=thewebsite&utm_campaign=cta-link&utm_source=rankings&iid=i-38060122
251-300,Technion Israel Institute of Technology,0,287,33,273,36.1,197,52.1,389,38.9,383,61.9,234,master_account,0,/world-university-rankings/technion-israel-institute-technology,685,Israel,"13,855",19.4,4%,35 : 65,Technion Israel Institute of Technology,"Physics & Astronomy,Biological Sciences,Other Health,Chemical Engineering,Electrical & Electronic Engineering,Chemistry,Education,Architecture,Mechanical & Aerospace Engineering,Computer Science,Geology, Environmental, Earth & Marine Sciences,Business & Management,General Engineering,Civil Engineering,Sociology,Mathematics & Statistics",False,False,False,
251-300,Queensland University of Technology,0,288,28.8,359,35.6,203,56,355,73.7,108,76,144,master_account,6,/world-university-rankings/queensland-university-technology,758,Australia,"33,391",35.8,17%,54 : 46,Queensland University of Technology qut,"Architecture,Politics & International Studies (incl Development Studies),Business & Management,Education,Computer Science,Accounting & Finance,Languages, Literature & Linguistics,Chemical Engineering,Electrical & Electronic Engineering,Chemistry,General Engineering,Other Health,Art, Performing Arts & Design,Sport Science,Geology, Environmental, Earth & Marine Sciences,Biological Sciences,Communication & Media Studies,Psychology,Civil Engineering,Law,Mathematics & Statistics,Economics & Econometrics,Physics & Astronomy,Geography,Mechanical & Aerospace Engineering",False,False,False,
251-300,Rensselaer Polytechnic Institute,0,289,30.4,332,31.5,245,65.1,283,79.6,89,40.3,453,private,0,/world-university-rankings/rensselaer-polytechnic-institute,608,United States,"6,671",15.0,16%,30 : 70,Rensselaer Polytechnic Institute,"Chemical Engineering,Geology, Environmental, Earth & Marine Sciences,Communication & Media Studies,Art, Performing Arts & Design,Computer Science,Electrical & Electronic Engineering,Architecture,Business & Management,Chemistry,Biological Sciences,General Engineering,Economics & Econometrics,Mechanical & Aerospace Engineering,History, Philosophy & Theology,Law,Psychology,Agriculture & Forestry,Civil Engineering,Other Health,Mathematics & Statistics,Physics & Astronomy",False,False,False,https://www.timeshighereducation.com/student/register-interest/shorelight?utm_medium=thewebsite&utm_campaign=cta-link&utm_source=rankings&iid=i-85269072
251-300,RCSI University of Medicine and Health Sciences,0,290,29.9,340,20.1,448,65.3,278,33.9,503,90.1,47,master_account,11,/world-university-rankings/rcsi-university-medicine-and-health-sciences,1033,Ireland,"2,473",15.6,63%,55 : 45,RCSI University of Medicine and Health Sciences rcsi,"Medicine & Dentistry,Other Health",False,False,False,
251-300,Ruhr University Bochum,0,291,32.8,280,30,265,54.4,363,66.6,135,51.7,325,master_account,0,/world-university-rankings/ruhr-university-bochum,718,Germany,"38,675",46.3,13%,48 : 52,Ruhr University Bochum,"Education,Art, Performing Arts & Design,Biological Sciences,Law,Accounting & Finance,Electrical & Electronic Engineering,General Engineering,Mathematics & Statistics,Psychology,Other Health,Agriculture & Forestry,Geography,Business & Management,Computer Science,Sport Science,History, Philosophy & Theology,Communication & Media Studies,Languages, Literature & Linguistics,Civil Engineering,Geology, Environmental, Earth & Marine Sciences,Mechanical & Aerospace Engineering,Chemistry,Medicine & Dentistry,Sociology,Archaeology,Politics & International Studies (incl Development Studies),Physics & Astronomy,Economics & Econometrics",False,False,False,
251-300,Saint Louis University,0,292,36.9,212,10.9,700,85,111,29.9,650,26.6,628,private,0,/world-university-rankings/saint-louis-university,131616,United States,"11,919",5.8,8%,58 : 42,Saint Louis University,"Accounting & Finance,Civil Engineering,Other Health,Chemistry,Business & Management,Biological Sciences,Electrical & Electronic Engineering,Politics & International Studies (incl Development Studies),Medicine & Dentistry,Languages, Literature & Linguistics,General Engineering,Computer Science,Geology, Environmental, Earth & Marine Sciences,Economics & Econometrics,Mathematics & Statistics,Mechanical & Aerospace Engineering,Education,Art, Performing Arts & Design,Law,Psychology,Physics & Astronomy,Agriculture & Forestry,Geography,Sport Science,Sociology,Communication & Media Studies,History, Philosophy & Theology",False,False,False,https://www.timeshighereducation.com/student/into-university-partnerships?utm_medium=thewebsite&utm_campaign=cta-link&utm_source=rankings&iid=i-63649632
251-300,Paris-Sorbonne University – Paris 4,0,293,61,47,55.8,79,7.1,783,28.5,721,44.2,413,master_account,0,/world-university-rankings/paris-sorbonne-university-paris-4,924,France,"21,580",27.4,21%,69 : 31,Paris-Sorbonne University – Paris 4,,False,False,False,
251-300,Simon Fraser University,0,294,23.2,530,29.2,277,72.8,217,42.3,323,61.4,237,master_account,11,/world-university-rankings/simon-fraser-university,709,Canada,"26,640",28.3,19%,55 : 45,Simon Fraser University,"Physics & Astronomy,Psychology,Biological Sciences,Communication & Media Studies,Economics & Econometrics,History, Philosophy & Theology,Chemistry,Sociology,Other Health,Geography,Mathematics & Statistics,Languages, Literature & Linguistics,Politics & International Studies (incl Development Studies),Electrical & Electronic Engineering,Accounting & Finance,Archaeology,Law,Computer Science,Education,Art, Performing Arts & Design,Sport Science,Geology, Environmental, Earth & Marine Sciences,General Engineering,Business & Management",False,False,False,
251-300,University of Surrey,0,295,31.7,301,28.9,280,51.2,396,34.9,473,90.4,43,master_account,0,/world-university-rankings/university-surrey,806,United Kingdom,"12,065",16.5,38%,55 : 45,University of Surrey,"Accounting & Finance,Veterinary Science,Computer Science,Communication & Media Studies,Medicine & Dentistry,Agriculture & Forestry,Economics & Econometrics,Chemical Engineering,Biological Sciences,Art, Performing Arts & Design,Mechanical & Aerospace Engineering,Physics & Astronomy,Other Health,Law,Geology, Environmental, Earth & Marine Sciences,Chemistry,Politics & International Studies (incl Development Studies),History, Philosophy & Theology,Sport Science,Languages, Literature & Linguistics,Psychology,Electrical & Electronic Engineering,Business & Management,Mathematics & Statistics,Sociology,Civil Engineering",False,False,False,
251-300,Syracuse University,0,296,31.4,309,20.8,433,77.1,180,36.3,442,38.3,480,private,0,/world-university-rankings/syracuse-university,1020,United States,"19,660",15.9,15%,55 : 45,Syracuse University,"Mechanical & Aerospace Engineering,Geography,Chemical Engineering,Physics & Astronomy,Civil Engineering,Mathematics & Statistics,Law,Languages, Literature & Linguistics,General Engineering,Politics & International Studies (incl Development Studies),Art, Performing Arts & Design,Computer Science,Communication & Media Studies,Economics & Econometrics,Agriculture & Forestry,Education,History, Philosophy & Theology,Biological Sciences,Chemistry,Psychology,Other Health,Geology, Environmental, Earth & Marine Sciences,Accounting & Finance,Architecture,Sport Science,Business & Management,Electrical & Electronic Engineering,Sociology",False,False,False,https://www.timeshighereducation.com/student/register-interest/shorelight?utm_medium=thewebsite&utm_campaign=cta-link&utm_source=rankings&iid=i-05986189
251-300,University of Tasmania,0,297,21.8,568,25.7,339,68,251,42.7,311,79.1,119,master_account,0,/world-university-rankings/university-tasmania,808,Australia,"18,340",23.8,21%,57 : 43,University of Tasmania,"Education,Art, Performing Arts & Design,Geology, Environmental, Earth & Marine Sciences,Civil Engineering,History, Philosophy & Theology,Sport Science,Psychology,Sociology,Medicine & Dentistry,Chemistry,Computer Science,Mathematics & Statistics,Communication & Media Studies,Politics & International Studies (incl Development Studies),Accounting & Finance,Mechanical & Aerospace Engineering,Business & Management,Physics & Astronomy,Other Health,Electrical & Electronic Engineering,General Engineering,Law,Architecture,Economics & Econometrics,Agriculture & Forestry,Languages, Literature & Linguistics,Geography,Biological Sciences",False,False,False,https://www.timeshighereducation.com/student/register-interest/aecc?utm_medium=thewebsite&utm_campaign=cta-link&utm_source=rankings&iid=i-41097594
251-300,The University of Tennessee-Knoxville,0,298,29.5,349,23.2,375,81.4,149,41.3,343,39.3,465,public,0,/world-university-rankings/university-tennessee-knoxville,131711,United States,"24,716",17.0,5%,,The University of Tennessee-Knoxville,"Politics & International Studies (incl Development Studies),Architecture,Biological Sciences,General Engineering,Sport Science,Civil Engineering,Computer Science,Mathematics & Statistics,Economics & Econometrics,Chemistry,Archaeology,Education,Agriculture & Forestry,Business & Management,Art, Performing Arts & Design,Geology, Environmental, Earth & Marine Sciences,Physics & Astronomy,History, Philosophy & Theology,Geography,Veterinary Science,Languages, Literature & Linguistics,Accounting & Finance,Law,Electrical & Electronic Engineering,Communication & Media Studies,Psychology,Chemical Engineering,Sociology,Other Health,Mechanical & Aerospace Engineering",False,False,False,https://www.timeshighereducation.com/student/register-interest/shorelight?utm_medium=thewebsite&utm_campaign=cta-link&utm_source=rankings&iid=i-80840401
251-300,Tomsk Polytechnic University,0,299,31.6,305,15.1,568,82.4,139,60.2,164,32.7,553,master_account,0,/world-university-rankings/tomsk-polytechnic-university,131349,Russian Federation,"11,902",6.9,17%,39 : 61,Tomsk Polytechnic University,"Chemical Engineering,General Engineering,Economics & Econometrics,Electrical & Electronic Engineering,Computer Science,Business & Management,Physics & Astronomy,Chemistry,Mathematics & Statistics,Mechanical & Aerospace Engineering,Geology, Environmental, Earth & Marine Sciences",False,False,True,
251-300,Tulane University,0,300,39.1,179,19.3,462,67.8,254,32.4,548,35.3,518,private,0,/world-university-rankings/tulane-university,686,United States,"11,381",8.4,8%,56 : 44,Tulane University,"Mechanical & Aerospace Engineering,Communication & Media Studies,Civil Engineering,Politics & International Studies (incl Development Studies),Art, Performing Arts & Design,Agriculture & Forestry,Law,Medicine & Dentistry,Mathematics & Statistics,Business & Management,General Engineering,Geology, Environmental, Earth & Marine Sciences,Computer Science,Languages, Literature & Linguistics,History, Philosophy & Theology,Sport Science,Psychology,Architecture,Physics & Astronomy,Accounting & Finance,Biological Sciences,Education,Other Health,Chemistry,Economics & Econometrics,Chemical Engineering,Sociology",False,False,False,https://www.timeshighereducation.com/student/register-interest/shorelight?utm_medium=thewebsite&utm_campaign=cta-link&utm_source=rankings&iid=i-04338708
251-300,Umeå University,0,301,20.8,608,25,347,74.5,205,31.1,603,56.1,279,master_account,0,/world-university-rankings/umea-university,688,Sweden,"16,667",11.9,7%,60 : 40,Umeå University,"Medicine & Dentistry,Geology, Environmental, Earth & Marine Sciences,Law,Computer Science,Communication & Media Studies,Psychology,Other Health,Accounting & Finance,Languages, Literature & Linguistics,Electrical & Electronic Engineering,Physics & Astronomy,Business & Management,Art, Performing Arts & Design,General Engineering,Chemistry,Education,Architecture,Civil Engineering,Mathematics & Statistics,Chemical Engineering,Economics & Econometrics,Archaeology,Biological Sciences,Politics & International Studies (incl Development Studies),Agriculture & Forestry,Sociology,History, Philosophy & Theology,Mechanical & Aerospace Engineering,Sport Science,Geography",False,False,False,
251-300,TU Wien,0,302,34.1,261,32,240,54.6,361,86.5,67,77.3,133,master_account,0,/world-university-rankings/tu-wien,810,Austria,"26,419",52.0,27%,27 : 73,TU Wien,"General Engineering,Geology, Environmental, Earth & Marine Sciences,Physics & Astronomy,Computer Science,Mathematics & Statistics,Architecture,Chemistry,Chemical Engineering,Civil Engineering,Electrical & Electronic Engineering",False,False,False,
251-300,Virginia Polytechnic Institute and State University,0,303,34.9,240,38.2,178,54.2,365,43.3,299,29.5,600,public,11,/world-university-rankings/virginia-polytechnic-institute-and-state-university,737,United States,"30,850",18.6,10%,42 : 58,Virginia Polytechnic Institute and State University virginia tech virginia,"Languages, Literature & Linguistics,Agriculture & Forestry,General Engineering,Mathematics & Statistics,Other Health,Psychology,Accounting & Finance,Architecture,Chemical Engineering,Biological Sciences,Sociology,Sport Science,Mechanical & Aerospace Engineering,History, Philosophy & Theology,Physics & Astronomy,Art, Performing Arts & Design,Medicine & Dentistry,Veterinary Science,Business & Management,Electrical & Electronic Engineering,Civil Engineering,Geography,Archaeology,Education,Communication & Media Studies,Chemistry,Geology, Environmental, Earth & Marine Sciences,Politics & International Studies (incl Development Studies),Economics & Econometrics,Computer Science",False,False,False,
251-300,University of Wollongong,0,304,25.8,441,28.4,290,59.3,335,57.9,178,86.8,71,master_account,0,/world-university-rankings/university-wollongong,740,Australia,"16,489",25.4,24%,50 : 50,University of Wollongong UOW University of Wollongong Australia,"Business & Management,Accounting & Finance,Art, Performing Arts & Design,Archaeology,Sociology,Electrical & Electronic Engineering,History, Philosophy & Theology,Politics & International Studies (incl Development Studies),Civil Engineering,Sport Science,Psychology,Medicine & Dentistry,Law,Communication & Media Studies,Mathematics & Statistics,Geography,Chemistry,Architecture,Languages, Literature & Linguistics,Geology, Environmental, Earth & Marine Sciences,General Engineering,Computer Science,Mechanical & Aerospace Engineering,Agriculture & Forestry,Education,Biological Sciences,Other Health,Physics & Astronomy,Economics & Econometrics",False,False,False,
251-300,Zhejiang University,0,305,44.3,126,46,126,36.1,524,96.2,42,19.6,712,master_account,0,/world-university-rankings/zhejiang-university,815,China,"47,508",15.9,4%,41 : 59,Zhejiang University ZJU Zhejiang University China research,"Chemical Engineering,Business & Management,Other Health,Biological Sciences,Politics & International Studies (incl Development Studies),Languages, Literature & Linguistics,Law,Architecture,Geography,Communication & Media Studies,Economics & Econometrics,Physics & Astronomy,Geology, Environmental, Earth & Marine Sciences,Computer Science,Agriculture & Forestry,History, Philosophy & Theology,Civil Engineering,Psychology,Sport Science,Electrical & Electronic Engineering,Mathematics & Statistics,Chemistry,Education,Sociology,General Engineering,Art, Performing Arts & Design,Mechanical & Aerospace Engineering,Veterinary Science,Medicine & Dentistry,Accounting & Finance,Archaeology",False,False,False,
301-350,Aberystwyth University,0,306,21.6,574,18.9,469,67.2,259,31.3,593,72.2,162,master_account,0,/world-university-rankings/aberystwyth-university,741,United Kingdom,"9,250",19.1,18%,48 : 52,Aberystwyth University,"Other Health,Agriculture & Forestry,Geology, Environmental, Earth & Marine Sciences,Electrical & Electronic Engineering,Languages, Literature & Linguistics,Psychology,Mathematics & Statistics,Sport Science,Economics & Econometrics,Education,Sociology,Veterinary Science,Law,Business & Management,Politics & International Studies (incl Development Studies),Biological Sciences,History, Philosophy & Theology,Computer Science,Communication & Media Studies,Physics & Astronomy,Accounting & Finance,Art, Performing Arts & Design,Geography",False,False,False,https://www.timeshighereducation.com/student/register-interest/siuk?utm_medium=thewebsite&utm_campaign=cta-link&utm_source=rankings&iid=i-97330263
301-350,University of Alaska Fairbanks,0,307,25.1,463,23.1,376,63,308,51.2,222,53.5,304,public,0,/world-university-rankings/university-alaska-fairbanks,963,United States,"3,837",8.2,7%,53 : 47,University of Alaska Fairbanks,"Geography,Business & Management,Accounting & Finance,Art, Performing Arts & Design,Biological Sciences,Agriculture & Forestry,Education,General Engineering,Physics & Astronomy,Geology, Environmental, Earth & Marine Sciences,Communication & Media Studies,Psychology,Mechanical & Aerospace Engineering,Architecture,Chemistry,Computer Science,Civil Engineering,Mathematics & Statistics,Languages, Literature & Linguistics,Electrical & Electronic Engineering,Politics & International Studies (incl Development Studies),Economics & Econometrics,Sociology,History, Philosophy & Theology",False,False,False,https://www.timeshighereducation.com/student/register-interest/shorelight?utm_medium=thewebsite&utm_campaign=cta-link&utm_source=rankings&iid=i-42306882
301-350,Autonomous University of Madrid,0,308,35.6,225,30.9,252,46.9,426,33,530,48.6,361,master_account,0,/world-university-rankings/autonomous-university-madrid,743,Spain,"28,296",13.0,15%,56 : 44,Autonomous University of Madrid,"Psychology,Medicine & Dentistry,Chemical Engineering,Geology, Environmental, Earth & Marine Sciences,Art, Performing Arts & Design,Physics & Astronomy,Business & Management,Geography,Electrical & Electronic Engineering,Law,Sport Science,Computer Science,Accounting & Finance,Languages, Literature & Linguistics,Economics & Econometrics,Communication & Media Studies,Chemistry,Other Health,History, Philosophy & Theology,Sociology,Mathematics & Statistics,General Engineering,Politics & International Studies (incl Development Studies),Archaeology,Biological Sciences,Education",False,False,False,
301-350,Bangor University,0,309,22.6,547,22.1,404,65.4,277,31,606,81.3,107,master_account,0,/world-university-rankings/bangor-university,715,United Kingdom,"9,565",19.5,22%,55 : 45,Bangor University,"Economics & Econometrics,Accounting & Finance,Geology, Environmental, Earth & Marine Sciences,Law,Art, Performing Arts & Design,Archaeology,Politics & International Studies (incl Development Studies),Education,Electrical & Electronic Engineering,Business & Management,Computer Science,Communication & Media Studies,Languages, Literature & Linguistics,History, Philosophy & Theology,Psychology,Biological Sciences,Geography,Sport Science,Sociology,Other Health,Agriculture & Forestry",False,False,False,https://www.timeshighereducation.com/student/register-interest/siuk?utm_medium=thewebsite&utm_campaign=cta-link&utm_source=rankings&iid=i-57489761
301-350,University of Bremen,0,310,30.9,318,32.7,233,50,402,46,265,50,344,master_account,0,/world-university-rankings/university-bremen,1023,Germany,"18,590",25.6,11%,50 : 50,University of Bremen,"Agriculture & Forestry,Geography,Art, Performing Arts & Design,Biological Sciences,Law,Computer Science,Chemistry,Accounting & Finance,Mechanical & Aerospace Engineering,Politics & International Studies (incl Development Studies),Languages, Literature & Linguistics,Sport Science,Education,History, Philosophy & Theology,Mathematics & Statistics,Psychology,General Engineering,Geology, Environmental, Earth & Marine Sciences,Economics & Econometrics,Chemical Engineering,Sociology,Other Health,Physics & Astronomy,Business & Management,Electrical & Electronic Engineering,Communication & Media Studies",False,False,False,
301-350,University of Cincinnati – Uptown,0,311,31.3,310,20.4,442,72.1,225,35.3,466,28.3,610,public,0,/world-university-rankings/university-cincinnati-uptown,672,United States,"36,108",15.7,6%,54 : 46,University of Cincinnati – Uptown,"Mathematics & Statistics,Architecture,Business & Management,Medicine & Dentistry,General Engineering,Law,Geography,Psychology,Art, Performing Arts & Design,History, Philosophy & Theology,Biological Sciences,Communication & Media Studies,Accounting & Finance,Mechanical & Aerospace Engineering,Civil Engineering,Sociology,Geology, Environmental, Earth & Marine Sciences,Chemical Engineering,Languages, Literature & Linguistics,Archaeology,Education,Agriculture & Forestry,Other Health,Economics & Econometrics,Electrical & Electronic Engineering,Chemistry,Politics & International Studies (incl Development Studies),Physics & Astronomy,Computer Science",False,False,False,https://www.timeshighereducation.com/student/register-interest/shorelight?utm_medium=thewebsite&utm_campaign=cta-link&utm_source=rankings&iid=i-56367118
301-350,University of Connecticut,0,312,35.9,220,25.6,340,57,347,30.9,611,43.1,426,public,0,/world-university-rankings/university-connecticut,879,United States,"25,742",13.0,11%,51 : 49,University of Connecticut,"Physics & Astronomy,General Engineering,Other Health,Sport Science,Geography,Electrical & Electronic Engineering,Communication & Media Studies,Civil Engineering,Geology, Environmental, Earth & Marine Sciences,Accounting & Finance,Mechanical & Aerospace Engineering,Chemistry,Art, Performing Arts & Design,Agriculture & Forestry,Politics & International Studies (incl Development Studies),Languages, Literature & Linguistics,Chemical Engineering,Sociology,Medicine & Dentistry,Veterinary Science,Education,Computer Science,Mathematics & Statistics,Psychology,History, Philosophy & Theology,Biological Sciences,Law,Business & Management,Economics & Econometrics",False,False,False,https://www.timeshighereducation.com/student/register-interest/shorelight?utm_medium=thewebsite&utm_campaign=cta-link&utm_source=rankings&iid=i-04748462
301-350,Deakin University,0,313,22.4,555,21.9,409,66.8,265,30,646,76.9,135,master_account,0,/world-university-rankings/deakin-university,822,Australia,"32,713",30.4,17%,60 : 40,Deakin University,"Architecture,Agriculture & Forestry,Geography,Languages, Literature & Linguistics,Chemistry,Civil Engineering,Art, Performing Arts & Design,Geology, Environmental, Earth & Marine Sciences,Sport Science,Sociology,Other Health,Education,Computer Science,Psychology,Electrical & Electronic Engineering,Mechanical & Aerospace Engineering,Biological Sciences,Medicine & Dentistry,Politics & International Studies (incl Development Studies),Accounting & Finance,Mathematics & Statistics,Communication & Media Studies,History, Philosophy & Theology,Law,General Engineering,Business & Management,Economics & Econometrics",False,False,False,https://www.timeshighereducation.com/student/register-interest/aecc?utm_medium=thewebsite&utm_campaign=cta-link&utm_source=rankings&iid=i-92679623
301-350,University of Essex,0,314,33.9,265,33.3,221,38.6,507,28.9,688,93.7,21,master_account,0,/world-university-rankings/university-essex,674,United Kingdom,"12,695",19.8,39%,55 : 45,University of Essex,"Computer Science,Psychology,Art, Performing Arts & Design,Law,Electrical & Electronic Engineering,Business & Management,Communication & Media Studies,Languages, Literature & Linguistics,Mathematics & Statistics,History, Philosophy & Theology,Economics & Econometrics,Biological Sciences,Accounting & Finance,Sport Science,Other Health,Sociology,General Engineering,Politics & International Studies (incl Development Studies)",False,False,False,https://www.timeshighereducation.com/student/register-interest/siuk?utm_medium=thewebsite&utm_campaign=cta-link&utm_source=rankings&iid=i-74984323
301-350,George Mason University,0,315,29.6,346,21.2,424,64.9,285,29.1,679,36.9,494,public,0,/world-university-rankings/george-mason-university,778,United States,"26,622",17.0,7%,54 : 46,George Mason University,"Mathematics & Statistics,Psychology,Geography,Sport Science,Computer Science,Mechanical & Aerospace Engineering,Physics & Astronomy,Law,History, Philosophy & Theology,Other Health,Veterinary Science,Accounting & Finance,Agriculture & Forestry,Art, Performing Arts & Design,Communication & Media Studies,Electrical & Electronic Engineering,Architecture,Civil Engineering,Economics & Econometrics,Languages, Literature & Linguistics,Medicine & Dentistry,Chemistry,Education,Biological Sciences,Sociology,Chemical Engineering,Geology, Environmental, Earth & Marine Sciences,General Engineering,Business & Management,Politics & International Studies (incl Development Studies),Archaeology",False,False,False,https://www.timeshighereducation.com/student/into-university-partnerships?utm_medium=thewebsite&utm_campaign=cta-link&utm_source=rankings&iid=i-27260358
301-350,University of Greifswald,0,316,30.1,335,23.5,367,61.3,320,32.6,541,41.7,436,master_account,0,/world-university-rankings/university-greifswald,131277,Germany,"10,931",24.0,6%,55 : 45,University of Greifswald,"Computer Science,Education,Languages, Literature & Linguistics,Communication & Media Studies,Other Health,Law,Biological Sciences,Psychology,Mathematics & Statistics,Business & Management,Medicine & Dentistry,Geography,Chemistry,Economics & Econometrics,History, Philosophy & Theology,Politics & International Studies (incl Development Studies),Physics & Astronomy,Accounting & Finance,Art, Performing Arts & Design,Geology, Environmental, Earth & Marine Sciences",False,False,False,
301-350,Gwangju Institute of Science and Technology (GIST),0,317,35.2,231,42,152,43.7,459,45.2,275,36.2,506,master_account,0,/world-university-rankings/gwangju-institute-science-and-technology-gist,1034,South Korea,"1,394",9.6,8%,25 : 75,Gwangju Institute of Science and Technology (GIST),"General Engineering,Electrical & Electronic Engineering,Geology, Environmental, Earth & Marine Sciences,Computer Science,Chemical Engineering,Mechanical & Aerospace Engineering,Chemistry,Physics & Astronomy,Civil Engineering,Biological Sciences",False,False,False,
301-350,University of Hohenheim,0,318,30.9,320,33.8,219,51.5,393,52.8,207,50.3,340,master_account,0,/world-university-rankings/university-hohenheim,131525,Germany,"9,163",41.2,13%,56 : 44,University of Hohenheim,"Economics & Econometrics,Accounting & Finance,Biological Sciences,Geology, Environmental, Earth & Marine Sciences,Other Health,Communication & Media Studies,Business & Management,Agriculture & Forestry",False,False,False,
301-350,University of Innsbruck,0,319,23.6,515,16.9,524,67.3,258,39.9,368,95.7,11,master_account,0,/world-university-rankings/university-innsbruck,677,Austria,"18,209",16.9,39%,54 : 46,University of Innsbruck,"Accounting & Finance,Civil Engineering,Law,Electrical & Electronic Engineering,Other Health,Business & Management,Chemistry,History, Philosophy & Theology,Psychology,Physics & Astronomy,Chemical Engineering,Geology, Environmental, Earth & Marine Sciences,Archaeology,Education,Politics & International Studies (incl Development Studies),Architecture,Biological Sciences,Economics & Econometrics,Sociology,Languages, Literature & Linguistics,Sport Science,Mathematics & Statistics,Communication & Media Studies,General Engineering,Computer Science,Geography",False,False,False,
301-350,Kazan Federal University,0,320,21.9,564,12.3,645,87.5,84,42.4,319,25.5,644,master_account,0,/world-university-rankings/kazan-federal-university,131602,Russian Federation,"23,321",12.2,6%,69 : 31,Kazan Federal University,"Business & Management,Politics & International Studies (incl Development Studies),Agriculture & Forestry,Electrical & Electronic Engineering,Psychology,Geology, Environmental, Earth & Marine Sciences,General Engineering,Chemistry,Chemical Engineering,Mathematics & Statistics,Accounting & Finance,History, Philosophy & Theology,Sociology,Physics & Astronomy,Education,Civil Engineering,Computer Science,Other Health,Medicine & Dentistry,Biological Sciences,Archaeology,Mechanical & Aerospace Engineering,Architecture,Economics & Econometrics,Communication & Media Studies,Languages, Literature & Linguistics,Geography,Art, Performing Arts & Design,Sport Science,Law",False,False,True,
301-350,University of Kent,0,321,24.6,484,19.1,466,60.9,323,28.8,696,87.2,66,master_account,0,/world-university-rankings/university-kent,832,United Kingdom,"17,640",14.5,27%,53 : 47,University of Kent,"Business & Management,General Engineering,Geology, Environmental, Earth & Marine Sciences,Politics & International Studies (incl Development Studies),Other Health,Communication & Media Studies,Accounting & Finance,Chemical Engineering,Electrical & Electronic Engineering,Sociology,Economics & Econometrics,Computer Science,Geography,Architecture,Agriculture & Forestry,Art, Performing Arts & Design,Psychology,Medicine & Dentistry,Physics & Astronomy,Mathematics & Statistics,Languages, Literature & Linguistics,History, Philosophy & Theology,Biological Sciences,Law,Education,Sport Science,Chemistry,Archaeology",False,False,False,
301-350,Leibniz University Hannover,0,322,36.5,216,36.9,190,39,503,69.6,124,43.2,425,master_account,0,/world-university-rankings/leibniz-university-hannover,826,Germany,"22,401",62.7,12%,41 : 59,Leibniz University Hannover,"Civil Engineering,Education,Physics & Astronomy,Mathematics & Statistics,Architecture,Chemistry,Electrical & Electronic Engineering,History, Philosophy & Theology,Sociology,Geography,Economics & Econometrics,Biological Sciences,Agriculture & Forestry,Sport Science,Computer Science,Politics & International Studies (incl Development Studies),Accounting & Finance,Geology, Environmental, Earth & Marine Sciences,Business & Management,Law,General Engineering,Languages, Literature & Linguistics",False,False,False,
301-350,Macquarie University,0,323,28.5,366,27.2,312,52.3,385,33.1,528,90,49,master_account,0,/world-university-rankings/macquarie-university,703,Australia,"27,930",20.0,44%,55 : 45,Macquarie University,"Agriculture & Forestry,Sport Science,Economics & Econometrics,Civil Engineering,Computer Science,Education,Law,Sociology,Geology, Environmental, Earth & Marine Sciences,Communication & Media Studies,General Engineering,Business & Management,Physics & Astronomy,Other Health,Mechanical & Aerospace Engineering,Accounting & Finance,History, Philosophy & Theology,Politics & International Studies (incl Development Studies),Languages, Literature & Linguistics,Art, Performing Arts & Design,Medicine & Dentistry,Mathematics & Statistics,Biological Sciences,Chemistry,Psychology,Architecture,Geography,Archaeology,Electrical & Electronic Engineering",False,False,False,
301-350,Medical College of Wisconsin,0,324,25.4,457,12.1,652,85.2,110,31.8,574,30.4,587,master_account,0,/world-university-rankings/medical-college-wisconsin,131472,United States,"1,211",0.6,5%,48 : 52,Medical College of Wisconsin,,False,False,False,https://www.timeshighereducation.com/student/register-interest/shorelight?utm_medium=thewebsite&utm_campaign=cta-link&utm_source=rankings&iid=i-36264151
301-350,University of Milan,0,325,30.5,329,24.2,356,64.8,286,40.9,348,37.7,486,master_account,0,/world-university-rankings/university-milan,704,Italy,"58,618",24.3,5%,60 : 40,University of Milan,"Medicine & Dentistry,Psychology,Agriculture & Forestry,Physics & Astronomy,Art, Performing Arts & Design,Geography,Computer Science,Archaeology,Chemical Engineering,Politics & International Studies (incl Development Studies),Veterinary Science,Biological Sciences,Sociology,Accounting & Finance,History, Philosophy & Theology,Other Health,Mathematics & Statistics,Chemistry,Economics & Econometrics,Geology, Environmental, Earth & Marine Sciences,Business & Management,Communication & Media Studies,Law,Sport Science,Languages, Literature & Linguistics",False,False,False,
301-350,University of Milan-Bicocca,0,326,24.3,492,25.5,342,65.8,273,46.6,262,34.3,531,master_account,0,/world-university-rankings/university-milan-bicocca,705,Italy,"33,370",72.5,5%,60 : 40,University of Milan-Bicocca,"Computer Science,Psychology,Accounting & Finance,Physics & Astronomy,Economics & Econometrics,History, Philosophy & Theology,Biological Sciences,Languages, Literature & Linguistics,Politics & International Studies (incl Development Studies),Chemistry,Business & Management,Education,Other Health,Sociology,Geology, Environmental, Earth & Marine Sciences,Communication & Media Studies,Mathematics & Statistics,Law,Medicine & Dentistry",False,False,False,
301-350,Montpellier University,0,327,38.7,184,16.7,529,59.5,332,31.9,570,54.4,290,master_account,0,/world-university-rankings/montpellier-university,755,France,"36,731",18.4,14%,51 : 49,Montpellier University,"Geology, Environmental, Earth & Marine Sciences,Agriculture & Forestry,Accounting & Finance,Biological Sciences,Law,Other Health,Mechanical & Aerospace Engineering,Veterinary Science,General Engineering,Business & Management,Economics & Econometrics,Computer Science,Electrical & Electronic Engineering,Civil Engineering,Chemical Engineering,Physics & Astronomy,Medicine & Dentistry,Mathematics & Statistics,Politics & International Studies (incl Development Studies),Chemistry,Education,Sport Science",False,False,False,
301-350,Nagoya University,0,328,40.8,155,38.9,175,40.1,494,91.4,53,27.4,622,master_account,0,/world-university-rankings/nagoya-university,679,Japan,"15,529",7.9,10%,29 : 71,Nagoya University,"Other Health,Mathematics & Statistics,Education,Electrical & Electronic Engineering,Physics & Astronomy,Business & Management,Computer Science,Agriculture & Forestry,Sociology,History, Philosophy & Theology,Geology, Environmental, Earth & Marine Sciences,Economics & Econometrics,Archaeology,Civil Engineering,Communication & Media Studies,Biological Sciences,Geography,Medicine & Dentistry,Chemical Engineering,Politics & International Studies (incl Development Studies),Architecture,Mechanical & Aerospace Engineering,Psychology,Sport Science,Law,Languages, Literature & Linguistics,General Engineering,Chemistry,Accounting & Finance",False,False,False,
301-350,University of Naples Federico II,0,329,24.7,480,14.8,581,81.3,152,47.4,254,21.1,688,master_account,0,/world-university-rankings/university-naples-federico-ii,131807,Italy,"83,653",64.2,1%,,University of Naples Federico II,"Chemical Engineering,Geology, Environmental, Earth & Marine Sciences,Languages, Literature & Linguistics,Architecture,Veterinary Science,Art, Performing Arts & Design,Psychology,Agriculture & Forestry,Electrical & Electronic Engineering,History, Philosophy & Theology,General Engineering,Communication & Media Studies,Mechanical & Aerospace Engineering,Biological Sciences,Computer Science,Medicine & Dentistry,Archaeology,Sociology,Physics & Astronomy,Business & Management,Chemistry,Economics & Econometrics,Mathematics & Statistics,Law,Other Health,Politics & International Studies (incl Development Studies),Accounting & Finance,Civil Engineering",False,False,False,
301-350,National Chiao Tung University,0,330,32.9,275,45.4,131,34.2,538,96.9,41,32,559,master_account,0,/world-university-rankings/national-chiao-tung-university,707,Taiwan,"12,646",16.6,5%,27 : 73,National Chiao Tung University,"Mechanical & Aerospace Engineering,Architecture,Physics & Astronomy,Languages, Literature & Linguistics,Biological Sciences,Education,Law,Chemistry,Civil Engineering,Art, Performing Arts & Design,Mathematics & Statistics,General Engineering,Computer Science,Business & Management,Electrical & Electronic Engineering,Accounting & Finance,Communication & Media Studies,Geology, Environmental, Earth & Marine Sciences,Chemical Engineering",False,False,False,
301-350,National Taiwan University of Science and Technology (Taiwan Tech),0,331,31.7,300,43.1,146,39.1,502,92.2,52,30.5,584,master_account,0,/world-university-rankings/national-taiwan-university-science-and-technology-taiwan-tech,793,Taiwan,"7,446",17.4,11%,34 : 66,National Taiwan University of Science and Technology (Taiwan Tech),"Accounting & Finance,Electrical & Electronic Engineering,Mechanical & Aerospace Engineering,Art, Performing Arts & Design,Civil Engineering,Languages, Literature & Linguistics,Chemical Engineering,Computer Science,General Engineering,Education,Architecture,Business & Management",False,False,False,
301-350,University of Navarra,0,332,31.9,297,20.8,432,57.5,346,63.5,147,52.6,321,master_account,0,/world-university-rankings/university-navarra,967,Spain,"11,259",10.6,16%,52 : 48,University of Navarra,"Architecture,Geography,Communication & Media Studies,Other Health,Law,Politics & International Studies (incl Development Studies),Electrical & Electronic Engineering,Psychology,Medicine & Dentistry,History, Philosophy & Theology,Accounting & Finance,Biological Sciences,Economics & Econometrics,Geology, Environmental, Earth & Marine Sciences,Languages, Literature & Linguistics,Business & Management,Education,Art, Performing Arts & Design,Computer Science,Chemistry,Agriculture & Forestry",False,False,False,
301-350,University of Nebraska-Lincoln,0,333,30.1,336,30.2,262,53.5,371,35.6,460,45.8,400,public,0,/world-university-rankings/university-nebraska-lincoln,962,United States,"21,789",16.4,9%,46 : 54,University of Nebraska-Lincoln,"Psychology,Archaeology,Communication & Media Studies,Mathematics & Statistics,Business & Management,Languages, Literature & Linguistics,Biological Sciences,Civil Engineering,Mechanical & Aerospace Engineering,Geology, Environmental, Earth & Marine Sciences,Geography,Economics & Econometrics,Electrical & Electronic Engineering,Politics & International Studies (incl Development Studies),Computer Science,General Engineering,Other Health,Veterinary Science,Chemistry,Law,Architecture,Agriculture & Forestry,Sociology,Art, Performing Arts & Design,History, Philosophy & Theology,Medicine & Dentistry,Chemical Engineering,Sport Science,Physics & Astronomy,Education,Accounting & Finance",False,False,False,
301-350,Örebro University,0,334,18.3,705,10.4,720,87.8,80,29.8,651,39.4,464,master_account,0,/world-university-rankings/orebro-university,131461,Sweden,"8,788",15.8,2%,61 : 39,Örebro University,"Other Health,Accounting & Finance,Law,Communication & Media Studies,Education,Civil Engineering,Mechanical & Aerospace Engineering,Mathematics & Statistics,Electrical & Electronic Engineering,Chemistry,Politics & International Studies (incl Development Studies),General Engineering,Medicine & Dentistry,Psychology,Computer Science,Biological Sciences,History, Philosophy & Theology,Sociology,Economics & Econometrics,Business & Management,Geology, Environmental, Earth & Marine Sciences,Art, Performing Arts & Design,Languages, Literature & Linguistics,Sport Science",False,False,False,
301-350,University of Oregon,0,335,21.2,594,22.7,386,72.6,220,30.8,616,33.5,542,public,0,/world-university-rankings/university-oregon,880,United States,"24,418",20.2,11%,52 : 48,University of Oregon,"Architecture,Geography,Archaeology,Law,Economics & Econometrics,Art, Performing Arts & Design,Physics & Astronomy,Business & Management,Mathematics & Statistics,Psychology,Accounting & Finance,Computer Science,Communication & Media Studies,Biological Sciences,Sociology,History, Philosophy & Theology,Geology, Environmental, Earth & Marine Sciences,Languages, Literature & Linguistics,Chemistry,Sport Science,Education,Chemical Engineering,Politics & International Studies (incl Development Studies)",False,False,False,https://www.timeshighereducation.com/student/register-interest/shorelight?utm_medium=thewebsite&utm_campaign=cta-link&utm_source=rankings&iid=i-76164771
301-350,University of Padua,0,336,25.7,444,22.6,390,74.6,203,32.6,542,37.9,484,master_account,0,/world-university-rankings/university-padua,708,Italy,"62,577",18.3,4%,56 : 44,University of Padua,"Art, Performing Arts & Design,Electrical & Electronic Engineering,Chemistry,Business & Management,Languages, Literature & Linguistics,Civil Engineering,Geology, Environmental, Earth & Marine Sciences,Accounting & Finance,History, Philosophy & Theology,Mechanical & Aerospace Engineering,Communication & Media Studies,Agriculture & Forestry,Politics & International Studies (incl Development Studies),Economics & Econometrics,Architecture,Chemical Engineering,Sociology,Other Health,Sport Science,Education,Archaeology,Biological Sciences,Law,Computer Science,Mathematics & Statistics,Psychology,Medicine & Dentistry,Veterinary Science,Geography,General Engineering,Physics & Astronomy",False,False,False,
301-350,University of Pavia,0,337,25,468,22.5,393,65.1,282,69.4,125,40.5,450,master_account,0,/world-university-rankings/university-pavia,892,Italy,"22,958",40.6,6%,56 : 44,University of Pavia,"Medicine & Dentistry,Computer Science,Politics & International Studies (incl Development Studies),Chemistry,Archaeology,Economics & Econometrics,Communication & Media Studies,Sport Science,Mathematics & Statistics,Psychology,Languages, Literature & Linguistics,Physics & Astronomy,Art, Performing Arts & Design,Civil Engineering,Biological Sciences,General Engineering,History, Philosophy & Theology,Other Health,Law,Geology, Environmental, Earth & Marine Sciences,Accounting & Finance,Business & Management,Electrical & Electronic Engineering,Mechanical & Aerospace Engineering,Agriculture & Forestry",False,False,False,
301-350,University of Plymouth,0,338,19.3,656,18,496,75.2,196,28.5,722,64,213,master_account,0,/world-university-rankings/university-plymouth,796,United Kingdom,"24,120",25.9,13%,52 : 48,University of Plymouth,"Computer Science,Education,Art, Performing Arts & Design,Civil Engineering,Geography,Medicine & Dentistry,Politics & International Studies (incl Development Studies),Electrical & Electronic Engineering,Psychology,History, Philosophy & Theology,Chemistry,Business & Management,Mathematics & Statistics,Communication & Media Studies,Economics & Econometrics,Other Health,Sociology,Languages, Literature & Linguistics,Mechanical & Aerospace Engineering,Law,Architecture,Geology, Environmental, Earth & Marine Sciences,Accounting & Finance,Biological Sciences",False,False,False,https://www.timeshighereducation.com/student/register-interest/siuk?utm_medium=thewebsite&utm_campaign=cta-link&utm_source=rankings&iid=i-23101933
301-350,Shanghai Jiao Tong University,0,339,37.8,197,45.2,133,34,540,92.9,47,27.5,621,master_account,0,/world-university-rankings/shanghai-jiao-tong-university,801,China,"38,191",12.8,6%,37 : 63,Shanghai Jiao Tong University SJTU,"Geology, Environmental, Earth & Marine Sciences,General Engineering,Politics & International Studies (incl Development Studies),Sociology,Medicine & Dentistry,Biological Sciences,Communication & Media Studies,Chemical Engineering,Veterinary Science,Business & Management,Architecture,Psychology,Law,Mechanical & Aerospace Engineering,Art, Performing Arts & Design,Education,Agriculture & Forestry,Languages, Literature & Linguistics,Sport Science,Economics & Econometrics,Accounting & Finance,Mathematics & Statistics,Electrical & Electronic Engineering,Civil Engineering,Computer Science,Other Health,Physics & Astronomy,History, Philosophy & Theology,Chemistry",False,False,False,
301-350,University of Southern Denmark,0,340,19.2,665,14.7,590,79.7,161,28,760,71.8,163,master_account,0,/world-university-rankings/university-southern-denmark,731,Denmark,"22,210",12.7,16%,52 : 48,University of Southern Denmark,"Civil Engineering,Law,History, Philosophy & Theology,Mechanical & Aerospace Engineering,Politics & International Studies (incl Development Studies),Computer Science,Geology, Environmental, Earth & Marine Sciences,Economics & Econometrics,Chemical Engineering,Business & Management,Other Health,Electrical & Electronic Engineering,Communication & Media Studies,Medicine & Dentistry,General Engineering,Chemistry,Physics & Astronomy,Accounting & Finance,Art, Performing Arts & Design,Biological Sciences,Psychology,Sport Science,Sociology,Languages, Literature & Linguistics,Mathematics & Statistics,Education",False,False,False,
301-350,Stellenbosch University,0,341,28.2,377,35,212,46.9,429,100,15,49.8,345,master_account,0,/world-university-rankings/stellenbosch-university,732,South Africa,"21,849",23.0,8%,53 : 47,Stellenbosch University SU South Africa,"Geology, Environmental, Earth & Marine Sciences,Accounting & Finance,Languages, Literature & Linguistics,Civil Engineering,Chemistry,Other Health,Mathematics & Statistics,Education,History, Philosophy & Theology,Chemical Engineering,Communication & Media Studies,Economics & Econometrics,Archaeology,Biological Sciences,General Engineering,Computer Science,Physics & Astronomy,Psychology,Art, Performing Arts & Design,Mechanical & Aerospace Engineering,Law,Medicine & Dentistry,Sport Science,Geography,Architecture,Agriculture & Forestry,Politics & International Studies (incl Development Studies),Electrical & Electronic Engineering,Sociology,Business & Management",False,False,False,
301-350,University of Strasbourg,0,342,25.5,454,23.4,370,64.4,294,32.8,536,71.6,164,master_account,0,/world-university-rankings/university-strasbourg,684,France,"46,208",17.8,21%,58 : 42,University of Strasbourg,"Education,Biological Sciences,Business & Management,Psychology,Sport Science,Computer Science,Other Health,Politics & International Studies (incl Development Studies),Civil Engineering,Mechanical & Aerospace Engineering,Accounting & Finance,Chemistry,Geology, Environmental, Earth & Marine Sciences,Sociology,Languages, Literature & Linguistics,Art, Performing Arts & Design,Electrical & Electronic Engineering,Geography,History, Philosophy & Theology,Archaeology,Physics & Astronomy,General Engineering,Mathematics & Statistics,Medicine & Dentistry,Law,Chemical Engineering,Economics & Econometrics,Communication & Media Studies",False,False,False,
301-350,TU Dortmund University,0,343,34.2,254,29.8,269,55.3,360,48.6,242,40.8,446,master_account,0,/world-university-rankings/tu-dortmund-university,131317,Germany,"29,143",88.9,10%,47 : 53,TU Dortmund University,"Computer Science,Mechanical & Aerospace Engineering,Economics & Econometrics,Art, Performing Arts & Design,Chemical Engineering,Sociology,Chemistry,Mathematics & Statistics,Psychology,Communication & Media Studies,Languages, Literature & Linguistics,Civil Engineering,History, Philosophy & Theology,Sport Science,Education,Architecture,Electrical & Electronic Engineering,Accounting & Finance,General Engineering,Politics & International Studies (incl Development Studies),Physics & Astronomy,Business & Management",False,False,False,
301-350,Toulouse 1 Capitole University,0,344,18.6,686,35.7,202,56.3,354,32.5,545,66.7,192,master_account,0,/world-university-rankings/toulouse-1-capitole-university,131593,France,"19,011",43.8,19%,59 : 41,Toulouse 1 Capitole University,,False,False,False,
301-350,University of Trieste,0,345,26.5,413,18.5,481,74.1,206,32.3,557,47.3,377,master_account,0,/world-university-rankings/university-trieste,713,Italy,"18,135",25.8,9%,56 : 44,University of Trieste,"Computer Science,Psychology,Biological Sciences,Accounting & Finance,Medicine & Dentistry,Communication & Media Studies,Geology, Environmental, Earth & Marine Sciences,Physics & Astronomy,General Engineering,Politics & International Studies (incl Development Studies),Chemistry,Business & Management,Civil Engineering,Archaeology,Economics & Econometrics,Geography,Other Health,Mechanical & Aerospace Engineering,Architecture,Languages, Literature & Linguistics,Mathematics & Statistics,Sociology,Chemical Engineering,Electrical & Electronic Engineering,History, Philosophy & Theology,Law,Education",False,False,False,
301-350,University of Turin,0,346,27.4,393,22.3,399,67.5,257,54.2,200,38.8,474,master_account,0,/world-university-rankings/university-turin,884,Italy,"67,552",66.0,6%,62 : 38,University of Turin,"Sport Science,Art, Performing Arts & Design,Geology, Environmental, Earth & Marine Sciences,Psychology,Sociology,Business & Management,Accounting & Finance,Chemistry,Politics & International Studies (incl Development Studies),History, Philosophy & Theology,Veterinary Science,Communication & Media Studies,Other Health,Agriculture & Forestry,Computer Science,Law,Mathematics & Statistics,Languages, Literature & Linguistics,Medicine & Dentistry,Education,Biological Sciences,Physics & Astronomy,Geography,Economics & Econometrics,Archaeology",False,False,False,
301-350,University of Turku,0,347,27.1,400,21.2,426,65.8,274,31.2,598,66.2,198,master_account,6,/world-university-rankings/university-turku,861,Finland,"12,326",14.6,5%,61 : 39,University of Turku,"Civil Engineering,Business & Management,Geography,Other Health,Mathematics & Statistics,Medicine & Dentistry,Geology, Environmental, Earth & Marine Sciences,Accounting & Finance,General Engineering,History, Philosophy & Theology,Communication & Media Studies,Sociology,Mechanical & Aerospace Engineering,Computer Science,Languages, Literature & Linguistics,Law,Biological Sciences,Archaeology,Economics & Econometrics,Psychology,Physics & Astronomy,Chemical Engineering,Chemistry,Education,Politics & International Studies (incl Development Studies)",False,False,False,
301-350,Vrije Universiteit Brussel,0,348,28.7,361,24.5,355,56.8,349,77.1,97,64.5,207,master_account,0,/world-university-rankings/vrije-universiteit-brussel,811,Belgium,"9,020",17.1,16%,55 : 45,Vrije Universiteit Brussel,"Architecture,Politics & International Studies (incl Development Studies),Business & Management,Computer Science,History, Philosophy & Theology,Chemistry,Electrical & Electronic Engineering,Education,Other Health,Chemical Engineering,Economics & Econometrics,Physics & Astronomy,Mathematics & Statistics,Geography,Biological Sciences,Sport Science,Sociology,General Engineering,Languages, Literature & Linguistics,Civil Engineering,Communication & Media Studies,Medicine & Dentistry,Mechanical & Aerospace Engineering,Law,Geology, Environmental, Earth & Marine Sciences,Psychology",False,False,False,
301-350,VSB – Technical University of Ostrava,0,349,18.8,677,15.7,557,85.5,105,32.1,563,22.3,673,master_account,11,/world-university-rankings/vsb-technical-university-ostrava,131319,Czechia,"14,991",23.9,5%,49 : 51,VSB – Technical University of Ostrava,"Electrical & Electronic Engineering,Geology, Environmental, Earth & Marine Sciences,General Engineering,Chemistry,Chemical Engineering,Accounting & Finance,Civil Engineering,Computer Science,Physics & Astronomy,Architecture,Mathematics & Statistics,Mechanical & Aerospace Engineering,Business & Management,Economics & Econometrics",False,False,False,
301-350,Yonsei University,0,350,37.2,207,34.1,216,39.4,499,75.9,100,41.5,442,master_account,0,/world-university-rankings/yonsei-university,714,South Korea,"24,774",11.6,14%,,Yonsei University,"Architecture,Biological Sciences,Business & Management,Chemical Engineering,Chemistry,Civil Engineering,Computer Science,Economics & Econometrics,Education,Electrical & Electronic Engineering,General Engineering,History, Philosophy & Theology,Languages, Literature & Linguistics,Law,Mathematics & Statistics,Mechanical & Aerospace Engineering,Medicine & Dentistry,Other Health,Physics & Astronomy,Sociology",False,False,False,
301-350,York University,0,351,30.2,334,30.8,255,49.1,413,33.2,526,58.2,263,master_account,11,/world-university-rankings/york-university,765,Canada,"48,007",39.4,9%,59 : 41,York University,"Sociology,Electrical & Electronic Engineering,Accounting & Finance,Civil Engineering,Sport Science,Mathematics & Statistics,Physics & Astronomy,General Engineering,Business & Management,Mechanical & Aerospace Engineering,Economics & Econometrics,Chemistry,Languages, Literature & Linguistics,Other Health,Geography,Geology, Environmental, Earth & Marine Sciences,History, Philosophy & Theology,Computer Science,Politics & International Studies (incl Development Studies),Biological Sciences,Art, Performing Arts & Design,Agriculture & Forestry,Psychology,Law,Communication & Media Studies,Education",False,False,False,
351-400,SUNY Binghamton University,0,352,22.7,542,17.4,512,62,313,34,499,53.6,302,public,0,/world-university-rankings/suny-binghamton-university,771,United States,"15,799",23.3,13%,48 : 52,SUNY Binghamton University,"Geography,Economics & Econometrics,Geology, Environmental, Earth & Marine Sciences,Chemical Engineering,Accounting & Finance,Physics & Astronomy,Languages, Literature & Linguistics,Mechanical & Aerospace Engineering,Archaeology,Chemistry,Biological Sciences,Sociology,History, Philosophy & Theology,Mathematics & Statistics,Psychology,Electrical & Electronic Engineering,Art, Performing Arts & Design,Communication & Media Studies,Business & Management,Other Health,Education,General Engineering,Politics & International Studies (incl Development Studies),Computer Science",False,False,False,https://www.timeshighereducation.com/student/register-interest/shorelight?utm_medium=thewebsite&utm_campaign=cta-link&utm_source=rankings&iid=i-91581071
351-400,University of Crete,0,353,18.6,683,19.2,464,73.6,209,34.5,486,47,380,master_account,0,/world-university-rankings/university-crete,744,Greece,"14,650",26.9,5%,63 : 37,University of Crete,"History, Philosophy & Theology,Sociology,Computer Science,Psychology,Languages, Literature & Linguistics,Education,Medicine & Dentistry,Economics & Econometrics,Mathematics & Statistics,Geology, Environmental, Earth & Marine Sciences,General Engineering,Chemistry,Archaeology,Business & Management,Biological Sciences,Politics & International Studies (incl Development Studies),Other Health,Physics & Astronomy",False,False,False,
351-400,University of Cyprus,0,354,18,720,28.5,286,56.7,351,30,645,74.7,150,master_account,11,/world-university-rankings/university-cyprus,131501,Cyprus,"6,880",22.9,8%,69 : 31,University of Cyprus,"Archaeology,Education,Computer Science,Politics & International Studies (incl Development Studies),General Engineering,Communication & Media Studies,Biological Sciences,Sociology,Medicine & Dentistry,Mathematics & Statistics,Business & Management,History, Philosophy & Theology,Law,Accounting & Finance,Civil Engineering,Electrical & Electronic Engineering,Chemistry,Mechanical & Aerospace Engineering,Languages, Literature & Linguistics,Geology, Environmental, Earth & Marine Sciences,Psychology,Economics & Econometrics,Architecture,Physics & Astronomy",False,False,False,
351-400,Drexel University,0,355,31.2,311,14.6,591,57.7,345,36.3,441,46.3,391,private,0,/world-university-rankings/drexel-university,699,United States,"20,713",10.8,17%,48 : 52,Drexel University,"Communication & Media Studies,Languages, Literature & Linguistics,Mechanical & Aerospace Engineering,History, Philosophy & Theology,Biological Sciences,Education,Sociology,Politics & International Studies (incl Development Studies),Economics & Econometrics,Business & Management,Chemical Engineering,Civil Engineering,Mathematics & Statistics,Agriculture & Forestry,Architecture,Accounting & Finance,General Engineering,Psychology,Veterinary Science,Physics & Astronomy,Other Health,Computer Science,Geology, Environmental, Earth & Marine Sciences,Sport Science,Chemistry,Law,Electrical & Electronic Engineering,Art, Performing Arts & Design,Medicine & Dentistry",False,False,False,https://www.timeshighereducation.com/student/register-interest/shorelight?utm_medium=thewebsite&utm_campaign=cta-link&utm_source=rankings&iid=i-39843311
351-400,University of Eastern Finland,0,356,24.8,475,20.7,435,65.1,281,33.3,520,46.1,395,master_account,0,/world-university-rankings/university-eastern-finland,776,Finland,"10,798",17.3,6%,64 : 36,University of Eastern Finland,"Geography,Politics & International Studies (incl Development Studies),Physics & Astronomy,Computer Science,Medicine & Dentistry,Education,Languages, Literature & Linguistics,Mathematics & Statistics,Economics & Econometrics,General Engineering,Agriculture & Forestry,Chemistry,Biological Sciences,Geology, Environmental, Earth & Marine Sciences,Other Health,History, Philosophy & Theology,Business & Management,Law,Psychology,Accounting & Finance,Sociology",False,False,False,
351-400,University of Florence,0,357,21.7,571,20.4,443,72.1,226,35.9,452,38.5,477,master_account,0,/world-university-rankings/university-florence,964,Italy,"54,290",17.2,7%,59 : 41,University of Florence,"Physics & Astronomy,Other Health,Agriculture & Forestry,Geography,Computer Science,Mechanical & Aerospace Engineering,Archaeology,Civil Engineering,Communication & Media Studies,Languages, Literature & Linguistics,Electrical & Electronic Engineering,General Engineering,Business & Management,Education,Mathematics & Statistics,Sociology,Sport Science,Art, Performing Arts & Design,Politics & International Studies (incl Development Studies),Psychology,Architecture,Medicine & Dentistry,Veterinary Science,Accounting & Finance,Chemistry,Economics & Econometrics,Biological Sciences,History, Philosophy & Theology,Geology, Environmental, Earth & Marine Sciences,Law",False,False,False,
351-400,University of St Gallen,0,358,25.8,440,11.2,687,53.5,372,41.8,333,97.6,8,master_account,0,/world-university-rankings/university-st-gallen,131326,Switzerland,"6,848",10.8,34%,32 : 68,University of St Gallen,"Economics & Econometrics,Law,Politics & International Studies (incl Development Studies),Computer Science,Accounting & Finance,Business & Management",False,False,False,
351-400,Graz University of Technology,0,359,26,430,15.8,551,52.9,381,77.2,96,69.3,183,master_account,0,/world-university-rankings/graz-university-technology,131362,Austria,"7,542",12.5,16%,22 : 78,Graz University of Technology,"Mechanical & Aerospace Engineering,Biological Sciences,Electrical & Electronic Engineering,Geology, Environmental, Earth & Marine Sciences,Education,Civil Engineering,General Engineering,Business & Management,Chemical Engineering,Computer Science,Chemistry,Mathematics & Statistics,Physics & Astronomy",False,False,False,
351-400,University of Guelph,0,360,28,378,34.2,215,44.4,454,47.4,253,53.6,303,master_account,0,/world-university-rankings/university-guelph,746,Canada,"21,643",28.3,4%,60 : 40,University of Guelph,"Other Health,Veterinary Science,Business & Management,Electrical & Electronic Engineering,Chemistry,Languages, Literature & Linguistics,Agriculture & Forestry,Sociology,Mechanical & Aerospace Engineering,Geology, Environmental, Earth & Marine Sciences,Chemical Engineering,Communication & Media Studies,General Engineering,Geography,History, Philosophy & Theology,Biological Sciences,Architecture,Mathematics & Statistics,Accounting & Finance,Computer Science,Physics & Astronomy,Economics & Econometrics,Art, Performing Arts & Design,Civil Engineering,Politics & International Studies (incl Development Studies),Sport Science,Psychology",False,False,False,https://www.timeshighereducation.com/student/register-interest/applyboard?utm_medium=thewebsite&utm_campaign=cta-link&utm_source=rankings&iid=i-02302013
351-400,Hanyang University,0,361,33.9,266,32.6,235,31.1,565,87.9,63,54.3,292,master_account,6,/world-university-rankings/hanyang-university,936,South Korea,"16,729",10.4,19%,,Hanyang University,"Architecture,History, Philosophy & Theology,Civil Engineering,Languages, Literature & Linguistics,Sociology,Chemical Engineering,Education,Economics & Econometrics,Physics & Astronomy,Sport Science,Law,Electrical & Electronic Engineering,Other Health,Geology, Environmental, Earth & Marine Sciences,Business & Management,Mechanical & Aerospace Engineering,Chemistry,Art, Performing Arts & Design,Computer Science,Politics & International Studies (incl Development Studies),Medicine & Dentistry,Mathematics & Statistics,Archaeology,General Engineering,Communication & Media Studies,Biological Sciences,Accounting & Finance",False,False,False,
351-400,Hong Kong Baptist University,0,362,22.6,550,12.1,650,67.9,252,28.8,694,75,149,master_account,0,/world-university-rankings/hong-kong-baptist-university,748,Hong Kong,"10,441",11.0,25%,61 : 39,Hong Kong Baptist University hkbu,"Medicine & Dentistry,Business & Management,Computer Science,Sociology,Art, Performing Arts & Design,Biological Sciences,Geography,History, Philosophy & Theology,Languages, Literature & Linguistics,Chemistry,Accounting & Finance,Communication & Media Studies,Education,Politics & International Studies (incl Development Studies),Mathematics & Statistics,Economics & Econometrics,Agriculture & Forestry,Sport Science,Physics & Astronomy,Other Health,Geology, Environmental, Earth & Marine Sciences",False,False,False,
351-400,University of Houston,0,363,34.9,237,26.5,329,52,390,42.3,321,33.9,533,public,0,/world-university-rankings/university-houston,780,United States,"40,325",43.7,9%,50 : 50,University of Houston,"Mechanical & Aerospace Engineering,Politics & International Studies (incl Development Studies),Electrical & Electronic Engineering,Communication & Media Studies,Art, Performing Arts & Design,Civil Engineering,Sociology,Medicine & Dentistry,Mathematics & Statistics,Psychology,Computer Science,Chemistry,Accounting & Finance,Architecture,Sport Science,Education,General Engineering,Geology, Environmental, Earth & Marine Sciences,Economics & Econometrics,Languages, Literature & Linguistics,Chemical Engineering,Geography,History, Philosophy & Theology,Biological Sciences,Law,Other Health,Physics & Astronomy,Business & Management",False,False,False,https://www.timeshighereducation.com/student/register-interest/shorelight?utm_medium=thewebsite&utm_campaign=cta-link&utm_source=rankings&iid=i-22783831
351-400,Indian Institute of Technology Bombay,0,364,37.8,196,28.6,285,48.5,416,42.3,322,17.7,732,master_account,0,/world-university-rankings/indian-institute-technology-bombay,782,India,"8,327",14.9,1%,16 : 84,Indian Institute of Technology Bombay,"Mechanical & Aerospace Engineering,Education,Electrical & Electronic Engineering,Geography,Civil Engineering,General Engineering,Politics & International Studies (incl Development Studies),Chemistry,Computer Science,Communication & Media Studies,Chemical Engineering,Business & Management,Art, Performing Arts & Design,Geology, Environmental, Earth & Marine Sciences,Physics & Astronomy,Mathematics & Statistics,Economics & Econometrics",False,False,False,
351-400,Instituto Superior Técnico Lisboa,0,365,22.2,558,25,346,59.8,330,38.8,384,43.7,421,master_account,0,/world-university-rankings/instituto-superior-tecnico-lisboa,131664,Portugal,"11,778",16.9,9%,27 : 73,Instituto Superior Técnico Lisboa,,False,False,False,
351-400,University of Jyväskylä,0,366,28.2,375,25.5,341,55.5,358,34.2,494,47.1,378,master_account,0,/world-university-rankings/university-jyvaskyla,900,Finland,"9,703",15.2,5%,62 : 38,University of Jyväskylä,"Politics & International Studies (incl Development Studies),Sociology,Languages, Literature & Linguistics,Sport Science,Computer Science,Economics & Econometrics,Communication & Media Studies,Education,Biological Sciences,Business & Management,Art, Performing Arts & Design,Other Health,Accounting & Finance,Mathematics & Statistics,Physics & Astronomy,Chemistry,History, Philosophy & Theology,Psychology",False,False,False,
351-400,La Trobe University,0,367,27,401,28.5,287,45.4,444,43.7,294,78,127,master_account,0,/world-university-rankings/la-trobe-university,835,Australia,"22,037",29.0,27%,63 : 37,La Trobe University,"Archaeology,Chemistry,Economics & Econometrics,History, Philosophy & Theology,Mathematics & Statistics,Accounting & Finance,Mechanical & Aerospace Engineering,Education,Law,Computer Science,Sport Science,Other Health,Geology, Environmental, Earth & Marine Sciences,Art, Performing Arts & Design,Medicine & Dentistry,Civil Engineering,Communication & Media Studies,General Engineering,Biological Sciences,Sociology,Electrical & Electronic Engineering,Politics & International Studies (incl Development Studies),Physics & Astronomy,Business & Management,Languages, Literature & Linguistics,Agriculture & Forestry,Veterinary Science,Psychology",False,False,False,https://www.timeshighereducation.com/student/register-interest/aecc?utm_medium=thewebsite&utm_campaign=cta-link&utm_source=rankings&iid=i-05999552
351-400,Loughborough University,0,368,31.2,313,32.2,238,41.3,484,36.6,434,72.9,159,master_account,0,/world-university-rankings/loughborough-university,837,United Kingdom,"13,950",15.9,22%,38 : 62,Loughborough University,"Accounting & Finance,Geology, Environmental, Earth & Marine Sciences,Mathematics & Statistics,Law,Education,Architecture,Politics & International Studies (incl Development Studies),Electrical & Electronic Engineering,Geography,History, Philosophy & Theology,General Engineering,Sport Science,Business & Management,Economics & Econometrics,Chemical Engineering,Civil Engineering,Computer Science,Physics & Astronomy,Chemistry,Other Health,Art, Performing Arts & Design,Mechanical & Aerospace Engineering,Communication & Media Studies,Biological Sciences,Sociology,Languages, Literature & Linguistics,Psychology",False,False,False,https://www.timeshighereducation.com/student/register-interest/siuk?utm_medium=thewebsite&utm_campaign=cta-link&utm_source=rankings&iid=i-89667825
351-400,University of Manitoba,0,369,27.1,399,26.9,318,49.7,406,41.8,332,57.8,269,master_account,0,/world-university-rankings/university-manitoba,790,Canada,"28,576",27.8,11%,55 : 45,University of Manitoba,"Computer Science,Archaeology,Mathematics & Statistics,Law,Agriculture & Forestry,Medicine & Dentistry,Business & Management,History, Philosophy & Theology,Sport Science,Geology, Environmental, Earth & Marine Sciences,Chemical Engineering,Electrical & Electronic Engineering,Education,Accounting & Finance,Art, Performing Arts & Design,Economics & Econometrics,Architecture,Physics & Astronomy,Other Health,Chemistry,Politics & International Studies (incl Development Studies),Civil Engineering,Biological Sciences,Geography,General Engineering,Mechanical & Aerospace Engineering,Psychology,Languages, Literature & Linguistics,Sociology",False,False,False,https://www.timeshighereducation.com/student/register-interest/applyboard?utm_medium=thewebsite&utm_campaign=cta-link&utm_source=rankings&iid=i-35304783
351-400,Mizzou – University of Missouri,0,370,31.2,314,21,428,60.2,327,31.1,601,31,575,public,0,/world-university-rankings/mizzou-university-missouri,706,United States,"29,885",14.1,5%,53 : 47,Mizzou – University of Missouri,"Electrical & Electronic Engineering,Chemistry,Accounting & Finance,Computer Science,Mathematics & Statistics,Psychology,Art, Performing Arts & Design,Civil Engineering,Communication & Media Studies,Other Health,Sport Science,Education,Mechanical & Aerospace Engineering,Geology, Environmental, Earth & Marine Sciences,Economics & Econometrics,Medicine & Dentistry,Veterinary Science,Law,Languages, Literature & Linguistics,Chemical Engineering,Politics & International Studies (incl Development Studies),Archaeology,Biological Sciences,Geography,General Engineering,Physics & Astronomy,Business & Management,History, Philosophy & Theology,Agriculture & Forestry,Sociology",False,False,False,https://www.timeshighereducation.com/student/register-interest/shorelight?utm_medium=thewebsite&utm_campaign=cta-link&utm_source=rankings&iid=i-11279063
351-400,University of Modena and Reggio Emilia,0,371,18.7,680,15.6,559,72.9,216,32.3,555,34.2,532,master_account,0,/world-university-rankings/university-modena-and-reggio-emilia,792,Italy,"19,693",25.3,6%,54 : 46,University of Modena and Reggio Emilia,"Accounting & Finance,Computer Science,Agriculture & Forestry,Medicine & Dentistry,Business & Management,Chemical Engineering,Languages, Literature & Linguistics,Electrical & Electronic Engineering,Mathematics & Statistics,Biological Sciences,Chemistry,Physics & Astronomy,History, Philosophy & Theology,Law,Economics & Econometrics,General Engineering,Sociology,Sport Science,Other Health,Communication & Media Studies,Civil Engineering,Psychology,Geology, Environmental, Earth & Marine Sciences,Education,Geography,Mechanical & Aerospace Engineering",False,False,False,
351-400,University of Montana,0,372,30.8,323,13.6,619,65.5,276,31,607,21.5,681,public,0,/world-university-rankings/university-montana,882,United States,"12,470",15.2,3%,54 : 46,University of Montana,"Medicine & Dentistry,Law,Sport Science,Geography,Computer Science,Psychology,History, Philosophy & Theology,Chemistry,Business & Management,Communication & Media Studies,Other Health,Geology, Environmental, Earth & Marine Sciences,Economics & Econometrics,Biological Sciences,Sociology,Agriculture & Forestry,Education,Languages, Literature & Linguistics,Physics & Astronomy,Accounting & Finance,Art, Performing Arts & Design,Mathematics & Statistics,Politics & International Studies (incl Development Studies)",False,False,False,https://www.timeshighereducation.com/student/register-interest/shorelight?utm_medium=thewebsite&utm_campaign=cta-link&utm_source=rankings&iid=i-73004561
351-400,Maynooth University,0,373,24.6,485,22.8,382,50.2,401,36.6,435,75.6,146,master_account,0,/world-university-rankings/maynooth-university,843,Ireland,"7,653",28.0,11%,55 : 45,Maynooth University,"Law,Electrical & Electronic Engineering,Languages, Literature & Linguistics,Mathematics & Statistics,Psychology,Biological Sciences,History, Philosophy & Theology,Communication & Media Studies,Education,General Engineering,Economics & Econometrics,Geology, Environmental, Earth & Marine Sciences,Accounting & Finance,Chemistry,Business & Management,Geography,Computer Science,Sociology,Physics & Astronomy,Politics & International Studies (incl Development Studies)",False,False,False,
351-400,University of Nebraska Medical Center,0,374,37,210,13.3,625,64.4,293,33.6,512,37.7,487,master_account,0,/world-university-rankings/university-nebraska-medical-center,1029,United States,"2,857",2.6,8%,67 : 33,University of Nebraska Medical Center,"Biological Sciences,Other Health,Politics & International Studies (incl Development Studies),Psychology,Medicine & Dentistry,Education,Business & Management",False,False,False,https://www.timeshighereducation.com/student/register-interest/shorelight?utm_medium=thewebsite&utm_campaign=cta-link&utm_source=rankings&iid=i-57877133
351-400,University of New Mexico (Main campus),0,375,25.6,447,15.4,564,74.5,204,37,422,28.6,606,public,0,/world-university-rankings/university-new-mexico-main-campus,1025,United States,"23,618",6.5,4%,67 : 33,University of New Mexico (Main campus),"Architecture,Sport Science,Education,Biological Sciences,Civil Engineering,Art, Performing Arts & Design,Chemical Engineering,Politics & International Studies (incl Development Studies),Other Health,Business & Management,Languages, Literature & Linguistics,Economics & Econometrics,Medicine & Dentistry,Physics & Astronomy,Psychology,Mathematics & Statistics,Geology, Environmental, Earth & Marine Sciences,Computer Science,Law,Chemistry,Sociology,Geography,History, Philosophy & Theology,General Engineering,Mechanical & Aerospace Engineering,Communication & Media Studies,Electrical & Electronic Engineering,Accounting & Finance",False,False,False,https://www.timeshighereducation.com/student/register-interest/shorelight?utm_medium=thewebsite&utm_campaign=cta-link&utm_source=rankings&iid=i-46245787
351-400,Norwegian University of Science and Technology,0,376,16.3,765,25.8,334,59.8,331,51.8,219,59.9,248,master_account,0,/world-university-rankings/norwegian-university-science-and-technology,729,Norway,"17,381",13.9,9%,46 : 54,Norwegian University of Science and Technology,"History, Philosophy & Theology,Chemical Engineering,Art, Performing Arts & Design,Other Health,Physics & Astronomy,Archaeology,Sport Science,Economics & Econometrics,Computer Science,Chemistry,Medicine & Dentistry,Mathematics & Statistics,Architecture,Biological Sciences,Accounting & Finance,Mechanical & Aerospace Engineering,Politics & International Studies (incl Development Studies),Education,General Engineering,Geology, Environmental, Earth & Marine Sciences,Languages, Literature & Linguistics,Electrical & Electronic Engineering,Communication & Media Studies,Geography,Civil Engineering,Sociology,Psychology,Business & Management",False,False,False,
351-400,University of Oulu,0,377,23.1,532,15.9,549,62.3,310,30.9,613,56.9,272,master_account,0,/world-university-rankings/university-oulu,131756,Finland,"14,056",8.5,6%,49 : 51,University of Oulu,"Education,Geology, Environmental, Earth & Marine Sciences,Business & Management,Biological Sciences,Chemical Engineering,Civil Engineering,Languages, Literature & Linguistics,General Engineering,Mathematics & Statistics,Mechanical & Aerospace Engineering,Communication & Media Studies,History, Philosophy & Theology,Accounting & Finance,Computer Science,Economics & Econometrics,Medicine & Dentistry,Physics & Astronomy,Psychology,Chemistry,Architecture,Other Health,Geography,Electrical & Electronic Engineering,Archaeology",False,False,False,
351-400,Panthéon-Sorbonne University – Paris 1,0,378,53.2,70,47.6,112,6.8,788,28.3,733,47.6,374,master_account,0,/world-university-rankings/pantheon-sorbonne-university-paris-1,928,France,"42,215",34.3,20%,59 : 41,Panthéon-Sorbonne University – Paris 1,"Communication & Media Studies,Sociology,Mathematics & Statistics,Business & Management,Art, Performing Arts & Design,History, Philosophy & Theology,Archaeology,Law,Politics & International Studies (incl Development Studies),Languages, Literature & Linguistics,Accounting & Finance,Geography,Economics & Econometrics",False,False,False,
351-400,Polytechnic University of Turin,0,379,23.7,512,18.6,479,65.9,272,42.5,316,50.6,336,master_account,0,/world-university-rankings/polytechnic-university-turin,850,Italy,"27,709",19.6,16%,29 : 71,Polytechnic University of Turin,"Computer Science,Geology, Environmental, Earth & Marine Sciences,Civil Engineering,Architecture,Chemistry,Chemical Engineering,Art, Performing Arts & Design,Physics & Astronomy,Mechanical & Aerospace Engineering,Business & Management,General Engineering,Electrical & Electronic Engineering,Mathematics & Statistics,Biological Sciences",False,False,False,
351-400,University of Rome III,0,380,23.1,533,21,430,64.8,287,37.5,413,35.9,510,master_account,0,/world-university-rankings/university-rome-iii,1016,Italy,"36,353",61.2,5%,59 : 41,University of Rome III,"Languages, Literature & Linguistics,Geology, Environmental, Earth & Marine Sciences,Economics & Econometrics,Mechanical & Aerospace Engineering,Business & Management,Electrical & Electronic Engineering,Mathematics & Statistics,Accounting & Finance,History, Philosophy & Theology,Sociology,Art, Performing Arts & Design,Biological Sciences,Civil Engineering,Education,Architecture,Physics & Astronomy,Computer Science,Politics & International Studies (incl Development Studies),Archaeology,Communication & Media Studies,Agriculture & Forestry,Law",False,False,False,
351-400,Bilkent University,0,381,23.5,518,18.6,478,64.1,296,36.4,439,47.5,375,master_account,0,/world-university-rankings/bilkent-university,668,Turkey,"9,370",13.6,3%,46 : 54,Bilkent University,"Electrical & Electronic Engineering,Chemistry,Architecture,Communication & Media Studies,Economics & Econometrics,Languages, Literature & Linguistics,Physics & Astronomy,Art, Performing Arts & Design,Mathematics & Statistics,Business & Management,History, Philosophy & Theology,Psychology,Biological Sciences,Education,Archaeology,Politics & International Studies (incl Development Studies),Mechanical & Aerospace Engineering,Accounting & Finance,Computer Science,Law,Other Health",False,False,False,
351-400,Sabancı University,0,382,22.3,557,32.3,237,52.8,384,70,123,42.7,432,master_account,0,/world-university-rankings/sabanci-university,1021,Turkey,"2,739",15.9,6%,39 : 61,Sabancı University,"Chemistry,Economics & Econometrics,Biological Sciences,History, Philosophy & Theology,Electrical & Electronic Engineering,Physics & Astronomy,Accounting & Finance,Mathematics & Statistics,Mechanical & Aerospace Engineering,Art, Performing Arts & Design,Sociology,Psychology,Business & Management,General Engineering,Computer Science,Politics & International Studies (incl Development Studies)",False,False,False,
351-400,San Diego State University,0,383,20.3,621,27,316,62.7,309,29.3,671,25.9,637,public,0,/world-university-rankings/san-diego-state-university,969,United States,"27,420",31.7,5%,57 : 43,San Diego State University,"Languages, Literature & Linguistics,Chemistry,Other Health,Geography,Psychology,History, Philosophy & Theology,Physics & Astronomy,Electrical & Electronic Engineering,Politics & International Studies (incl Development Studies),Economics & Econometrics,Art, Performing Arts & Design,Mathematics & Statistics,Geology, Environmental, Earth & Marine Sciences,Business & Management,Mechanical & Aerospace Engineering,Education,Sport Science,Biological Sciences,Computer Science,Communication & Media Studies,Accounting & Finance,Civil Engineering,General Engineering,Sociology",False,False,False,https://www.timeshighereducation.com/student/register-interest/shorelight?utm_medium=thewebsite&utm_campaign=cta-link&utm_source=rankings&iid=i-78657722
351-400,University of South Australia,0,384,26.4,415,26.7,323,41.2,486,85.9,68,89,57,master_account,0,/world-university-rankings/university-south-australia,855,Australia,"18,971",26.2,32%,59 : 41,University of South Australia,"History, Philosophy & Theology,Biological Sciences,Accounting & Finance,Electrical & Electronic Engineering,Sociology,Computer Science,Business & Management,Languages, Literature & Linguistics,Sport Science,General Engineering,Civil Engineering,Law,Medicine & Dentistry,Mathematics & Statistics,Economics & Econometrics,Art, Performing Arts & Design,Architecture,Mechanical & Aerospace Engineering,Education,Communication & Media Studies,Geology, Environmental, Earth & Marine Sciences,Other Health,Psychology",False,False,False,https://www.timeshighereducation.com/student/register-interest/aecc?utm_medium=thewebsite&utm_campaign=cta-link&utm_source=rankings&iid=i-71919185
351-400,University of South Carolina-Columbia,0,385,31.1,317,21.5,419,58.7,340,30.3,639,24.5,655,public,0,/world-university-rankings/university-south-carolina-columbia,683,United States,"29,336",16.3,1%,55 : 45,University of South Carolina-Columbia,"General Engineering,Chemistry,Geography,Medicine & Dentistry,Business & Management,Education,Physics & Astronomy,Biological Sciences,Accounting & Finance,Chemical Engineering,Electrical & Electronic Engineering,Sport Science,Law,Languages, Literature & Linguistics,Communication & Media Studies,Mechanical & Aerospace Engineering,Sociology,Computer Science,Other Health,Geology, Environmental, Earth & Marine Sciences,Psychology,History, Philosophy & Theology,Economics & Econometrics,Civil Engineering,Art, Performing Arts & Design,Politics & International Studies (incl Development Studies),Mathematics & Statistics",False,False,False,https://www.timeshighereducation.com/student/register-interest/shorelight?utm_medium=thewebsite&utm_campaign=cta-link&utm_source=rankings&iid=i-43280749
351-400,University of South Dakota,0,386,29.3,353,12.1,655,70.4,235,28,759,17.1,744,public,0,/world-university-rankings/university-south-dakota,131409,United States,"8,003",17.1,2%,61 : 39,University of South Dakota,"Medicine & Dentistry,Psychology,Biological Sciences,Sociology,Languages, Literature & Linguistics,Chemistry,Other Health,Politics & International Studies (incl Development Studies),History, Philosophy & Theology,Education,Accounting & Finance,Mathematics & Statistics,Business & Management,Computer Science,Physics & Astronomy,Economics & Econometrics,Art, Performing Arts & Design,Geology, Environmental, Earth & Marine Sciences,Sport Science,Law,Communication & Media Studies",False,False,False,https://www.timeshighereducation.com/student/register-interest/shorelight?utm_medium=thewebsite&utm_campaign=cta-link&utm_source=rankings&iid=i-24622404
351-400,University of Campinas,0,387,44.6,125,42.3,150,22.6,641,49.4,237,21.1,689,master_account,0,/world-university-rankings/university-campinas,759,Brazil,"27,095",15.3,3%,48 : 52,University of Campinas,"Business & Management,Agriculture & Forestry,Computer Science,Chemistry,Sociology,Electrical & Electronic Engineering,Geography,History, Philosophy & Theology,Education,Communication & Media Studies,Politics & International Studies (incl Development Studies),Physics & Astronomy,General Engineering,Biological Sciences,Geology, Environmental, Earth & Marine Sciences,Economics & Econometrics,Other Health,Architecture,Mechanical & Aerospace Engineering,Accounting & Finance,Mathematics & Statistics,Sport Science,Medicine & Dentistry,Civil Engineering,Chemical Engineering,Art, Performing Arts & Design,Languages, Literature & Linguistics",False,False,False,
351-400,University of Stirling,0,388,22.6,552,23.5,368,59.1,336,30.4,631,77.7,129,master_account,0,/world-university-rankings/university-stirling,804,United Kingdom,"7,830",15.8,22%,61 : 39,University of Stirling,"General Engineering,History, Philosophy & Theology,Communication & Media Studies,Other Health,Business & Management,Politics & International Studies (incl Development Studies),Sociology,Accounting & Finance,Economics & Econometrics,Computer Science,Law,Education,Mathematics & Statistics,Sport Science,Psychology,Geology, Environmental, Earth & Marine Sciences,Languages, Literature & Linguistics,Biological Sciences",False,False,False,
351-400,Sun Yat-sen University,0,389,31.9,298,24.6,352,45.7,439,79.4,91,37,493,master_account,0,/world-university-rankings/sun-yat-sen-university,760,China,"51,351",16.6,8%,51 : 49,Sun Yat-sen University,"Computer Science,Sport Science,Mechanical & Aerospace Engineering,History, Philosophy & Theology,Sociology,Chemistry,Electrical & Electronic Engineering,Medicine & Dentistry,Art, Performing Arts & Design,Veterinary Science,Accounting & Finance,Education,Biological Sciences,Geology, Environmental, Earth & Marine Sciences,General Engineering,Agriculture & Forestry,Architecture,Psychology,Economics & Econometrics,Physics & Astronomy,Business & Management,Languages, Literature & Linguistics,Law,Communication & Media Studies,Archaeology,Other Health,Chemical Engineering,Mathematics & Statistics,Geography,Politics & International Studies (incl Development Studies),Civil Engineering",False,False,False,
351-400,Swansea University,0,390,22.2,559,23.8,362,58.2,344,32.7,540,72.4,161,master_account,0,/world-university-rankings/swansea-university,857,United Kingdom,"12,800",17.2,20%,49 : 51,Swansea University,"Medicine & Dentistry,Physics & Astronomy,Sociology,Accounting & Finance,Geography,Law,Chemical Engineering,Biological Sciences,Other Health,Mechanical & Aerospace Engineering,Languages, Literature & Linguistics,Archaeology,Electrical & Electronic Engineering,Communication & Media Studies,Psychology,General Engineering,Mathematics & Statistics,Sport Science,Education,History, Philosophy & Theology,Geology, Environmental, Earth & Marine Sciences,Economics & Econometrics,Computer Science,Civil Engineering,Politics & International Studies (incl Development Studies),Chemistry,Business & Management",False,False,False,https://www.timeshighereducation.com/student/register-interest/siuk?utm_medium=thewebsite&utm_campaign=cta-link&utm_source=rankings&iid=i-33335862
351-400,Swinburne University of Technology,0,391,21.5,581,20.2,446,53.4,373,32.2,561,84.8,83,master_account,11,/world-university-rankings/swinburne-university-technology,858,Australia,"20,314",36.5,32%,44 : 56,Swinburne University of Technology Swinburne University of Technology Swinburne SUT,"Civil Engineering,Medicine & Dentistry,Computer Science,General Engineering,Languages, Literature & Linguistics,Agriculture & Forestry,Art, Performing Arts & Design,Chemical Engineering,Economics & Econometrics,Business & Management,Communication & Media Studies,Other Health,Mathematics & Statistics,Sport Science,Chemistry,Accounting & Finance,History, Philosophy & Theology,Mechanical & Aerospace Engineering,Architecture,Education,Politics & International Studies (incl Development Studies),Electrical & Electronic Engineering,Psychology,Sociology,Law,Physics & Astronomy,Biological Sciences",False,False,False,https://www.timeshighereducation.com/student/register-interest/aecc?utm_medium=thewebsite&utm_campaign=cta-link&utm_source=rankings&iid=i-90741515
351-400,University of Tartu,0,392,23.8,510,22.8,383,64.2,295,31.5,588,46.1,396,master_account,6,/world-university-rankings/university-tartu,859,Estonia,"10,269",13.0,3%,66 : 34,University of Tartu,"Archaeology,Geography,Languages, Literature & Linguistics,Agriculture & Forestry,Communication & Media Studies,History, Philosophy & Theology,Politics & International Studies (incl Development Studies),Sport Science,Education,Medicine & Dentistry,Mathematics & Statistics,Psychology,Computer Science,Chemistry,Accounting & Finance,Biological Sciences,Sociology,Veterinary Science,Law,Other Health,Physics & Astronomy,Business & Management,Art, Performing Arts & Design,Electrical & Electronic Engineering,Geology, Environmental, Earth & Marine Sciences,Economics & Econometrics",False,False,False,
351-400,Temple University,0,393,34,263,18.2,491,58.3,341,41.6,338,28.6,607,public,0,/world-university-rankings/temple-university,907,United States,"33,268",13.3,5%,51 : 49,Temple University,"Biological Sciences,Art, Performing Arts & Design,History, Philosophy & Theology,Geography,Law,Other Health,Agriculture & Forestry,Geology, Environmental, Earth & Marine Sciences,Economics & Econometrics,Mechanical & Aerospace Engineering,Communication & Media Studies,Civil Engineering,Business & Management,General Engineering,Sport Science,Languages, Literature & Linguistics,Medicine & Dentistry,Sociology,Architecture,Mathematics & Statistics,Education,Psychology,Chemistry,Politics & International Studies (incl Development Studies),Physics & Astronomy,Electrical & Electronic Engineering,Computer Science,Accounting & Finance",False,False,False,https://www.timeshighereducation.com/student/register-interest/shorelight?utm_medium=thewebsite&utm_campaign=cta-link&utm_source=rankings&iid=i-39481752
351-400,The University of Texas at San Antonio,0,394,18.1,718,16.6,532,74.9,201,28.6,711,29.6,597,public,0,/world-university-rankings/university-texas-san-antonio,761,United States,"27,520",26.9,6%,48 : 52,The University of Texas at San Antonio,"Mathematics & Statistics,History, Philosophy & Theology,Accounting & Finance,Psychology,Other Health,Economics & Econometrics,Geography,Architecture,Chemistry,Physics & Astronomy,Business & Management,Biological Sciences,General Engineering,Languages, Literature & Linguistics,Civil Engineering,Medicine & Dentistry,Computer Science,Electrical & Electronic Engineering,Agriculture & Forestry,Sport Science,Politics & International Studies (incl Development Studies),Geology, Environmental, Earth & Marine Sciences,Art, Performing Arts & Design,Mechanical & Aerospace Engineering,Sociology,Education,Communication & Media Studies,Chemical Engineering,Law",False,False,False,https://www.timeshighereducation.com/student/register-interest/shorelight?utm_medium=thewebsite&utm_campaign=cta-link&utm_source=rankings&iid=i-33715825
351-400,UiT The Arctic University of Norway,0,395,26.5,414,18.7,477,58.8,339,36.8,428,66.1,199,master_account,0,/world-university-rankings/uit-arctic-university-norway,764,Norway,"10,398",12.2,10%,60 : 40,UiT The Arctic University of Norway,"Electrical & Electronic Engineering,Mathematics & Statistics,Economics & Econometrics,Languages, Literature & Linguistics,Psychology,Law,Mechanical & Aerospace Engineering,Chemistry,Sociology,Medicine & Dentistry,Accounting & Finance,Chemical Engineering,Politics & International Studies (incl Development Studies),Business & Management,Sport Science,Veterinary Science,Education,Physics & Astronomy,Civil Engineering,Archaeology,Art, Performing Arts & Design,Other Health,General Engineering,Biological Sciences,Agriculture & Forestry,Geography,Architecture,Geology, Environmental, Earth & Marine Sciences,Computer Science,History, Philosophy & Theology,Communication & Media Studies",False,False,False,
351-400,Université Libre de Bruxelles,0,396,26.1,427,28.3,291,47.9,420,39.1,380,84.5,85,master_account,0,/world-university-rankings/universite-libre-de-bruxelles,669,Belgium,"23,819",26.1,32%,54 : 46,Université Libre de Bruxelles,"Architecture,Psychology,Art, Performing Arts & Design,Computer Science,Geography,Veterinary Science,Civil Engineering,Sociology,Mathematics & Statistics,Chemistry,Accounting & Finance,General Engineering,Other Health,Geology, Environmental, Earth & Marine Sciences,Agriculture & Forestry,Sport Science,Business & Management,Languages, Literature & Linguistics,Physics & Astronomy,Education,Electrical & Electronic Engineering,Chemical Engineering,Politics & International Studies (incl Development Studies),History, Philosophy & Theology,Economics & Econometrics,Law,Archaeology,Mechanical & Aerospace Engineering,Medicine & Dentistry,Communication & Media Studies,Biological Sciences",False,False,False,
351-400,Lille 2 University – Health and Law,0,397,15.1,787,9.5,746,81.7,145,31.5,586,39.4,463,master_account,0,/world-university-rankings/lille-2-university-health-law,131295,France,"26,894",38.5,8%,58 : 42,Lille 2 University – Health and Law,,False,False,False,
351-400,University College Cork,0,398,28.6,363,23.8,363,48.4,417,47.1,257,75.5,148,master_account,0,/world-university-rankings/university-college-cork,775,Ireland,"15,805",22.3,15%,55 : 45,University College Cork ucc,"History, Philosophy & Theology,Archaeology,Chemistry,Chemical Engineering,Languages, Literature & Linguistics,Computer Science,Medicine & Dentistry,Biological Sciences,Accounting & Finance,Politics & International Studies (incl Development Studies),Geography,Psychology,Geology, Environmental, Earth & Marine Sciences,Mathematics & Statistics,Electrical & Electronic Engineering,Education,Other Health,Mechanical & Aerospace Engineering,Sport Science,Civil Engineering,Art, Performing Arts & Design,Sociology,Business & Management,Physics & Astronomy,General Engineering,Law,Economics & Econometrics,Architecture,Agriculture & Forestry",False,False,False,
351-400,Verona University,0,399,23.6,516,13.1,632,76.1,189,36.6,436,38.3,481,master_account,0,/world-university-rankings/verona-university,131550,Italy,"25,250",19.7,7%,65 : 35,Verona University,"Business & Management,Languages, Literature & Linguistics,Biological Sciences,Accounting & Finance,Sport Science,Mathematics & Statistics,Art, Performing Arts & Design,Computer Science,Education,Other Health,Geography,Archaeology,General Engineering,History, Philosophy & Theology,Law,Psychology,Economics & Econometrics,Agriculture & Forestry,Medicine & Dentistry,Communication & Media Studies,Sociology",False,False,False,
351-400,Victoria University of Wellington,0,400,26,433,28.7,283,44.3,455,45.6,270,88.8,58,master_account,0,/world-university-rankings/victoria-university-wellington,736,New Zealand,"17,142",21.1,21%,55 : 45,Victoria University of Wellington,"History, Philosophy & Theology,Biological Sciences,Business & Management,Geology, Environmental, Earth & Marine Sciences,Psychology,Communication & Media Studies,Architecture,Mathematics & Statistics,Accounting & Finance,Other Health,Geography,Computer Science,Chemistry,Economics & Econometrics,Electrical & Electronic Engineering,Law,Art, Performing Arts & Design,Politics & International Studies (incl Development Studies),Languages, Literature & Linguistics,Sociology,Physics & Astronomy,Education",False,False,False,https://www.timeshighereducation.com/student/register-interest/aecc?utm_medium=thewebsite&utm_campaign=cta-link&utm_source=rankings&iid=i-06549291
351-400,Washington State University,0,401,29,356,28.2,293,49.6,408,57.1,188,39.6,460,public,0,/world-university-rankings/washington-state-university,814,United States,"24,550",18.3,7%,50 : 50,Washington State University,"Archaeology,Computer Science,Chemistry,Business & Management,Electrical & Electronic Engineering,Mathematics & Statistics,Accounting & Finance,Languages, Literature & Linguistics,Civil Engineering,Politics & International Studies (incl Development Studies),Economics & Econometrics,Other Health,Chemical Engineering,Communication & Media Studies,General Engineering,Physics & Astronomy,Mechanical & Aerospace Engineering,Art, Performing Arts & Design,Geology, Environmental, Earth & Marine Sciences,History, Philosophy & Theology,Agriculture & Forestry,Sociology,Architecture,Veterinary Science,Psychology,Medicine & Dentistry,Biological Sciences,Geography,Sport Science,Education",False,False,False,https://www.timeshighereducation.com/student/register-interest/shorelight?utm_medium=thewebsite&utm_campaign=cta-link&utm_source=rankings&iid=i-18966292
351-400,Wayne State University,0,402,31.9,299,14.2,604,65.3,279,41.7,337,29.6,598,public,0,/world-university-rankings/wayne-state-university,738,United States,"23,065",10.7,6%,57 : 43,Wayne State University,"Accounting & Finance,Electrical & Electronic Engineering,Physics & Astronomy,Business & Management,Other Health,Mathematics & Statistics,Architecture,Civil Engineering,Communication & Media Studies,Education,Law,Biological Sciences,Psychology,Computer Science,History, Philosophy & Theology,Chemistry,Economics & Econometrics,Medicine & Dentistry,Art, Performing Arts & Design,Agriculture & Forestry,Politics & International Studies (incl Development Studies),Sport Science,General Engineering,Languages, Literature & Linguistics,Sociology,Chemical Engineering,Mechanical & Aerospace Engineering,Geology, Environmental, Earth & Marine Sciences",False,False,False,https://www.timeshighereducation.com/student/register-interest/shorelight?utm_medium=thewebsite&utm_campaign=cta-link&utm_source=rankings&iid=i-27884402
401-500,American University,0,403,42.2,140,16.5,534,41.1,487,35.9,450,28.9,603,private,0,/world-university-rankings/american-university,131636,United States,"11,604",12.0,12%,60 : 40,American University,"Mathematics & Statistics,Biological Sciences,Politics & International Studies (incl Development Studies),Law,History, Philosophy & Theology,General Engineering,Computer Science,Languages, Literature & Linguistics,Economics & Econometrics,Physics & Astronomy,Communication & Media Studies,Sociology,Art, Performing Arts & Design,Sport Science,Education,Geology, Environmental, Earth & Marine Sciences,Accounting & Finance,Business & Management,Chemistry,Psychology,Medicine & Dentistry,Other Health",False,False,False,https://www.timeshighereducation.com/student/register-interest/shorelight?utm_medium=thewebsite&utm_campaign=cta-link&utm_source=rankings&iid=i-67379501
401-500,Aston University,0,404,18.4,692,20.4,441,51.9,391,34.6,480,92.5,33,master_account,0,/world-university-rankings/aston-university,816,United Kingdom,"8,835",17.8,31%,48 : 52,Aston University,"Economics & Econometrics,Biological Sciences,Languages, Literature & Linguistics,Mechanical & Aerospace Engineering,Computer Science,Politics & International Studies (incl Development Studies),Other Health,Law,Chemical Engineering,Mathematics & Statistics,Sociology,Civil Engineering,Chemistry,Psychology,Business & Management,Medicine & Dentistry,History, Philosophy & Theology,Accounting & Finance,Electrical & Electronic Engineering,General Engineering",False,False,False,https://www.timeshighereducation.com/student/register-interest/siuk?utm_medium=thewebsite&utm_campaign=cta-link&utm_source=rankings&iid=i-95141863
401-500,University of Aveiro,0,405,24.8,473,26.5,326,43.6,460,40.1,361,45.9,398,master_account,0,/world-university-rankings/university-aveiro,769,Portugal,"10,791",17.8,10%,51 : 49,University of Aveiro,"Economics & Econometrics,Psychology,Geology, Environmental, Earth & Marine Sciences,Biological Sciences,Accounting & Finance,Communication & Media Studies,Business & Management,Other Health,Education,Electrical & Electronic Engineering,Agriculture & Forestry,Politics & International Studies (incl Development Studies),Physics & Astronomy,Mechanical & Aerospace Engineering,Chemistry,General Engineering,Chemical Engineering,Civil Engineering,Mathematics & Statistics,Languages, Literature & Linguistics,Computer Science,Art, Performing Arts & Design,Sociology",False,False,False,
401-500,University of Bari Aldo Moro,0,406,28.7,360,21.6,415,48.8,415,45.4,273,31.7,563,master_account,0,/world-university-rankings/university-bari-aldo-moro,818,Italy,"51,560",65.1,2%,65 : 35,University of Bari Aldo Moro,"Computer Science,Politics & International Studies (incl Development Studies),History, Philosophy & Theology,Physics & Astronomy,Accounting & Finance,Sociology,Agriculture & Forestry,Biological Sciences,Education,Sport Science,Psychology,Veterinary Science,Law,Archaeology,Chemistry,Economics & Econometrics,Languages, Literature & Linguistics,Mathematics & Statistics,Business & Management,Medicine & Dentistry,Geology, Environmental, Earth & Marine Sciences,Other Health,Communication & Media Studies",False,False,False,
401-500,Bar-Ilan University,0,407,22.6,548,21.3,421,42.3,471,28.9,685,49.4,347,master_account,0,/world-university-rankings/bar-ilan-university,770,Israel,"17,503",16.0,5%,59 : 41,Bar-Ilan University,"Psychology,History, Philosophy & Theology,Electrical & Electronic Engineering,Languages, Literature & Linguistics,Agriculture & Forestry,Chemical Engineering,Architecture,Biological Sciences,Archaeology,Sociology,Geology, Environmental, Earth & Marine Sciences,Art, Performing Arts & Design,General Engineering,Sport Science,Business & Management,Accounting & Finance,Chemistry,Law,Computer Science,Other Health,Medicine & Dentistry,Mechanical & Aerospace Engineering,Physics & Astronomy,Communication & Media Studies,Education,Politics & International Studies (incl Development Studies),Economics & Econometrics,Veterinary Science,Mathematics & Statistics,Civil Engineering,Geography",False,False,False,
401-500,Makerere University,0,408,15.9,773,11.8,664,70.7,233,33.1,529,58,265,master_account,0,/world-university-rankings/makerere-university,131749,Uganda,"37,340",29.4,9%,50 : 50,Makerere University,"Chemistry,Communication & Media Studies,Civil Engineering,Business & Management,Computer Science,History, Philosophy & Theology,Languages, Literature & Linguistics,Veterinary Science,Biological Sciences,Sport Science,Geology, Environmental, Earth & Marine Sciences,Art, Performing Arts & Design,Accounting & Finance,Chemical Engineering,Education,Agriculture & Forestry,Other Health,Law,Mathematics & Statistics,Electrical & Electronic Engineering,Medicine & Dentistry,General Engineering,Mechanical & Aerospace Engineering,Psychology,Architecture,Geography,Sociology,Physics & Astronomy,Politics & International Studies (incl Development Studies)",False,False,False,
401-500,Bournemouth University,0,409,32,293,12.6,639,35.2,530,28.8,692,70.6,171,master_account,0,/world-university-rankings/bournemouth-university,131397,United Kingdom,"14,905",25.9,18%,53 : 47,Bournemouth University,"Art, Performing Arts & Design,Mechanical & Aerospace Engineering,Education,Languages, Literature & Linguistics,Biological Sciences,Business & Management,Medicine & Dentistry,Geology, Environmental, Earth & Marine Sciences,Economics & Econometrics,Computer Science,Communication & Media Studies,Other Health,Sociology,History, Philosophy & Theology,Chemistry,Accounting & Finance,General Engineering,Geography,Electrical & Electronic Engineering,Law,Archaeology,Politics & International Studies (incl Development Studies),Sport Science,Psychology",False,False,False,https://www.timeshighereducation.com/student/register-interest/siuk?utm_medium=thewebsite&utm_campaign=cta-link&utm_source=rankings&iid=i-22247194
401-500,University of Brescia,0,410,15.6,777,14.8,579,72.3,223,35.8,454,36.6,502,master_account,0,/world-university-rankings/university-brescia,131631,Italy,"14,076",25.0,7%,48 : 52,University of Brescia,"Chemical Engineering,Business & Management,Agriculture & Forestry,Architecture,Politics & International Studies (incl Development Studies),Mechanical & Aerospace Engineering,Civil Engineering,Other Health,General Engineering,Economics & Econometrics,Electrical & Electronic Engineering,Accounting & Finance,Sport Science,Biological Sciences,Computer Science,Medicine & Dentistry,Law",False,False,False,
401-500,Brno University of Technology,0,411,18,719,14.7,585,55.8,356,33.7,505,35.8,511,master_account,0,/world-university-rankings/brno-university-technology,999,Czechia,"23,694",21.3,15%,27 : 73,Brno University of Technology,"Chemical Engineering,Civil Engineering,Art, Performing Arts & Design,Business & Management,Mechanical & Aerospace Engineering,Computer Science,Economics & Econometrics,Electrical & Electronic Engineering,Sport Science,General Engineering,Architecture,Accounting & Finance,Chemistry",False,False,False,
401-500,Brunel University of London,0,412,24.8,474,23.3,371,39.5,497,34.7,477,91.8,35,master_account,0,/world-university-rankings/brunel-university-london,719,United Kingdom,"12,615",17.6,38%,46 : 54,Brunel University of London,"Accounting & Finance,Mechanical & Aerospace Engineering,Mathematics & Statistics,Politics & International Studies (incl Development Studies),Psychology,Chemical Engineering,Geography,Geology, Environmental, Earth & Marine Sciences,Sociology,Sport Science,Other Health,Business & Management,Languages, Literature & Linguistics,History, Philosophy & Theology,Art, Performing Arts & Design,Civil Engineering,Economics & Econometrics,Computer Science,Law,Medicine & Dentistry,Education,Communication & Media Studies,General Engineering,Electrical & Electronic Engineering,Biological Sciences",False,False,False,https://www.timeshighereducation.com/student/register-interest/siuk?utm_medium=thewebsite&utm_campaign=cta-link&utm_source=rankings&iid=i-26981023
401-500,Ca’ Foscari University of Venice,0,413,23.9,503,27.8,298,48.9,414,32.3,550,38.1,482,master_account,0,/world-university-rankings/ca-foscari-university-venice,131648,Italy,"19,267",38.3,7%,66 : 34,Ca’ Foscari University of Venice,"Politics & International Studies (incl Development Studies),Agriculture & Forestry,Languages, Literature & Linguistics,Chemistry,Education,Biological Sciences,Business & Management,General Engineering,Communication & Media Studies,History, Philosophy & Theology,Sociology,Computer Science,Archaeology,Geology, Environmental, Earth & Marine Sciences,Geography,Art, Performing Arts & Design,Sport Science,Economics & Econometrics,Mathematics & Statistics,Accounting & Finance,Law,Civil Engineering",False,False,False,
401-500,University of Cagliari,0,414,19.4,649,13.2,627,56.8,348,33.6,510,32.6,554,master_account,0,/world-university-rankings/university-cagliari,131499,Italy,"30,638",51.0,1%,62 : 38,University of Cagliari,"General Engineering,Business & Management,Geology, Environmental, Earth & Marine Sciences,Physics & Astronomy,Other Health,Psychology,Law,Art, Performing Arts & Design,Mathematics & Statistics,Civil Engineering,Archaeology,Architecture,Electrical & Electronic Engineering,Biological Sciences,Geography,Economics & Econometrics,Communication & Media Studies,Mechanical & Aerospace Engineering,Agriculture & Forestry,Languages, Literature & Linguistics,Sociology,Computer Science,Chemistry,Politics & International Studies (incl Development Studies),Education,Medicine & Dentistry,Sport Science,Chemical Engineering,Accounting & Finance,History, Philosophy & Theology",False,False,False,
401-500,University of Canterbury,0,415,23.5,519,22.5,392,38.9,504,52.1,215,91,39,master_account,6,/world-university-rankings/university-canterbury,773,New Zealand,"12,187",16.5,20%,51 : 49,University of Canterbury,"Biological Sciences,Education,Accounting & Finance,Civil Engineering,Physics & Astronomy,Communication & Media Studies,Sociology,General Engineering,Geography,Veterinary Science,History, Philosophy & Theology,Languages, Literature & Linguistics,Sport Science,Chemistry,Psychology,Architecture,Business & Management,Computer Science,Geology, Environmental, Earth & Marine Sciences,Other Health,Medicine & Dentistry,Chemical Engineering,Mechanical & Aerospace Engineering,Archaeology,Economics & Econometrics,Law,Politics & International Studies (incl Development Studies),Mathematics & Statistics,Agriculture & Forestry,Art, Performing Arts & Design,Electrical & Electronic Engineering",False,False,False,https://www.timeshighereducation.com/student/register-interest/aecc?utm_medium=thewebsite&utm_campaign=cta-link&utm_source=rankings&iid=i-36383713
401-500,Università Cattolica del Sacro Cuore,0,416,18.6,682,11.3,681,55.4,359,38.7,385,39,469,master_account,0,/world-university-rankings/universita-cattolica-del-sacro-cuore,131360,Italy,"30,304",18.9,10%,,Università Cattolica del Sacro Cuore,"Languages, Literature & Linguistics,Mathematics & Statistics,Economics & Econometrics,Medicine & Dentistry,Law,Art, Performing Arts & Design,Communication & Media Studies,Other Health,Education,Sport Science,Accounting & Finance,Physics & Astronomy,Agriculture & Forestry,Psychology,History, Philosophy & Theology,Politics & International Studies (incl Development Studies),Archaeology,Sociology,Business & Management",False,False,False,
401-500,Charles University,0,417,31.5,306,21.5,418,41,489,28.2,737,52.8,315,master_account,0,/world-university-rankings/charles-university,799,Czechia,"51,438",13.0,15%,62 : 38,Charles University,"Sport Science,Sociology,Medicine & Dentistry,Communication & Media Studies,Mathematics & Statistics,Politics & International Studies (incl Development Studies),Art, Performing Arts & Design,History, Philosophy & Theology,Biological Sciences,Economics & Econometrics,Law,Psychology,Business & Management,Physics & Astronomy,Accounting & Finance,Education,Languages, Literature & Linguistics,Computer Science,Chemistry,Geology, Environmental, Earth & Marine Sciences,Other Health,Archaeology,Geography",False,False,False,
401-500,"China Medical University, Taiwan",0,418,24,500,29.4,272,45,446,60.4,162,25.7,641,master_account,0,/world-university-rankings/china-medical-university-taiwan,933,Taiwan,"7,983",15.4,8%,53 : 47,"China Medical University, Taiwan","General Engineering,History, Philosophy & Theology,Business & Management,Medicine & Dentistry,Veterinary Science,Other Health,Biological Sciences,Geology, Environmental, Earth & Marine Sciences,Law,Sport Science",False,False,False,
401-500,"City, University of London",0,419,23.5,520,21.2,423,43.5,461,28.9,687,89.6,53,master_account,0,/world-university-rankings/city-university-london,912,United Kingdom,"13,055",17.9,50%,55 : 45,"City, University of London","Communication & Media Studies,Other Health,Economics & Econometrics,Psychology,History, Philosophy & Theology,Languages, Literature & Linguistics,Electrical & Electronic Engineering,General Engineering,Chemical Engineering,Business & Management,Biological Sciences,Sociology,Civil Engineering,Computer Science,Politics & International Studies (incl Development Studies),Mathematics & Statistics,Art, Performing Arts & Design,Mechanical & Aerospace Engineering,Accounting & Finance,Law",False,False,False,https://www.timeshighereducation.com/student/register-interest/siuk?utm_medium=thewebsite&utm_campaign=cta-link&utm_source=rankings&iid=i-85968312
401-500,Claude Bernard University Lyon 1,0,420,21.3,587,13.2,628,66.5,267,34.5,485,50.5,337,master_account,0,/world-university-rankings/claude-bernard-university-lyon-1,886,France,"35,308",16.1,11%,50 : 50,Claude Bernard University Lyon 1,"Chemical Engineering,Business & Management,Civil Engineering,Education,Electrical & Electronic Engineering,Chemistry,Computer Science,Mathematics & Statistics,Agriculture & Forestry,Economics & Econometrics,Medicine & Dentistry,Veterinary Science,General Engineering,Physics & Astronomy,Other Health,Sport Science,Biological Sciences,Accounting & Finance,Mechanical & Aerospace Engineering,Geology, Environmental, Earth & Marine Sciences",False,False,False,
401-500,University of Coimbra,0,421,28.3,372,26.5,327,42.4,469,34.8,475,46.2,394,master_account,0,/world-university-rankings/university-coimbra,820,Portugal,"22,795",19.0,11%,55 : 45,University of Coimbra,"Medicine & Dentistry,Politics & International Studies (incl Development Studies),Sociology,Psychology,Law,History, Philosophy & Theology,Chemical Engineering,Languages, Literature & Linguistics,Chemistry,Art, Performing Arts & Design,General Engineering,Mechanical & Aerospace Engineering,Civil Engineering,Accounting & Finance,Education,Biological Sciences,Communication & Media Studies,Agriculture & Forestry,Business & Management,Physics & Astronomy,Electrical & Electronic Engineering,Sport Science,Architecture,Archaeology,Economics & Econometrics,Geology, Environmental, Earth & Marine Sciences,Geography,Other Health,Computer Science,Mathematics & Statistics",False,False,False,
401-500,Complutense University of Madrid,0,422,33.2,270,27.6,304,31.2,563,30.9,609,39.1,468,master_account,0,/world-university-rankings/complutense-university-madrid,971,Spain,"86,519",17.5,13%,62 : 38,Complutense University of Madrid,"Politics & International Studies (incl Development Studies),Mathematics & Statistics,Law,Computer Science,Economics & Econometrics,Veterinary Science,Medicine & Dentistry,Other Health,Sociology,Art, Performing Arts & Design,Accounting & Finance,Communication & Media Studies,Chemical Engineering,Chemistry,Geography,Electrical & Electronic Engineering,Languages, Literature & Linguistics,History, Philosophy & Theology,Psychology,Physics & Astronomy,Business & Management,Geology, Environmental, Earth & Marine Sciences,Archaeology,Biological Sciences,Education",False,False,False,
401-500,Concordia University,0,423,19.3,653,23.4,369,36.4,516,30.9,610,77.4,131,master_account,0,/world-university-rankings/concordia-university,913,Canada,"31,017",30.3,27%,50 : 50,Concordia University,"Electrical & Electronic Engineering,Communication & Media Studies,History, Philosophy & Theology,Business & Management,Physics & Astronomy,Economics & Econometrics,Other Health,Accounting & Finance,Sociology,Geography,Politics & International Studies (incl Development Studies),Mechanical & Aerospace Engineering,Sport Science,Mathematics & Statistics,Computer Science,Languages, Literature & Linguistics,Psychology,Art, Performing Arts & Design,Education,Biological Sciences,Chemical Engineering,Geology, Environmental, Earth & Marine Sciences,General Engineering,Chemistry,Civil Engineering",False,False,False,https://www.timeshighereducation.com/student/register-interest/applyboard?utm_medium=thewebsite&utm_campaign=cta-link&utm_source=rankings&iid=i-42348303
401-500,Curtin University,0,424,20.1,626,20.2,445,44.6,451,37.8,404,93.1,26,master_account,6,/world-university-rankings/curtin-university,821,Australia,"30,333",17.1,38%,53 : 47,Curtin University Curtin,"General Engineering,Chemistry,Geography,Computer Science,Biological Sciences,Politics & International Studies (incl Development Studies),Architecture,Mathematics & Statistics,Law,History, Philosophy & Theology,Agriculture & Forestry,Communication & Media Studies,Accounting & Finance,Other Health,Sport Science,Languages, Literature & Linguistics,Chemical Engineering,Business & Management,Medicine & Dentistry,Physics & Astronomy,Education,Art, Performing Arts & Design,Civil Engineering,Psychology,Electrical & Electronic Engineering,Geology, Environmental, Earth & Marine Sciences,Mechanical & Aerospace Engineering,Sociology,Economics & Econometrics",False,False,False,
401-500,Dublin City University,0,425,26.1,423,25.2,344,36.3,519,51.7,220,76.7,138,master_account,0,/world-university-rankings/dublin-city-university,910,Ireland,"8,546",22.9,17%,51 : 49,Dublin City University,"Languages, Literature & Linguistics,Chemistry,Accounting & Finance,Physics & Astronomy,Business & Management,History, Philosophy & Theology,Geology, Environmental, Earth & Marine Sciences,Economics & Econometrics,Mechanical & Aerospace Engineering,Communication & Media Studies,Biological Sciences,Education,Computer Science,Geography,Mathematics & Statistics,Psychology,Law,Electrical & Electronic Engineering,Sport Science,Politics & International Studies (incl Development Studies),Other Health,Sociology",False,False,False,
401-500,East China University of Science and Technology,0,426,24.1,499,17.1,520,46.4,433,64.7,139,21.7,678,master_account,0,/world-university-rankings/east-china-university-science-and-technology,1039,China,"27,140",15.5,5%,,East China University of Science and Technology,"Economics & Econometrics,Chemical Engineering,Accounting & Finance,General Engineering,Physics & Astronomy,Politics & International Studies (incl Development Studies),Law,Biological Sciences,Geology, Environmental, Earth & Marine Sciences,Mechanical & Aerospace Engineering,Art, Performing Arts & Design,Business & Management,Education,Languages, Literature & Linguistics,Sport Science,Sociology,Medicine & Dentistry,Chemistry,Mathematics & Statistics,Computer Science,Agriculture & Forestry,History, Philosophy & Theology,Electrical & Electronic Engineering",False,False,False,
401-500,Ewha Womans University,0,427,23.9,504,18.3,485,50.4,400,57.6,179,34.3,530,master_account,0,/world-university-rankings/ewha-womans-university,1018,South Korea,"17,625",14.4,6%,100 : 0,Ewha Womans University,"Physics & Astronomy,Chemistry,Sociology,Economics & Econometrics,Art, Performing Arts & Design,Civil Engineering,Politics & International Studies (incl Development Studies),General Engineering,Business & Management,Mathematics & Statistics,Communication & Media Studies,Geology, Environmental, Earth & Marine Sciences,Chemical Engineering,Accounting & Finance,Medicine & Dentistry,Languages, Literature & Linguistics,Electrical & Electronic Engineering,Other Health,History, Philosophy & Theology,Architecture,Law,Agriculture & Forestry,Geography,Biological Sciences,Archaeology,Psychology,Computer Science,Education,Veterinary Science,Sport Science,Mechanical & Aerospace Engineering",False,False,False,
401-500,Federico Santa María Technical University,0,428,17.2,747,10.1,729,70.5,234,35.1,468,54.1,295,master_account,0,/world-university-rankings/federico-santa-maria-technical-university,1024,Chile,"11,718",34.0,2%,24 : 76,Federico Santa María Technical University,"Physics & Astronomy,Business & Management,Architecture,General Engineering,Economics & Econometrics,Civil Engineering,Mechanical & Aerospace Engineering,Electrical & Electronic Engineering,Chemistry,Computer Science,Accounting & Finance,Chemical Engineering,Mathematics & Statistics",False,False,False,
401-500,University of Ferrara,0,429,17.7,729,17.2,516,63.3,303,35.9,451,41.8,435,master_account,0,/world-university-rankings/university-ferrara,777,Italy,"18,882",30.2,7%,56 : 44,University of Ferrara,"Agriculture & Forestry,Business & Management,Medicine & Dentistry,Physics & Astronomy,Civil Engineering,Education,Electrical & Electronic Engineering,Communication & Media Studies,Languages, Literature & Linguistics,Biological Sciences,Economics & Econometrics,Architecture,Sport Science,Archaeology,Mathematics & Statistics,Mechanical & Aerospace Engineering,Law,Other Health,Chemistry,Computer Science,Geology, Environmental, Earth & Marine Sciences",False,False,False,
401-500,Florida International University,0,430,25.7,442,18.1,493,49.4,410,32.7,539,32.8,551,public,0,/world-university-rankings/florida-international-university,909,United States,"32,566",25.9,7%,56 : 44,Florida International University,"Geology, Environmental, Earth & Marine Sciences,Civil Engineering,Business & Management,Geography,Mechanical & Aerospace Engineering,Medicine & Dentistry,History, Philosophy & Theology,Physics & Astronomy,Economics & Econometrics,Chemistry,Psychology,General Engineering,Biological Sciences,Politics & International Studies (incl Development Studies),Computer Science,Art, Performing Arts & Design,Sociology,Communication & Media Studies,Accounting & Finance,Education,Architecture,Law,Other Health,Mathematics & Statistics,Electrical & Electronic Engineering,Languages, Literature & Linguistics",False,False,False,
401-500,University of Genoa,0,431,27.2,396,14.2,602,59.3,334,42.3,320,38.8,473,master_account,0,/world-university-rankings/university-genoa,131638,Italy,"37,373",29.5,9%,56 : 44,University of Genoa,"Languages, Literature & Linguistics,Other Health,Biological Sciences,Physics & Astronomy,Business & Management,Law,General Engineering,Education,Civil Engineering,Medicine & Dentistry,Art, Performing Arts & Design,Mathematics & Statistics,Psychology,Chemistry,Sport Science,History, Philosophy & Theology,Sociology,Computer Science,Geology, Environmental, Earth & Marine Sciences,Archaeology,Electrical & Electronic Engineering,Chemical Engineering,Politics & International Studies (incl Development Studies),Geography,Accounting & Finance,Architecture,Mechanical & Aerospace Engineering,Communication & Media Studies,Economics & Econometrics",False,False,False,
401-500,Georgia State University,0,432,26.3,417,19.5,457,52.9,380,28.7,704,29.5,599,public,0,/world-university-rankings/georgia-state-university,824,United States,"28,534",20.4,5%,59 : 41,Georgia State University,"Business & Management,Languages, Literature & Linguistics,Mathematics & Statistics,Politics & International Studies (incl Development Studies),Economics & Econometrics,Art, Performing Arts & Design,Other Health,Medicine & Dentistry,Accounting & Finance,Biological Sciences,Geology, Environmental, Earth & Marine Sciences,Chemistry,Geography,Computer Science,Communication & Media Studies,Education,Physics & Astronomy,Psychology,Sociology,Sport Science,Law,History, Philosophy & Theology",False,False,False,https://www.timeshighereducation.com/student/register-interest/shorelight?utm_medium=thewebsite&utm_campaign=cta-link&utm_source=rankings&iid=i-29042203
401-500,University of Graz,0,433,24.9,471,16.3,536,53.3,374,29.3,667,68.9,186,master_account,0,/world-university-rankings/university-graz,721,Austria,"20,584",26.8,12%,65 : 35,University of Graz,"Psychology,Geology, Environmental, Earth & Marine Sciences,Biological Sciences,Law,History, Philosophy & Theology,Physics & Astronomy,Economics & Econometrics,Architecture,Other Health,Sociology,Chemical Engineering,Sport Science,Languages, Literature & Linguistics,Communication & Media Studies,Archaeology,Mathematics & Statistics,Business & Management,Computer Science,Education,Art, Performing Arts & Design,Chemistry",False,False,False,
401-500,Heriot-Watt University,0,434,23.4,524,22.4,395,36.4,517,45.6,269,90.1,46,master_account,0,/world-university-rankings/heriot-watt-university,828,United Kingdom,"8,775",17.7,43%,41 : 59,Heriot-Watt University,"Chemical Engineering,Psychology,Electrical & Electronic Engineering,Physics & Astronomy,Art, Performing Arts & Design,Sport Science,Geography,Mechanical & Aerospace Engineering,Chemistry,Economics & Econometrics,Computer Science,Business & Management,Civil Engineering,Geology, Environmental, Earth & Marine Sciences,General Engineering,Agriculture & Forestry,Accounting & Finance,Architecture,Mathematics & Statistics,Languages, Literature & Linguistics,Biological Sciences",False,False,False,https://www.timeshighereducation.com/student/register-interest/siuk?utm_medium=thewebsite&utm_campaign=cta-link&utm_source=rankings&iid=i-23564362
401-500,Hokkaido University,0,435,40.3,159,32.8,231,29.3,582,53.7,203,27.9,616,master_account,11,/world-university-rankings/hokkaido-university,747,Japan,"18,162",8.2,9%,29 : 71,Hokkaido University,"Medicine & Dentistry,Chemistry,Mechanical & Aerospace Engineering,Geology, Environmental, Earth & Marine Sciences,Geography,Other Health,Business & Management,Biological Sciences,Accounting & Finance,History, Philosophy & Theology,Civil Engineering,Art, Performing Arts & Design,Veterinary Science,Psychology,Agriculture & Forestry,Sociology,Languages, Literature & Linguistics,Computer Science,Sport Science,Electrical & Electronic Engineering,Physics & Astronomy,Communication & Media Studies,Architecture,Chemical Engineering,Mathematics & Statistics,Law,Economics & Econometrics,Archaeology,General Engineering,Education,Politics & International Studies (incl Development Studies)",False,False,False,
401-500,Howard University,0,436,38.8,181,11,693,44.5,453,0,782,30.3,589,private,0,/world-university-rankings/howard-university,131587,United States,"10,297",6.8,5%,65 : 35,Howard University,"Communication & Media Studies,Art, Performing Arts & Design,Mechanical & Aerospace Engineering,Accounting & Finance,Geology, Environmental, Earth & Marine Sciences,Archaeology,Physics & Astronomy,Business & Management,Mathematics & Statistics,Psychology,History, Philosophy & Theology,General Engineering,Medicine & Dentistry,Architecture,Economics & Econometrics,Chemical Engineering,Politics & International Studies (incl Development Studies),Electrical & Electronic Engineering,Other Health,Computer Science,Languages, Literature & Linguistics,Biological Sciences,Law,Civil Engineering,Sport Science,Sociology,Education,Chemistry",False,False,False,https://www.timeshighereducation.com/student/register-interest/shorelight?utm_medium=thewebsite&utm_campaign=cta-link&utm_source=rankings&iid=i-58251672
401-500,University of Hull,0,437,22.4,556,16.1,540,41.1,488,31.8,572,73.2,157,master_account,11,/world-university-rankings/university-hull,781,United Kingdom,"15,140",18.7,20%,52 : 48,University of Hull,"Art, Performing Arts & Design,Chemistry,Geography,Archaeology,Communication & Media Studies,Politics & International Studies (incl Development Studies),Electrical & Electronic Engineering,Sociology,Civil Engineering,Accounting & Finance,Medicine & Dentistry,Chemical Engineering,Education,Other Health,Mechanical & Aerospace Engineering,Geology, Environmental, Earth & Marine Sciences,General Engineering,Mathematics & Statistics,Psychology,History, Philosophy & Theology,Sport Science,Business & Management,Computer Science,Biological Sciences,Law,Languages, Literature & Linguistics,Physics & Astronomy,Economics & Econometrics",False,False,False,https://www.timeshighereducation.com/student/register-interest/siuk?utm_medium=thewebsite&utm_campaign=cta-link&utm_source=rankings&iid=i-22394063
401-500,University of Idaho,0,438,28.3,373,19.4,460,40.8,491,32.4,547,32,558,public,0,/world-university-rankings/university-idaho,830,United States,"11,641",21.5,6%,47 : 53,University of Idaho,"Computer Science,Chemistry,Sociology,General Engineering,Sport Science,Communication & Media Studies,Medicine & Dentistry,Physics & Astronomy,Languages, Literature & Linguistics,Biological Sciences,Business & Management,Economics & Econometrics,Archaeology,Veterinary Science,Law,Mechanical & Aerospace Engineering,Geography,Art, Performing Arts & Design,Agriculture & Forestry,Geology, Environmental, Earth & Marine Sciences,Accounting & Finance,Architecture,Civil Engineering,Education,Electrical & Electronic Engineering,Mathematics & Statistics,Politics & International Studies (incl Development Studies),History, Philosophy & Theology,Chemical Engineering,Psychology",False,False,False,https://www.timeshighereducation.com/student/register-interest/shorelight?utm_medium=thewebsite&utm_campaign=cta-link&utm_source=rankings&iid=i-15279282
401-500,Indian Institute of Technology Delhi,0,439,35.8,223,25.8,332,33.4,543,62.8,154,15.5,773,master_account,0,/world-university-rankings/indian-institute-technology-delhi,965,India,"8,371",17.3,1%,18 : 82,Indian Institute of Technology Delhi,"Business & Management,Communication & Media Studies,Mathematics & Statistics,General Engineering,Physics & Astronomy,Geology, Environmental, Earth & Marine Sciences,Civil Engineering,Electrical & Electronic Engineering,Chemistry,Languages, Literature & Linguistics,Computer Science,Chemical Engineering",False,False,False,
401-500,Indian Institute of Technology Kharagpur,0,440,33.2,271,30.5,257,41.4,483,31.7,576,13.3,792,master_account,0,/world-university-rankings/indian-institute-technology-kharagpur,874,India,"9,928",17.5,0%,15 : 85,Indian Institute of Technology Kharagpur,"Civil Engineering,Chemical Engineering,Chemistry,Computer Science,Architecture,Law,Mechanical & Aerospace Engineering,Electrical & Electronic Engineering,Physics & Astronomy,General Engineering,Mathematics & Statistics,Agriculture & Forestry,Geology, Environmental, Earth & Marine Sciences,Biological Sciences,Business & Management",False,False,False,
401-500,Indian Institute of Technology Madras,0,441,34.6,245,20.7,437,31.4,561,88.9,60,16.1,758,master_account,0,/world-university-rankings/indian-institute-technology-madras,978,India,"8,234",15.9,1%,19 : 81,Indian Institute of Technology Madras,"Mechanical & Aerospace Engineering,Physics & Astronomy,Electrical & Electronic Engineering,Chemical Engineering,Chemistry,Mathematics & Statistics,Biological Sciences,Sociology,Business & Management,Languages, Literature & Linguistics,Civil Engineering,General Engineering,Computer Science",False,False,False,
401-500,University of Ioannina,0,442,14.5,789,17.7,500,56.4,352,32.9,532,36.9,495,master_account,0,/world-university-rankings/university-ioannina,131284,Greece,"20,825",36.3,4%,58 : 42,University of Ioannina,"General Engineering,Archaeology,Physics & Astronomy,Accounting & Finance,Electrical & Electronic Engineering,Economics & Econometrics,Psychology,Art, Performing Arts & Design,Chemical Engineering,Architecture,Geology, Environmental, Earth & Marine Sciences,Veterinary Science,Computer Science,Chemistry,History, Philosophy & Theology,Agriculture & Forestry,Medicine & Dentistry,Mathematics & Statistics,Business & Management,Languages, Literature & Linguistics,Biological Sciences,Other Health,Education",False,False,False,
401-500,Iran University of Science and Technology,0,443,25.9,435,26,331,42.3,472,61.2,158,12.2,796,master_account,0,/world-university-rankings/iran-university-science-and-technology,128784,Iran,"10,311",23.9,0%,24 : 76,Iran University of Science and Technology,"Electrical & Electronic Engineering,Economics & Econometrics,Biological Sciences,Chemical Engineering,Mathematics & Statistics,Computer Science,Geology, Environmental, Earth & Marine Sciences,Physics & Astronomy,Languages, Literature & Linguistics,Mechanical & Aerospace Engineering,Chemistry,Civil Engineering,Architecture,Business & Management",False,False,False,
401-500,Johannes Kepler University of Linz,0,444,19.2,661,13.8,607,51.6,392,37.4,415,58.5,256,master_account,0,/world-university-rankings/johannes-kepler-university-linz,726,Austria,"19,646",29.1,10%,48 : 52,Johannes Kepler University of Linz,"Biological Sciences,Mathematics & Statistics,Politics & International Studies (incl Development Studies),Education,Physics & Astronomy,Mechanical & Aerospace Engineering,Computer Science,General Engineering,Sociology,Psychology,Chemical Engineering,Accounting & Finance,Chemistry,Medicine & Dentistry,Business & Management,Law,Other Health,Economics & Econometrics,Electrical & Electronic Engineering",False,False,False,
401-500,RPTU University Kaiserslautern-Landau,0,445,29.6,347,22.6,389,47.5,421,80.2,87,44.1,416,master_account,0,/world-university-rankings/rptu-university-kaiserslautern-landau,131341,Germany,"14,184",54.4,14%,36 : 64,RPTU University Kaiserslautern-Landau,"Biological Sciences,Business & Management,History, Philosophy & Theology,Chemistry,Civil Engineering,Geography,Mechanical & Aerospace Engineering,Politics & International Studies (incl Development Studies),Mathematics & Statistics,Education,Languages, Literature & Linguistics,Computer Science,Geology, Environmental, Earth & Marine Sciences,Chemical Engineering,Psychology,Art, Performing Arts & Design,Architecture,Physics & Astronomy,General Engineering,Communication & Media Studies,Electrical & Electronic Engineering,Sociology",False,False,False,
401-500,Keele University,0,446,20,632,17.6,503,53,376,29.3,669,72.7,160,master_account,0,/world-university-rankings/keele-university,784,United Kingdom,"8,395",15.7,20%,55 : 45,Keele University,"Psychology,Education,Mathematics & Statistics,Accounting & Finance,Veterinary Science,Physics & Astronomy,Computer Science,Medicine & Dentistry,Art, Performing Arts & Design,Sociology,Chemistry,Communication & Media Studies,Business & Management,General Engineering,History, Philosophy & Theology,Politics & International Studies (incl Development Studies),Biological Sciences,Other Health,Law,Sport Science,Languages, Literature & Linguistics,Economics & Econometrics,Geography,Geology, Environmental, Earth & Marine Sciences",False,False,False,https://www.timeshighereducation.com/student/register-interest/siuk?utm_medium=thewebsite&utm_campaign=cta-link&utm_source=rankings&iid=i-54705553
401-500,University of KwaZulu-Natal,0,447,20.3,619,25.7,338,41.5,481,38.2,393,58.6,255,master_account,0,/world-university-rankings/university-kwazulu-natal,902,South Africa,"30,572",24.9,6%,58 : 42,University of KwaZulu-Natal UKZN Kwazulu Natal Kwa zulu,"History, Philosophy & Theology,Languages, Literature & Linguistics,Chemical Engineering,Sociology,Art, Performing Arts & Design,Electrical & Electronic Engineering,Chemistry,Accounting & Finance,Other Health,Physics & Astronomy,Business & Management,Architecture,Sport Science,Civil Engineering,Politics & International Studies (incl Development Studies),Medicine & Dentistry,Mathematics & Statistics,Education,Mechanical & Aerospace Engineering,Communication & Media Studies,Economics & Econometrics,Computer Science,Geology, Environmental, Earth & Marine Sciences,Psychology,Agriculture & Forestry,Geography,Biological Sciences,Law",False,False,False,
401-500,Kyung Hee University,0,448,26.1,424,27.6,305,39.2,501,89.4,58,46.4,388,master_account,6,/world-university-rankings/kyung-hee-university,834,South Korea,"24,356",17.4,14%,,Kyung Hee University KyungHee KHU,"Communication & Media Studies,Geography,Computer Science,Biological Sciences,Geology, Environmental, Earth & Marine Sciences,Languages, Literature & Linguistics,General Engineering,Sport Science,History, Philosophy & Theology,Mathematics & Statistics,Sociology,Electrical & Electronic Engineering,Politics & International Studies (incl Development Studies),Physics & Astronomy,Mechanical & Aerospace Engineering,Economics & Econometrics,Business & Management,Agriculture & Forestry,Civil Engineering,Psychology,Art, Performing Arts & Design,Law,Medicine & Dentistry,Chemistry,Accounting & Finance,Archaeology,Architecture,Chemical Engineering,Education,Other Health",False,False,False,
401-500,Kyushu University,0,449,36.5,215,27.5,306,31.8,556,83.2,73,26.4,631,master_account,0,/world-university-rankings/kyushu-university,131724,Japan,"18,925",6.7,8%,28 : 72,Kyushu University,"Business & Management,Medicine & Dentistry,Agriculture & Forestry,Archaeology,Other Health,Sport Science,Education,Mathematics & Statistics,Biological Sciences,Communication & Media Studies,Civil Engineering,Chemical Engineering,Geography,Languages, Literature & Linguistics,General Engineering,Veterinary Science,Law,Chemistry,Electrical & Electronic Engineering,Physics & Astronomy,History, Philosophy & Theology,Geology, Environmental, Earth & Marine Sciences,Economics & Econometrics,Psychology,Mechanical & Aerospace Engineering,Art, Performing Arts & Design,Sociology,Accounting & Finance,Computer Science,Architecture,Politics & International Studies (incl Development Studies)",False,False,False,
401-500,Lehigh University,0,450,23.9,506,15,572,58.2,342,38.9,382,36,508,private,0,/world-university-rankings/lehigh-university,787,United States,"6,300",11.3,15%,44 : 56,Lehigh University,"Architecture,Civil Engineering,Education,Biological Sciences,Business & Management,Chemical Engineering,Psychology,History, Philosophy & Theology,Mechanical & Aerospace Engineering,Sociology,Art, Performing Arts & Design,General Engineering,Communication & Media Studies,Computer Science,Physics & Astronomy,Economics & Econometrics,Chemistry,Languages, Literature & Linguistics,Electrical & Electronic Engineering,Politics & International Studies (incl Development Studies),Other Health,Geology, Environmental, Earth & Marine Sciences,Mathematics & Statistics,Accounting & Finance",False,False,False,https://www.timeshighereducation.com/student/register-interest/shorelight?utm_medium=thewebsite&utm_campaign=cta-link&utm_source=rankings&iid=i-16717372
401-500,Louisiana State University,0,451,26.8,406,27.7,302,37.8,509,0,785,26.1,634,public,0,/world-university-rankings/louisiana-state-university,131540,United States,"28,116",20.1,5%,52 : 48,Louisiana State University,"Art, Performing Arts & Design,Communication & Media Studies,Politics & International Studies (incl Development Studies),Chemical Engineering,Physics & Astronomy,Computer Science,History, Philosophy & Theology,Agriculture & Forestry,Languages, Literature & Linguistics,Medicine & Dentistry,Architecture,Mathematics & Statistics,Geography,Education,General Engineering,Electrical & Electronic Engineering,Sociology,Chemistry,Biological Sciences,Geology, Environmental, Earth & Marine Sciences,Civil Engineering,Psychology,Mechanical & Aerospace Engineering,Law,Veterinary Science,Other Health",False,False,False,https://www.timeshighereducation.com/student/register-interest/shorelight?utm_medium=thewebsite&utm_campaign=cta-link&utm_source=rankings&iid=i-48956002
401-500,University of Macau,0,452,18.5,689,17,522,49.7,405,34.9,472,98.4,6,master_account,11,/world-university-rankings/university-macau,1027,Macao,"8,521",14.9,31%,58 : 42,University of Macau,"General Engineering,Communication & Media Studies,Civil Engineering,Politics & International Studies (incl Development Studies),Medicine & Dentistry,Biological Sciences,Education,Computer Science,Economics & Econometrics,Sport Science,Law,Electrical & Electronic Engineering,Sociology,History, Philosophy & Theology,Physics & Astronomy,Accounting & Finance,Art, Performing Arts & Design,Chemistry,Psychology,Languages, Literature & Linguistics,Mathematics & Statistics,Business & Management,Other Health,Geology, Environmental, Earth & Marine Sciences,Mechanical & Aerospace Engineering",False,False,False,
401-500,Marche Polytechnic University,0,453,15.2,785,11,694,80.2,156,28,752,27.3,623,master_account,0,/world-university-rankings/marche-polytechnic-university,131584,Italy,"16,589",23.0,4%,45 : 55,Marche Polytechnic University,"Economics & Econometrics,Other Health,Computer Science,Accounting & Finance,Business & Management,General Engineering,Architecture,Civil Engineering,Biological Sciences,Electrical & Electronic Engineering,Geology, Environmental, Earth & Marine Sciences,Medicine & Dentistry,Mechanical & Aerospace Engineering,Agriculture & Forestry",False,False,False,
401-500,"University of Maryland, Baltimore County",0,454,21.3,589,18.2,490,61.3,321,31.7,578,28.2,612,public,0,/world-university-rankings/university-maryland-baltimore-county,791,United States,"13,908",18.1,7%,46 : 54,"University of Maryland, Baltimore County","Agriculture & Forestry,Sociology,General Engineering,Politics & International Studies (incl Development Studies),Civil Engineering,Education,History, Philosophy & Theology,Chemistry,Business & Management,Mechanical & Aerospace Engineering,Geography,Electrical & Electronic Engineering,Physics & Astronomy,Languages, Literature & Linguistics,Chemical Engineering,Psychology,Other Health,Communication & Media Studies,Computer Science,Mathematics & Statistics,Accounting & Finance,Art, Performing Arts & Design,Biological Sciences,Economics & Econometrics",False,False,False,https://www.timeshighereducation.com/student/register-interest/shorelight?utm_medium=thewebsite&utm_campaign=cta-link&utm_source=rankings&iid=i-79454013
401-500,Murdoch University,0,455,18.7,681,19.6,456,51.2,395,36.5,438,88.3,61,master_account,0,/world-university-rankings/murdoch-university,890,Australia,"16,606",32.8,43%,59 : 41,Murdoch University Murdoch,"Chemical Engineering,Agriculture & Forestry,Geology, Environmental, Earth & Marine Sciences,Computer Science,Economics & Econometrics,Politics & International Studies (incl Development Studies),Psychology,Electrical & Electronic Engineering,Languages, Literature & Linguistics,History, Philosophy & Theology,Sociology,Law,Accounting & Finance,Physics & Astronomy,Communication & Media Studies,General Engineering,Sport Science,Art, Performing Arts & Design,Mathematics & Statistics,Business & Management,Other Health,Veterinary Science,Education,Chemistry,Biological Sciences",False,False,False,
401-500,Nantes Université,0,456,19.6,641,12.2,647,69.4,242,0,788,35.1,519,master_account,0,/world-university-rankings/nantes-universite,131320,France,"33,866",22.2,11%,56 : 44,Nantes Université,"Electrical & Electronic Engineering,Politics & International Studies (incl Development Studies),Chemical Engineering,Education,Languages, Literature & Linguistics,Mathematics & Statistics,Law,Computer Science,Psychology,Geology, Environmental, Earth & Marine Sciences,Mechanical & Aerospace Engineering,Other Health,Art, Performing Arts & Design,Biological Sciences,Geography,Medicine & Dentistry,Physics & Astronomy,Economics & Econometrics,History, Philosophy & Theology,Sport Science,Sociology,Archaeology,Civil Engineering,Chemistry,General Engineering,Business & Management,Communication & Media Studies,Accounting & Finance",False,False,False,
401-500,National and Kapodistrian University of Athens,0,457,26.7,409,16.3,538,45.8,437,0,789,39,470,master_account,0,/world-university-rankings/national-and-kapodistrian-university-athens,131656,Greece,"63,052",32.3,9%,61 : 39,National and Kapodistrian University of Athens,"Languages, Literature & Linguistics,Civil Engineering,Communication & Media Studies,Economics & Econometrics,Art, Performing Arts & Design,Agriculture & Forestry,Law,Education,General Engineering,Physics & Astronomy,Geography,Medicine & Dentistry,Biological Sciences,Sociology,Other Health,Sport Science,Archaeology,Mathematics & Statistics,Psychology,Electrical & Electronic Engineering,Chemistry,Accounting & Finance,Mechanical & Aerospace Engineering,History, Philosophy & Theology,Politics & International Studies (incl Development Studies),Veterinary Science,Business & Management,Computer Science,Architecture,Geology, Environmental, Earth & Marine Sciences,Chemical Engineering",False,False,False,
401-500,National Autonomous University of Mexico,0,458,42.7,137,40.2,164,14.8,728,63.7,146,35.9,509,master_account,0,/world-university-rankings/national-autonomous-university-mexico,897,Mexico,"137,378",11.6,5%,51 : 49,National Autonomous University of Mexico,"Art, Performing Arts & Design,Civil Engineering,Communication & Media Studies,History, Philosophy & Theology,Languages, Literature & Linguistics,Chemical Engineering,Archaeology,Physics & Astronomy,Accounting & Finance,Other Health,Biological Sciences,Business & Management,General Engineering,Agriculture & Forestry,Education,Architecture,Veterinary Science,Geography,Medicine & Dentistry,Mathematics & Statistics,Economics & Econometrics,Electrical & Electronic Engineering,Geology, Environmental, Earth & Marine Sciences,Computer Science,Mechanical & Aerospace Engineering,Sociology,Law,Chemistry,Psychology,Politics & International Studies (incl Development Studies)",False,False,False,
401-500,National Cheng Kung University (NCKU),0,459,29.8,342,40.2,165,27.2,602,100,11,27.7,617,master_account,0,/world-university-rankings/national-cheng-kung-university-ncku,885,Taiwan,"21,234",14.4,11%,36 : 64,National Cheng Kung University (NCKU),"Archaeology,Agriculture & Forestry,Business & Management,Art, Performing Arts & Design,Civil Engineering,Geology, Environmental, Earth & Marine Sciences,Electrical & Electronic Engineering,Politics & International Studies (incl Development Studies),History, Philosophy & Theology,Chemical Engineering,Education,Other Health,Mathematics & Statistics,Medicine & Dentistry,Sport Science,Economics & Econometrics,General Engineering,Chemistry,Architecture,Biological Sciences,Psychology,Languages, Literature & Linguistics,Mechanical & Aerospace Engineering,Law,Computer Science,Physics & Astronomy,Accounting & Finance",False,False,False,
401-500,National Institute of Applied Sciences of Lyon (INSA Lyon),0,460,27,402,10.6,711,41.8,478,40.3,358,63.6,221,master_account,0,/world-university-rankings/national-institute-applied-sciences-lyon-insa-lyon,131369,France,"6,137",8.2,31%,31 : 69,National Institute of Applied Sciences of Lyon (INSA Lyon),"Biological Sciences,Mechanical & Aerospace Engineering,Chemical Engineering,Civil Engineering,General Engineering,Computer Science,Electrical & Electronic Engineering",False,False,False,
401-500,National Yang-Ming University,0,461,41.5,148,18.5,480,33.3,544,30.2,641,15.8,764,master_account,0,/world-university-rankings/national-yang-ming-university,917,Taiwan,"4,496",5.4,2%,48 : 52,National Yang-Ming University,"Art, Performing Arts & Design,History, Philosophy & Theology,General Engineering,Medicine & Dentistry,Other Health,Biological Sciences,Sociology",False,False,False,
401-500,University of Neuchâtel,0,462,24.2,498,14.7,589,48.2,418,0,790,91.4,38,master_account,0,/world-university-rankings/university-neuchatel,131274,Switzerland,"4,358",8.5,22%,59 : 41,University of Neuchâtel,"Computer Science,Geography,Biological Sciences,Psychology,Chemistry,Economics & Econometrics,Archaeology,Sociology,Geology, Environmental, Earth & Marine Sciences,Agriculture & Forestry,Languages, Literature & Linguistics,Communication & Media Studies,Education,Mathematics & Statistics,Law,History, Philosophy & Theology,Politics & International Studies (incl Development Studies),Physics & Astronomy,Accounting & Finance,Sport Science,Business & Management",False,False,False,
401-500,NOVA University of Lisbon,0,463,26.9,404,21.9,410,38.3,508,41.3,342,44.5,411,master_account,0,/world-university-rankings/nova-university-lisbon,846,Portugal,"18,867",17.9,7%,49 : 51,NOVA University of Lisbon,"Politics & International Studies (incl Development Studies),Computer Science,Communication & Media Studies,Mechanical & Aerospace Engineering,Law,Civil Engineering,Languages, Literature & Linguistics,History, Philosophy & Theology,Agriculture & Forestry,Other Health,Medicine & Dentistry,General Engineering,Mathematics & Statistics,Archaeology,Accounting & Finance,Geography,Physics & Astronomy,Biological Sciences,Art, Performing Arts & Design,Sociology,Geology, Environmental, Earth & Marine Sciences,Business & Management,Economics & Econometrics,Electrical & Electronic Engineering,Chemistry,Chemical Engineering,Education",False,False,False,
401-500,University of Nice Sophia Antipolis,0,464,21.4,586,16.1,542,53.7,369,28.5,720,79.5,116,master_account,0,/world-university-rankings/university-nice-sophia-antipolis,131375,France,"27,304",20.3,22%,56 : 44,University of Nice Sophia Antipolis,"Art, Performing Arts & Design,Business & Management,Chemistry,Economics & Econometrics,Education,Geology, Environmental, Earth & Marine Sciences,Languages, Literature & Linguistics,Law,Mathematics & Statistics,Medicine & Dentistry,Physics & Astronomy,Politics & International Studies (incl Development Studies),Sport Science",False,False,False,
401-500,Novosibirsk State University,0,465,41.4,149,30.8,254,26.2,609,38.2,394,32.4,556,master_account,0,/world-university-rankings/novosibirsk-state-university,1030,Russian Federation,"7,131",7.1,13%,52 : 48,Novosibirsk State University,"Physics & Astronomy,Languages, Literature & Linguistics,Education,Politics & International Studies (incl Development Studies),Geology, Environmental, Earth & Marine Sciences,Art, Performing Arts & Design,Other Health,Civil Engineering,Mathematics & Statistics,General Engineering,Sociology,Archaeology,History, Philosophy & Theology,Accounting & Finance,Chemical Engineering,Medicine & Dentistry,Computer Science,Mechanical & Aerospace Engineering,Business & Management,Communication & Media Studies,Electrical & Electronic Engineering,Agriculture & Forestry,Economics & Econometrics,Chemistry,Law,Psychology,Biological Sciences",False,False,True,
401-500,The Open University,0,466,21,602,13.8,609,60.3,325,28.4,729,51.5,328,master_account,0,/world-university-rankings/open-university,959,United Kingdom,"76,685",35.9,9%,61 : 39,The Open University,"Chemistry,Physics & Astronomy,Sociology,Other Health,Computer Science,Economics & Econometrics,Agriculture & Forestry,Sport Science,Mathematics & Statistics,Business & Management,Art, Performing Arts & Design,Accounting & Finance,History, Philosophy & Theology,Politics & International Studies (incl Development Studies),Geology, Environmental, Earth & Marine Sciences,General Engineering,Psychology,Languages, Literature & Linguistics,Biological Sciences,Law,Education",False,False,False,https://www.timeshighereducation.com/student/register-interest/siuk?utm_medium=thewebsite&utm_campaign=cta-link&utm_source=rankings&iid=i-69018962
401-500,Oxford Brookes University,0,467,25.7,443,18.8,475,42.7,467,28.4,727,68.9,187,master_account,0,/world-university-rankings/oxford-brookes-university,131653,United Kingdom,"14,240",18.5,25%,57 : 43,Oxford Brookes University,"Architecture,Computer Science,Sport Science,Accounting & Finance,Electrical & Electronic Engineering,Communication & Media Studies,Languages, Literature & Linguistics,Biological Sciences,Geology, Environmental, Earth & Marine Sciences,Veterinary Science,History, Philosophy & Theology,Economics & Econometrics,Mechanical & Aerospace Engineering,Business & Management,Politics & International Studies (incl Development Studies),Other Health,Psychology,Medicine & Dentistry,Sociology,Geography,General Engineering,Art, Performing Arts & Design,Civil Engineering,Law,Education",False,False,False,https://www.timeshighereducation.com/student/register-interest/siuk?utm_medium=thewebsite&utm_campaign=cta-link&utm_source=rankings&iid=i-71176562
401-500,University of Palermo,0,468,15.3,783,9.1,753,77.4,178,28,755,23.6,660,master_account,0,/world-university-rankings/university-palermo,131270,Italy,"43,875",22.4,1%,60 : 40,University of Palermo,"Law,Chemistry,Other Health,Civil Engineering,Business & Management,Medicine & Dentistry,Economics & Econometrics,Accounting & Finance,Archaeology,Agriculture & Forestry,Sport Science,General Engineering,Mechanical & Aerospace Engineering,Psychology,Biological Sciences,Politics & International Studies (incl Development Studies),Education,Geology, Environmental, Earth & Marine Sciences,Architecture,Electrical & Electronic Engineering,Mathematics & Statistics,History, Philosophy & Theology,Computer Science,Communication & Media Studies,Art, Performing Arts & Design,Languages, Literature & Linguistics,Physics & Astronomy,Chemical Engineering",False,False,False,
401-500,University of Parma,0,469,17.7,732,16.6,531,56.4,353,37.1,420,36.8,497,master_account,0,/world-university-rankings/university-parma,131545,Italy,"26,937",29.1,7%,56 : 44,University of Parma,"Accounting & Finance,Electrical & Electronic Engineering,Veterinary Science,Architecture,Education,Physics & Astronomy,Politics & International Studies (incl Development Studies),Medicine & Dentistry,Other Health,Communication & Media Studies,Chemistry,Chemical Engineering,Mechanical & Aerospace Engineering,Law,Geology, Environmental, Earth & Marine Sciences,Psychology,Art, Performing Arts & Design,Civil Engineering,Mathematics & Statistics,Archaeology,Sociology,Business & Management,Sport Science,Computer Science,Economics & Econometrics,Biological Sciences,General Engineering,Languages, Literature & Linguistics,History, Philosophy & Theology,Agriculture & Forestry",False,False,False,
401-500,University of Pisa,0,470,21.6,577,18.9,472,64.5,291,31.4,592,31.1,573,master_account,0,/world-university-rankings/university-pisa,795,Italy,"47,247",18.0,3%,52 : 48,University of Pisa,"Art, Performing Arts & Design,Civil Engineering,Sport Science,Law,Languages, Literature & Linguistics,Chemical Engineering,Economics & Econometrics,General Engineering,Veterinary Science,Mathematics & Statistics,Electrical & Electronic Engineering,Physics & Astronomy,Psychology,Other Health,Chemistry,Business & Management,Education,Archaeology,Communication & Media Studies,Computer Science,Accounting & Finance,History, Philosophy & Theology,Sociology,Biological Sciences,Politics & International Studies (incl Development Studies),Geology, Environmental, Earth & Marine Sciences,Mechanical & Aerospace Engineering,Agriculture & Forestry,Medicine & Dentistry",False,False,False,
401-500,Universitat Politècnica de Catalunya,0,471,25.2,461,14.8,582,44.7,448,40.9,349,63.9,216,master_account,0,/world-university-rankings/universitat-politecnica-de-catalunya,849,Spain,"22,893",11.7,28%,12 : 88,Universitat Politècnica de Catalunya,"Agriculture & Forestry,Business & Management,Electrical & Electronic Engineering,Chemical Engineering,Communication & Media Studies,General Engineering,Physics & Astronomy,Mathematics & Statistics,Biological Sciences,Other Health,Art, Performing Arts & Design,Civil Engineering,Chemistry,Computer Science,Geology, Environmental, Earth & Marine Sciences,Architecture,Mechanical & Aerospace Engineering",False,False,False,
401-500,Pontificia Universidad Católica de Chile,0,472,28.2,376,21.3,422,37,513,28,757,52.4,322,master_account,0,/world-university-rankings/pontificia-universidad-catolica-de-chile,852,Chile,"25,075",15.3,7%,,Pontificia Universidad Católica de Chile,"Chemistry,General Engineering,Art, Performing Arts & Design,Medicine & Dentistry,Veterinary Science,Education,Other Health,Architecture,Sport Science,Geography,History, Philosophy & Theology,Civil Engineering,Physics & Astronomy,Languages, Literature & Linguistics,Chemical Engineering,Sociology,Archaeology,Biological Sciences,Law,Communication & Media Studies,Psychology,Agriculture & Forestry,Politics & International Studies (incl Development Studies),Computer Science,Economics & Econometrics,Electrical & Electronic Engineering,Geology, Environmental, Earth & Marine Sciences,Business & Management,Mechanical & Aerospace Engineering,Mathematics & Statistics,Accounting & Finance",False,False,False,
401-500,University of Porto,0,473,32,295,28.2,292,37.2,512,38.7,387,45.4,404,master_account,0,/world-university-rankings/university-porto,798,Portugal,"32,720",18.8,9%,54 : 46,University of Porto,"Computer Science,Sport Science,Accounting & Finance,Other Health,Mathematics & Statistics,Geography,Electrical & Electronic Engineering,Geology, Environmental, Earth & Marine Sciences,Business & Management,Art, Performing Arts & Design,Communication & Media Studies,History, Philosophy & Theology,Biological Sciences,Architecture,Chemistry,Physics & Astronomy,Politics & International Studies (incl Development Studies),Psychology,Law,Sociology,Chemical Engineering,Civil Engineering,Economics & Econometrics,General Engineering,Archaeology,Mechanical & Aerospace Engineering,Medicine & Dentistry,Veterinary Science,Languages, Literature & Linguistics,Agriculture & Forestry,Education",False,False,False,
401-500,University of Portsmouth,0,474,17.2,748,10.9,699,58.2,343,28.9,690,79.3,117,master_account,0,/world-university-rankings/university-portsmouth,893,United Kingdom,"20,160",19.1,23%,45 : 55,University of Portsmouth,"Geology, Environmental, Earth & Marine Sciences,Sociology,Art, Performing Arts & Design,Archaeology,Mathematics & Statistics,Geography,Economics & Econometrics,Architecture,Other Health,Accounting & Finance,Civil Engineering,Business & Management,Psychology,History, Philosophy & Theology,Medicine & Dentistry,Sport Science,General Engineering,Physics & Astronomy,Biological Sciences,Mechanical & Aerospace Engineering,Education,Languages, Literature & Linguistics,Chemical Engineering,Communication & Media Studies,Computer Science,Politics & International Studies (incl Development Studies),Law,Electrical & Electronic Engineering",False,False,False,https://www.timeshighereducation.com/student/register-interest/siuk?utm_medium=thewebsite&utm_campaign=cta-link&utm_source=rankings&iid=i-40952633
401-500,RMIT University,0,475,24.7,481,17.7,501,44.6,452,37,423,82.1,97,master_account,0,/world-university-rankings/rmit-university,915,Australia,"29,501",18.1,24%,47 : 53,RMIT University RMIT Australia Melbourne,"Other Health,Mathematics & Statistics,Psychology,Computer Science,Physics & Astronomy,Business & Management,Mechanical & Aerospace Engineering,Communication & Media Studies,Medicine & Dentistry,Education,Sport Science,Art, Performing Arts & Design,Chemical Engineering,Sociology,Languages, Literature & Linguistics,Agriculture & Forestry,Geography,General Engineering,Chemistry,Accounting & Finance,Architecture,Biological Sciences,Law,Civil Engineering,Politics & International Studies (incl Development Studies),Electrical & Electronic Engineering,Geology, Environmental, Earth & Marine Sciences,Economics & Econometrics",False,False,False,https://www.timeshighereducation.com/student/register-interest/aecc?utm_medium=thewebsite&utm_campaign=cta-link&utm_source=rankings&iid=i-01576523
401-500,University of Rome II – Tor Vergata,0,476,23.5,522,17.2,517,64.5,292,34.7,479,36.5,504,master_account,0,/world-university-rankings/university-rome-ii-tor-vergata,131526,Italy,"33,504",26.5,6%,52 : 48,University of Rome II – Tor Vergata,"Archaeology,Agriculture & Forestry,Physics & Astronomy,Sport Science,Mechanical & Aerospace Engineering,Chemistry,Other Health,Law,Psychology,Biological Sciences,History, Philosophy & Theology,Civil Engineering,Accounting & Finance,Architecture,Chemical Engineering,Business & Management,Languages, Literature & Linguistics,Mathematics & Statistics,General Engineering,Education,Electrical & Electronic Engineering,Communication & Media Studies,Computer Science,Economics & Econometrics,Medicine & Dentistry,Art, Performing Arts & Design",False,False,False,
401-500,Rovira i Virgili University,0,477,20.8,605,14.8,583,66.9,263,30.9,614,41.5,441,master_account,0,/world-university-rankings/rovira-i-virgili-university,968,Spain,"12,533",12.8,9%,61 : 39,Rovira i Virgili University,"Computer Science,Communication & Media Studies,Mechanical & Aerospace Engineering,Mathematics & Statistics,Other Health,Chemical Engineering,Archaeology,Economics & Econometrics,Biological Sciences,Law,History, Philosophy & Theology,Accounting & Finance,Electrical & Electronic Engineering,Education,Chemistry,Geography,Architecture,Psychology,Medicine & Dentistry,General Engineering,Sport Science,Physics & Astronomy,Agriculture & Forestry,Languages, Literature & Linguistics,Business & Management",False,False,False,
401-500,Saint Petersburg State University,0,478,47.9,101,31.4,249,14.5,732,29.5,662,33,546,master_account,0,/world-university-rankings/saint-petersburg-state-university,853,Russian Federation,"20,836",5.2,7%,60 : 40,Saint Petersburg State University,"General Engineering,Languages, Literature & Linguistics,Sport Science,Psychology,Chemical Engineering,Sociology,Computer Science,Communication & Media Studies,History, Philosophy & Theology,Mathematics & Statistics,Business & Management,Art, Performing Arts & Design,Biological Sciences,Law,Other Health,Geology, Environmental, Earth & Marine Sciences,Archaeology,Physics & Astronomy,Accounting & Finance,Geography,Medicine & Dentistry,Chemistry,Economics & Econometrics,Politics & International Studies (incl Development Studies)",False,False,True,
401-500,University of Salento,0,479,29.6,348,13.2,629,53,378,36.2,445,24.5,654,master_account,0,/world-university-rankings/university-salento,854,Italy,"19,959",58.4,1%,64 : 36,University of Salento,"Computer Science,Communication & Media Studies,Civil Engineering,Sociology,Business & Management,Agriculture & Forestry,Education,Languages, Literature & Linguistics,Sport Science,Law,Art, Performing Arts & Design,General Engineering,Physics & Astronomy,Biological Sciences,Psychology,Mechanical & Aerospace Engineering,Mathematics & Statistics,Accounting & Finance,Archaeology,Politics & International Studies (incl Development Studies),History, Philosophy & Theology,Geography,Medicine & Dentistry,Geology, Environmental, Earth & Marine Sciences",False,False,False,
401-500,University of San Francisco,0,480,34.2,253,12.9,634,43.8,457,28.6,709,40.1,456,private,0,/world-university-rankings/university-san-francisco,131580,United States,"10,788",17.0,17%,63 : 37,University of San Francisco,"Accounting & Finance,Architecture,Art, Performing Arts & Design,Biological Sciences,Business & Management,Chemistry,Communication & Media Studies,Computer Science,Economics & Econometrics,Geology, Environmental, Earth & Marine Sciences,History, Philosophy & Theology,Languages, Literature & Linguistics,Mathematics & Statistics,Other Health,Physics & Astronomy,Politics & International Studies (incl Development Studies),Psychology,Sociology,Sport Science",False,False,False,https://www.timeshighereducation.com/student/register-interest/shorelight?utm_medium=thewebsite&utm_campaign=cta-link&utm_source=rankings&iid=i-57062521
401-500,University of Saskatchewan,0,481,30.8,325,22.4,396,39.7,496,62.9,152,52.9,314,master_account,11,/world-university-rankings/university-saskatchewan,131576,Canada,"19,028",16.3,14%,57 : 43,University of Saskatchewan,"Geography,Medicine & Dentistry,Psychology,Veterinary Science,Education,Art, Performing Arts & Design,Sociology,Accounting & Finance,Civil Engineering,Chemical Engineering,History, Philosophy & Theology,Law,Geology, Environmental, Earth & Marine Sciences,Biological Sciences,General Engineering,Languages, Literature & Linguistics,Archaeology,Sport Science,Chemistry,Other Health,Computer Science,Electrical & Electronic Engineering,Business & Management,Mathematics & Statistics,Physics & Astronomy,Agriculture & Forestry,Mechanical & Aerospace Engineering,Politics & International Studies (incl Development Studies),Economics & Econometrics",False,False,False,https://www.timeshighereducation.com/student/register-interest/applyboard?utm_medium=thewebsite&utm_campaign=cta-link&utm_source=rankings&iid=i-56275942
401-500,Sharif University of Technology,0,482,26.6,412,30.1,263,33.7,541,87.8,64,15.9,763,master_account,0,/world-university-rankings/sharif-university-technology,802,Iran,"10,977",18.7,0%,27 : 73,Sharif University of Technology,"Mathematics & Statistics,Languages, Literature & Linguistics,History, Philosophy & Theology,Business & Management,Electrical & Electronic Engineering,Mechanical & Aerospace Engineering,Chemistry,Civil Engineering,Physics & Astronomy,Computer Science,General Engineering,Chemical Engineering",False,False,False,
401-500,University of Siena,0,483,23.7,513,17.8,498,45.2,445,33.2,523,39,472,master_account,0,/world-university-rankings/university-siena,131379,Italy,"18,846",23.6,5%,59 : 41,University of Siena,"Medicine & Dentistry,Chemistry,Accounting & Finance,History, Philosophy & Theology,Physics & Astronomy,Mathematics & Statistics,Business & Management,Computer Science,Politics & International Studies (incl Development Studies),Art, Performing Arts & Design,Agriculture & Forestry,Law,Archaeology,Geology, Environmental, Earth & Marine Sciences,Other Health,Communication & Media Studies,Economics & Econometrics,Languages, Literature & Linguistics,Biological Sciences,Education,General Engineering,Sociology,Electrical & Electronic Engineering,Geography",False,False,False,
401-500,Southern Cross University,0,484,18.9,675,18.3,487,53.3,375,37.7,407,52.7,318,master_account,0,/world-university-rankings/southern-cross-university,131754,Australia,"9,026",32.8,15%,66 : 34,Southern Cross University,"Education,Computer Science,Communication & Media Studies,Civil Engineering,Agriculture & Forestry,Geology, Environmental, Earth & Marine Sciences,Art, Performing Arts & Design,Law,Mechanical & Aerospace Engineering,Sport Science,Sociology,Psychology,Business & Management,Other Health,Accounting & Finance,Biological Sciences",False,False,False,https://www.timeshighereducation.com/student/register-interest/aecc?utm_medium=thewebsite&utm_campaign=cta-link&utm_source=rankings&iid=i-88772691
401-500,SUNY University at Albany,0,485,25.6,450,35.3,207,35.5,528,28,761,31.4,569,public,0,/world-university-rankings/suny-university-albany,710,United States,"15,387",18.5,8%,51 : 49,SUNY University at Albany,"Business & Management,Sociology,Politics & International Studies (incl Development Studies),Geology, Environmental, Earth & Marine Sciences,Art, Performing Arts & Design,Archaeology,Economics & Econometrics,Other Health,Physics & Astronomy,Electrical & Electronic Engineering,Communication & Media Studies,Languages, Literature & Linguistics,Psychology,Education,Biological Sciences,Computer Science,Accounting & Finance,Geography,Chemistry,Mathematics & Statistics,History, Philosophy & Theology",False,False,False,https://www.timeshighereducation.com/student/register-interest/shorelight?utm_medium=thewebsite&utm_campaign=cta-link&utm_source=rankings&iid=i-55365012
401-500,University of Strathclyde,0,486,25.9,437,28,295,31.8,557,44.1,287,71,170,master_account,0,/world-university-rankings/university-strathclyde,856,United Kingdom,"15,705",20.1,20%,50 : 50,University of Strathclyde,"Education,General Engineering,Physics & Astronomy,Chemical Engineering,Psychology,Biological Sciences,Other Health,Politics & International Studies (incl Development Studies),Sport Science,Sociology,Communication & Media Studies,Law,Mechanical & Aerospace Engineering,Civil Engineering,History, Philosophy & Theology,Electrical & Electronic Engineering,Geology, Environmental, Earth & Marine Sciences,Art, Performing Arts & Design,Business & Management,Mathematics & Statistics,Chemistry,Computer Science,Economics & Econometrics,Languages, Literature & Linguistics,Accounting & Finance",False,False,False,https://www.timeshighereducation.com/student/register-interest/siuk?utm_medium=thewebsite&utm_campaign=cta-link&utm_source=rankings&iid=i-30420621
401-500,University of Tampere,0,487,23.5,523,13.7,616,63.7,300,40,366,41.9,434,master_account,0,/world-university-rankings/university-tampere,807,Finland,"10,045",9.5,4%,66 : 34,University of Tampere,"Medicine & Dentistry,Business & Management,Sociology,Politics & International Studies (incl Development Studies),Languages, Literature & Linguistics,Education,Computer Science,Other Health,Accounting & Finance,Communication & Media Studies,History, Philosophy & Theology,Psychology,Art, Performing Arts & Design,Law,Mathematics & Statistics,Economics & Econometrics",False,False,False,
401-500,Boğaziçi University,0,488,21.9,562,19.2,463,45.4,443,57.1,187,38.3,478,master_account,0,/world-university-rankings/bogazici-university,772,Turkey,"11,506",25.0,7%,50 : 50,Boğaziçi University,"General Engineering,Geology, Environmental, Earth & Marine Sciences,Medicine & Dentistry,Mathematics & Statistics,History, Philosophy & Theology,Chemical Engineering,Veterinary Science,Geography,Economics & Econometrics,Archaeology,Biological Sciences,Law,Accounting & Finance,Art, Performing Arts & Design,Mechanical & Aerospace Engineering,Sociology,Languages, Literature & Linguistics,Civil Engineering,Politics & International Studies (incl Development Studies),Psychology,Architecture,Agriculture & Forestry,Sport Science,Education,Electrical & Electronic Engineering,Communication & Media Studies,Other Health,Physics & Astronomy,Computer Science,Chemistry,Business & Management",False,False,False,
401-500,Tampere University of Technology,0,489,23.1,534,17.2,518,45.5,441,67.5,132,54,297,master_account,0,/world-university-rankings/tampere-university-technology,958,Finland,"6,147",15.5,13%,23 : 77,Tampere University of Technology tut,"Mechanical & Aerospace Engineering,Chemistry,Architecture,Physics & Astronomy,Computer Science,General Engineering,Civil Engineering,Electrical & Electronic Engineering,Mathematics & Statistics",False,False,False,
401-500,Tokyo Medical and Dental University (TMDU),0,490,39.3,178,18.3,488,36.6,515,59.5,169,23.1,668,master_account,0,/world-university-rankings/tokyo-medical-and-dental-university-tmdu,762,Japan,"2,872",3.3,7%,51 : 49,Tokyo Medical and Dental University (TMDU),"Geology, Environmental, Earth & Marine Sciences,Medicine & Dentistry,Politics & International Studies (incl Development Studies),History, Philosophy & Theology,Education,Communication & Media Studies,Agriculture & Forestry,Veterinary Science,Art, Performing Arts & Design,Civil Engineering,Chemical Engineering,Electrical & Electronic Engineering,Biological Sciences,Physics & Astronomy,Accounting & Finance,Economics & Econometrics,Business & Management,Archaeology,Chemistry,Mechanical & Aerospace Engineering,Architecture,Computer Science,Psychology,Sport Science,Law,Mathematics & Statistics,General Engineering,Other Health,Sociology,Languages, Literature & Linguistics,Geography",False,False,False,
401-500,Tokyo Metropolitan University,0,491,21.6,578,11.4,680,72.2,224,30.9,615,19.9,707,master_account,6,/world-university-rankings/tokyo-metropolitan-university,712,Japan,"9,303",9.9,3%,35 : 65,Tokyo Metropolitan University,"Civil Engineering,Politics & International Studies (incl Development Studies),General Engineering,Architecture,Business & Management,Electrical & Electronic Engineering,Sport Science,Communication & Media Studies,Medicine & Dentistry,Mathematics & Statistics,Accounting & Finance,Archaeology,Other Health,Geology, Environmental, Earth & Marine Sciences,History, Philosophy & Theology,Economics & Econometrics,Languages, Literature & Linguistics,Law,Chemistry,Education,Art, Performing Arts & Design,Biological Sciences,Psychology,Mechanical & Aerospace Engineering,Sociology,Geography,Agriculture & Forestry,Physics & Astronomy,Computer Science,Chemical Engineering",False,False,False,
401-500,University of Tsukuba,0,492,40,165,30,266,33.7,542,42.9,310,34.4,529,master_account,0,/world-university-rankings/university-tsukuba,735,Japan,"15,930",12.6,16%,38 : 62,University of Tsukuba,"Chemical Engineering,Mechanical & Aerospace Engineering,Architecture,Computer Science,Agriculture & Forestry,Chemistry,History, Philosophy & Theology,Politics & International Studies (incl Development Studies),Education,Civil Engineering,Languages, Literature & Linguistics,Art, Performing Arts & Design,Psychology,Other Health,Medicine & Dentistry,Geology, Environmental, Earth & Marine Sciences,Business & Management,Economics & Econometrics,Physics & Astronomy,Communication & Media Studies,Accounting & Finance,Geography,Sociology,Electrical & Electronic Engineering,Biological Sciences,General Engineering,Archaeology,Mathematics & Statistics,Sport Science,Law",False,False,False,
401-500,University of Ulsan,0,493,19.5,648,20.5,440,54,366,64.7,141,18.6,726,master_account,0,/world-university-rankings/university-ulsan,128781,South Korea,"14,037",13.3,3%,,University of Ulsan,"Business & Management,Medicine & Dentistry,Languages, Literature & Linguistics,Education,Geology, Environmental, Earth & Marine Sciences,Chemistry,Computer Science,Veterinary Science,Architecture,Other Health,History, Philosophy & Theology,Economics & Econometrics,Civil Engineering,Electrical & Electronic Engineering,Biological Sciences,Law,Accounting & Finance,Chemical Engineering,Mechanical & Aerospace Engineering,Sociology,Mathematics & Statistics,Physics & Astronomy,Art, Performing Arts & Design,Sport Science,General Engineering,Politics & International Studies (incl Development Studies)",False,False,False,
401-500,Ulster University,0,494,19.1,667,13.2,630,44.1,456,29.2,676,79,121,master_account,0,/world-university-rankings/ulster-university,128788,United Kingdom,"19,620",15.8,15%,55 : 45,Ulster University,"Other Health,Communication & Media Studies,Languages, Literature & Linguistics,Chemical Engineering,Psychology,Civil Engineering,Law,Art, Performing Arts & Design,Mechanical & Aerospace Engineering,Education,Electrical & Electronic Engineering,Sport Science,Computer Science,Politics & International Studies (incl Development Studies),General Engineering,Sociology,Architecture,Veterinary Science,Accounting & Finance,Medicine & Dentistry,Geology, Environmental, Earth & Marine Sciences,Economics & Econometrics,History, Philosophy & Theology,Biological Sciences,Business & Management",False,False,False,https://www.timeshighereducation.com/student/register-interest/siuk?utm_medium=thewebsite&utm_campaign=cta-link&utm_source=rankings&iid=i-23766844
401-500,Université du Québec à Montréal,0,495,26.8,408,24.5,354,41.6,480,29.2,677,42.9,429,master_account,0,/world-university-rankings/universite-du-quebec-a-montreal,1013,Canada,"27,046",24.7,9%,61 : 39,Université du Québec à Montréal,"Art, Performing Arts & Design,Business & Management,Education,History, Philosophy & Theology,Languages, Literature & Linguistics,Law,Other Health,Politics & International Studies (incl Development Studies)",False,False,False,https://www.timeshighereducation.com/student/register-interest/applyboard?utm_medium=thewebsite&utm_campaign=cta-link&utm_source=rankings&iid=i-29994672
401-500,Universiti Teknologi Malaysia,0,496,26.3,420,14.6,595,44.7,450,31.1,604,51.7,327,master_account,0,/world-university-rankings/universiti-teknologi-malaysia,1042,Malaysia,"16,270",9.0,13%,43 : 57,Universiti Teknologi Malaysia,"Mechanical & Aerospace Engineering,Business & Management,Chemical Engineering,Psychology,Computer Science,Geology, Environmental, Earth & Marine Sciences,Biological Sciences,Accounting & Finance,Economics & Econometrics,History, Philosophy & Theology,Mathematics & Statistics,General Engineering,Education,Languages, Literature & Linguistics,Architecture,Chemistry,Art, Performing Arts & Design,Electrical & Electronic Engineering,Politics & International Studies (incl Development Studies),Sport Science,Physics & Astronomy,Civil Engineering,Communication & Media Studies",False,False,False,
401-500,University of Urbino Carlo Bo,0,497,17.2,749,8.7,766,66.8,266,31.2,599,35,520,master_account,0,/world-university-rankings/university-urbino-carlo-bo,131665,Italy,"13,435",37.4,7%,61 : 39,University of Urbino Carlo Bo,"Chemistry,Law,Computer Science,Politics & International Studies (incl Development Studies),Biological Sciences,Accounting & Finance,Communication & Media Studies,History, Philosophy & Theology,Geography,Archaeology,Sociology,Economics & Econometrics,Languages, Literature & Linguistics,Physics & Astronomy,Business & Management,Geology, Environmental, Earth & Marine Sciences,Psychology,Sport Science,Mathematics & Statistics,Education",False,False,False,
401-500,University of Valencia,0,498,22.7,545,16.9,526,49.6,407,31.3,597,40.5,451,master_account,0,/world-university-rankings/university-valencia,809,Spain,"58,413",15.4,9%,60 : 40,University of Valencia,"Chemical Engineering,Psychology,Physics & Astronomy,History, Philosophy & Theology,Mathematics & Statistics,Other Health,Education,Agriculture & Forestry,Art, Performing Arts & Design,Law,Biological Sciences,Computer Science,Sociology,Accounting & Finance,Business & Management,Politics & International Studies (incl Development Studies),Sport Science,Architecture,Geology, Environmental, Earth & Marine Sciences,Medicine & Dentistry,Geography,Communication & Media Studies,Languages, Literature & Linguistics,Economics & Econometrics,Chemistry,Electrical & Electronic Engineering",False,False,False,
401-500,University of Waikato,0,499,19.3,657,18.2,492,53.7,370,30.7,621,87,70,master_account,0,/world-university-rankings/university-waikato,812,New Zealand,"10,159",17.0,25%,57 : 43,University of Waikato UoW,"Other Health,Mathematics & Statistics,Psychology,History, Philosophy & Theology,Sport Science,Law,Computer Science,Physics & Astronomy,Business & Management,Civil Engineering,Politics & International Studies (incl Development Studies),Art, Performing Arts & Design,Biological Sciences,Geography,Mechanical & Aerospace Engineering,Communication & Media Studies,Economics & Econometrics,Languages, Literature & Linguistics,Agriculture & Forestry,Education,General Engineering,Chemistry,Electrical & Electronic Engineering,Geology, Environmental, Earth & Marine Sciences,Accounting & Finance,Chemical Engineering,Sociology",False,False,False,https://www.timeshighereducation.com/student/register-interest/aecc?utm_medium=thewebsite&utm_campaign=cta-link&utm_source=rankings&iid=i-22862122
401-500,Western Sydney University,0,500,20.1,628,24.6,353,52.3,386,30.7,622,54,298,master_account,0,/world-university-rankings/western-sydney-university,1014,Australia,"30,704",32.2,9%,56 : 44,Western Sydney University University of Western Sydney WSU UWS,"Geology, Environmental, Earth & Marine Sciences,Other Health,Electrical & Electronic Engineering,Civil Engineering,Politics & International Studies (incl Development Studies),Veterinary Science,Biological Sciences,Geography,Archaeology,Chemical Engineering,Psychology,Languages, Literature & Linguistics,Mathematics & Statistics,Architecture,Business & Management,Chemistry,Computer Science,Economics & Econometrics,Sociology,Communication & Media Studies,Mechanical & Aerospace Engineering,Accounting & Finance,History, Philosophy & Theology,Agriculture & Forestry,Law,General Engineering,Medicine & Dentistry,Education,Physics & Astronomy,Art, Performing Arts & Design,Sport Science",False,False,False,
401-500,Wuhan University,0,501,38.2,193,26.8,319,18,694,97.8,39,36.7,500,master_account,0,/world-university-rankings/wuhan-university,863,China,"46,227",14.4,7%,,Wuhan University,"History, Philosophy & Theology,Mathematics & Statistics,Geography,Physics & Astronomy,Medicine & Dentistry,Biological Sciences,Languages, Literature & Linguistics,Communication & Media Studies,Law,Psychology,Business & Management,Other Health,Mechanical & Aerospace Engineering,Chemical Engineering,Accounting & Finance,Civil Engineering,Archaeology,Politics & International Studies (incl Development Studies),Electrical & Electronic Engineering,Art, Performing Arts & Design,Veterinary Science,Architecture,Sociology,Economics & Econometrics,Geology, Environmental, Earth & Marine Sciences,General Engineering,Chemistry,Computer Science",False,False,False,
401-500,Xiamen University,0,502,26.7,410,15.6,560,47,425,0,799,25,651,master_account,0,/world-university-rankings/xiamen-university,131582,China,"32,921",12.3,5%,52 : 48,Xiamen University,"History, Philosophy & Theology,Biological Sciences,Veterinary Science,Electrical & Electronic Engineering,Other Health,Sport Science,Art, Performing Arts & Design,Sociology,Computer Science,Languages, Literature & Linguistics,Medicine & Dentistry,Accounting & Finance,Chemistry,Education,Agriculture & Forestry,Mathematics & Statistics,Politics & International Studies (incl Development Studies),Psychology,Geography,Architecture,Civil Engineering,Business & Management,Law,Physics & Astronomy,Economics & Econometrics,General Engineering,Chemical Engineering,Communication & Media Studies,Mechanical & Aerospace Engineering,Archaeology,Geology, Environmental, Earth & Marine Sciences",False,False,False,
501-600,American University of Beirut,0,503,27.7,388,11.2,686,31.9,553,0,765,93,27,master_account,0,/world-university-rankings/american-university-beirut,947,Lebanon,"7,695",8.9,25%,51 : 49,American University of Beirut,"Biological Sciences,Civil Engineering,Accounting & Finance,Mechanical & Aerospace Engineering,Architecture,Mathematics & Statistics,Communication & Media Studies,Sociology,Archaeology,Art, Performing Arts & Design,Geology, Environmental, Earth & Marine Sciences,General Engineering,Business & Management,Chemical Engineering,Other Health,Psychology,Chemistry,Politics & International Studies (incl Development Studies),Education,Physics & Astronomy,Economics & Econometrics,Agriculture & Forestry,Computer Science,Electrical & Electronic Engineering,History, Philosophy & Theology,Languages, Literature & Linguistics,Medicine & Dentistry",False,False,False,
501-600,Amirkabir University of Technology,0,504,24.5,488,25.7,335,34.8,533,55.7,194,7.7,797,master_account,0,/world-university-rankings/amirkabir-university-technology,131497,Iran,"14,080",25.6,1%,34 : 66,Amirkabir University of Technology,"Physics & Astronomy,Geology, Environmental, Earth & Marine Sciences,General Engineering,Chemistry,Civil Engineering,Electrical & Electronic Engineering,Computer Science,Chemical Engineering,Mechanical & Aerospace Engineering,Business & Management,Mathematics & Statistics",False,False,False,
501-600,"University of the Andes, Colombia",0,505,21.2,595,13.8,608,31.2,564,28,763,51.7,326,master_account,0,/world-university-rankings/university-andes-colombia,896,Colombia,"15,773",16.9,2%,44 : 56,"University of the Andes, Colombia","Languages, Literature & Linguistics,Electrical & Electronic Engineering,Politics & International Studies (incl Development Studies),Chemistry,Accounting & Finance,Art, Performing Arts & Design,Mechanical & Aerospace Engineering,Sociology,Medicine & Dentistry,Geology, Environmental, Earth & Marine Sciences,Economics & Econometrics,Architecture,Civil Engineering,Geography,Mathematics & Statistics,Education,Biological Sciences,Psychology,General Engineering,Communication & Media Studies,Chemical Engineering,Law,History, Philosophy & Theology,Computer Science,Physics & Astronomy,Business & Management",False,False,False,
501-600,University of Arkansas,0,506,25.5,452,17.4,511,30.3,573,36.9,425,25.9,636,public,0,/world-university-rankings/university-arkansas,131806,United States,"22,819",21.2,5%,50 : 50,University of Arkansas,"Other Health,Communication & Media Studies,Accounting & Finance,Geology, Environmental, Earth & Marine Sciences,Art, Performing Arts & Design,Mathematics & Statistics,Education,Physics & Astronomy,Veterinary Science,Sport Science,Languages, Literature & Linguistics,Computer Science,Politics & International Studies (incl Development Studies),Medicine & Dentistry,Chemistry,Economics & Econometrics,Law,Architecture,Geography,Archaeology,Sociology,Civil Engineering,Chemical Engineering,History, Philosophy & Theology,Psychology,General Engineering,Mechanical & Aerospace Engineering,Agriculture & Forestry,Business & Management,Electrical & Electronic Engineering,Biological Sciences",False,False,False,https://www.timeshighereducation.com/student/register-interest/shorelight?utm_medium=thewebsite&utm_campaign=cta-link&utm_source=rankings&iid=i-97361274
501-600,Auburn University,0,507,30.2,333,19.4,459,21,660,37.2,417,27.9,615,public,0,/world-university-rankings/auburn-university,817,United States,"22,386",17.6,4%,51 : 49,Auburn University,"History, Philosophy & Theology,Biological Sciences,Geology, Environmental, Earth & Marine Sciences,Mechanical & Aerospace Engineering,Law,Architecture,Agriculture & Forestry,Education,Electrical & Electronic Engineering,Physics & Astronomy,Psychology,Medicine & Dentistry,Mathematics & Statistics,Business & Management,Art, Performing Arts & Design,Chemical Engineering,Chemistry,Economics & Econometrics,Languages, Literature & Linguistics,Civil Engineering,Geography,Computer Science,Communication & Media Studies,Accounting & Finance,Other Health,Veterinary Science,Sociology,General Engineering,Sport Science,Politics & International Studies (incl Development Studies)",False,False,False,https://www.timeshighereducation.com/student/register-interest/shorelight?utm_medium=thewebsite&utm_campaign=cta-link&utm_source=rankings&iid=i-23882234
501-600,Babeş-Bolyai University,0,508,27.9,380,12.5,640,32.1,551,28.6,706,35.4,514,master_account,0,/world-university-rankings/babes-bolyai-university,131789,Romania,"37,915",23.5,2%,67 : 33,Babeş-Bolyai University,"Mechanical & Aerospace Engineering,Economics & Econometrics,Business & Management,Other Health,Chemical Engineering,Communication & Media Studies,Electrical & Electronic Engineering,Art, Performing Arts & Design,Mathematics & Statistics,Accounting & Finance,Languages, Literature & Linguistics,Sport Science,Chemistry,Law,Geography,History, Philosophy & Theology,Archaeology,Education,Physics & Astronomy,Geology, Environmental, Earth & Marine Sciences,Sociology,Biological Sciences,Politics & International Studies (incl Development Studies),General Engineering,Psychology,Computer Science",False,False,False,
501-600,Bauman Moscow State Technical University,0,509,44,128,23.7,364,3.1,797,68.1,130,15.6,768,master_account,0,/world-university-rankings/bauman-moscow-state-technical-university,1037,Russian Federation,"18,808",4.0,4%,23 : 77,Bauman Moscow State Technical University,"Chemical Engineering,History, Philosophy & Theology,Geology, Environmental, Earth & Marine Sciences,Business & Management,Civil Engineering,Computer Science,Biological Sciences,Sport Science,Other Health,General Engineering,Chemistry,Sociology,Physics & Astronomy,Mathematics & Statistics,Law,Accounting & Finance,Languages, Literature & Linguistics,Art, Performing Arts & Design,Veterinary Science,Agriculture & Forestry,Economics & Econometrics,Electrical & Electronic Engineering,Medicine & Dentistry,Mechanical & Aerospace Engineering",False,False,True,
501-600,Blaise Pascal University,0,510,20.2,623,2.9,800,46.9,427,0,766,66.6,193,master_account,0,/world-university-rankings/blaise-pascal-university,131456,France,"15,619",7.1,17%,55 : 45,Blaise Pascal University,"Communication & Media Studies,Biological Sciences,Languages, Literature & Linguistics,Psychology,Electrical & Electronic Engineering,Chemistry,Mathematics & Statistics,General Engineering,Mechanical & Aerospace Engineering,Physics & Astronomy,Geology, Environmental, Earth & Marine Sciences,Sport Science",False,False,False,
501-600,Université Bourgogne Europe,0,511,21.4,582,8.8,761,46.3,434,0,769,50.9,332,master_account,0,/world-university-rankings/university-burgundy,131642,France,"26,612",20.8,11%,54 : 46,University of Burgundy,,False,False,False,
501-600,University of Canberra,0,512,18.4,693,19.3,461,29.8,578,36.2,444,54.6,289,master_account,0,/world-university-rankings/university-canberra,131399,Australia,"11,221",28.6,24%,54 : 46,University of Canberra,"Art, Performing Arts & Design,Computer Science,Politics & International Studies (incl Development Studies),Other Health,Communication & Media Studies,Architecture,Mathematics & Statistics,Accounting & Finance,Sport Science,Business & Management,Languages, Literature & Linguistics,Agriculture & Forestry,Education,Civil Engineering,Law,History, Philosophy & Theology,Biological Sciences,Psychology,Geology, Environmental, Earth & Marine Sciences,General Engineering,Sociology,Medicine & Dentistry,Chemistry,Economics & Econometrics",False,False,False,
501-600,Ben-Gurion University of the Negev,0,513,25.8,438,23.1,377,30.1,574,37,421,52.9,313,master_account,0,/world-university-rankings/ben-gurion-university-negev,131788,Israel,"16,695",12.6,2%,49 : 51,Ben-Gurion University of the Negev,"Education,Mechanical & Aerospace Engineering,General Engineering,Archaeology,Electrical & Electronic Engineering,Mathematics & Statistics,Medicine & Dentistry,Civil Engineering,Chemistry,Agriculture & Forestry,Physics & Astronomy,Psychology,Sociology,Geology, Environmental, Earth & Marine Sciences,Art, Performing Arts & Design,Communication & Media Studies,Politics & International Studies (incl Development Studies),History, Philosophy & Theology,Chemical Engineering,Languages, Literature & Linguistics,Other Health,Business & Management,Biological Sciences,Geography,Economics & Econometrics,Computer Science",False,False,False,
501-600,Carleton University,0,514,19.9,637,24,360,32,552,30.4,627,61.3,238,master_account,11,/world-university-rankings/carleton-university,694,Canada,"25,036",29.8,18%,47 : 53,Carleton University,"Electrical & Electronic Engineering,Veterinary Science,Accounting & Finance,Languages, Literature & Linguistics,Communication & Media Studies,Civil Engineering,Computer Science,Physics & Astronomy,Business & Management,Art, Performing Arts & Design,General Engineering,Sport Science,Law,History, Philosophy & Theology,Biological Sciences,Geography,Architecture,Mathematics & Statistics,Psychology,Agriculture & Forestry,Politics & International Studies (incl Development Studies),Mechanical & Aerospace Engineering,Geology, Environmental, Earth & Marine Sciences,Chemistry,Archaeology,Economics & Econometrics,Chemical Engineering,Sociology",False,False,False,https://www.timeshighereducation.com/student/register-interest/applyboard?utm_medium=thewebsite&utm_campaign=cta-link&utm_source=rankings&iid=i-70245253
501-600,University of Catania,0,515,19.2,658,15.9,548,52.9,379,29.5,659,25.3,646,master_account,0,/world-university-rankings/university-catania,131466,Italy,"55,859",49.7,1%,61 : 39,University of Catania,"Agriculture & Forestry,Politics & International Studies (incl Development Studies),Mathematics & Statistics,Electrical & Electronic Engineering,Mechanical & Aerospace Engineering,Languages, Literature & Linguistics,Business & Management,Art, Performing Arts & Design,Communication & Media Studies,Medicine & Dentistry,Physics & Astronomy,Geology, Environmental, Earth & Marine Sciences,Economics & Econometrics,Sport Science,Education,Architecture,Other Health,Psychology,Computer Science,Archaeology,Chemical Engineering,Civil Engineering,Accounting & Finance,Sociology,General Engineering,Law,Chemistry,History, Philosophy & Theology,Biological Sciences",False,False,False,
501-600,Central Queensland University,0,516,20.9,603,11.4,677,43.7,458,32.5,544,50.8,334,master_account,11,/world-university-rankings/central-queensland-university,131564,Australia,"11,452",29.6,27%,59 : 41,Central Queensland University CQUni CQUniversity  Australia CQU,"Mathematics & Statistics,General Engineering,Psychology,Sociology,Chemical Engineering,Medicine & Dentistry,Art, Performing Arts & Design,Mechanical & Aerospace Engineering,Politics & International Studies (incl Development Studies),Business & Management,Computer Science,Civil Engineering,Biological Sciences,Agriculture & Forestry,Education,Other Health,Economics & Econometrics,Communication & Media Studies,Accounting & Finance,Physics & Astronomy,Electrical & Electronic Engineering,Chemistry,Architecture,Languages, Literature & Linguistics,Sport Science,History, Philosophy & Theology,Geography,Geology, Environmental, Earth & Marine Sciences,Law",False,False,False,
501-600,University of Chile,0,517,28.3,371,19.6,454,30.5,572,0,771,44.1,415,master_account,0,/world-university-rankings/university-chile,1000,Chile,"29,207",14.2,3%,47 : 53,University of Chile,"Law,Chemistry,Mathematics & Statistics,Geography,Art, Performing Arts & Design,Agriculture & Forestry,Veterinary Science,Archaeology,Psychology,Economics & Econometrics,Mechanical & Aerospace Engineering,Languages, Literature & Linguistics,Other Health,Politics & International Studies (incl Development Studies),General Engineering,Communication & Media Studies,Geology, Environmental, Earth & Marine Sciences,Education,Civil Engineering,Accounting & Finance,Physics & Astronomy,Business & Management,Medicine & Dentistry,Biological Sciences,History, Philosophy & Theology,Electrical & Electronic Engineering,Computer Science,Sociology,Architecture,Chemical Engineering",False,False,False,
501-600,China Agricultural University,0,518,35.8,221,24.9,348,22.6,640,52.3,212,17.6,734,master_account,0,/world-university-rankings/china-agricultural-university,990,China,"19,342",12.0,1%,57 : 43,China Agricultural University,"Chemistry,Art, Performing Arts & Design,Physics & Astronomy,Biological Sciences,Geology, Environmental, Earth & Marine Sciences,General Engineering,Accounting & Finance,Agriculture & Forestry,Languages, Literature & Linguistics,Sociology,Veterinary Science,Politics & International Studies (incl Development Studies),History, Philosophy & Theology,Business & Management,Communication & Media Studies,Electrical & Electronic Engineering,Economics & Econometrics",False,False,False,
501-600,Chung-Ang University,0,519,29.9,338,27.6,303,17.4,704,61.3,157,43.7,420,master_account,11,/world-university-rankings/chung-ang-university,952,South Korea,"13,015",17.4,17%,45 : 55,Chung-Ang University CAU Chung Ang Korea,"Electrical & Electronic Engineering,Physics & Astronomy,Business & Management,Computer Science,Chemistry,Economics & Econometrics,Medicine & Dentistry,Mathematics & Statistics,Education,Art, Performing Arts & Design,Mechanical & Aerospace Engineering,Communication & Media Studies,History, Philosophy & Theology,Agriculture & Forestry,Geography,Other Health,Law,General Engineering,Sport Science,Architecture,Chemical Engineering,Sociology,Accounting & Finance,Languages, Literature & Linguistics,Civil Engineering,Politics & International Studies (incl Development Studies),Biological Sciences,Psychology",False,False,False,
501-600,Czech Technical University in Prague,0,520,20.6,610,9.3,752,46.5,431,28.2,738,25,650,master_account,0,/world-university-rankings/czech-technical-university-prague,131322,Czechia,"22,751",12.0,0%,0 : 100,Czech Technical University in Prague,"Mathematics & Statistics,Other Health,Business & Management,Civil Engineering,Electrical & Electronic Engineering,Computer Science,Accounting & Finance,Physics & Astronomy,Chemistry,General Engineering,Economics & Econometrics,Chemical Engineering,Biological Sciences,Mechanical & Aerospace Engineering",False,False,False,
501-600,De Montfort University,0,521,16.8,757,10.1,728,40.1,493,28.5,714,58.4,258,master_account,0,/world-university-rankings/de-montfort-university,131549,United Kingdom,"16,810",19.1,21%,57 : 43,De Montfort University,"Mechanical & Aerospace Engineering,Geography,Sociology,Mathematics & Statistics,Languages, Literature & Linguistics,Civil Engineering,Electrical & Electronic Engineering,General Engineering,Education,Computer Science,Chemistry,History, Philosophy & Theology,Politics & International Studies (incl Development Studies),Art, Performing Arts & Design,Business & Management,Communication & Media Studies,Architecture,Psychology,Economics & Econometrics,Biological Sciences,Sport Science,Other Health,Law,Chemical Engineering,Accounting & Finance",False,False,False,https://www.timeshighereducation.com/student/register-interest/siuk?utm_medium=thewebsite&utm_campaign=cta-link&utm_source=rankings&iid=i-50643454
501-600,East China Normal University,0,522,24.6,482,14.7,587,43.3,462,42,328,30.6,580,master_account,0,/world-university-rankings/east-china-normal-university,976,China,"29,623",14.0,11%,63 : 37,East China Normal University ecnu,"Electrical & Electronic Engineering,Mathematics & Statistics,Psychology,Economics & Econometrics,Medicine & Dentistry,Sport Science,Languages, Literature & Linguistics,Art, Performing Arts & Design,Accounting & Finance,History, Philosophy & Theology,Business & Management,Communication & Media Studies,Geology, Environmental, Earth & Marine Sciences,Chemistry,Geography,Sociology,Law,Computer Science,Education,Biological Sciences,Politics & International Studies (incl Development Studies),Other Health,Physics & Astronomy",False,False,False,
501-600,Edith Cowan University,0,523,18.9,671,16.1,539,35,531,34.5,487,68.7,188,master_account,0,/world-university-rankings/edith-cowan-university,922,Australia,"16,671",34.2,18%,61 : 39,Edith Cowan University ecu edith cowan,"Mechanical & Aerospace Engineering,Chemical Engineering,Other Health,History, Philosophy & Theology,Psychology,Art, Performing Arts & Design,Law,Agriculture & Forestry,General Engineering,Biological Sciences,Languages, Literature & Linguistics,Business & Management,Accounting & Finance,Computer Science,Politics & International Studies (incl Development Studies),Civil Engineering,Sport Science,Education,Sociology,Geology, Environmental, Earth & Marine Sciences,Electrical & Electronic Engineering,Mathematics & Statistics,Chemistry,Communication & Media Studies,Physics & Astronomy",False,False,False,
501-600,Federal University of Rio de Janeiro,0,524,32.4,285,19.7,452,18.3,688,42.9,307,25.1,649,master_account,0,/world-university-rankings/federal-university-rio-de-janeiro,987,Brazil,"52,878",12.8,2%,54 : 46,Federal University of Rio de Janeiro,"Electrical & Electronic Engineering,General Engineering,Chemistry,Business & Management,Accounting & Finance,Art, Performing Arts & Design,Politics & International Studies (incl Development Studies),Economics & Econometrics,Computer Science,Mechanical & Aerospace Engineering,Mathematics & Statistics,Communication & Media Studies,Chemical Engineering,Architecture,Agriculture & Forestry,History, Philosophy & Theology,Archaeology,Languages, Literature & Linguistics,Geography,Geology, Environmental, Earth & Marine Sciences,Other Health,Medicine & Dentistry,Civil Engineering,Law,Physics & Astronomy,Sociology,Psychology,Sport Science,Biological Sciences,Education",False,False,False,
501-600,University of Granada,0,525,24.3,490,14.7,588,45.8,436,29.4,665,36.4,505,master_account,0,/world-university-rankings/university-granada,131272,Spain,"53,476",16.0,6%,56 : 44,University of Granada,"Communication & Media Studies,Economics & Econometrics,General Engineering,Other Health,Mathematics & Statistics,Business & Management,Archaeology,Biological Sciences,Law,Architecture,Chemical Engineering,Geography,History, Philosophy & Theology,Sport Science,Education,Computer Science,Chemistry,Accounting & Finance,Languages, Literature & Linguistics,Agriculture & Forestry,Politics & International Studies (incl Development Studies),Electrical & Electronic Engineering,Geology, Environmental, Earth & Marine Sciences,Mechanical & Aerospace Engineering,Art, Performing Arts & Design,Civil Engineering,Sociology,Medicine & Dentistry,Physics & Astronomy,Psychology",False,False,False,
501-600,University of Haifa,0,526,25.5,453,29.5,271,26.2,608,30.3,637,34.7,523,master_account,0,/world-university-rankings/university-haifa,131280,Israel,"17,758",30.8,1%,65 : 35,University of Haifa,"Physics & Astronomy,Geography,Computer Science,Business & Management,Other Health,Art, Performing Arts & Design,Sociology,Accounting & Finance,Languages, Literature & Linguistics,Biological Sciences,Politics & International Studies (incl Development Studies),Economics & Econometrics,Communication & Media Studies,Psychology,Mathematics & Statistics,History, Philosophy & Theology,Education,Archaeology,Geology, Environmental, Earth & Marine Sciences,Law",False,False,False,
501-600,Harbin Institute of Technology,0,527,29.4,350,27.3,310,15.7,721,99.8,22,25.6,642,master_account,11,/world-university-rankings/harbin-institute-technology,827,China,"31,658",10.8,7%,29 : 71,Harbin Institute of Technology,"Law,Biological Sciences,Languages, Literature & Linguistics,Business & Management,Computer Science,Chemical Engineering,Chemistry,Civil Engineering,Accounting & Finance,Physics & Astronomy,Mechanical & Aerospace Engineering,Economics & Econometrics,Electrical & Electronic Engineering,Geology, Environmental, Earth & Marine Sciences,General Engineering,Mathematics & Statistics",False,False,False,
501-600,University of Hertfordshire,0,528,15.5,782,9.5,745,50.5,399,29.3,668,78.9,122,master_account,0,/world-university-rankings/university-hertfordshire,779,United Kingdom,"19,665",19.4,27%,54 : 46,University of Hertfordshire,"Communication & Media Studies,Electrical & Electronic Engineering,General Engineering,Politics & International Studies (incl Development Studies),Accounting & Finance,Biological Sciences,Physics & Astronomy,Civil Engineering,Art, Performing Arts & Design,Business & Management,Psychology,Other Health,Sport Science,Law,Sociology,Veterinary Science,Mathematics & Statistics,Geology, Environmental, Earth & Marine Sciences,Economics & Econometrics,Education,Computer Science,Geography,Mechanical & Aerospace Engineering,Architecture",False,False,False,https://www.timeshighereducation.com/student/register-interest/siuk?utm_medium=thewebsite&utm_campaign=cta-link&utm_source=rankings&iid=i-38054073
501-600,Hiroshima University,0,529,27.8,385,18.9,470,41.7,479,42.2,324,22.2,674,master_account,0,/world-university-rankings/hiroshima-university,829,Japan,"14,686",8.2,5%,36 : 64,Hiroshima University,"Civil Engineering,Sociology,Architecture,Archaeology,Psychology,Electrical & Electronic Engineering,Accounting & Finance,Mathematics & Statistics,Biological Sciences,Law,Physics & Astronomy,Art, Performing Arts & Design,Business & Management,Languages, Literature & Linguistics,Other Health,Mechanical & Aerospace Engineering,Veterinary Science,Geology, Environmental, Earth & Marine Sciences,Geography,Computer Science,General Engineering,Sport Science,Communication & Media Studies,Politics & International Studies (incl Development Studies),Medicine & Dentistry,Chemical Engineering,Agriculture & Forestry,History, Philosophy & Theology,Chemistry,Education,Economics & Econometrics",False,False,False,
501-600,Huazhong University of Science and Technology,0,530,29.3,352,22.7,384,31.6,559,71.8,114,17.3,738,master_account,11,/world-university-rankings/huazhong-university-science-and-technology,956,China,"57,242",17.7,3%,34 : 66,Huazhong University of Science and Technology Hua Zhong University HUST Tech,"General Engineering,Law,Art, Performing Arts & Design,Architecture,Mechanical & Aerospace Engineering,Education,Other Health,History, Philosophy & Theology,Civil Engineering,Physics & Astronomy,Medicine & Dentistry,Biological Sciences,Business & Management,Agriculture & Forestry,Geology, Environmental, Earth & Marine Sciences,Electrical & Electronic Engineering,Communication & Media Studies,Chemical Engineering,Sociology,Computer Science,Mathematics & Statistics,Chemistry,Languages, Literature & Linguistics,Economics & Econometrics",False,False,False,
501-600,Indian Institute of Technology Guwahati,0,531,24.3,491,20.7,436,42.6,468,32.3,552,12.9,794,master_account,0,/world-university-rankings/indian-institute-technology-guwahati,977,India,"4,710",14.2,1%,14 : 86,Indian Institute of Technology Guwahati,"Mathematics & Statistics,Mechanical & Aerospace Engineering,Agriculture & Forestry,Business & Management,Politics & International Studies (incl Development Studies),Computer Science,Psychology,Chemical Engineering,Physics & Astronomy,Electrical & Electronic Engineering,Biological Sciences,Chemistry,Art, Performing Arts & Design,Sociology,Architecture,Languages, Literature & Linguistics,Civil Engineering,History, Philosophy & Theology,Geology, Environmental, Earth & Marine Sciences,General Engineering,Economics & Econometrics,Veterinary Science",False,False,False,
501-600,Indian Institute of Technology Kanpur,0,532,33.1,272,15,571,31.5,560,28,750,16.4,755,master_account,0,/world-university-rankings/indian-institute-technology-kanpur,966,India,"6,167",12.2,0%,13 : 87,Indian Institute of Technology Kanpur,"Computer Science,Mathematics & Statistics,Psychology,Physics & Astronomy,General Engineering,Electrical & Electronic Engineering,Civil Engineering,Economics & Econometrics,Mechanical & Aerospace Engineering,Languages, Literature & Linguistics,Biological Sciences,Chemistry,Business & Management,Chemical Engineering",False,False,False,
501-600,Indian Institute of Technology Roorkee,0,533,29.7,344,17.5,504,37.2,511,81.4,80,13.9,788,master_account,0,/world-university-rankings/indian-institute-technology-roorkee,899,India,"8,061",18.7,1%,17 : 83,Indian Institute of Technology Roorkee,"Mechanical & Aerospace Engineering,General Engineering,Computer Science,Biological Sciences,Chemistry,Civil Engineering,Chemical Engineering,Physics & Astronomy,Business & Management,Mathematics & Statistics,Architecture,Geology, Environmental, Earth & Marine Sciences,Electrical & Electronic Engineering",False,False,False,
501-600,Isfahan University of Technology,0,534,18.1,714,23,378,39.5,498,99.5,29,17.2,743,master_account,0,/world-university-rankings/isfahan-university-technology,953,Iran,"10,964",26.5,1%,39 : 61,Isfahan University of Technology,"Physics & Astronomy,General Engineering,Veterinary Science,Civil Engineering,Agriculture & Forestry,Electrical & Electronic Engineering,Chemistry,Mechanical & Aerospace Engineering,Chemical Engineering,Mathematics & Statistics,Geology, Environmental, Earth & Marine Sciences,Computer Science,Biological Sciences",False,False,False,
501-600,Istanbul Technical University,0,535,19.2,660,25.8,333,26.5,605,72.1,113,22.9,670,master_account,0,/world-university-rankings/istanbul-technical-university,750,Turkey,"34,550",16.0,5%,34 : 66,Istanbul Technical University,"Archaeology,Civil Engineering,Business & Management,Economics & Econometrics,Geology, Environmental, Earth & Marine Sciences,Mechanical & Aerospace Engineering,Chemistry,Computer Science,Biological Sciences,General Engineering,Physics & Astronomy,Communication & Media Studies,Architecture,Chemical Engineering,Electrical & Electronic Engineering,Mathematics & Statistics,Politics & International Studies (incl Development Studies),Art, Performing Arts & Design,Sociology,Accounting & Finance",False,False,False,
501-600,Jadavpur University,0,536,32.8,278,22.2,401,31.8,555,33.8,504,7.7,798,master_account,0,/world-university-rankings/jadavpur-university,979,India,"10,697",16.1,0%,30 : 70,Jadavpur University,"Chemistry,Computer Science,History, Philosophy & Theology,Mathematics & Statistics,Geology, Environmental, Earth & Marine Sciences,Education,Chemical Engineering,Architecture,Electrical & Electronic Engineering,Politics & International Studies (incl Development Studies),Mechanical & Aerospace Engineering,Languages, Literature & Linguistics,Physics & Astronomy,Economics & Econometrics,Geography,General Engineering,Communication & Media Studies,Biological Sciences,Civil Engineering,Sociology",False,False,False,
501-600,Kanazawa University,0,537,24.7,479,14.8,580,35.5,527,30.4,628,18.4,729,master_account,0,/world-university-rankings/kanazawa-university,954,Japan,"10,546",10.4,5%,36 : 64,Kanazawa University,"Mechanical & Aerospace Engineering,Art, Performing Arts & Design,Civil Engineering,Mathematics & Statistics,General Engineering,Geology, Environmental, Earth & Marine Sciences,Architecture,Accounting & Finance,Law,Archaeology,Politics & International Studies (incl Development Studies),History, Philosophy & Theology,Chemical Engineering,Languages, Literature & Linguistics,Business & Management,Geography,Biological Sciences,Sociology,Economics & Econometrics,Medicine & Dentistry,Sport Science,Computer Science,Communication & Media Studies,Other Health,Psychology,Chemistry,Electrical & Electronic Engineering,Physics & Astronomy,Education",False,False,False,
501-600,Kansas State University,0,538,22.9,537,17.5,505,39.3,500,43.1,303,41.7,437,public,0,/world-university-rankings/kansas-state-university,831,United States,"21,379",15.1,10%,50 : 50,Kansas State University,"Electrical & Electronic Engineering,Other Health,Sport Science,Art, Performing Arts & Design,Economics & Econometrics,Geology, Environmental, Earth & Marine Sciences,Chemical Engineering,Politics & International Studies (incl Development Studies),Education,Architecture,Agriculture & Forestry,Biological Sciences,History, Philosophy & Theology,Civil Engineering,General Engineering,Geography,Languages, Literature & Linguistics,Accounting & Finance,Psychology,Sociology,Physics & Astronomy,Communication & Media Studies,Business & Management,Computer Science,Mathematics & Statistics,Chemistry,Law,Veterinary Science,Mechanical & Aerospace Engineering",False,False,False,https://www.timeshighereducation.com/student/register-interest/shorelight?utm_medium=thewebsite&utm_campaign=cta-link&utm_source=rankings&iid=i-29439461
501-600,Keio University,0,539,25,465,17.5,506,28.5,589,41.4,341,22.7,671,master_account,0,/world-university-rankings/keio-university,785,Japan,"33,751",11.9,5%,32 : 68,Keio University,"Sport Science,Education,Archaeology,Biological Sciences,Geography,Economics & Econometrics,History, Philosophy & Theology,Civil Engineering,Law,Other Health,Physics & Astronomy,Psychology,Languages, Literature & Linguistics,Mechanical & Aerospace Engineering,Politics & International Studies (incl Development Studies),Accounting & Finance,Art, Performing Arts & Design,Electrical & Electronic Engineering,Communication & Media Studies,Computer Science,Chemistry,General Engineering,Geology, Environmental, Earth & Marine Sciences,Medicine & Dentistry,Mathematics & Statistics,Business & Management,Architecture,Chemical Engineering,Sociology",False,False,False,
501-600,Kent State University,0,540,18.4,695,14.2,603,53.8,367,28.5,716,32.4,555,public,0,/world-university-rankings/kent-state-university,786,United States,"23,122",19.0,7%,58 : 42,Kent State University,"Geography,Medicine & Dentistry,Biological Sciences,Geology, Environmental, Earth & Marine Sciences,Accounting & Finance,Other Health,Sport Science,Education,Psychology,Business & Management,Mechanical & Aerospace Engineering,Politics & International Studies (incl Development Studies),Architecture,General Engineering,Mathematics & Statistics,History, Philosophy & Theology,Computer Science,Chemistry,Physics & Astronomy,Economics & Econometrics,Sociology,Art, Performing Arts & Design,Languages, Literature & Linguistics,Veterinary Science,Communication & Media Studies",False,False,False,https://www.timeshighereducation.com/student/register-interest/shorelight?utm_medium=thewebsite&utm_campaign=cta-link&utm_source=rankings&iid=i-90983582
501-600,KFUPM,0,541,25.4,456,16.1,541,24.4,626,81.2,82,84.5,84,master_account,11,/world-university-rankings/kfupm,916,Saudi Arabia,"6,898",7.1,19%,0 : 100,KFUPM,"Chemical Engineering,Electrical & Electronic Engineering,Economics & Econometrics,General Engineering,Accounting & Finance,Mechanical & Aerospace Engineering,Geology, Environmental, Earth & Marine Sciences,Chemistry,Mathematics & Statistics,Computer Science,Business & Management,Civil Engineering,Physics & Astronomy",False,False,False,
501-600,King Saud University,0,542,20,633,17.5,507,22.3,645,57.4,182,75.5,147,master_account,0,/world-university-rankings/king-saud-university,938,Saudi Arabia,"40,666",13.4,6%,,King Saud University,"Electrical & Electronic Engineering,Mathematics & Statistics,Business & Management,Art, Performing Arts & Design,General Engineering,Sociology,Law,Medicine & Dentistry,Architecture,Computer Science,Other Health,Mechanical & Aerospace Engineering,Accounting & Finance,Archaeology,Geology, Environmental, Earth & Marine Sciences,Economics & Econometrics,Chemistry,Languages, Literature & Linguistics,Civil Engineering,Communication & Media Studies,Education,Politics & International Studies (incl Development Studies),History, Philosophy & Theology,Biological Sciences,Sport Science,Physics & Astronomy,Psychology,Agriculture & Forestry,Veterinary Science,Chemical Engineering,Geography",False,False,False,
501-600,University of La Laguna,0,543,16.9,755,10,735,44.8,447,28.5,718,44.7,410,master_account,0,/world-university-rankings/university-la-laguna,131357,Spain,"22,422",14.9,5%,58 : 42,University of La Laguna,"Languages, Literature & Linguistics,Agriculture & Forestry,Computer Science,Chemistry,Accounting & Finance,Medicine & Dentistry,Mathematics & Statistics,History, Philosophy & Theology,Biological Sciences,Law,Art, Performing Arts & Design,Chemical Engineering,Sociology,Civil Engineering,Politics & International Studies (incl Development Studies),Mechanical & Aerospace Engineering,Communication & Media Studies,Other Health,Physics & Astronomy,Business & Management,Architecture,Sport Science,Education,Electrical & Electronic Engineering,Geology, Environmental, Earth & Marine Sciences,Economics & Econometrics,Geography,Psychology",False,False,False,
501-600,LUT University,0,544,27.1,398,27.5,307,20.8,664,80.3,85,53,310,master_account,0,/world-university-rankings/lut-university,1026,Finland,"3,486",23.9,19%,31 : 69,LUT University,"Chemical Engineering,Politics & International Studies (incl Development Studies),Geology, Environmental, Earth & Marine Sciences,Physics & Astronomy,Mathematics & Statistics,Chemistry,Computer Science,Accounting & Finance,General Engineering,Communication & Media Studies,Electrical & Electronic Engineering,Economics & Econometrics,Mechanical & Aerospace Engineering,Business & Management",False,False,False,
501-600,University of Limerick,0,545,19.8,638,16.3,537,36.6,514,34,500,76.5,139,master_account,11,/world-university-rankings/university-limerick,919,Ireland,"12,212",19.8,13%,46 : 54,University of Limerick,"Mathematics & Statistics,Computer Science,General Engineering,Geology, Environmental, Earth & Marine Sciences,Biological Sciences,Sport Science,Other Health,Economics & Econometrics,Civil Engineering,Psychology,Languages, Literature & Linguistics,Chemistry,History, Philosophy & Theology,Business & Management,Electrical & Electronic Engineering,Communication & Media Studies,Politics & International Studies (incl Development Studies),Mechanical & Aerospace Engineering,Architecture,Education,Medicine & Dentistry,Accounting & Finance,Physics & Astronomy,Law,Art, Performing Arts & Design,Sociology,Chemical Engineering",False,False,False,
501-600,University of Lisbon,0,546,25.9,436,18.3,486,32.4,548,35.4,463,46.6,387,master_account,0,/world-university-rankings/university-lisbon,1032,Portugal,"47,849",17.5,9%,51 : 49,University of Lisbon,"Mechanical & Aerospace Engineering,Communication & Media Studies,Other Health,Mathematics & Statistics,Geography,Chemical Engineering,Politics & International Studies (incl Development Studies),Psychology,Civil Engineering,Agriculture & Forestry,Economics & Econometrics,Architecture,Biological Sciences,Sociology,Education,Art, Performing Arts & Design,General Engineering,Sport Science,Business & Management,Languages, Literature & Linguistics,Computer Science,Geology, Environmental, Earth & Marine Sciences,Accounting & Finance,History, Philosophy & Theology,Electrical & Electronic Engineering,Chemistry,Archaeology,Physics & Astronomy,Medicine & Dentistry,Veterinary Science,Law",False,False,False,
501-600,Liverpool John Moores University,0,547,16.4,764,11.6,671,45.9,435,28.8,697,62.1,232,master_account,0,/world-university-rankings/liverpool-john-moores-university,836,United Kingdom,"18,515",19.8,13%,52 : 48,Liverpool John Moores University,"Sport Science,Biological Sciences,Politics & International Studies (incl Development Studies),Mechanical & Aerospace Engineering,Law,Mathematics & Statistics,Languages, Literature & Linguistics,Education,Other Health,Veterinary Science,General Engineering,Electrical & Electronic Engineering,Civil Engineering,Psychology,Geology, Environmental, Earth & Marine Sciences,Chemistry,Accounting & Finance,Communication & Media Studies,Computer Science,History, Philosophy & Theology,Sociology,Physics & Astronomy,Art, Performing Arts & Design,Architecture,Geography,Business & Management",False,False,False,https://www.timeshighereducation.com/student/register-interest/siuk?utm_medium=thewebsite&utm_campaign=cta-link&utm_source=rankings&iid=i-61631603
501-600,Mahidol University,0,548,26.8,407,15.1,567,28.3,591,71.6,116,44.1,417,master_account,0,/world-university-rankings/mahidol-university,838,Thailand,"27,402",7.5,3%,63 : 37,Mahidol University,"Electrical & Electronic Engineering,Physics & Astronomy,Economics & Econometrics,Chemical Engineering,Politics & International Studies (incl Development Studies),General Engineering,Mathematics & Statistics,Geography,Languages, Literature & Linguistics,Civil Engineering,Communication & Media Studies,Business & Management,Medicine & Dentistry,Sport Science,Education,Other Health,Veterinary Science,Psychology,Computer Science,Agriculture & Forestry,Sociology,Biological Sciences,Accounting & Finance,Art, Performing Arts & Design,Mechanical & Aerospace Engineering,Chemistry,History, Philosophy & Theology,Geology, Environmental, Earth & Marine Sciences",False,False,False,
501-600,Manchester Metropolitan University,0,549,22.7,544,10.6,709,30.8,566,28.3,732,57.8,268,master_account,0,/world-university-rankings/manchester-metropolitan-university,131283,United Kingdom,"28,035",18.2,14%,57 : 43,Manchester Metropolitan University,"Art, Performing Arts & Design,Psychology,Mathematics & Statistics,Languages, Literature & Linguistics,Chemistry,Accounting & Finance,Computer Science,Sociology,Law,Biological Sciences,History, Philosophy & Theology,Geology, Environmental, Earth & Marine Sciences,Economics & Econometrics,Other Health,Communication & Media Studies,Electrical & Electronic Engineering,Geography,Sport Science,Business & Management,Architecture,Politics & International Studies (incl Development Studies),Mechanical & Aerospace Engineering,Education",False,False,False,https://www.timeshighereducation.com/student/register-interest/siuk?utm_medium=thewebsite&utm_campaign=cta-link&utm_source=rankings&iid=i-03301432
501-600,University of Maribor,0,550,17.1,753,11.5,676,42.1,475,38.7,386,33.6,539,master_account,0,/world-university-rankings/university-maribor,131610,Slovenia,"14,531",17.3,4%,,University of Maribor,"Chemical Engineering,Architecture,Art, Performing Arts & Design,Business & Management,Electrical & Electronic Engineering,Agriculture & Forestry,Law,Languages, Literature & Linguistics,Computer Science,Education,Economics & Econometrics,Geography,Mathematics & Statistics,Sociology,Mechanical & Aerospace Engineering,Chemistry,Biological Sciences,Accounting & Finance,Other Health,History, Philosophy & Theology,Civil Engineering,Psychology,Sport Science,General Engineering,Communication & Media Studies,Physics & Astronomy,Medicine & Dentistry",False,False,False,
501-600,Masaryk University,0,551,21.2,593,22.9,379,27.8,597,28.5,719,48.9,357,master_account,0,/world-university-rankings/masaryk-university,983,Czechia,"40,898",26.6,17%,62 : 38,Masaryk University,"Agriculture & Forestry,Education,Communication & Media Studies,Psychology,Chemistry,Geography,Chemical Engineering,Physics & Astronomy,Sociology,Other Health,Business & Management,Politics & International Studies (incl Development Studies),Art, Performing Arts & Design,Mathematics & Statistics,Archaeology,Biological Sciences,Sport Science,Computer Science,Languages, Literature & Linguistics,Medicine & Dentistry,Economics & Econometrics,Geology, Environmental, Earth & Marine Sciences,Law,Accounting & Finance,History, Philosophy & Theology",False,False,False,
501-600,University of the Basque Country,0,552,18.2,707,19.6,453,43.1,464,30.3,632,34.9,521,master_account,0,/world-university-rankings/university-basque-country,131556,Spain,"46,373",15.3,5%,53 : 47,University of the Basque Country,"Economics & Econometrics,Archaeology,Chemistry,General Engineering,Biological Sciences,Mechanical & Aerospace Engineering,Communication & Media Studies,Geography,Electrical & Electronic Engineering,Chemical Engineering,Art, Performing Arts & Design,Languages, Literature & Linguistics,Business & Management,Education,Sport Science,Medicine & Dentistry,Mathematics & Statistics,Physics & Astronomy,Law,Politics & International Studies (incl Development Studies),Psychology,History, Philosophy & Theology,Other Health,Computer Science,Civil Engineering,Geology, Environmental, Earth & Marine Sciences,Accounting & Finance,Sociology,Architecture",False,False,False,
501-600,Massey University,0,553,23.1,531,17.1,521,31.9,554,35.8,456,80.5,113,master_account,0,/world-university-rankings/massey-university,839,New Zealand,"19,101",16.8,15%,62 : 38,Massey University,"Economics & Econometrics,Accounting & Finance,History, Philosophy & Theology,Chemistry,Art, Performing Arts & Design,Politics & International Studies (incl Development Studies),Other Health,Architecture,Geography,Geology, Environmental, Earth & Marine Sciences,Biological Sciences,Veterinary Science,Archaeology,Sport Science,Psychology,Communication & Media Studies,General Engineering,Physics & Astronomy,Mechanical & Aerospace Engineering,Languages, Literature & Linguistics,Sociology,Chemical Engineering,Computer Science,Business & Management,Electrical & Electronic Engineering,Education,Agriculture & Forestry,Mathematics & Statistics,Civil Engineering",False,False,False,https://www.timeshighereducation.com/student/register-interest/aecc?utm_medium=thewebsite&utm_campaign=cta-link&utm_source=rankings&iid=i-92906672
501-600,Memorial University of Newfoundland,0,554,18.1,715,15.8,552,35.6,526,48.3,244,53.3,307,master_account,0,/world-university-rankings/memorial-university-newfoundland,131430,Canada,"15,464",14.6,10%,59 : 41,Memorial University of Newfoundland,"Communication & Media Studies,Sociology,Geology, Environmental, Earth & Marine Sciences,Mathematics & Statistics,Chemical Engineering,Geography,Art, Performing Arts & Design,Chemistry,Psychology,Physics & Astronomy,Education,Accounting & Finance,Mechanical & Aerospace Engineering,Medicine & Dentistry,Agriculture & Forestry,Biological Sciences,Archaeology,Sport Science,Civil Engineering,Economics & Econometrics,General Engineering,Politics & International Studies (incl Development Studies),Languages, Literature & Linguistics,History, Philosophy & Theology,Electrical & Electronic Engineering,Other Health,Computer Science,Business & Management",False,False,False,
501-600,Middle East Technical University,0,555,29.9,339,17.3,515,28.8,585,60,166,26.7,626,master_account,0,/world-university-rankings/middle-east-technical-university,754,Turkey,"25,779",22.2,7%,44 : 56,Middle East Technical University,"Mathematics & Statistics,Languages, Literature & Linguistics,Computer Science,Education,Biological Sciences,Sociology,Communication & Media Studies,Chemistry,Business & Management,Physics & Astronomy,Architecture,Archaeology,Sport Science,History, Philosophy & Theology,Economics & Econometrics,Chemical Engineering,Politics & International Studies (incl Development Studies),Civil Engineering,Mechanical & Aerospace Engineering,General Engineering,Electrical & Electronic Engineering,Geology, Environmental, Earth & Marine Sciences,Art, Performing Arts & Design,Psychology",False,False,False,
501-600,University of Minho,0,556,23.9,507,20.1,447,35.3,529,51.6,221,43.6,422,master_account,0,/world-university-rankings/university-minho,903,Portugal,"19,090",18.8,9%,52 : 48,University of Minho,"Communication & Media Studies,Psychology,Art, Performing Arts & Design,General Engineering,Geology, Environmental, Earth & Marine Sciences,Mechanical & Aerospace Engineering,Medicine & Dentistry,Mathematics & Statistics,Electrical & Electronic Engineering,Sociology,Other Health,Economics & Econometrics,Civil Engineering,Chemistry,Business & Management,Computer Science,Physics & Astronomy,Archaeology,Education,History, Philosophy & Theology,Law,Accounting & Finance,Languages, Literature & Linguistics,Architecture,Geography,Biological Sciences,Politics & International Studies (incl Development Studies),Chemical Engineering,Agriculture & Forestry",False,False,False,
501-600,Missouri University of Science and Technology,0,557,23.5,521,18.4,482,28.7,587,52.8,209,40.6,448,public,0,/world-university-rankings/missouri-university-science-and-technology,131700,United States,"7,647",15.5,12%,23 : 77,Missouri University of Science and Technology,"Electrical & Electronic Engineering,Psychology,Sport Science,General Engineering,Agriculture & Forestry,Other Health,Economics & Econometrics,Mathematics & Statistics,Geography,Physics & Astronomy,Architecture,Civil Engineering,Medicine & Dentistry,Art, Performing Arts & Design,Business & Management,Sociology,Accounting & Finance,Law,Archaeology,Computer Science,History, Philosophy & Theology,Geology, Environmental, Earth & Marine Sciences,Mechanical & Aerospace Engineering,Communication & Media Studies,Politics & International Studies (incl Development Studies),Education,Chemistry,Veterinary Science,Chemical Engineering,Languages, Literature & Linguistics,Biological Sciences",False,False,False,https://www.timeshighereducation.com/student/register-interest/shorelight?utm_medium=thewebsite&utm_campaign=cta-link&utm_source=rankings&iid=i-79806122
501-600,Montana State University,0,558,17.7,730,21.8,411,48,419,43,306,23.5,662,public,0,/world-university-rankings/montana-state-university,131503,United States,"12,331",17.8,4%,46 : 54,Montana State University,"Sociology,Languages, Literature & Linguistics,Veterinary Science,Civil Engineering,Business & Management,Politics & International Studies (incl Development Studies),Sport Science,Agriculture & Forestry,Medicine & Dentistry,Architecture,Psychology,Economics & Econometrics,Education,Mathematics & Statistics,Chemical Engineering,Biological Sciences,Accounting & Finance,Computer Science,Art, Performing Arts & Design,History, Philosophy & Theology,General Engineering,Electrical & Electronic Engineering,Geology, Environmental, Earth & Marine Sciences,Mechanical & Aerospace Engineering,Other Health,Physics & Astronomy,Chemistry",False,False,False,https://www.timeshighereducation.com/student/register-interest/shorelight?utm_medium=thewebsite&utm_campaign=cta-link&utm_source=rankings&iid=i-43390872
501-600,Tecnológico de Monterrey,0,559,23.9,508,12.7,636,23.4,633,75.8,102,59.6,249,master_account,11,/world-university-rankings/tecnologico-de-monterrey,1009,Mexico,"14,353",20.5,12%,40 : 60,Tecnológico de Monterrey Tecnológico de Monterrey Instituto Tecnológico y de Estudios Superiores de Monterrey ITESM,"Psychology,Electrical & Electronic Engineering,Art, Performing Arts & Design,Biological Sciences,Business & Management,Physics & Astronomy,Politics & International Studies (incl Development Studies),Medicine & Dentistry,Mechanical & Aerospace Engineering,Agriculture & Forestry,History, Philosophy & Theology,Accounting & Finance,Other Health,Chemistry,General Engineering,Geology, Environmental, Earth & Marine Sciences,Architecture,Mathematics & Statistics,Economics & Econometrics,Communication & Media Studies,Computer Science,Sociology,Civil Engineering,Law,Languages, Literature & Linguistics,Education,Chemical Engineering",False,False,False,
501-600,National Central University,0,560,26.3,418,23.2,373,17.5,697,75.3,103,27.1,625,master_account,0,/world-university-rankings/national-central-university,841,Taiwan,"10,915",9.8,6%,31 : 69,National Central University,"Psychology,Chemical Engineering,General Engineering,Chemistry,Civil Engineering,Art, Performing Arts & Design,Agriculture & Forestry,Archaeology,Communication & Media Studies,Architecture,Law,Medicine & Dentistry,Geography,Politics & International Studies (incl Development Studies),Biological Sciences,Mathematics & Statistics,Economics & Econometrics,Other Health,Languages, Literature & Linguistics,Geology, Environmental, Earth & Marine Sciences,Electrical & Electronic Engineering,Education,Veterinary Science,Accounting & Finance,Sociology,Mechanical & Aerospace Engineering,History, Philosophy & Theology,Computer Science,Physics & Astronomy,Business & Management",False,False,False,
501-600,National Sun Yat-Sen University,0,561,26.1,425,33,228,25.8,612,44.3,284,19.7,710,master_account,0,/world-university-rankings/national-sun-yat-sen-university,728,Taiwan,"9,336",19.6,4%,37 : 63,National Sun Yat-Sen University,"Languages, Literature & Linguistics,Education,Agriculture & Forestry,Art, Performing Arts & Design,Architecture,Chemistry,Medicine & Dentistry,Biological Sciences,Law,Communication & Media Studies,Electrical & Electronic Engineering,History, Philosophy & Theology,Chemical Engineering,Physics & Astronomy,Psychology,Civil Engineering,Sociology,Computer Science,Geology, Environmental, Earth & Marine Sciences,Economics & Econometrics,Mechanical & Aerospace Engineering,Politics & International Studies (incl Development Studies),Accounting & Finance,General Engineering,Geography,Other Health,Mathematics & Statistics,Business & Management",False,False,False,
501-600,National Taiwan Normal University,0,562,26.2,421,31.3,250,16.2,715,81.9,79,38.1,483,master_account,0,/world-university-rankings/national-taiwan-normal-university,932,Taiwan,"11,072",13.0,19%,57 : 43,National Taiwan Normal University ntnu,"Communication & Media Studies,Psychology,Art, Performing Arts & Design,Languages, Literature & Linguistics,Mechanical & Aerospace Engineering,Education,Geography,Other Health,Sport Science,Chemistry,General Engineering,Computer Science,Biological Sciences,Politics & International Studies (incl Development Studies),Electrical & Electronic Engineering,Sociology,History, Philosophy & Theology,Geology, Environmental, Earth & Marine Sciences,Mathematics & Statistics,Business & Management,Physics & Astronomy",False,False,False,
501-600,National Technical University of Athens,0,563,20.2,625,15,573,36.2,521,40.3,359,31.3,571,master_account,0,/world-university-rankings/national-technical-university-athens,131780,Greece,"14,780",26.9,7%,36 : 64,National Technical University of Athens,"Mechanical & Aerospace Engineering,Electrical & Electronic Engineering,Mathematics & Statistics,Geography,Geology, Environmental, Earth & Marine Sciences,Civil Engineering,Computer Science,General Engineering,Physics & Astronomy,Chemistry,Architecture,Biological Sciences,Chemical Engineering",False,False,False,
501-600,Moscow Institute of Physics and Technology (MIPT),0,564,35.4,228,18.4,483,15.5,723,62.8,155,44.4,412,master_account,0,/world-university-rankings/moscow-institute-physics-and-technology-mipt,973,Russian Federation,"5,395",7.0,12%,,Moscow Institute of Physics and Technology (MIPT),"Chemistry,Computer Science,Economics & Econometrics,Education,Biological Sciences,Geology, Environmental, Earth & Marine Sciences,General Engineering,Business & Management,Mechanical & Aerospace Engineering,Other Health,Physics & Astronomy,Chemical Engineering,Mathematics & Statistics,Electrical & Electronic Engineering",False,False,True,
501-600,New Jersey Institute of Technology,0,565,18.9,672,16.6,530,32.2,549,32.2,560,48.5,363,public,0,/world-university-rankings/new-jersey-institute-technology,845,United States,"10,646",26.2,17%,25 : 75,New Jersey Institute of Technology,"History, Philosophy & Theology,Chemical Engineering,Architecture,Economics & Econometrics,Business & Management,Chemistry,Communication & Media Studies,Physics & Astronomy,Biological Sciences,Other Health,Computer Science,Languages, Literature & Linguistics,Art, Performing Arts & Design,Law,Mathematics & Statistics,Mechanical & Aerospace Engineering,Civil Engineering,Electrical & Electronic Engineering,Geography,Sociology,Accounting & Finance,General Engineering,Geology, Environmental, Earth & Marine Sciences",False,False,False,https://www.timeshighereducation.com/student/register-interest/shorelight?utm_medium=thewebsite&utm_campaign=cta-link&utm_source=rankings&iid=i-67078664
501-600,New Mexico State University (Main campus),0,566,19.5,645,19.2,465,47.2,423,34.6,483,30.5,585,public,0,/world-university-rankings/new-mexico-state-university-main-campus,131775,United States,"15,035",18.8,7%,54 : 46,New Mexico State University (Main campus),"Communication & Media Studies,General Engineering,Other Health,Languages, Literature & Linguistics,Psychology,Chemical Engineering,Chemistry,Art, Performing Arts & Design,History, Philosophy & Theology,Computer Science,Politics & International Studies (incl Development Studies),Business & Management,Education,Electrical & Electronic Engineering,Sociology,Geography,Geology, Environmental, Earth & Marine Sciences,Mechanical & Aerospace Engineering,Economics & Econometrics,Physics & Astronomy,Civil Engineering,Mathematics & Statistics,Medicine & Dentistry,Biological Sciences,Sport Science,Accounting & Finance,Agriculture & Forestry",False,False,False,https://www.timeshighereducation.com/student/register-interest/shorelight?utm_medium=thewebsite&utm_campaign=cta-link&utm_source=rankings&iid=i-92055001
501-600,University of North Carolina at Greensboro,0,567,18.2,711,15.3,566,43.1,465,28.9,689,17.4,737,public,0,/world-university-rankings/university-north-carolina-greensboro,131588,United States,"16,446",19.2,2%,66 : 34,University of North Carolina at Greensboro,"Economics & Econometrics,Business & Management,Art, Performing Arts & Design,Chemistry,History, Philosophy & Theology,Computer Science,Psychology,Education,Mathematics & Statistics,Communication & Media Studies,Biological Sciences,Languages, Literature & Linguistics,Other Health,Physics & Astronomy,Geography,Archaeology,Accounting & Finance,Sociology,Law,Politics & International Studies (incl Development Studies),Sport Science,Medicine & Dentistry",False,False,False,https://www.timeshighereducation.com/student/register-interest/shorelight?utm_medium=thewebsite&utm_campaign=cta-link&utm_source=rankings&iid=i-58845043
501-600,Oklahoma State University,0,568,27.5,390,22.7,385,33.1,545,33.7,508,25.6,643,public,0,/world-university-rankings/oklahoma-state-university,131533,United States,"21,270",21.4,7%,49 : 51,Oklahoma State University,"Sociology,Economics & Econometrics,Communication & Media Studies,Geography,Politics & International Studies (incl Development Studies),Veterinary Science,Mechanical & Aerospace Engineering,Chemistry,Business & Management,Other Health,Biological Sciences,Electrical & Electronic Engineering,Agriculture & Forestry,Medicine & Dentistry,Physics & Astronomy,Accounting & Finance,History, Philosophy & Theology,Psychology,General Engineering,Languages, Literature & Linguistics,Archaeology,Mathematics & Statistics,Art, Performing Arts & Design,Education,Sport Science,Geology, Environmental, Earth & Marine Sciences,Computer Science,Chemical Engineering,Civil Engineering,Architecture",False,False,False,https://www.timeshighereducation.com/student/register-interest/shorelight?utm_medium=thewebsite&utm_campaign=cta-link&utm_source=rankings&iid=i-48119563
501-600,Osaka City University,0,569,26.3,419,13.4,622,34.4,536,40.7,354,21.3,685,master_account,0,/world-university-rankings/osaka-city-university,934,Japan,"8,604",10.1,4%,36 : 64,Osaka City University,"Art, Performing Arts & Design,Sociology,Mathematics & Statistics,Civil Engineering,Other Health,Languages, Literature & Linguistics,Business & Management,Sport Science,Computer Science,Geography,Communication & Media Studies,Politics & International Studies (incl Development Studies),Mechanical & Aerospace Engineering,Agriculture & Forestry,History, Philosophy & Theology,Archaeology,Education,Physics & Astronomy,Geology, Environmental, Earth & Marine Sciences,Psychology,Electrical & Electronic Engineering,Law,Chemical Engineering,Biological Sciences,Accounting & Finance,Architecture,Economics & Econometrics,Medicine & Dentistry,Chemistry,General Engineering",False,False,False,
501-600,Otto von Guericke University of Magdeburg,0,570,22.9,538,14.4,600,39.7,495,37.7,406,43.9,418,master_account,0,/world-university-rankings/otto-von-guericke-university-magdeburg,131713,Germany,"14,104",13.1,13%,42 : 58,Otto von Guericke University of Magdeburg,"Sport Science,Languages, Literature & Linguistics,Mathematics & Statistics,Medicine & Dentistry,History, Philosophy & Theology,Physics & Astronomy,Other Health,General Engineering,Mechanical & Aerospace Engineering,Sociology,Computer Science,Biological Sciences,Chemical Engineering,Business & Management,Accounting & Finance,Civil Engineering,Psychology,Communication & Media Studies,Education,Economics & Econometrics,Chemistry,Electrical & Electronic Engineering,Politics & International Studies (incl Development Studies)",False,False,False,
501-600,University of Oviedo,0,571,19.5,646,10.8,705,41.9,476,34.1,498,36.2,507,master_account,0,/world-university-rankings/university-oviedo,131605,Spain,"24,210",13.7,5%,54 : 46,University of Oviedo,"History, Philosophy & Theology,Sociology,Civil Engineering,Electrical & Electronic Engineering,Physics & Astronomy,Art, Performing Arts & Design,Economics & Econometrics,Accounting & Finance,Education,Geology, Environmental, Earth & Marine Sciences,Mathematics & Statistics,Law,Medicine & Dentistry,Agriculture & Forestry,Business & Management,Chemical Engineering,Other Health,General Engineering,Languages, Literature & Linguistics,Psychology,Chemistry,Biological Sciences,Geography,Archaeology,Mechanical & Aerospace Engineering,Computer Science",False,False,False,
501-600,Palacký University Olomouc,0,572,19.2,663,11.8,665,42.9,466,28.7,705,48.8,359,master_account,0,/world-university-rankings/palacky-university-olomouc,131685,Czechia,"18,540",11.4,9%,70 : 30,Palacký University Olomouc,"Other Health,Chemistry,Languages, Literature & Linguistics,Physics & Astronomy,Medicine & Dentistry,Mathematics & Statistics,General Engineering,Geography,Archaeology,Politics & International Studies (incl Development Studies),Biological Sciences,Business & Management,Geology, Environmental, Earth & Marine Sciences,Economics & Econometrics,Communication & Media Studies,Sport Science,Education,Art, Performing Arts & Design,Psychology,Law,History, Philosophy & Theology,Computer Science,Sociology",False,False,False,
501-600,Panjab University,0,573,24.6,486,8.8,763,41,490,28.1,742,14.1,785,master_account,0,/world-university-rankings/panjab-university,960,India,"16,691",23.9,1%,46 : 54,Panjab University,"Archaeology,Electrical & Electronic Engineering,Economics & Econometrics,Other Health,Politics & International Studies (incl Development Studies),Mechanical & Aerospace Engineering,Computer Science,Education,Accounting & Finance,Chemistry,Languages, Literature & Linguistics,Psychology,Physics & Astronomy,Communication & Media Studies,Business & Management,Art, Performing Arts & Design,Law,History, Philosophy & Theology,Mathematics & Statistics,Chemical Engineering,Geology, Environmental, Earth & Marine Sciences,Sport Science,Sociology,Biological Sciences,Medicine & Dentistry,Geography,General Engineering",False,False,False,
501-600,Paris Dauphine University,0,574,21.9,566,11.1,691,27.6,599,30.6,624,69.3,184,master_account,0,/world-university-rankings/paris-dauphine-university,904,France,"9,565",15.4,28%,53 : 47,Paris Dauphine University,"Business & Management,Computer Science,Economics & Econometrics,Law,Mathematics & Statistics,Other Health,Politics & International Studies (incl Development Studies)",False,False,False,
501-600,Pontifical Catholic University of Rio de Janeiro (PUC-Rio),0,575,24.5,489,24.1,357,23.1,638,100,14,31.3,572,master_account,0,/world-university-rankings/pontifical-catholic-university-rio-de-janeiro-puc-rio,131524,Brazil,"14,300",21.2,3%,49 : 51,Pontifical Catholic University of Rio de Janeiro (PUC-Rio),"Computer Science,Politics & International Studies (incl Development Studies),Psychology,Accounting & Finance,General Engineering,Physics & Astronomy,Languages, Literature & Linguistics,Communication & Media Studies,Biological Sciences,History, Philosophy & Theology,Chemistry,Art, Performing Arts & Design,Business & Management,Mathematics & Statistics,Law,Architecture,Civil Engineering,Economics & Econometrics,Electrical & Electronic Engineering,Geography,Chemical Engineering,Mechanical & Aerospace Engineering,Education,Sociology",False,False,False,
501-600,Portland State University,0,576,16.8,759,14.4,601,43.3,463,44.6,283,31.6,565,public,0,/world-university-rankings/portland-state-university,131485,United States,"20,398",22.2,8%,54 : 46,Portland State University,"Politics & International Studies (incl Development Studies),Mathematics & Statistics,Mechanical & Aerospace Engineering,Geography,Architecture,Education,Agriculture & Forestry,Accounting & Finance,Languages, Literature & Linguistics,Electrical & Electronic Engineering,Art, Performing Arts & Design,Physics & Astronomy,Business & Management,Communication & Media Studies,Psychology,Computer Science,Economics & Econometrics,General Engineering,Biological Sciences,Chemistry,Geology, Environmental, Earth & Marine Sciences,History, Philosophy & Theology,Other Health,Sociology,Civil Engineering",False,False,False,https://www.timeshighereducation.com/student/register-interest/shorelight?utm_medium=thewebsite&utm_campaign=cta-link&utm_source=rankings&iid=i-38682556
501-600,University of Pretoria,0,577,25.6,448,21.2,425,17.5,700,52.4,211,46,397,master_account,0,/world-university-rankings/university-pretoria,994,South Africa,"37,314",20.0,8%,57 : 43,University of Pretoria UP,"Agriculture & Forestry,Languages, Literature & Linguistics,Chemical Engineering,Medicine & Dentistry,Art, Performing Arts & Design,Geology, Environmental, Earth & Marine Sciences,Economics & Econometrics,Biological Sciences,Sociology,Electrical & Electronic Engineering,Archaeology,Geography,Veterinary Science,Chemistry,General Engineering,Law,Architecture,Other Health,Physics & Astronomy,Psychology,Education,Mathematics & Statistics,Accounting & Finance,Business & Management,Civil Engineering,Computer Science,Communication & Media Studies,Politics & International Studies (incl Development Studies),Sport Science,Mechanical & Aerospace Engineering,History, Philosophy & Theology",False,False,False,
501-600,Pusan National University,0,578,27.5,391,24.7,351,20.4,670,66.8,134,32.9,549,master_account,0,/world-university-rankings/pusan-national-university,940,South Korea,"24,929",19.7,12%,51 : 49,Pusan National University Busan,"Education,Chemistry,Geography,Economics & Econometrics,Sociology,Chemical Engineering,Communication & Media Studies,Languages, Literature & Linguistics,Geology, Environmental, Earth & Marine Sciences,Sport Science,Other Health,Architecture,Biological Sciences,Mathematics & Statistics,Art, Performing Arts & Design,Psychology,Electrical & Electronic Engineering,General Engineering,Accounting & Finance,Archaeology,Law,Civil Engineering,History, Philosophy & Theology,Agriculture & Forestry,Business & Management,Computer Science,Medicine & Dentistry,Mechanical & Aerospace Engineering,Politics & International Studies (incl Development Studies),Physics & Astronomy",False,False,False,
501-600,Quaid-i-Azam University,0,579,17.9,722,9.9,736,45.6,440,0,792,35.4,516,master_account,0,/world-university-rankings/quaid-i-azam-university,131310,Pakistan,"12,688",25.7,0%,53 : 47,Quaid-i-Azam University,"Physics & Astronomy,Biological Sciences,Psychology,Other Health,Business & Management,Archaeology,Law,Computer Science,Chemistry,Mathematics & Statistics,Economics & Econometrics,History, Philosophy & Theology,Politics & International Studies (incl Development Studies),Languages, Literature & Linguistics,Sociology,Geology, Environmental, Earth & Marine Sciences",False,False,False,
501-600,University of Regina,0,580,15.6,779,15.8,553,34.2,539,34.4,490,47.7,371,master_account,11,/world-university-rankings/university-regina,131321,Canada,"11,550",22.8,12%,61 : 39,University of Regina,"History, Philosophy & Theology,Mathematics & Statistics,Business & Management,General Engineering,Geology, Environmental, Earth & Marine Sciences,Art, Performing Arts & Design,Biological Sciences,Education,Civil Engineering,Sociology,Electrical & Electronic Engineering,Communication & Media Studies,Other Health,Physics & Astronomy,Accounting & Finance,Computer Science,Chemistry,Economics & Econometrics,Mechanical & Aerospace Engineering,Politics & International Studies (incl Development Studies),Languages, Literature & Linguistics,Sport Science,Psychology,Agriculture & Forestry,Geography",False,False,False,
501-600,Renmin University of China,0,581,34.7,244,13.7,614,30.7,568,42.5,317,40.1,455,master_account,0,/world-university-rankings/renmin-university-china,894,China,"24,954",12.7,6%,,Renmin University of China,"Agriculture & Forestry,Psychology,Communication & Media Studies,Accounting & Finance,Chemistry,Languages, Literature & Linguistics,Sociology,History, Philosophy & Theology,Geology, Environmental, Earth & Marine Sciences,Mathematics & Statistics,Archaeology,Computer Science,Law,Art, Performing Arts & Design,Education,Physics & Astronomy,Politics & International Studies (incl Development Studies),Business & Management",False,False,False,
501-600,University of Rennes 1,0,582,17.8,728,10.3,724,44.7,449,31.7,579,53,312,master_account,0,/world-university-rankings/university-rennes-1,131403,France,"22,186",13.9,12%,50 : 50,University of Rennes 1,"Other Health,Veterinary Science,Education,Electrical & Electronic Engineering,Chemistry,Mechanical & Aerospace Engineering,Communication & Media Studies,Civil Engineering,Geology, Environmental, Earth & Marine Sciences,Physics & Astronomy,Business & Management,Medicine & Dentistry,Biological Sciences,Sociology,Computer Science,Sport Science,Economics & Econometrics,History, Philosophy & Theology,Chemical Engineering,Law,Archaeology,Agriculture & Forestry,Politics & International Studies (incl Development Studies),General Engineering,Mathematics & Statistics,Accounting & Finance",False,False,False,
501-600,University of Salamanca,0,583,26.1,426,16.9,525,25.9,611,31.6,584,40.8,445,master_account,0,/world-university-rankings/university-salamanca,131422,Spain,"31,035",17.9,12%,58 : 42,University of Salamanca,"Geography,Other Health,History, Philosophy & Theology,Art, Performing Arts & Design,Psychology,Mechanical & Aerospace Engineering,Communication & Media Studies,Economics & Econometrics,Mathematics & Statistics,Geology, Environmental, Earth & Marine Sciences,Chemistry,Accounting & Finance,General Engineering,Politics & International Studies (incl Development Studies),Chemical Engineering,Electrical & Electronic Engineering,Business & Management,Languages, Literature & Linguistics,Agriculture & Forestry,Sociology,Computer Science,Archaeology,Architecture,Law,Medicine & Dentistry,Physics & Astronomy,Education,Civil Engineering,Biological Sciences",False,False,False,
501-600,University of Santiago de Compostela,0,584,22.9,539,14.1,606,46.9,428,32.3,556,37.1,492,master_account,0,/world-university-rankings/university-santiago-de-compostela,131790,Spain,"29,085",15.3,6%,63 : 37,University of Santiago de Compostela,"History, Philosophy & Theology,Mathematics & Statistics,Physics & Astronomy,Geography,Geology, Environmental, Earth & Marine Sciences,Medicine & Dentistry,General Engineering,Agriculture & Forestry,Psychology,Politics & International Studies (incl Development Studies),Computer Science,Veterinary Science,Communication & Media Studies,Languages, Literature & Linguistics,Accounting & Finance,Sociology,Chemistry,Education,Electrical & Electronic Engineering,Business & Management,Other Health,Chemical Engineering,Civil Engineering,Economics & Econometrics,Biological Sciences,Art, Performing Arts & Design,Law",False,False,False,
501-600,Semmelweis University,0,585,19.6,642,10.6,712,41.5,482,30.7,619,81.7,105,master_account,11,/world-university-rankings/semmelweis-university,988,Hungary,"12,920",10.9,25%,64 : 36,Semmelweis University,"Other Health,Biological Sciences,Sociology,Medicine & Dentistry,Education",False,False,False,
501-600,University of Seville,0,586,21.5,579,14.9,578,32.6,546,36.7,430,32,560,master_account,0,/world-university-rankings/university-seville,131701,Spain,"64,931",17.5,7%,55 : 45,University of Seville,"Medicine & Dentistry,Mathematics & Statistics,Art, Performing Arts & Design,Archaeology,Sport Science,Education,General Engineering,Geology, Environmental, Earth & Marine Sciences,Architecture,Agriculture & Forestry,Sociology,Other Health,Politics & International Studies (incl Development Studies),Computer Science,Biological Sciences,Geography,History, Philosophy & Theology,Mechanical & Aerospace Engineering,Chemistry,Accounting & Finance,Civil Engineering,Physics & Astronomy,Economics & Econometrics,Languages, Literature & Linguistics,Electrical & Electronic Engineering,Business & Management,Psychology,Communication & Media Studies,Law,Chemical Engineering",False,False,False,
501-600,Université de Sherbrooke,0,587,25.6,451,9.5,747,41.3,485,29.6,657,39.8,459,master_account,0,/world-university-rankings/universite-de-sherbrooke,131415,Canada,"13,438",5.4,5%,54 : 46,Université de Sherbrooke,"Art, Performing Arts & Design,Politics & International Studies (incl Development Studies),Sociology,History, Philosophy & Theology,Geology, Environmental, Earth & Marine Sciences,Business & Management,Accounting & Finance,Geography,Economics & Econometrics,Law,Medicine & Dentistry,Mathematics & Statistics,Mechanical & Aerospace Engineering,Chemistry,Biological Sciences,Psychology,Other Health,Languages, Literature & Linguistics,Chemical Engineering,Education,General Engineering,Physics & Astronomy,Sport Science,Electrical & Electronic Engineering,Communication & Media Studies,Computer Science,Civil Engineering",False,False,False,https://www.timeshighereducation.com/student/register-interest/applyboard?utm_medium=thewebsite&utm_campaign=cta-link&utm_source=rankings&iid=i-26044114
501-600,"Soochow University, China",0,588,19.2,664,13.7,615,45.8,438,75.3,104,16,761,master_account,11,/world-university-rankings/soochow-university-china,131518,China,"36,465",12.9,2%,78 : 22,"Soochow University, China","Psychology,Sport Science,Economics & Econometrics,Architecture,Agriculture & Forestry,Education,Electrical & Electronic Engineering,Medicine & Dentistry,General Engineering,Biological Sciences,Business & Management,Politics & International Studies (incl Development Studies),Mechanical & Aerospace Engineering,Languages, Literature & Linguistics,Computer Science,Chemistry,Law,Chemical Engineering,Other Health,Physics & Astronomy,Sociology,Accounting & Finance,History, Philosophy & Theology,Communication & Media Studies,Mathematics & Statistics,Art, Performing Arts & Design",False,False,False,
501-600,South China University of Technology,0,589,19.5,647,22.1,406,28.1,595,86.8,66,17.5,736,master_account,0,/world-university-rankings/south-china-university-technology,128785,China,"41,438",17.7,3%,33 : 67,South China University of Technology,"Politics & International Studies (incl Development Studies),Mechanical & Aerospace Engineering,Geology, Environmental, Earth & Marine Sciences,Accounting & Finance,Art, Performing Arts & Design,Mathematics & Statistics,Sport Science,History, Philosophy & Theology,Electrical & Electronic Engineering,Physics & Astronomy,Business & Management,Chemistry,Law,Communication & Media Studies,Medicine & Dentistry,Computer Science,Economics & Econometrics,Biological Sciences,Other Health,Sociology,Languages, Literature & Linguistics,Architecture,General Engineering,Civil Engineering,Chemical Engineering,Agriculture & Forestry",False,False,False,
501-600,Tallinn University of Technology,0,590,16.3,766,15,574,38.7,506,44.8,280,37.9,485,master_account,0,/world-university-rankings/tallinn-university-technology,131586,Estonia,"14,061",28.6,5%,44 : 56,Tallinn University of Technology,"Business & Management,Politics & International Studies (incl Development Studies),Chemistry,Mechanical & Aerospace Engineering,Civil Engineering,Economics & Econometrics,Electrical & Electronic Engineering,Computer Science,Law,Physics & Astronomy,Geology, Environmental, Earth & Marine Sciences,General Engineering,Biological Sciences,Mathematics & Statistics,Chemical Engineering",False,False,False,
501-600,Tehran University of Medical Sciences,0,591,51.8,76,20,450,9.3,773,30,648,14.1,786,master_account,0,/world-university-rankings/tehran-university-medical-sciences,931,Iran,"13,912",9.0,1%,62 : 38,Tehran University of Medical Sciences,"Medicine & Dentistry,Biological Sciences",False,False,False,
501-600,University of Texas at Arlington,0,592,20.1,627,10.1,731,50.9,398,33.4,517,50.3,341,public,0,/world-university-rankings/university-texas-arlington,131285,United States,"29,396",10.5,10%,60 : 40,University of Texas at Arlington,"Art, Performing Arts & Design,Agriculture & Forestry,Education,Computer Science,Chemistry,General Engineering,Geology, Environmental, Earth & Marine Sciences,Civil Engineering,Sociology,Architecture,Mathematics & Statistics,Accounting & Finance,History, Philosophy & Theology,Sport Science,Psychology,Mechanical & Aerospace Engineering,Politics & International Studies (incl Development Studies),Electrical & Electronic Engineering,Communication & Media Studies,Languages, Literature & Linguistics,Biological Sciences,Business & Management,Other Health,Physics & Astronomy,Economics & Econometrics",False,False,False,https://www.timeshighereducation.com/student/register-interest/shorelight?utm_medium=thewebsite&utm_campaign=cta-link&utm_source=rankings&iid=i-03548902
501-600,Tianjin University,0,593,36.5,217,34.4,213,12.2,754,100,16,14.7,781,master_account,0,/world-university-rankings/tianjin-university,975,China,"29,693",12.2,1%,,Tianjin University,"Biological Sciences,Education,Architecture,Agriculture & Forestry,Politics & International Studies (incl Development Studies),Mechanical & Aerospace Engineering,Geology, Environmental, Earth & Marine Sciences,Economics & Econometrics,Sport Science,Computer Science,Veterinary Science,Mathematics & Statistics,Languages, Literature & Linguistics,Chemical Engineering,Business & Management,Chemistry,General Engineering,Electrical & Electronic Engineering,Accounting & Finance,Law,Civil Engineering",False,False,False,
501-600,Tokyo University of Agriculture and Technology,0,594,34.9,239,24.1,358,16.9,706,39.9,370,19.4,713,master_account,0,/world-university-rankings/tokyo-university-agriculture-and-technology,860,Japan,"5,865",14.4,5%,27 : 73,Tokyo University of Agriculture and Technology,"Chemistry,Agriculture & Forestry,Communication & Media Studies,Sport Science,Physics & Astronomy,Computer Science,Mechanical & Aerospace Engineering,Politics & International Studies (incl Development Studies),Mathematics & Statistics,Civil Engineering,General Engineering,Geology, Environmental, Earth & Marine Sciences,Electrical & Electronic Engineering,Biological Sciences,Chemical Engineering,Veterinary Science",False,False,False,
501-600,University of Toledo,0,595,31.6,304,13.4,624,29.9,577,32.9,534,37.7,488,public,0,/world-university-rankings/university-toledo,131368,United States,"19,465",17.5,9%,50 : 50,University of Toledo,"Mathematics & Statistics,Psychology,Languages, Literature & Linguistics,Electrical & Electronic Engineering,Politics & International Studies (incl Development Studies),Biological Sciences,Education,History, Philosophy & Theology,Mechanical & Aerospace Engineering,Sociology,General Engineering,Communication & Media Studies,Other Health,Chemistry,Business & Management,Civil Engineering,Geography,Accounting & Finance,Chemical Engineering,Law,Computer Science,Geology, Environmental, Earth & Marine Sciences,Art, Performing Arts & Design,Medicine & Dentistry,Physics & Astronomy,Economics & Econometrics",False,False,False,https://www.timeshighereducation.com/student/register-interest/shorelight?utm_medium=thewebsite&utm_campaign=cta-link&utm_source=rankings&iid=i-16356362
501-600,Tongji University,0,596,28.9,358,29.2,278,13.1,748,63.5,148,37.2,491,master_account,0,/world-university-rankings/tongji-university,984,China,"37,394",13.5,10%,38 : 62,Tongji University,"Art, Performing Arts & Design,Computer Science,General Engineering,Electrical & Electronic Engineering,Sport Science,Languages, Literature & Linguistics,Civil Engineering,Geology, Environmental, Earth & Marine Sciences,History, Philosophy & Theology,Physics & Astronomy,Accounting & Finance,Medicine & Dentistry,Chemical Engineering,Sociology,Architecture,Agriculture & Forestry,Politics & International Studies (incl Development Studies),Other Health,Biological Sciences,Geography,Mechanical & Aerospace Engineering,Communication & Media Studies,Economics & Econometrics,Veterinary Science,Law,Mathematics & Statistics,Psychology,Chemistry,Business & Management,Education",False,False,False,
501-600,The University of Tulsa,0,597,29.7,345,12.9,635,24.6,622,71.7,115,43.8,419,private,0,/world-university-rankings/university-tulsa,131482,United States,"4,597",12.5,25%,43 : 57,The University of Tulsa,"Civil Engineering,Geology, Environmental, Earth & Marine Sciences,Languages, Literature & Linguistics,Electrical & Electronic Engineering,Computer Science,Communication & Media Studies,Education,General Engineering,History, Philosophy & Theology,Economics & Econometrics,Physics & Astronomy,Accounting & Finance,Sport Science,Psychology,Chemistry,Politics & International Studies (incl Development Studies),Biological Sciences,Art, Performing Arts & Design,Chemical Engineering,Other Health,Law,Mechanical & Aerospace Engineering,Business & Management,Mathematics & Statistics,Sociology",False,False,False,https://www.timeshighereducation.com/student/register-interest/shorelight?utm_medium=thewebsite&utm_campaign=cta-link&utm_source=rankings&iid=i-38579964
501-600,United Arab Emirates University,0,598,18.8,676,14.8,584,21.7,652,30.1,644,95,15,master_account,11,/world-university-rankings/united-arab-emirates-university,946,United Arab Emirates,"9,221",12.5,26%,76 : 24,United Arab Emirates University,"Languages, Literature & Linguistics,Geology, Environmental, Earth & Marine Sciences,Chemical Engineering,Accounting & Finance,Veterinary Science,Mathematics & Statistics,Psychology,General Engineering,Sociology,History, Philosophy & Theology,Electrical & Electronic Engineering,Biological Sciences,Mechanical & Aerospace Engineering,Archaeology,Education,Politics & International Studies (incl Development Studies),Sport Science,Business & Management,Medicine & Dentistry,Agriculture & Forestry,Civil Engineering,Geography,Economics & Econometrics,Chemistry,Other Health,Law,Physics & Astronomy,Art, Performing Arts & Design,Architecture,Communication & Media Studies,Computer Science",False,False,False,
501-600,University of Warsaw,0,599,26.1,428,15.8,554,42.2,474,28.5,724,41.6,440,master_account,0,/world-university-rankings/university-warsaw,813,Poland,"49,292",14.1,7%,67 : 33,University of Warsaw,"Accounting & Finance,Law,Computer Science,Geography,Chemistry,Medicine & Dentistry,Languages, Literature & Linguistics,Mathematics & Statistics,History, Philosophy & Theology,Archaeology,Sociology,Biological Sciences,Art, Performing Arts & Design,Psychology,Business & Management,Education,Physics & Astronomy,Economics & Econometrics,Communication & Media Studies,Geology, Environmental, Earth & Marine Sciences,Politics & International Studies (incl Development Studies)",False,False,False,
501-600,University of Wisconsin-Milwaukee,0,600,17.3,746,13.8,610,45.5,442,29,684,26,635,public,0,/world-university-rankings/university-wisconsin-milwaukee,131667,United States,"22,542",18.4,5%,52 : 48,University of Wisconsin-Milwaukee,"Languages, Literature & Linguistics,Sociology,Sport Science,History, Philosophy & Theology,Geology, Environmental, Earth & Marine Sciences,Medicine & Dentistry,Biological Sciences,Accounting & Finance,Mechanical & Aerospace Engineering,Politics & International Studies (incl Development Studies),Computer Science,Communication & Media Studies,General Engineering,Chemistry,Economics & Econometrics,Other Health,Business & Management,Art, Performing Arts & Design,Physics & Astronomy,Psychology,Architecture,Civil Engineering,Geography,Mathematics & Statistics,Electrical & Electronic Engineering,Education",False,False,False,https://www.timeshighereducation.com/student/register-interest/shorelight?utm_medium=thewebsite&utm_campaign=cta-link&utm_source=rankings&iid=i-73814902
501-600,Xi’an Jiaotong University,0,601,28.7,362,22.5,394,25.5,614,70.4,121,25.8,639,master_account,0,/world-university-rankings/xian-jiaotong-university,948,China,"29,863",12.3,4%,34 : 66,Xi’an Jiaotong University,"Chemistry,Geography,Accounting & Finance,Art, Performing Arts & Design,Mechanical & Aerospace Engineering,Biological Sciences,History, Philosophy & Theology,Economics & Econometrics,Agriculture & Forestry,Politics & International Studies (incl Development Studies),Languages, Literature & Linguistics,Electrical & Electronic Engineering,Geology, Environmental, Earth & Marine Sciences,Sport Science,Education,Civil Engineering,Law,Medicine & Dentistry,Communication & Media Studies,Archaeology,General Engineering,Psychology,Veterinary Science,Chemical Engineering,Other Health,Physics & Astronomy,Architecture,Sociology,Computer Science,Mathematics & Statistics,Business & Management",False,False,False,
501-600,University of Zaragoza,0,602,20.1,630,12.7,638,49.5,409,36.7,431,33.5,543,master_account,0,/world-university-rankings/university-zaragoza,866,Spain,"31,046",11.8,5%,55 : 45,University of Zaragoza,"Law,Biological Sciences,Business & Management,Sport Science,History, Philosophy & Theology,Mechanical & Aerospace Engineering,Accounting & Finance,Other Health,Art, Performing Arts & Design,Education,Communication & Media Studies,Civil Engineering,Geology, Environmental, Earth & Marine Sciences,General Engineering,Electrical & Electronic Engineering,Geography,Veterinary Science,Mathematics & Statistics,Economics & Econometrics,Physics & Astronomy,Languages, Literature & Linguistics,Medicine & Dentistry,Sociology,Chemistry,Computer Science,Architecture,Psychology,Agriculture & Forestry,Chemical Engineering",False,False,False,
601-800,University of A Coruña,0,603,18.3,702,10,733,16.6,710,38.2,392,23.4,663,master_account,0,/world-university-rankings/university-coruna,131640,Spain,"17,062",13.0,2%,52 : 48,University of A Coruña,"History, Philosophy & Theology,Electrical & Electronic Engineering,Business & Management,Geology, Environmental, Earth & Marine Sciences,Biological Sciences,Languages, Literature & Linguistics,Psychology,Sport Science,Politics & International Studies (incl Development Studies),Civil Engineering,Medicine & Dentistry,Other Health,General Engineering,Computer Science,Physics & Astronomy,Chemistry,Art, Performing Arts & Design,Accounting & Finance,Mathematics & Statistics,Law,Agriculture & Forestry,Education,Communication & Media Studies,Economics & Econometrics,Sociology,Architecture,Mechanical & Aerospace Engineering",False,False,False,
601-800,"Adam Mickiewicz University, Poznań",0,604,20,631,11,692,15.3,724,28.7,703,25.7,640,master_account,0,/world-university-rankings/adam-mickiewicz-university-poznan,131738,Poland,"40,633",15.6,1%,71 : 29,"Adam Mickiewicz University, Poznań","Politics & International Studies (incl Development Studies),Archaeology,Physics & Astronomy,Geography,Mathematics & Statistics,Computer Science,Law,History, Philosophy & Theology,Sociology,Communication & Media Studies,Psychology,Biological Sciences,Education,Chemistry,Art, Performing Arts & Design,Languages, Literature & Linguistics,Business & Management,Geology, Environmental, Earth & Marine Sciences",False,False,False,
601-800,AGH University of Krakow,0,605,14.2,793,3.7,799,35.7,525,0,764,17.9,731,master_account,0,/world-university-rankings/agh-university-krakow,131429,Poland,"35,569",17.0,0%,0 : 100,AGH University of Krakow,"General Engineering,Mechanical & Aerospace Engineering,Electrical & Electronic Engineering,Chemical Engineering,Sociology,Business & Management,Computer Science,Civil Engineering,Geology, Environmental, Earth & Marine Sciences,Physics & Astronomy,Mathematics & Statistics",False,False,False,
601-800,Ajou University,0,606,19.5,643,11.9,658,23.9,631,45.7,266,20,704,master_account,0,/world-university-rankings/ajou-university,131532,South Korea,"12,706",11.3,2%,33 : 67,Ajou University,"Computer Science,Electrical & Electronic Engineering,Physics & Astronomy,Civil Engineering,Languages, Literature & Linguistics,Medicine & Dentistry,Accounting & Finance,Sociology,Business & Management,Mechanical & Aerospace Engineering,Politics & International Studies (incl Development Studies),Law,History, Philosophy & Theology,Sport Science,Mathematics & Statistics,Architecture,Communication & Media Studies,Education,Biological Sciences,Geology, Environmental, Earth & Marine Sciences,General Engineering,Other Health,Psychology,Economics & Econometrics,Chemistry,Chemical Engineering",False,False,False,
601-800,University of Alcalá,0,607,17.6,734,11.2,685,28.3,590,43.3,298,50,343,master_account,0,/world-university-rankings/university-alcala,131740,Spain,"30,812",25.1,18%,53 : 47,University of Alcalá alcala,"Business & Management,Computer Science,Languages, Literature & Linguistics,Sport Science,Electrical & Electronic Engineering,Politics & International Studies (incl Development Studies),History, Philosophy & Theology,Archaeology,Communication & Media Studies,Agriculture & Forestry,General Engineering,Civil Engineering,Architecture,Mathematics & Statistics,Education,Psychology,Law,Biological Sciences,Medicine & Dentistry,Chemical Engineering,Economics & Econometrics,Geology, Environmental, Earth & Marine Sciences,Veterinary Science,Physics & Astronomy,Geography,Mechanical & Aerospace Engineering,Chemistry,Other Health,Art, Performing Arts & Design,Sociology,Accounting & Finance",False,False,False,
601-800,Alexandria University,0,608,20.3,618,8.2,772,14.1,739,29.7,652,33.7,536,master_account,0,/world-university-rankings/alexandria-university,768,Egypt,"127,431",23.3,1%,46 : 54,Alexandria University,"Biological Sciences,Business & Management,Geology, Environmental, Earth & Marine Sciences,Civil Engineering,Computer Science,Geography,Languages, Literature & Linguistics,Chemical Engineering,Law,Mathematics & Statistics,Archaeology,Physics & Astronomy,Politics & International Studies (incl Development Studies),Mechanical & Aerospace Engineering,Accounting & Finance,General Engineering,Veterinary Science,History, Philosophy & Theology,Architecture,Electrical & Electronic Engineering,Other Health,Communication & Media Studies,Economics & Econometrics,Sociology,Art, Performing Arts & Design,Medicine & Dentistry,Education,Psychology,Sport Science,Chemistry,Agriculture & Forestry",False,False,False,
601-800,Alexandru Ioan Cuza University,0,609,24.9,470,13.6,617,7,784,28.2,736,46.9,383,master_account,0,/world-university-rankings/alexandru-ioan-cuza-university,131673,Romania,"25,724",33.0,5%,63 : 37,Alexandru Ioan Cuza University,"Sociology,Languages, Literature & Linguistics,History, Philosophy & Theology,Geology, Environmental, Earth & Marine Sciences,Psychology,Computer Science,Archaeology,Politics & International Studies (incl Development Studies),Education,Chemistry,Geography,Physics & Astronomy,Accounting & Finance,Mathematics & Statistics,Law,Biological Sciences,Economics & Econometrics,Sport Science,Business & Management,Communication & Media Studies",False,False,False,
601-800,Aligarh Muslim University,0,610,28.3,369,10,734,20.9,661,29.6,654,18.7,720,master_account,0,/world-university-rankings/aligarh-muslim-university,980,India,"11,197",10.5,2%,17 : 83,Aligarh Muslim University,"Chemistry,Electrical & Electronic Engineering,Medicine & Dentistry,Accounting & Finance,Physics & Astronomy,Sociology,Education,Law,Biological Sciences,History, Philosophy & Theology,Mathematics & Statistics,Economics & Econometrics,Art, Performing Arts & Design,Psychology,Sport Science,Computer Science,Other Health,Chemical Engineering,Geology, Environmental, Earth & Marine Sciences,Business & Management,General Engineering,Communication & Media Studies,Agriculture & Forestry,Architecture,Languages, Literature & Linguistics,Civil Engineering,Politics & International Studies (incl Development Studies),Mechanical & Aerospace Engineering,Geography",False,False,False,
601-800,American University of Sharjah,0,611,12.4,797,10.6,708,13.3,744,33.3,518,95.6,12,master_account,1,/world-university-rankings/american-university-sharjah,995,United Arab Emirates,"5,226",14.1,82%,48 : 52,American University of Sharjah,"Computer Science,Mathematics & Statistics,Accounting & Finance,Business & Management,Mechanical & Aerospace Engineering,Psychology,Communication & Media Studies,Biological Sciences,Architecture,Geology, Environmental, Earth & Marine Sciences,Physics & Astronomy,Languages, Literature & Linguistics,General Engineering,Art, Performing Arts & Design,Politics & International Studies (incl Development Studies),Economics & Econometrics,Electrical & Electronic Engineering,Civil Engineering,Chemistry,Chemical Engineering",False,False,False,
601-800,Amrita Vishwa Vidyapeetham,0,612,20.4,615,5.8,796,20.7,665,28,744,29.6,595,master_account,0,/world-university-rankings/amrita-vishwa-vidyapeetham,131729,India,"17,273",6.6,8%,,Amrita Vishwa Vidyapeetham,"Biological Sciences,Physics & Astronomy,Civil Engineering,Geology, Environmental, Earth & Marine Sciences,Agriculture & Forestry,Computer Science,Mathematics & Statistics,Languages, Literature & Linguistics,General Engineering,Business & Management,Mechanical & Aerospace Engineering,Accounting & Finance,Medicine & Dentistry,Chemical Engineering,Economics & Econometrics,History, Philosophy & Theology,Electrical & Electronic Engineering,Chemistry,Other Health",False,False,False,
601-800,Anadolu University,0,613,12.2,798,22.6,387,10.9,761,100,1,14.3,783,master_account,0,/world-university-rankings/anadolu-university,131583,Turkey,"379,231",162.6,1%,78 : 22,Anadolu University,"Business & Management,Accounting & Finance,Art, Performing Arts & Design,Archaeology,Law,Politics & International Studies (incl Development Studies),Languages, Literature & Linguistics,Sociology,History, Philosophy & Theology,Education,Communication & Media Studies,Other Health,Psychology,Economics & Econometrics",False,False,False,
601-800,Andhra University,0,614,34.8,241,6.9,790,1.2,800,31.3,594,7.2,799,master_account,0,/world-university-rankings/andhra-university,131464,India,"10,407",20.2,3%,36 : 64,Andhra University,"Computer Science,Mathematics & Statistics,Communication & Media Studies,Chemical Engineering,Business & Management,Law,Sport Science,Art, Performing Arts & Design,Geology, Environmental, Earth & Marine Sciences,Other Health,Mechanical & Aerospace Engineering,Civil Engineering,Psychology,Chemistry,Electrical & Electronic Engineering,History, Philosophy & Theology,Education,Physics & Astronomy,Languages, Literature & Linguistics,Sociology,Politics & International Studies (incl Development Studies),General Engineering,Geography,Accounting & Finance,Biological Sciences,Architecture",False,False,False,
601-800,University of Antioquia,0,615,18.1,712,21.1,427,14.8,727,43.6,295,42,433,master_account,0,/world-university-rankings/university-antioquia,131797,Colombia,"38,872",23.0,1%,50 : 50,University of Antioquia,"Economics & Econometrics,Physics & Astronomy,Mathematics & Statistics,Business & Management,Geography,Art, Performing Arts & Design,Education,Sociology,Chemistry,Law,Medicine & Dentistry,Mechanical & Aerospace Engineering,Architecture,Agriculture & Forestry,Languages, Literature & Linguistics,Accounting & Finance,Chemical Engineering,Electrical & Electronic Engineering,Biological Sciences,Geology, Environmental, Earth & Marine Sciences,Psychology,History, Philosophy & Theology,Civil Engineering,General Engineering,Sport Science,Veterinary Science,Other Health,Communication & Media Studies,Politics & International Studies (incl Development Studies)",False,False,False,
601-800,Aristotle University of Thessaloniki,0,616,22.6,546,15,569,29.5,580,33.6,509,36.6,501,master_account,0,/world-university-rankings/aristotle-university-thessaloniki,131558,Greece,"46,288",22.2,9%,52 : 48,Aristotle University of Thessaloniki,"Chemical Engineering,Psychology,Geology, Environmental, Earth & Marine Sciences,History, Philosophy & Theology,Languages, Literature & Linguistics,Mechanical & Aerospace Engineering,Architecture,Electrical & Electronic Engineering,Mathematics & Statistics,Physics & Astronomy,Veterinary Science,Biological Sciences,Business & Management,Medicine & Dentistry,Education,Politics & International Studies (incl Development Studies),Agriculture & Forestry,Law,Archaeology,Communication & Media Studies,Sport Science,Other Health,General Engineering,Civil Engineering,Accounting & Finance,Chemistry,Art, Performing Arts & Design,Economics & Econometrics,Computer Science",False,False,False,
601-800,"Asia University, Taiwan",0,617,14.4,791,15.9,546,30.5,570,38.4,389,18.3,730,master_account,0,/world-university-rankings/asia-university-taiwan,982,Taiwan,"12,119",26.3,3%,53 : 47,"Asia University, Taiwan","Art, Performing Arts & Design,Agriculture & Forestry,Economics & Econometrics,Biological Sciences,Computer Science,Law,Psychology,Communication & Media Studies,Other Health,Accounting & Finance,Electrical & Electronic Engineering,Veterinary Science,Education,Business & Management,Languages, Literature & Linguistics",False,False,False,
601-800,Athens University of Economics and Business,0,618,13.4,795,18.8,474,31.2,562,66.5,136,39.2,466,master_account,0,/world-university-rankings/athens-university-economics-and-business,131674,Greece,"13,167",57.5,6%,47 : 53,Athens University of Economics and Business,"Mathematics & Statistics,Computer Science,Politics & International Studies (incl Development Studies),Accounting & Finance,Communication & Media Studies,Business & Management,Economics & Econometrics",False,False,False,
601-800,Auckland University of Technology,0,619,17.3,742,9.8,737,21.7,651,28.5,712,95.6,13,master_account,6,/world-university-rankings/auckland-university-technology,131438,New Zealand,"18,981",18.1,38%,58 : 42,Auckland University of Technology AUT,"Physics & Astronomy,Mechanical & Aerospace Engineering,Sport Science,Other Health,Accounting & Finance,Law,Education,Economics & Econometrics,Communication & Media Studies,Chemistry,Electrical & Electronic Engineering,Languages, Literature & Linguistics,Sociology,Business & Management,Geography,Psychology,Biological Sciences,Geology, Environmental, Earth & Marine Sciences,Architecture,Mathematics & Statistics,General Engineering,Art, Performing Arts & Design,Computer Science,Civil Engineering,Politics & International Studies (incl Development Studies),Medicine & Dentistry,History, Philosophy & Theology",False,False,False,
601-800,Austral University of Chile,0,620,16.7,760,9.7,739,14.2,736,41.1,344,45.2,405,master_account,0,/world-university-rankings/austral-university-chile,131762,Chile,"13,794",17.8,1%,47 : 53,Austral University of Chile,"Agriculture & Forestry,Languages, Literature & Linguistics,Veterinary Science,Architecture,Electrical & Electronic Engineering,Medicine & Dentistry,Civil Engineering,Business & Management,Communication & Media Studies,Other Health,Sport Science,Computer Science,Mechanical & Aerospace Engineering,Art, Performing Arts & Design,Archaeology,Mathematics & Statistics,Education,Geology, Environmental, Earth & Marine Sciences,General Engineering,Law,Biological Sciences,History, Philosophy & Theology,Chemistry,Accounting & Finance,Psychology,Economics & Econometrics,Geography",False,False,False,
601-800,Beijing Institute of Technology,0,621,25.9,434,21.7,412,9.1,775,87.6,65,16.9,746,master_account,11,/world-university-rankings/beijing-institute-technology,1038,China,"25,983",12.6,3%,35 : 65,Beijing Institute of Technology,"Mechanical & Aerospace Engineering,General Engineering,Sport Science,Physics & Astronomy,Geology, Environmental, Earth & Marine Sciences,Psychology,Languages, Literature & Linguistics,Art, Performing Arts & Design,Chemical Engineering,Business & Management,Sociology,Education,Economics & Econometrics,Electrical & Electronic Engineering,Biological Sciences,Chemistry,Computer Science,Mathematics & Statistics,Accounting & Finance,Law,History, Philosophy & Theology",False,False,False,
601-800,Belarusian State University,0,622,20.2,622,8.7,764,6,790,28,745,48.2,368,master_account,0,/world-university-rankings/belarusian-state-university,131559,Belarus,"29,303",10.6,6%,69 : 31,Belarusian State University,"Economics & Econometrics,Geology, Environmental, Earth & Marine Sciences,Archaeology,Geography,Biological Sciences,Languages, Literature & Linguistics,Law,Communication & Media Studies,General Engineering,History, Philosophy & Theology,Accounting & Finance,Physics & Astronomy,Agriculture & Forestry,Chemical Engineering,Mechanical & Aerospace Engineering,Politics & International Studies (incl Development Studies),Psychology,Computer Science,Business & Management,Electrical & Electronic Engineering,Chemistry,Veterinary Science,Art, Performing Arts & Design,Sociology,Education,Mathematics & Statistics",False,False,True,
601-800,University of Belgrade,0,623,20.4,616,13.2,626,14,740,45.6,268,30.5,583,master_account,0,/world-university-rankings/university-belgrade,131292,Serbia,"96,968",28.3,4%,60 : 40,University of Belgrade,"Agriculture & Forestry,Law,History, Philosophy & Theology,Archaeology,Biological Sciences,Education,Other Health,Geology, Environmental, Earth & Marine Sciences,Economics & Econometrics,Computer Science,Sport Science,Business & Management,Languages, Literature & Linguistics,Chemical Engineering,Geography,Electrical & Electronic Engineering,Mathematics & Statistics,Politics & International Studies (incl Development Studies),General Engineering,Communication & Media Studies,Mechanical & Aerospace Engineering,Physics & Astronomy,Sociology,Accounting & Finance,Architecture,Civil Engineering,Chemistry,Medicine & Dentistry,Veterinary Science,Psychology",False,False,False,
601-800,"Birla Institute of Technology and Science, Pilani",0,624,18.3,703,8.3,770,17.4,701,29.6,655,13.7,790,master_account,0,/world-university-rankings/birla-institute-technology-and-science-pilani,131761,India,"11,837",19.5,0%,22 : 78,"Birla Institute of Technology and Science, Pilani","Civil Engineering,Art, Performing Arts & Design,Physics & Astronomy,Other Health,General Engineering,Economics & Econometrics,Biological Sciences,Law,Business & Management,Chemistry,Accounting & Finance,Electrical & Electronic Engineering,Chemical Engineering,Mechanical & Aerospace Engineering,Computer Science,Mathematics & Statistics",False,False,False,
601-800,University of Bradford,0,625,18.7,678,15.9,547,22.7,639,32.7,538,79.1,118,master_account,0,/world-university-rankings/university-bradford,914,United Kingdom,"11,065",20.5,32%,53 : 47,University of Bradford,"Architecture,Law,General Engineering,Business & Management,Electrical & Electronic Engineering,Education,Politics & International Studies (incl Development Studies),Communication & Media Studies,Mechanical & Aerospace Engineering,Psychology,Chemistry,Computer Science,Sport Science,Biological Sciences,Chemical Engineering,Sociology,Accounting & Finance,Medicine & Dentistry,Archaeology,Mathematics & Statistics,Civil Engineering,Other Health",False,False,False,https://www.timeshighereducation.com/student/register-interest/siuk?utm_medium=thewebsite&utm_campaign=cta-link&utm_source=rankings&iid=i-60961891
601-800,University of Brasília,0,626,21.9,563,7.4,785,10.4,764,0,768,24.1,659,master_account,0,/world-university-rankings/university-brasilia,131799,Brazil,"45,880",14.5,2%,52 : 48,University of Brasília,"Psychology,Communication & Media Studies,Physics & Astronomy,Art, Performing Arts & Design,Sociology,Business & Management,Law,Economics & Econometrics,Mechanical & Aerospace Engineering,Geography,Veterinary Science,Sport Science,Medicine & Dentistry,Electrical & Electronic Engineering,General Engineering,Chemistry,History, Philosophy & Theology,Architecture,Civil Engineering,Education,Agriculture & Forestry,Politics & International Studies (incl Development Studies),Geology, Environmental, Earth & Marine Sciences,Mathematics & Statistics,Languages, Literature & Linguistics,Computer Science,Accounting & Finance,Chemical Engineering,Other Health,Biological Sciences",False,False,False,
601-800,University of Brighton,0,627,16.7,761,10.7,706,20.1,673,29.4,664,62.8,226,master_account,0,/world-university-rankings/university-brighton,131342,United Kingdom,"16,925",19.5,19%,58 : 42,University of Brighton,"Art, Performing Arts & Design,Electrical & Electronic Engineering,Communication & Media Studies,Architecture,Education,Mechanical & Aerospace Engineering,Politics & International Studies (incl Development Studies),Medicine & Dentistry,Geology, Environmental, Earth & Marine Sciences,Economics & Econometrics,History, Philosophy & Theology,Biological Sciences,Psychology,Computer Science,Chemistry,Accounting & Finance,Languages, Literature & Linguistics,Sport Science,Law,Civil Engineering,Geography,Other Health,Mathematics & Statistics,Business & Management,General Engineering,Sociology",False,False,False,https://www.timeshighereducation.com/student/register-interest/siuk?utm_medium=thewebsite&utm_campaign=cta-link&utm_source=rankings&iid=i-12990754
601-800,University of Bucharest,0,628,34.3,249,11.5,674,9.9,769,29.5,658,21.3,684,master_account,0,/world-university-rankings/university-bucharest,131536,Romania,"31,806",24.9,2%,70 : 30,University of Bucharest,"Sport Science,History, Philosophy & Theology,Politics & International Studies (incl Development Studies),Psychology,Physics & Astronomy,Languages, Literature & Linguistics,Mathematics & Statistics,Economics & Econometrics,Education,Business & Management,Computer Science,Biological Sciences,Chemistry,Communication & Media Studies,Geography,Law,Sociology,Geology, Environmental, Earth & Marine Sciences",False,False,False,
601-800,Budapest University of Technology and Economics,0,629,17.1,750,13.7,611,21.6,653,39.7,373,30.4,586,master_account,0,/world-university-rankings/budapest-university-technology-and-economics,131330,Hungary,"22,447",22.1,4%,32 : 68,Budapest University of Technology and Economics,"Chemical Engineering,Economics & Econometrics,Geology, Environmental, Earth & Marine Sciences,Physics & Astronomy,Mechanical & Aerospace Engineering,Accounting & Finance,Mathematics & Statistics,General Engineering,Education,Computer Science,Communication & Media Studies,Architecture,Chemistry,Civil Engineering,Business & Management,Electrical & Electronic Engineering,Psychology",False,False,False,
601-800,Cairo University,0,630,18.9,670,11.1,689,11.9,756,30.3,634,31,574,master_account,0,/world-university-rankings/cairo-university,1006,Egypt,"231,941",39.1,2%,47 : 53,Cairo University,"Agriculture & Forestry,Medicine & Dentistry,Economics & Econometrics,Chemistry,Mechanical & Aerospace Engineering,General Engineering,Education,Communication & Media Studies,Physics & Astronomy,Languages, Literature & Linguistics,Business & Management,Geography,Architecture,Biological Sciences,History, Philosophy & Theology,Politics & International Studies (incl Development Studies),Archaeology,Chemical Engineering,Psychology,Veterinary Science,Geology, Environmental, Earth & Marine Sciences,Computer Science,Law,Civil Engineering,Sociology,Mathematics & Statistics,Electrical & Electronic Engineering,Other Health,Accounting & Finance",False,False,False,
601-800,University of Calcutta,0,631,34.7,243,8.7,765,19.8,677,29.2,673,13.1,793,master_account,0,/world-university-rankings/university-calcutta,131348,India,"18,511",32.5,0%,,University of Calcutta,"Architecture,Sport Science,Chemistry,Languages, Literature & Linguistics,Physics & Astronomy,Economics & Econometrics,Art, Performing Arts & Design,Mathematics & Statistics,Sociology,Biological Sciences,Psychology,Computer Science,Education,Chemical Engineering,Geography,Archaeology,Accounting & Finance,History, Philosophy & Theology,Business & Management,Agriculture & Forestry,Law,Geology, Environmental, Earth & Marine Sciences",False,False,False,
601-800,"California State University, Long Beach",0,632,11.6,799,10.4,718,23.3,636,0,770,18.9,717,public,0,/world-university-rankings/california-state-university-long-beach,131271,United States,"29,594",32.3,5%,58 : 42,"California State University, Long Beach","General Engineering,Communication & Media Studies,Chemical Engineering,Education,Computer Science,Geology, Environmental, Earth & Marine Sciences,Languages, Literature & Linguistics,Physics & Astronomy,Accounting & Finance,Electrical & Electronic Engineering,Sociology,Politics & International Studies (incl Development Studies),Mechanical & Aerospace Engineering,Civil Engineering,Geography,Other Health,Chemistry,Economics & Econometrics,Mathematics & Statistics,Psychology,Art, Performing Arts & Design,History, Philosophy & Theology,Biological Sciences,Business & Management",False,False,False,https://www.timeshighereducation.com/student/register-interest/shorelight?utm_medium=thewebsite&utm_campaign=cta-link&utm_source=rankings&iid=i-00827462
601-800,Capital Medical University,0,633,26.3,416,14.9,575,16.3,714,28.8,693,18.8,719,master_account,0,/world-university-rankings/capital-medical-university,131688,China,"11,506",7.1,3%,70 : 30,Capital Medical University,"Other Health,Medicine & Dentistry",False,False,False,
601-800,University of Castilla-La Mancha,0,634,18.4,694,10.3,721,30.5,571,29.7,653,28.6,605,master_account,0,/world-university-rankings/university-castilla-la-mancha,131613,Spain,"26,381",14.3,3%,56 : 44,University of Castilla-La Mancha,"Architecture,Psychology,Civil Engineering,General Engineering,Accounting & Finance,Chemistry,Geology, Environmental, Earth & Marine Sciences,Law,Computer Science,Chemical Engineering,Medicine & Dentistry,Other Health,Sport Science,Electrical & Electronic Engineering,Communication & Media Studies,Physics & Astronomy,Languages, Literature & Linguistics,Business & Management,Politics & International Studies (incl Development Studies),History, Philosophy & Theology,Biological Sciences,Art, Performing Arts & Design,Mechanical & Aerospace Engineering,Economics & Econometrics,Sociology,Agriculture & Forestry,Mathematics & Statistics,Geography,Education",False,False,False,
601-800,University of Lancashire,0,635,15.7,775,9.4,748,28.2,593,28.9,686,54.1,294,master_account,0,/world-university-rankings/university-lancashire,131822,United Kingdom,"18,540",17.5,17%,57 : 43,University of Lancashire,"Mathematics & Statistics,Languages, Literature & Linguistics,Veterinary Science,Biological Sciences,Education,Computer Science,Geology, Environmental, Earth & Marine Sciences,Accounting & Finance,Chemistry,Art, Performing Arts & Design,Geography,General Engineering,Communication & Media Studies,Medicine & Dentistry,Archaeology,Physics & Astronomy,Psychology,Politics & International Studies (incl Development Studies),Sport Science,Civil Engineering,History, Philosophy & Theology,Electrical & Electronic Engineering,Other Health,Law,Sociology,Chemical Engineering,Mechanical & Aerospace Engineering,Business & Management,Architecture,Economics & Econometrics",False,False,False,https://www.timeshighereducation.com/student/register-interest/siuk?utm_medium=thewebsite&utm_campaign=cta-link&utm_source=rankings&iid=i-99203141
601-800,University of Cergy-Pontoise,0,636,18.7,679,6.3,792,13.2,746,28.6,707,49.1,353,master_account,0,/world-university-rankings/university-cergy-pontoise,131787,France,"17,000",9.2,11%,53 : 47,University of Cergy-Pontoise,"Veterinary Science,Agriculture & Forestry,Electrical & Electronic Engineering,Mechanical & Aerospace Engineering,Sport Science,Mathematics & Statistics,Chemistry,History, Philosophy & Theology,Computer Science,Communication & Media Studies,Physics & Astronomy,General Engineering,Economics & Econometrics,Languages, Literature & Linguistics,Accounting & Finance,Geology, Environmental, Earth & Marine Sciences,Civil Engineering,Politics & International Studies (incl Development Studies),Education,Archaeology,Art, Performing Arts & Design,Architecture,Business & Management,Geography,Law,Biological Sciences,Chemical Engineering,Sociology",False,False,False,
601-800,Chang Gung University,0,637,19.3,652,24.7,350,27.6,598,31.9,567,15.7,766,master_account,0,/world-university-rankings/chang-gung-university,992,Taiwan,"7,506",12.6,0%,42 : 58,Chang Gung University chang gung,"Physics & Astronomy,Electrical & Electronic Engineering,General Engineering,Economics & Econometrics,Biological Sciences,Medicine & Dentistry,Other Health,Accounting & Finance,Chemistry,Mechanical & Aerospace Engineering,Computer Science,Chemical Engineering,Business & Management,Art, Performing Arts & Design,Mathematics & Statistics",False,False,False,
601-800,Carlos III University of Madrid,0,638,23.2,528,17.4,513,24.8,618,34.8,474,44.7,409,master_account,6,/world-university-rankings/carlos-iii-university-madrid,131513,Spain,"15,730",11.4,9%,43 : 57,Carlos III University of Madrid,"Accounting & Finance,Mechanical & Aerospace Engineering,History, Philosophy & Theology,Politics & International Studies (incl Development Studies),Computer Science,Sociology,General Engineering,Physics & Astronomy,Law,Languages, Literature & Linguistics,Communication & Media Studies,Mathematics & Statistics,Business & Management,Civil Engineering,Economics & Econometrics,Chemical Engineering,Geology, Environmental, Earth & Marine Sciences,Electrical & Electronic Engineering",False,False,False,
601-800,"University of Chemistry and Technology, Prague",0,639,21.6,575,12,657,17.4,702,38.9,381,46.3,390,master_account,0,/world-university-rankings/university-chemistry-and-technology-prague,131697,Czechia,"4,699",11.0,18%,,"University of Chemistry and Technology, Prague","Chemistry,Education,Mathematics & Statistics,Geology, Environmental, Earth & Marine Sciences,Chemical Engineering,Economics & Econometrics,Physics & Astronomy,Biological Sciences,Other Health,Business & Management,Computer Science",False,False,False,
601-800,Chiang Mai University,0,640,17.8,726,9.4,749,30,575,32.3,551,34.9,522,master_account,0,/world-university-rankings/chiang-mai-university,997,Thailand,"35,617",16.5,1%,19 : 81,Chiang Mai University,"History, Philosophy & Theology,Electrical & Electronic Engineering,General Engineering,Geology, Environmental, Earth & Marine Sciences,Education,Archaeology,Biological Sciences,Mathematics & Statistics,Veterinary Science,Communication & Media Studies,Law,Languages, Literature & Linguistics,Geography,Psychology,Other Health,Business & Management,Agriculture & Forestry,Economics & Econometrics,Accounting & Finance,Politics & International Studies (incl Development Studies),Art, Performing Arts & Design,Physics & Astronomy,Civil Engineering,Computer Science,Mechanical & Aerospace Engineering,Architecture,Chemistry,Medicine & Dentistry,Sport Science,Sociology",False,False,False,
601-800,Chiba University,0,641,26.9,403,16.8,527,24.8,619,55.3,195,21,690,master_account,0,/world-university-rankings/chiba-university,937,Japan,"14,554",12.3,5%,37 : 63,Chiba University,"Art, Performing Arts & Design,Electrical & Electronic Engineering,Geology, Environmental, Earth & Marine Sciences,Other Health,Chemistry,Chemical Engineering,Mechanical & Aerospace Engineering,Accounting & Finance,Languages, Literature & Linguistics,Civil Engineering,History, Philosophy & Theology,Physics & Astronomy,Law,Business & Management,Agriculture & Forestry,Education,Medicine & Dentistry,Sport Science,Economics & Econometrics,Computer Science,Mathematics & Statistics,Architecture,General Engineering,Communication & Media Studies,Archaeology,Psychology,Sociology,Biological Sciences,Politics & International Studies (incl Development Studies),Geography",False,False,False,
601-800,"China University of Geosciences, Wuhan",0,642,21.1,596,21.4,420,21.5,654,64.5,143,16.1,756,master_account,0,/world-university-rankings/china-university-geosciences-wuhan,131676,China,"29,483",20.7,2%,,"China University of Geosciences, Wuhan","General Engineering,Communication & Media Studies,Mathematics & Statistics,Politics & International Studies (incl Development Studies),Civil Engineering,Business & Management,Computer Science,Economics & Econometrics,Electrical & Electronic Engineering,Accounting & Finance,Physics & Astronomy,Geography,Geology, Environmental, Earth & Marine Sciences,Art, Performing Arts & Design,Chemistry,Mechanical & Aerospace Engineering,Chemical Engineering,Law",False,False,False,
601-800,"China University of Petroleum, Beijing",0,643,23.6,514,26.6,325,4,794,100,2,15.9,762,master_account,0,/world-university-rankings/china-university-petroleum-beijing,131744,China,"14,579",19.4,6%,,"China University of Petroleum, Beijing","Mathematics & Statistics,Business & Management,Politics & International Studies (incl Development Studies),Mechanical & Aerospace Engineering,Chemistry,Chemical Engineering,Languages, Literature & Linguistics,Geology, Environmental, Earth & Marine Sciences,Electrical & Electronic Engineering,Physics & Astronomy,Economics & Econometrics,General Engineering,Computer Science,Accounting & Finance",False,False,False,
601-800,Jeonbuk National University,0,644,19.7,639,14.7,586,24.5,623,33.3,519,27.2,624,master_account,11,/world-university-rankings/jeonbuk-national-university,131273,South Korea,"23,270",15.0,3%,45 : 55,Jeonbuk National University Chonbuk CBNU,"General Engineering,Psychology,Physics & Astronomy,Archaeology,Biological Sciences,Sociology,History, Philosophy & Theology,Chemical Engineering,Politics & International Studies (incl Development Studies),Geography,Agriculture & Forestry,Architecture,Computer Science,Mathematics & Statistics,Business & Management,Languages, Literature & Linguistics,Civil Engineering,Communication & Media Studies,Electrical & Electronic Engineering,Chemistry,Accounting & Finance,Art, Performing Arts & Design,Mechanical & Aerospace Engineering,Geology, Environmental, Earth & Marine Sciences,Economics & Econometrics,Other Health,Veterinary Science,Law,Medicine & Dentistry,Sport Science,Education",False,False,False,
601-800,Chongqing University,0,645,19.5,644,15.5,561,8.7,778,73.8,106,15.5,771,master_account,0,/world-university-rankings/chongqing-university,131440,China,"43,955",16.0,3%,,Chongqing University,"Business & Management,Architecture,Biological Sciences,Law,Chemistry,Civil Engineering,Communication & Media Studies,Other Health,History, Philosophy & Theology,Mechanical & Aerospace Engineering,Languages, Literature & Linguistics,Education,Electrical & Electronic Engineering,Art, Performing Arts & Design,Mathematics & Statistics,Chemical Engineering,Psychology,Economics & Econometrics,General Engineering,Sport Science,Physics & Astronomy,Medicine & Dentistry,Politics & International Studies (incl Development Studies),Computer Science,Accounting & Finance,Geology, Environmental, Earth & Marine Sciences",False,False,False,
601-800,Chonnam National University,0,646,17.5,737,11.7,667,29.1,584,31.4,590,20.4,700,master_account,0,/world-university-rankings/chonnam-national-university,131702,South Korea,"35,779",18.5,3%,41 : 59,Chonnam National University,"History, Philosophy & Theology,Business & Management,Other Health,Law,Civil Engineering,Communication & Media Studies,Archaeology,Politics & International Studies (incl Development Studies),Accounting & Finance,Medicine & Dentistry,Sociology,Chemistry,Computer Science,Mathematics & Statistics,Education,Architecture,Psychology,Art, Performing Arts & Design,Mechanical & Aerospace Engineering,Geology, Environmental, Earth & Marine Sciences,Electrical & Electronic Engineering,Physics & Astronomy,Geography,Veterinary Science,Biological Sciences,Languages, Literature & Linguistics,Chemical Engineering,Economics & Econometrics,Sport Science,General Engineering,Agriculture & Forestry",False,False,False,
601-800,Chulalongkorn University,0,647,23.8,509,14.1,605,16.7,709,37.8,403,32.8,550,master_account,6,/world-university-rankings/chulalongkorn-university,942,Thailand,"38,719",14.5,2%,59 : 41,Chulalongkorn University Chula Chulalongkorn thailand,"Education,Civil Engineering,Medicine & Dentistry,Psychology,Other Health,Geography,Electrical & Electronic Engineering,Mechanical & Aerospace Engineering,Computer Science,Architecture,Economics & Econometrics,Chemical Engineering,Physics & Astronomy,Mathematics & Statistics,Law,Languages, Literature & Linguistics,Biological Sciences,Sport Science,Business & Management,Veterinary Science,Chemistry,Sociology,General Engineering,Accounting & Finance,Politics & International Studies (incl Development Studies),Geology, Environmental, Earth & Marine Sciences,Archaeology,Art, Performing Arts & Design,History, Philosophy & Theology,Agriculture & Forestry,Communication & Media Studies",False,False,False,
601-800,Chung Yuan Christian University,0,648,15.9,772,22.1,405,17.4,703,41.9,330,18.7,721,master_account,0,/world-university-rankings/chung-yuan-christian-university,935,Taiwan,"15,020",30.2,3%,41 : 59,Chung Yuan Christian University,"Business & Management,Physics & Astronomy,Architecture,Chemistry,Civil Engineering,Psychology,Mathematics & Statistics,Economics & Econometrics,Electrical & Electronic Engineering,Mechanical & Aerospace Engineering,Geology, Environmental, Earth & Marine Sciences,Biological Sciences,Languages, Literature & Linguistics,Accounting & Finance,Education,Computer Science,Law,History, Philosophy & Theology,Art, Performing Arts & Design,Chemical Engineering,General Engineering",False,False,False,
601-800,Chungnam National University,0,649,23.2,529,17.7,499,13.2,747,39.9,367,19.8,708,master_account,0,/world-university-rankings/chungnam-national-university,131405,South Korea,"18,361",17.2,3%,,Chungnam National University CNU Chung Nam National University Chung-Nam,"Art, Performing Arts & Design,Mechanical & Aerospace Engineering,Sport Science,Psychology,Archaeology,Chemical Engineering,Law,Architecture,Veterinary Science,Sociology,Other Health,Mathematics & Statistics,Business & Management,Electrical & Electronic Engineering,Communication & Media Studies,Computer Science,Chemistry,Accounting & Finance,History, Philosophy & Theology,Agriculture & Forestry,Geology, Environmental, Earth & Marine Sciences,Geography,General Engineering,Physics & Astronomy,Economics & Econometrics,Medicine & Dentistry,Biological Sciences,Education,Languages, Literature & Linguistics,Civil Engineering,Politics & International Studies (incl Development Studies)",False,False,False,
601-800,Clemson University,0,650,21.4,583,19.7,451,27,603,35.8,455,34.6,526,public,0,/world-university-rankings/clemson-university,819,United States,"19,198",17.1,8%,46 : 54,Clemson University,"General Engineering,Biological Sciences,Sociology,History, Philosophy & Theology,Veterinary Science,Business & Management,Computer Science,Geography,Economics & Econometrics,Other Health,Politics & International Studies (incl Development Studies),Architecture,Agriculture & Forestry,Psychology,Civil Engineering,Geology, Environmental, Earth & Marine Sciences,Accounting & Finance,Electrical & Electronic Engineering,Mathematics & Statistics,Education,Mechanical & Aerospace Engineering,Physics & Astronomy,Art, Performing Arts & Design,Chemical Engineering,Chemistry,Languages, Literature & Linguistics,Communication & Media Studies",False,False,False,https://www.timeshighereducation.com/student/register-interest/shorelight?utm_medium=thewebsite&utm_campaign=cta-link&utm_source=rankings&iid=i-19014504
601-800,Comenius University Bratislava,0,651,23,535,10.3,722,19.6,679,28,746,46.9,384,master_account,0,/world-university-rankings/comenius-university-bratislava,131488,Slovakia,"20,879",9.7,10%,54 : 46,Comenius University Bratislava,"Sport Science,Languages, Literature & Linguistics,Physics & Astronomy,History, Philosophy & Theology,Geology, Environmental, Earth & Marine Sciences,Biological Sciences,Business & Management,Geography,Psychology,Politics & International Studies (incl Development Studies),Medicine & Dentistry,Sociology,Chemistry,Law,Education,Other Health,Archaeology,Computer Science,Mathematics & Statistics,Communication & Media Studies",False,False,False,
601-800,Coventry University,0,652,17.1,751,7.7,780,18.4,685,29.1,678,69.6,181,master_account,0,/world-university-rankings/coventry-university,131675,United Kingdom,"21,935",14.8,35%,47 : 53,Coventry University,"Psychology,Languages, Literature & Linguistics,Sport Science,Mathematics & Statistics,General Engineering,Architecture,Chemical Engineering,Computer Science,Physics & Astronomy,Business & Management,Electrical & Electronic Engineering,Politics & International Studies (incl Development Studies),Accounting & Finance,History, Philosophy & Theology,Biological Sciences,Sociology,Civil Engineering,Geology, Environmental, Earth & Marine Sciences,Art, Performing Arts & Design,Law,Mechanical & Aerospace Engineering,Chemistry,Economics & Econometrics,Other Health,Communication & Media Studies,Geography,Education,Agriculture & Forestry",False,False,False,
601-800,Dalian University of Technology,0,653,22.6,549,19,467,23.5,632,93.3,46,20.7,695,master_account,0,/world-university-rankings/dalian-university-technology,941,China,"34,326",15.2,2%,33 : 67,Dalian University of Technology,"Chemical Engineering,Architecture,Electrical & Electronic Engineering,Geology, Environmental, Earth & Marine Sciences,Civil Engineering,History, Philosophy & Theology,Agriculture & Forestry,Business & Management,Computer Science,Chemistry,Art, Performing Arts & Design,Sport Science,Economics & Econometrics,General Engineering,Communication & Media Studies,Mechanical & Aerospace Engineering,Physics & Astronomy,Other Health,Mathematics & Statistics,Languages, Literature & Linguistics,Biological Sciences,Law",False,False,False,
601-800,University of Debrecen,0,654,17.3,743,11.4,678,20.9,662,0,773,49,355,master_account,6,/world-university-rankings/university-debrecen,986,Hungary,"29,714",20.3,13%,57 : 43,University of Debrecen,"Computer Science,Sociology,Agriculture & Forestry,Politics & International Studies (incl Development Studies),Art, Performing Arts & Design,Civil Engineering,Communication & Media Studies,Electrical & Electronic Engineering,Geology, Environmental, Earth & Marine Sciences,Accounting & Finance,History, Philosophy & Theology,Sport Science,Geography,Languages, Literature & Linguistics,General Engineering,Mathematics & Statistics,Education,Medicine & Dentistry,Chemical Engineering,Economics & Econometrics,Other Health,Chemistry,Business & Management,Architecture,Biological Sciences,Law,Mechanical & Aerospace Engineering,Physics & Astronomy,Psychology",False,False,False,
601-800,University of Delhi,0,655,29.8,341,10.8,702,19.1,683,28.2,739,15.4,774,master_account,0,/world-university-rankings/university-delhi,131479,India,"32,567",22.9,1%,50 : 50,University of Delhi,"Law,Business & Management,Languages, Literature & Linguistics,Education,Communication & Media Studies,Art, Performing Arts & Design,Psychology,Computer Science,Biological Sciences,Politics & International Studies (incl Development Studies),Mathematics & Statistics,Economics & Econometrics,Geology, Environmental, Earth & Marine Sciences,Physics & Astronomy,Sociology,Chemistry,Accounting & Finance,Geography,History, Philosophy & Theology",False,False,False,
601-800,University of Dhaka,0,656,21.7,570,7.2,787,9.6,770,0,774,37.2,489,master_account,0,/world-university-rankings/university-dhaka,131689,Bangladesh,"62,716",6.9,5%,34 : 66,University of Dhaka,"Mathematics & Statistics,Geology, Environmental, Earth & Marine Sciences,Geography,Politics & International Studies (incl Development Studies),General Engineering,Chemistry,Economics & Econometrics,Art, Performing Arts & Design,Languages, Literature & Linguistics,Law,Computer Science,Communication & Media Studies,Accounting & Finance,Physics & Astronomy,Business & Management,Chemical Engineering,History, Philosophy & Theology,Sociology,Electrical & Electronic Engineering,Psychology,Biological Sciences,Education",False,False,False,
601-800,Dublin Institute of Technology,0,657,16.1,769,8.8,762,20.7,666,28.1,741,70.5,172,master_account,0,/world-university-rankings/dublin-institute-technology,1015,Ireland,"13,839",18.9,25%,41 : 59,Dublin Institute of Technology,"Economics & Econometrics,Physics & Astronomy,Geology, Environmental, Earth & Marine Sciences,Computer Science,Architecture,Art, Performing Arts & Design,Mechanical & Aerospace Engineering,Other Health,Law,Chemistry,Geography,Electrical & Electronic Engineering,Biological Sciences,Education,Sociology,General Engineering,Communication & Media Studies,Mathematics & Statistics,Civil Engineering,Languages, Literature & Linguistics,Accounting & Finance,Business & Management",False,False,False,
601-800,Ehime University,0,658,19.2,659,11.3,682,17.5,696,37.8,405,20.9,693,master_account,0,/world-university-rankings/ehime-university,131814,Japan,"8,394",9.9,1%,39 : 61,Ehime University,"Geology, Environmental, Earth & Marine Sciences,Agriculture & Forestry,Accounting & Finance,Psychology,History, Philosophy & Theology,General Engineering,Other Health,Geography,Sociology,Mathematics & Statistics,Business & Management,Education,Languages, Literature & Linguistics,Communication & Media Studies,Civil Engineering,Mechanical & Aerospace Engineering,Electrical & Electronic Engineering,Chemistry,Economics & Econometrics,Biological Sciences,Law,Medicine & Dentistry,Architecture,Politics & International Studies (incl Development Studies),Sport Science,Art, Performing Arts & Design,Chemical Engineering,Archaeology,Physics & Astronomy,Computer Science",False,False,False,
601-800,University of Electronic Science and Technology of China,0,659,20.5,613,12.9,633,8.8,777,28,747,13.4,791,master_account,0,/world-university-rankings/university-electronic-science-and-technology-china,131759,China,"21,689",9.8,0%,21 : 79,University of Electronic Science and Technology of China,"Economics & Econometrics,Chemical Engineering,Chemistry,Psychology,Languages, Literature & Linguistics,Accounting & Finance,Sociology,Medicine & Dentistry,Geology, Environmental, Earth & Marine Sciences,Mechanical & Aerospace Engineering,Mathematics & Statistics,General Engineering,Biological Sciences,Physics & Astronomy,Computer Science,Electrical & Electronic Engineering,Business & Management,Other Health",False,False,False,
601-800,Eötvös Loránd University,0,660,21.3,588,12.1,649,30.6,569,29.3,666,43,427,master_account,11,/world-university-rankings/eotvos-lorand-university,131314,Hungary,"28,698",22.4,4%,,Eötvös Loránd University,"Computer Science,Politics & International Studies (incl Development Studies),Languages, Literature & Linguistics,Physics & Astronomy,Psychology,Art, Performing Arts & Design,Mathematics & Statistics,Business & Management,Archaeology,Communication & Media Studies,Mechanical & Aerospace Engineering,Sociology,Agriculture & Forestry,Geography,Sport Science,Education,History, Philosophy & Theology,Chemistry,Accounting & Finance,Other Health,Geology, Environmental, Earth & Marine Sciences,Economics & Econometrics,Biological Sciences,Law",False,False,False,
601-800,Erciyes University,0,661,15.5,780,10.9,696,18,693,30.3,635,17.2,742,master_account,0,/world-university-rankings/erciyes-university,131784,Turkey,"28,079",28.0,2%,46 : 54,Erciyes University,"Chemical Engineering,Electrical & Electronic Engineering,Sociology,Economics & Econometrics,Politics & International Studies (incl Development Studies),Law,Geography,Veterinary Science,Education,General Engineering,Agriculture & Forestry,Civil Engineering,History, Philosophy & Theology,Geology, Environmental, Earth & Marine Sciences,Archaeology,Computer Science,Other Health,Communication & Media Studies,Business & Management,Art, Performing Arts & Design,Mathematics & Statistics,Accounting & Finance,Physics & Astronomy,Architecture,Languages, Literature & Linguistics,Psychology,Chemistry,Sport Science,Mechanical & Aerospace Engineering,Biological Sciences,Medicine & Dentistry",False,False,False,
601-800,Universidade Federal da Bahia,0,662,18.2,708,8.1,774,14.3,734,0,775,19.7,709,master_account,0,/world-university-rankings/universidade-federal-da-bahia,131825,Brazil,"39,861",17.9,1%,47 : 53,Universidade Federal da Bahia,"Geography,Veterinary Science,Accounting & Finance,Archaeology,Mechanical & Aerospace Engineering,Politics & International Studies (incl Development Studies),Mathematics & Statistics,Chemistry,Art, Performing Arts & Design,General Engineering,Other Health,Psychology,Communication & Media Studies,Languages, Literature & Linguistics,Electrical & Electronic Engineering,Chemical Engineering,Civil Engineering,Computer Science,Business & Management,Education,Biological Sciences,Economics & Econometrics,Sociology,Geology, Environmental, Earth & Marine Sciences,Physics & Astronomy,Medicine & Dentistry,Architecture,Sport Science,History, Philosophy & Theology,Law",False,False,False,
601-800,Federal University of Minas Gerais,0,663,27.9,381,15.4,562,23.1,637,30.7,618,21.6,680,master_account,0,/world-university-rankings/federal-university-minas-gerais,131770,Brazil,"42,612",13.5,1%,55 : 45,Federal University of Minas Gerais,"Psychology,Biological Sciences,Civil Engineering,Mechanical & Aerospace Engineering,Mathematics & Statistics,Geography,Other Health,Communication & Media Studies,Sport Science,Law,Architecture,Computer Science,General Engineering,History, Philosophy & Theology,Chemistry,Physics & Astronomy,Veterinary Science,Art, Performing Arts & Design,Electrical & Electronic Engineering,Agriculture & Forestry,Medicine & Dentistry,Archaeology,Languages, Literature & Linguistics,Chemical Engineering,Politics & International Studies (incl Development Studies),Accounting & Finance,Sociology,Education,Business & Management,Economics & Econometrics,Geology, Environmental, Earth & Marine Sciences",False,False,False,
601-800,Universidade Federal do Paraná (UFPR),0,664,24.6,483,9.6,741,7,785,0,777,15.5,772,master_account,0,/world-university-rankings/universidade-federal-do-parana-ufpr,131706,Brazil,"21,850",11.2,1%,,Universidade Federal do Paraná (UFPR),"General Engineering,Agriculture & Forestry,Electrical & Electronic Engineering,Chemical Engineering,History, Philosophy & Theology,Computer Science,Physics & Astronomy,Economics & Econometrics,Medicine & Dentistry,Biological Sciences,Sociology,Architecture,Education,Civil Engineering,Communication & Media Studies,Business & Management,Mathematics & Statistics,Law,Sport Science,Chemistry,Accounting & Finance,Other Health,Art, Performing Arts & Design,Veterinary Science,Languages, Literature & Linguistics,Mechanical & Aerospace Engineering,Geology, Environmental, Earth & Marine Sciences,Psychology,Geography",False,False,False,
601-800,Universidade Federal do Rio Grande do Sul,0,665,32.6,281,13.7,612,16.8,707,0,778,18.9,718,master_account,0,/world-university-rankings/universidade-federal-do-rio-grande-do-sul,131512,Brazil,"38,743",14.8,1%,50 : 50,Universidade Federal do Rio Grande do Sul,"Sport Science,Psychology,Geography,Other Health,Electrical & Electronic Engineering,Communication & Media Studies,Agriculture & Forestry,Art, Performing Arts & Design,Law,Medicine & Dentistry,Computer Science,History, Philosophy & Theology,Veterinary Science,Accounting & Finance,Economics & Econometrics,Chemical Engineering,Physics & Astronomy,Geology, Environmental, Earth & Marine Sciences,Architecture,Mechanical & Aerospace Engineering,Mathematics & Statistics,Politics & International Studies (incl Development Studies),Languages, Literature & Linguistics,General Engineering,Chemistry,Business & Management,Civil Engineering,Education,Biological Sciences,Sociology",False,False,False,
601-800,Universidade Federal de Santa Catarina,0,666,26,429,12.2,646,14.2,737,42.9,308,21,691,master_account,0,/world-university-rankings/universidade-federal-de-santa-catarina,131416,Brazil,"26,078",12.6,1%,48 : 52,Universidade Federal de Santa Catarina,"Geography,Chemical Engineering,Languages, Literature & Linguistics,Veterinary Science,Psychology,Education,Mechanical & Aerospace Engineering,Architecture,Electrical & Electronic Engineering,History, Philosophy & Theology,Agriculture & Forestry,Computer Science,Sociology,Sport Science,Art, Performing Arts & Design,Civil Engineering,Geology, Environmental, Earth & Marine Sciences,Accounting & Finance,Medicine & Dentistry,Mathematics & Statistics,General Engineering,Politics & International Studies (incl Development Studies),Business & Management,Economics & Econometrics,Biological Sciences,Physics & Astronomy,Other Health,Law,Chemistry,Communication & Media Studies",False,False,False,
601-800,Federal University of São Carlos,0,667,29,355,10.8,703,11.5,757,0,779,16.8,748,master_account,0,/world-university-rankings/federal-university-sao-carlos,131663,Brazil,"18,587",16.9,0%,,Federal University of São Carlos,"Languages, Literature & Linguistics,Chemical Engineering,Politics & International Studies (incl Development Studies),General Engineering,Sport Science,Geology, Environmental, Earth & Marine Sciences,Electrical & Electronic Engineering,Sociology,Mathematics & Statistics,Other Health,Economics & Econometrics,Computer Science,Chemistry,Biological Sciences,Communication & Media Studies,History, Philosophy & Theology,Physics & Astronomy,Business & Management,Medicine & Dentistry,Civil Engineering,Education,Psychology,Mechanical & Aerospace Engineering,Art, Performing Arts & Design,Agriculture & Forestry,Geography",False,False,False,
601-800,Federal University of Viçosa,0,668,39.7,170,14.5,597,3.9,795,59,171,15,777,master_account,0,/world-university-rankings/federal-university-vicosa,131785,Brazil,"13,163",11.4,3%,70 : 30,Federal University of Viçosa,"Architecture,Agriculture & Forestry,Electrical & Electronic Engineering,Sport Science,Biological Sciences,Languages, Literature & Linguistics,Chemical Engineering,Education,History, Philosophy & Theology,Geography,Physics & Astronomy,Computer Science,Accounting & Finance,Business & Management,Mechanical & Aerospace Engineering,General Engineering,Sociology,Civil Engineering,Chemistry,Law,Veterinary Science,Communication & Media Studies,Other Health,Art, Performing Arts & Design,Medicine & Dentistry,Economics & Econometrics,Mathematics & Statistics",False,False,False,
601-800,Federal University of Lavras,0,669,25.8,439,16.4,535,3,798,0,776,14.5,782,master_account,0,/world-university-rankings/federal-university-lavras,131376,Brazil,"10,350",20.9,1%,53 : 47,Federal University of Lavras,"Languages, Literature & Linguistics,Agriculture & Forestry,Education,Chemical Engineering,Law,Other Health,Veterinary Science,General Engineering,Chemistry,Civil Engineering,Business & Management,Medicine & Dentistry,Biological Sciences,History, Philosophy & Theology,Sport Science,Computer Science,Geology, Environmental, Earth & Marine Sciences,Electrical & Electronic Engineering,Physics & Astronomy,Mechanical & Aerospace Engineering,Mathematics & Statistics",False,False,False,
601-800,Feng Chia University,0,670,14.6,788,13.7,613,34.4,535,33.9,501,21.1,686,master_account,0,/world-university-rankings/feng-chia-university,911,Taiwan,"20,213",23.9,7%,36 : 64,Feng Chia University,"Politics & International Studies (incl Development Studies),Mechanical & Aerospace Engineering,Chemistry,Accounting & Finance,Electrical & Electronic Engineering,Civil Engineering,Law,Mathematics & Statistics,Architecture,Physics & Astronomy,Chemical Engineering,Art, Performing Arts & Design,Economics & Econometrics,Geology, Environmental, Earth & Marine Sciences,General Engineering,Computer Science,Languages, Literature & Linguistics,Geography,Business & Management,Sociology,History, Philosophy & Theology,Communication & Media Studies",False,False,False,
601-800,Florida Institute of Technology,0,671,20.4,617,13.5,621,24.6,620,33.4,515,62.4,230,private,0,/world-university-rankings/florida-institute-technology,873,United States,"4,408",13.7,26%,34 : 66,Florida Institute of Technology,"Geology, Environmental, Earth & Marine Sciences,Mechanical & Aerospace Engineering,Electrical & Electronic Engineering,Mathematics & Statistics,Languages, Literature & Linguistics,Civil Engineering,Psychology,Chemical Engineering,Business & Management,Accounting & Finance,Chemistry,Computer Science,Education,Biological Sciences,Physics & Astronomy,Communication & Media Studies,General Engineering,History, Philosophy & Theology",False,False,False,https://www.timeshighereducation.com/student/register-interest/shorelight?utm_medium=thewebsite&utm_campaign=cta-link&utm_source=rankings&iid=i-81668434
601-800,Fu Jen Catholic University,0,672,14.4,792,9.8,738,18.2,689,47,258,19.1,716,master_account,0,/world-university-rankings/fu-jen-catholic-university,131690,Taiwan,"25,951",22.8,4%,59 : 41,Fu Jen Catholic University,"Business & Management,Architecture,Computer Science,Communication & Media Studies,Accounting & Finance,Languages, Literature & Linguistics,Mechanical & Aerospace Engineering,Sociology,Other Health,Biological Sciences,Law,Economics & Econometrics,Archaeology,Sport Science,History, Philosophy & Theology,Chemical Engineering,Geography,Medicine & Dentistry,Mathematics & Statistics,Education,General Engineering,Politics & International Studies (incl Development Studies),Electrical & Electronic Engineering,Chemistry,Art, Performing Arts & Design,Civil Engineering,Geology, Environmental, Earth & Marine Sciences,Agriculture & Forestry,Physics & Astronomy,Psychology",False,False,False,
601-800,Gdańsk University of Technology,0,673,15.5,781,9.5,743,15.2,726,36.8,426,16.1,757,master_account,0,/world-university-rankings/gdansk-university-technology,131337,Poland,"25,217",23.3,1%,39 : 61,Gdańsk University of Technology,"Computer Science,Accounting & Finance,Chemical Engineering,Economics & Econometrics,General Engineering,Business & Management,Civil Engineering,Electrical & Electronic Engineering,Mathematics & Statistics,Physics & Astronomy,Mechanical & Aerospace Engineering,Architecture,Chemistry",False,False,False,
601-800,University of Ghana,0,674,15.6,778,15.6,558,19.5,680,0,781,48.4,366,master_account,0,/world-university-rankings/university-ghana,131352,Ghana,"37,274",37.5,2%,41 : 59,University of Ghana,"Sport Science,Law,Art, Performing Arts & Design,Physics & Astronomy,Business & Management,Languages, Literature & Linguistics,General Engineering,Politics & International Studies (incl Development Studies),Economics & Econometrics,Other Health,Communication & Media Studies,Veterinary Science,Education,Archaeology,Computer Science,Mathematics & Statistics,Psychology,Biological Sciences,Geography,Agriculture & Forestry,Sociology,Medicine & Dentistry,Geology, Environmental, Earth & Marine Sciences,Accounting & Finance,History, Philosophy & Theology,Chemistry",False,False,False,
601-800,Gifu University,0,675,25.4,455,16.9,523,14.7,730,32.8,535,18.5,727,master_account,0,/world-university-rankings/gifu-university,131324,Japan,"7,318",12.4,4%,35 : 65,Gifu University,"Biological Sciences,General Engineering,Education,Agriculture & Forestry,Civil Engineering,Economics & Econometrics,Electrical & Electronic Engineering,Business & Management,Medicine & Dentistry,Sociology,Other Health,Mechanical & Aerospace Engineering,Accounting & Finance,Veterinary Science,Chemical Engineering",False,False,False,
601-800,Glasgow Caledonian University,0,676,17.1,752,10.4,719,24.2,628,29.9,649,55,286,master_account,0,/world-university-rankings/glasgow-caledonian-university,131275,United Kingdom,"13,525",21.6,16%,60 : 40,Glasgow Caledonian University,"Psychology,Other Health,Business & Management,Electrical & Electronic Engineering,Politics & International Studies (incl Development Studies),Law,Biological Sciences,Sociology,Computer Science,Accounting & Finance,Communication & Media Studies,Civil Engineering,Economics & Econometrics,Mechanical & Aerospace Engineering,General Engineering",False,False,False,https://www.timeshighereducation.com/student/into-university-partnerships?utm_medium=thewebsite&utm_campaign=cta-link&utm_source=rankings&iid=i-01901723
601-800,University of Greenwich,0,677,15.7,776,9.5,744,17.7,695,30,647,81.8,101,master_account,0,/world-university-rankings/university-greenwich,131553,United Kingdom,"18,095",24.6,32%,53 : 47,University of Greenwich,"Sport Science,Accounting & Finance,Business & Management,Electrical & Electronic Engineering,Politics & International Studies (incl Development Studies),Biological Sciences,Veterinary Science,Other Health,Languages, Literature & Linguistics,History, Philosophy & Theology,Art, Performing Arts & Design,Chemistry,Law,Education,Civil Engineering,Chemical Engineering,Computer Science,Mathematics & Statistics,Sociology,Agriculture & Forestry,Economics & Econometrics,Architecture,Psychology,Mechanical & Aerospace Engineering,Geology, Environmental, Earth & Marine Sciences,General Engineering,Communication & Media Studies",False,False,False,https://www.timeshighereducation.com/student/register-interest/siuk?utm_medium=thewebsite&utm_campaign=cta-link&utm_source=rankings&iid=i-51279343
601-800,Hacettepe University,0,678,21,600,11.8,662,19.7,678,28.2,740,19.6,711,master_account,0,/world-university-rankings/hacettepe-university,996,Turkey,"39,606",20.4,4%,56 : 44,Hacettepe University,"Economics & Econometrics,Biological Sciences,Business & Management,Mathematics & Statistics,Languages, Literature & Linguistics,Law,Computer Science,Art, Performing Arts & Design,Mechanical & Aerospace Engineering,Education,Medicine & Dentistry,Geology, Environmental, Earth & Marine Sciences,Sport Science,History, Philosophy & Theology,Civil Engineering,Electrical & Electronic Engineering,Sociology,Architecture,General Engineering,Accounting & Finance,Other Health,Psychology,Physics & Astronomy,Chemical Engineering,Archaeology,Communication & Media Studies,Chemistry,Politics & International Studies (incl Development Studies)",False,False,False,
601-800,University of Huddersfield,0,679,17.4,739,5.4,797,16.5,711,28,749,55.2,284,master_account,0,/world-university-rankings/university-huddersfield,131570,United Kingdom,"15,435",18.2,25%,54 : 46,University of Huddersfield,"Sport Science,Civil Engineering,Languages, Literature & Linguistics,Geography,Law,Physics & Astronomy,Psychology,General Engineering,Chemical Engineering,Mathematics & Statistics,Art, Performing Arts & Design,History, Philosophy & Theology,Business & Management,Education,Architecture,Biological Sciences,Communication & Media Studies,Mechanical & Aerospace Engineering,Sociology,Electrical & Electronic Engineering,Accounting & Finance,Other Health,Economics & Econometrics,Chemistry,Geology, Environmental, Earth & Marine Sciences,Computer Science",False,False,False,https://www.timeshighereducation.com/student/register-interest/siuk?utm_medium=thewebsite&utm_campaign=cta-link&utm_source=rankings&iid=i-54896541
601-800,University of Tehran,0,680,27.3,395,17.7,502,15.8,719,0,795,16.5,753,master_account,0,/world-university-rankings/university-tehran,131551,Iran,"53,802",27.0,1%,45 : 55,University of Tehran,"General Engineering,Accounting & Finance,Communication & Media Studies,Civil Engineering,Art, Performing Arts & Design,Mechanical & Aerospace Engineering,Archaeology,Business & Management,Computer Science,Architecture,Politics & International Studies (incl Development Studies),Education,Physics & Astronomy,Sport Science,Biological Sciences,Economics & Econometrics,Veterinary Science,Sociology,Psychology,Geography,Geology, Environmental, Earth & Marine Sciences,Mathematics & Statistics,Chemistry,Electrical & Electronic Engineering,History, Philosophy & Theology,Chemical Engineering,Law,Languages, Literature & Linguistics,Agriculture & Forestry",False,False,False,
601-800,Hunan University,0,681,18.3,704,15,570,21.2,657,46.7,261,14.8,779,master_account,0,/world-university-rankings/hunan-university,981,China,"42,756",24.7,2%,43 : 57,Hunan University,"General Engineering,Biological Sciences,Education,Economics & Econometrics,Civil Engineering,Physics & Astronomy,Architecture,Accounting & Finance,History, Philosophy & Theology,Communication & Media Studies,Computer Science,Mathematics & Statistics,Geology, Environmental, Earth & Marine Sciences,Law,Art, Performing Arts & Design,Electrical & Electronic Engineering,Politics & International Studies (incl Development Studies),Mechanical & Aerospace Engineering,Business & Management,Chemical Engineering,Chemistry,Languages, Literature & Linguistics",False,False,False,
601-800,University of Ibadan,0,682,22.7,543,11.1,690,4.6,792,29.2,674,26.1,632,master_account,0,/world-university-rankings/university-ibadan,131386,Nigeria,"26,247",17.1,1%,45 : 55,University of Ibadan,"Agriculture & Forestry,Geology, Environmental, Earth & Marine Sciences,Education,Medicine & Dentistry,Chemical Engineering,Politics & International Studies (incl Development Studies),Sociology,Languages, Literature & Linguistics,Veterinary Science,Geography,History, Philosophy & Theology,Civil Engineering,Physics & Astronomy,Computer Science,Sport Science,Other Health,Communication & Media Studies,Business & Management,Archaeology,Mechanical & Aerospace Engineering,Chemistry,Psychology,Art, Performing Arts & Design,Biological Sciences,Economics & Econometrics,Electrical & Electronic Engineering,Law,Accounting & Finance,Architecture,General Engineering,Mathematics & Statistics",False,False,False,
601-800,University of Indonesia,0,683,18.1,713,8,775,13.9,742,40,365,37.2,490,master_account,0,/world-university-rankings/university-indonesia,131810,Indonesia,"43,565",15.8,0%,51 : 49,University of Indonesia Universitas Indonesia UI,"Geography,Geology, Environmental, Earth & Marine Sciences,Business & Management,Archaeology,Civil Engineering,Politics & International Studies (incl Development Studies),Medicine & Dentistry,Mechanical & Aerospace Engineering,Agriculture & Forestry,Chemical Engineering,Art, Performing Arts & Design,Sociology,Economics & Econometrics,General Engineering,Physics & Astronomy,Communication & Media Studies,Psychology,Languages, Literature & Linguistics,Architecture,Computer Science,Electrical & Electronic Engineering,Accounting & Finance,Mathematics & Statistics,Chemistry,History, Philosophy & Theology,Other Health,Biological Sciences,Law",False,False,False,
601-800,Inha University,0,684,20.7,609,20,449,22.5,642,64.7,140,23.5,661,master_account,0,/world-university-rankings/inha-university,949,South Korea,"20,353",24.1,3%,36 : 64,Inha University,"Economics & Econometrics,Biological Sciences,Accounting & Finance,Architecture,Education,Mechanical & Aerospace Engineering,Law,Civil Engineering,Mathematics & Statistics,Physics & Astronomy,Languages, Literature & Linguistics,Art, Performing Arts & Design,Archaeology,Communication & Media Studies,Medicine & Dentistry,Sport Science,Electrical & Electronic Engineering,General Engineering,Chemistry,Computer Science,Psychology,History, Philosophy & Theology,Geology, Environmental, Earth & Marine Sciences,Business & Management,Chemical Engineering,Other Health,Politics & International Studies (incl Development Studies)",False,False,False,
601-800,I-Shou University,0,685,12.8,796,11.5,675,13.3,745,41,346,24.8,652,master_account,0,/world-university-rankings/i-shou-university,131739,Taiwan,"16,263",29.9,10%,45 : 55,I-Shou University,"Law,Mathematics & Statistics,Art, Performing Arts & Design,Geography,Sport Science,Sociology,Biological Sciences,Languages, Literature & Linguistics,Politics & International Studies (incl Development Studies),General Engineering,Civil Engineering,Accounting & Finance,Medicine & Dentistry,Physics & Astronomy,Electrical & Electronic Engineering,History, Philosophy & Theology,Archaeology,Other Health,Computer Science,Economics & Econometrics,Communication & Media Studies,Chemical Engineering,Mechanical & Aerospace Engineering,Architecture,Geology, Environmental, Earth & Marine Sciences,Chemistry,Business & Management,Agriculture & Forestry,Veterinary Science",False,False,False,
601-800,Istanbul University,0,686,26,431,23.3,372,10,768,100,6,20,705,master_account,0,/world-university-rankings/istanbul-university,993,Turkey,"82,096",41.1,6%,44 : 56,Istanbul University,"Business & Management,Languages, Literature & Linguistics,Physics & Astronomy,Other Health,Law,Accounting & Finance,Geography,Medicine & Dentistry,Communication & Media Studies,Archaeology,Computer Science,History, Philosophy & Theology,Biological Sciences,Psychology,Art, Performing Arts & Design,Architecture,Mathematics & Statistics,Economics & Econometrics,Sociology,Geology, Environmental, Earth & Marine Sciences,Politics & International Studies (incl Development Studies),Chemistry",False,False,False,
601-800,Jagiellonian University,0,687,24,501,14.4,598,30.7,567,28,751,33.5,541,master_account,0,/world-university-rankings/jagiellonian-university,783,Poland,"42,835",11.5,5%,67 : 33,Jagiellonian University,"Economics & Econometrics,Computer Science,Geology, Environmental, Earth & Marine Sciences,Psychology,Biological Sciences,Archaeology,Geography,Medicine & Dentistry,Business & Management,History, Philosophy & Theology,Education,Communication & Media Studies,Physics & Astronomy,Other Health,Law,Accounting & Finance,Chemistry,Politics & International Studies (incl Development Studies),Sociology,Languages, Literature & Linguistics,Mathematics & Statistics,Art, Performing Arts & Design",False,False,False,
601-800,Jilin University,0,688,28.2,374,14.4,599,14.6,731,42.1,326,20.3,701,master_account,0,/world-university-rankings/jilin-university,1044,China,"65,605",13.6,3%,46 : 54,Jilin University,"Medicine & Dentistry,Veterinary Science,Geography,Languages, Literature & Linguistics,Civil Engineering,Geology, Environmental, Earth & Marine Sciences,Architecture,Chemical Engineering,Politics & International Studies (incl Development Studies),History, Philosophy & Theology,Agriculture & Forestry,Sociology,Computer Science,Sport Science,Law,General Engineering,Physics & Astronomy,Education,Art, Performing Arts & Design,Electrical & Electronic Engineering,Communication & Media Studies,Accounting & Finance,Archaeology,Biological Sciences,Psychology,Other Health,Mathematics & Statistics,Business & Management,Mechanical & Aerospace Engineering,Chemistry,Economics & Econometrics",False,False,False,
601-800,The University of Jordan,0,689,19,669,7.7,781,7.8,780,28.8,695,53.7,300,master_account,11,/world-university-rankings/university-jordan,131487,Jordan,"35,577",13.6,13%,67 : 33,The University of Jordan,"Economics & Econometrics,Business & Management,Computer Science,Physics & Astronomy,Electrical & Electronic Engineering,Chemistry,Geology, Environmental, Earth & Marine Sciences,Agriculture & Forestry,Chemical Engineering,Law,Communication & Media Studies,Geography,Biological Sciences,Archaeology,History, Philosophy & Theology,Politics & International Studies (incl Development Studies),Mechanical & Aerospace Engineering,Art, Performing Arts & Design,Civil Engineering,Mathematics & Statistics,Medicine & Dentistry,Languages, Literature & Linguistics,Other Health,Architecture,Psychology,Education,Veterinary Science,Sociology,Accounting & Finance,Sport Science",False,False,False,
601-800,Jordan University of Science and Technology,0,690,16.4,763,6.2,794,16.4,712,31.4,591,62.2,231,master_account,0,/world-university-rankings/jordan-university-science-and-technology,131603,Jordan,"24,686",16.4,23%,55 : 45,Jordan University of Science and Technology,"Architecture,Agriculture & Forestry,Civil Engineering,Computer Science,General Engineering,Veterinary Science,Chemical Engineering,Biological Sciences,Other Health,Mechanical & Aerospace Engineering,Electrical & Electronic Engineering,Chemistry,Languages, Literature & Linguistics,Mathematics & Statistics,Physics & Astronomy,Medicine & Dentistry",False,False,False,
601-800,Juntendo University,0,691,32.3,288,10.5,715,24,629,51.1,223,16.7,751,master_account,0,/world-university-rankings/juntendo-university,930,Japan,"3,955",3.7,1%,52 : 48,Juntendo University,"Education,Politics & International Studies (incl Development Studies),Sociology,Communication & Media Studies,Computer Science,Other Health,Sport Science,Languages, Literature & Linguistics,Biological Sciences,Medicine & Dentistry,Economics & Econometrics",False,False,False,
601-800,K.N. Toosi University of Technology,0,692,20.9,604,18.1,494,22.5,643,45.5,271,7.1,800,master_account,0,/world-university-rankings/kn-toosi-university-technology,131757,Iran,"7,146",24.6,0%,32 : 68,K.N. Toosi University of Technology,"Chemistry,Mathematics & Statistics,Business & Management,Electrical & Electronic Engineering,Mechanical & Aerospace Engineering,Accounting & Finance,Civil Engineering,General Engineering,Computer Science,Physics & Astronomy",False,False,False,
601-800,Kaohsiung Medical University,0,693,20.6,611,22.2,402,20.5,667,33.2,521,19.9,706,master_account,0,/world-university-rankings/kaohsiung-medical-university,131495,Taiwan,"7,009",12.6,5%,56 : 44,Kaohsiung Medical University,"Biological Sciences,Medicine & Dentistry,Sociology,Other Health",False,False,False,
601-800,Khon Kaen University,0,694,18.2,709,7.4,786,19.9,676,35.7,458,31.5,567,master_account,0,/world-university-rankings/khon-kaen-university,131523,Thailand,"39,669",16.9,1%,62 : 38,Khon Kaen University,"Civil Engineering,Other Health,Languages, Literature & Linguistics,Electrical & Electronic Engineering,Accounting & Finance,Geology, Environmental, Earth & Marine Sciences,Biological Sciences,General Engineering,Chemistry,History, Philosophy & Theology,Computer Science,Communication & Media Studies,Politics & International Studies (incl Development Studies),Agriculture & Forestry,Mechanical & Aerospace Engineering,Medicine & Dentistry,Business & Management,Sociology,Education,Physics & Astronomy,Chemical Engineering,Sport Science,Art, Performing Arts & Design,Architecture,Law,Veterinary Science,Economics & Econometrics,Mathematics & Statistics",False,False,False,
601-800,King Mongkut’s University of Technology Thonburi,0,695,18.2,710,11.4,679,36.2,520,70.3,122,28.5,608,master_account,0,/world-university-rankings/king-mongkuts-university-technology-thonburi,901,Thailand,"17,791",23.7,1%,42 : 58,King Mongkut’s University of Technology Thonburi,"Education,Computer Science,Civil Engineering,Electrical & Electronic Engineering,Architecture,General Engineering,Chemistry,Business & Management,Accounting & Finance,Agriculture & Forestry,Biological Sciences,Communication & Media Studies,Mathematics & Statistics,Languages, Literature & Linguistics,Chemical Engineering,Mechanical & Aerospace Engineering,Geology, Environmental, Earth & Marine Sciences,Physics & Astronomy",False,False,False,
601-800,Kingston University,0,696,16.9,754,12.1,651,26.7,604,28.5,717,76.8,137,master_account,0,/world-university-rankings/kingston-university,131579,United Kingdom,"20,780",20.9,34%,53 : 47,Kingston University,"History, Philosophy & Theology,Mechanical & Aerospace Engineering,Civil Engineering,Economics & Econometrics,Biological Sciences,Sociology,Chemistry,Education,Architecture,Psychology,Geography,Languages, Literature & Linguistics,Law,Art, Performing Arts & Design,Computer Science,Communication & Media Studies,Chemical Engineering,Business & Management,Other Health,Sport Science,Geology, Environmental, Earth & Marine Sciences,General Engineering,Accounting & Finance",False,False,False,https://www.timeshighereducation.com/student/register-interest/siuk?utm_medium=thewebsite&utm_campaign=cta-link&utm_source=rankings&iid=i-56928712
601-800,Kindai University,0,697,18.5,688,7.9,778,30,576,33.2,522,17,745,master_account,0,/world-university-rankings/kindai-university,131589,Japan,"31,216",11.6,2%,,Kindai University,"Other Health,Economics & Econometrics,Civil Engineering,Art, Performing Arts & Design,Business & Management,Biological Sciences,Chemical Engineering,Agriculture & Forestry,History, Philosophy & Theology,Electrical & Electronic Engineering,Languages, Literature & Linguistics,Sociology,Mathematics & Statistics,Mechanical & Aerospace Engineering,Physics & Astronomy,Architecture,Computer Science,Accounting & Finance,General Engineering,Politics & International Studies (incl Development Studies),Law,Communication & Media Studies,Medicine & Dentistry,Chemistry",False,False,False,
601-800,Kobe University,0,698,27.8,386,15.4,563,24.3,627,45.1,278,21.1,687,master_account,0,/world-university-rankings/kobe-university,833,Japan,"15,885",8.4,6%,33 : 67,Kobe University,"Chemical Engineering,Art, Performing Arts & Design,Geology, Environmental, Earth & Marine Sciences,Medicine & Dentistry,Sociology,Biological Sciences,History, Philosophy & Theology,Education,Mathematics & Statistics,Sport Science,Physics & Astronomy,Archaeology,Veterinary Science,Civil Engineering,Economics & Econometrics,Communication & Media Studies,Computer Science,Languages, Literature & Linguistics,Geography,Accounting & Finance,Psychology,Other Health,Politics & International Studies (incl Development Studies),General Engineering,Chemistry,Law,Mechanical & Aerospace Engineering,Electrical & Electronic Engineering,Business & Management,Agriculture & Forestry,Architecture",False,False,False,
601-800,Konkuk University,0,699,20,634,19.6,455,17,705,36,449,22.6,672,master_account,0,/world-university-rankings/konkuk-university,950,South Korea,"26,483",23.5,6%,47 : 53,Konkuk University,"Accounting & Finance,Chemical Engineering,Geology, Environmental, Earth & Marine Sciences,Agriculture & Forestry,Law,Sociology,Physics & Astronomy,Geography,Mechanical & Aerospace Engineering,Medicine & Dentistry,Languages, Literature & Linguistics,Civil Engineering,Business & Management,Politics & International Studies (incl Development Studies),General Engineering,Communication & Media Studies,Mathematics & Statistics,History, Philosophy & Theology,Art, Performing Arts & Design,Sport Science,Other Health,Veterinary Science,Biological Sciences,Architecture,Electrical & Electronic Engineering,Education,Economics & Econometrics,Chemistry,Computer Science,Psychology",False,False,False,
601-800,Kumamoto University,0,700,23.4,525,11.6,670,28.1,594,43.1,304,22.2,675,master_account,0,/world-university-rankings/kumamoto-university,131520,Japan,"10,226",7.6,5%,37 : 63,Kumamoto University,"Architecture,Geography,Medicine & Dentistry,Chemical Engineering,Archaeology,Psychology,History, Philosophy & Theology,Chemistry,Law,Communication & Media Studies,Civil Engineering,Computer Science,Sociology,Electrical & Electronic Engineering,Other Health,Geology, Environmental, Earth & Marine Sciences,Physics & Astronomy,Education,Mechanical & Aerospace Engineering,General Engineering,Politics & International Studies (incl Development Studies),Biological Sciences,Languages, Literature & Linguistics,Mathematics & Statistics,Art, Performing Arts & Design",False,False,False,
601-800,Kyungpook National University (KNU),0,701,21.1,597,16,544,18.1,692,34.9,471,21.7,679,master_account,11,/world-university-rankings/kyungpook-national-university-knu,944,South Korea,"27,152",14.4,3%,42 : 58,Kyungpook National University (KNU),"Computer Science,Business & Management,Law,Mathematics & Statistics,Agriculture & Forestry,General Engineering,Art, Performing Arts & Design,Languages, Literature & Linguistics,Other Health,Education,Civil Engineering,Chemical Engineering,Medicine & Dentistry,Geography,Sociology,Physics & Astronomy,Communication & Media Studies,Mechanical & Aerospace Engineering,Electrical & Electronic Engineering,Veterinary Science,Economics & Econometrics,Psychology,Geology, Environmental, Earth & Marine Sciences,Sport Science,Architecture,Chemistry,Politics & International Studies (incl Development Studies),Accounting & Finance,Archaeology,Biological Sciences,History, Philosophy & Theology",False,False,False,
601-800,Kyushu Institute of Technology (Kyutech),0,702,19.4,650,12.5,641,14.2,738,44.1,286,20.7,696,master_account,0,/world-university-rankings/kyushu-institute-technology-kyutech,725,Japan,"5,890",12.1,4%,11 : 89,Kyushu Institute of Technology (Kyutech),"Physics & Astronomy,Electrical & Electronic Engineering,Mathematics & Statistics,Chemical Engineering,Chemistry,Computer Science,Geology, Environmental, Earth & Marine Sciences,General Engineering,Biological Sciences,Civil Engineering,Mechanical & Aerospace Engineering",False,False,False,
601-800,University of Latvia,0,703,22.6,551,10.2,725,20.9,663,28.3,731,31.5,568,master_account,0,/world-university-rankings/university-latvia,131474,Latvia,"15,100",26.5,3%,68 : 32,University of Latvia,"Art, Performing Arts & Design,Biological Sciences,Languages, Literature & Linguistics,Sociology,Politics & International Studies (incl Development Studies),Accounting & Finance,Education,Sport Science,Geology, Environmental, Earth & Marine Sciences,Economics & Econometrics,Archaeology,Other Health,Computer Science,Communication & Media Studies,History, Philosophy & Theology,Geography,Medicine & Dentistry,Psychology,Physics & Astronomy,Mathematics & Statistics,Law,Chemistry,Business & Management",False,False,False,
601-800,Lille 1 University – Science and Technology,0,704,20,635,8.6,767,32.4,547,31.8,573,60.3,245,master_account,0,/world-university-rankings/lille-1-university-science-and-technology,131666,France,"19,599",14.5,18%,41 : 59,Lille 1 University – Science and Technology,,False,False,False,
601-800,University of Lincoln,0,705,17.9,721,11.9,659,26.4,607,29.3,670,60.5,243,master_account,0,/world-university-rankings/university-lincoln,131741,United Kingdom,"10,665",18.9,11%,54 : 46,University of Lincoln,"Chemistry,Sport Science,History, Philosophy & Theology,Business & Management,Architecture,Physics & Astronomy,Electrical & Electronic Engineering,Languages, Literature & Linguistics,Politics & International Studies (incl Development Studies),Mathematics & Statistics,Psychology,General Engineering,Mechanical & Aerospace Engineering,Agriculture & Forestry,Accounting & Finance,Art, Performing Arts & Design,Civil Engineering,Geology, Environmental, Earth & Marine Sciences,Computer Science,Sociology,Geography,Other Health,Law,Economics & Econometrics,Veterinary Science,Biological Sciences,Education,Communication & Media Studies",False,False,False,
601-800,University of Ljubljana,0,706,24.9,472,13.6,618,24,630,32.3,553,34.5,528,master_account,0,/world-university-rankings/university-ljubljana,131432,Slovenia,"48,821",17.6,4%,60 : 40,University of Ljubljana,"Agriculture & Forestry,Chemistry,Archaeology,Veterinary Science,Business & Management,Architecture,Mathematics & Statistics,Geology, Environmental, Earth & Marine Sciences,Art, Performing Arts & Design,Psychology,Biological Sciences,Economics & Econometrics,Other Health,Languages, Literature & Linguistics,Computer Science,Politics & International Studies (incl Development Studies),Communication & Media Studies,Law,Physics & Astronomy,Electrical & Electronic Engineering,Medicine & Dentistry,Civil Engineering,Sport Science,Chemical Engineering,Sociology,Mechanical & Aerospace Engineering,Accounting & Finance,General Engineering,Education,History, Philosophy & Theology,Geography",False,False,False,
601-800,University Cadi Ayyad of Marrakech,0,707,17.4,740,6.3,793,12.1,755,29.2,675,42.7,431,master_account,0,/world-university-rankings/university-cadi-ayyad-marrakech,998,Morocco,"56,060",38.7,1%,46 : 54,University Cadi Ayyad of Marrakech,"Law,Computer Science,Mathematics & Statistics,Education,Physics & Astronomy,Business & Management,General Engineering,Geology, Environmental, Earth & Marine Sciences,Chemistry,Accounting & Finance,Languages, Literature & Linguistics,Civil Engineering,Sociology,Mechanical & Aerospace Engineering,Politics & International Studies (incl Development Studies),Medicine & Dentistry,Agriculture & Forestry,Electrical & Electronic Engineering,Communication & Media Studies,Economics & Econometrics,Other Health,Biological Sciences,Psychology,History, Philosophy & Theology,Chemical Engineering,Geography",False,False,False,
601-800,Miami University,0,708,19.2,662,15.7,555,36.1,523,30.2,640,24.8,653,public,0,/world-university-rankings/miami-university,131462,United States,"16,370",20.5,7%,53 : 47,Miami University,"Chemistry,Communication & Media Studies,Business & Management,Computer Science,Sociology,General Engineering,Biological Sciences,Electrical & Electronic Engineering,Accounting & Finance,Languages, Literature & Linguistics,Geology, Environmental, Earth & Marine Sciences,Economics & Econometrics,Other Health,Physics & Astronomy,Chemical Engineering,History, Philosophy & Theology,Psychology,Geography,Mathematics & Statistics,Architecture,Art, Performing Arts & Design,Sport Science,Mechanical & Aerospace Engineering,Medicine & Dentistry,Politics & International Studies (incl Development Studies),Education",False,False,False,https://www.timeshighereducation.com/student/register-interest/shorelight?utm_medium=thewebsite&utm_campaign=cta-link&utm_source=rankings&iid=i-33743252
601-800,Middlesex University,0,709,18.5,690,10.6,710,25.7,613,0,786,81,109,master_account,0,/world-university-rankings/middlesex-university,131410,United Kingdom,"17,755",24.7,44%,59 : 41,Middlesex University,"Sociology,Architecture,Art, Performing Arts & Design,Chemistry,Education,Veterinary Science,Economics & Econometrics,Computer Science,Politics & International Studies (incl Development Studies),Electrical & Electronic Engineering,Accounting & Finance,Sport Science,Biological Sciences,Mathematics & Statistics,Law,General Engineering,Business & Management,Other Health,Communication & Media Studies,Psychology",False,False,False,https://www.timeshighereducation.com/student/register-interest/siuk?utm_medium=thewebsite&utm_campaign=cta-link&utm_source=rankings&iid=i-25111084
601-800,University of Murcia,0,710,19.3,655,11.7,668,28,596,29.5,661,28.3,611,master_account,0,/world-university-rankings/university-murcia,131331,Spain,"31,460",15.8,6%,62 : 38,University of Murcia,"Mathematics & Statistics,Psychology,History, Philosophy & Theology,Chemistry,Accounting & Finance,Computer Science,Sociology,Medicine & Dentistry,Communication & Media Studies,Art, Performing Arts & Design,Other Health,Politics & International Studies (incl Development Studies),Physics & Astronomy,Economics & Econometrics,Chemical Engineering,Geography,Languages, Literature & Linguistics,Sport Science,Business & Management,Veterinary Science,Education,Biological Sciences,Law",False,False,False,
601-800,Nagasaki University,0,711,22.8,540,10.8,704,14.3,735,0,787,21.9,676,master_account,0,/world-university-rankings/nagasaki-university,131509,Japan,"9,137",7.2,4%,36 : 64,Nagasaki University,"Mechanical & Aerospace Engineering,Languages, Literature & Linguistics,Mathematics & Statistics,Biological Sciences,Art, Performing Arts & Design,Civil Engineering,Physics & Astronomy,Politics & International Studies (incl Development Studies),Computer Science,Communication & Media Studies,Archaeology,General Engineering,Electrical & Electronic Engineering,Geography,Education,Chemistry,Other Health,Accounting & Finance,Sociology,Economics & Econometrics,Geology, Environmental, Earth & Marine Sciences,Business & Management,History, Philosophy & Theology,Chemical Engineering,Medicine & Dentistry",False,False,False,
601-800,University of Nairobi,0,712,13.7,794,9,756,19.5,681,28,753,45.5,402,master_account,0,/world-university-rankings/university-nairobi,131543,Kenya,"72,676",47.0,1%,40 : 60,University of Nairobi,"Physics & Astronomy,Architecture,Veterinary Science,Chemical Engineering,Languages, Literature & Linguistics,Business & Management,Sport Science,Civil Engineering,Education,Sociology,Mechanical & Aerospace Engineering,Computer Science,History, Philosophy & Theology,Other Health,Politics & International Studies (incl Development Studies),Medicine & Dentistry,Electrical & Electronic Engineering,Economics & Econometrics,Agriculture & Forestry,Biological Sciences,Chemistry,Communication & Media Studies,Accounting & Finance,Geography,Geology, Environmental, Earth & Marine Sciences,General Engineering,Mathematics & Statistics,Law,Psychology,Art, Performing Arts & Design,Archaeology",False,False,False,
601-800,National Chengchi University,0,713,18.4,696,12.5,642,14,741,31.3,595,33.1,545,master_account,0,/world-university-rankings/national-chengchi-university,1004,Taiwan,"16,867",18.4,10%,57 : 43,National Chengchi University,"Mathematics & Statistics,Psychology,Chemistry,Archaeology,Geography,History, Philosophy & Theology,Law,Accounting & Finance,Physics & Astronomy,Architecture,Sociology,Communication & Media Studies,Business & Management,Art, Performing Arts & Design,Geology, Environmental, Earth & Marine Sciences,Politics & International Studies (incl Development Studies),Economics & Econometrics,Languages, Literature & Linguistics,Computer Science,Education",False,False,False,
601-800,National Chung Cheng University,0,714,21.3,590,20.3,444,15.7,722,40.8,351,14.2,784,master_account,0,/world-university-rankings/national-chung-cheng-university,943,Taiwan,"11,989",22.9,1%,,National Chung Cheng University,"Chemistry,Biological Sciences,Computer Science,Communication & Media Studies,Electrical & Electronic Engineering,Business & Management,Economics & Econometrics,Psychology,Chemical Engineering,Physics & Astronomy,Education,Law,History, Philosophy & Theology,General Engineering,Mechanical & Aerospace Engineering,Politics & International Studies (incl Development Studies),Geology, Environmental, Earth & Marine Sciences,Accounting & Finance,Mathematics & Statistics,Sport Science,Languages, Literature & Linguistics,Sociology",False,False,False,
601-800,National Chung Hsing University,0,715,20.2,624,16.8,528,24.5,624,42.5,314,16.9,747,master_account,0,/world-university-rankings/national-chung-hsing-university,951,Taiwan,"15,632",20.3,4%,39 : 61,National Chung Hsing University NCHU Taiwan Zhong Xing,"Politics & International Studies (incl Development Studies),Mathematics & Statistics,Electrical & Electronic Engineering,Other Health,Languages, Literature & Linguistics,Business & Management,Sport Science,Economics & Econometrics,Education,Sociology,Accounting & Finance,Agriculture & Forestry,Communication & Media Studies,Physics & Astronomy,Biological Sciences,Civil Engineering,Mechanical & Aerospace Engineering,Chemistry,Computer Science,General Engineering,Chemical Engineering,History, Philosophy & Theology,Medicine & Dentistry,Geology, Environmental, Earth & Marine Sciences,Veterinary Science,Law",False,False,False,
601-800,National Taipei University of Technology,0,716,17.8,727,14.6,593,16.4,713,81.3,81,16,760,master_account,0,/world-university-rankings/national-taipei-university-technology,131306,Taiwan,"10,227",16.5,3%,25 : 75,National Taipei University of Technology,"Civil Engineering,Art, Performing Arts & Design,Mechanical & Aerospace Engineering,Biological Sciences,General Engineering,Mathematics & Statistics,Business & Management,Languages, Literature & Linguistics,Geology, Environmental, Earth & Marine Sciences,Architecture,Chemical Engineering,Other Health,Computer Science,Electrical & Electronic Engineering",False,False,False,
601-800,National Taiwan Ocean University,0,717,18.1,716,21,429,18.2,690,49.3,238,20.3,702,master_account,0,/world-university-rankings/national-taiwan-ocean-university,844,Taiwan,"8,240",20.9,5%,30 : 70,National Taiwan Ocean University,"History, Philosophy & Theology,Civil Engineering,Economics & Econometrics,Accounting & Finance,Business & Management,Sociology,Art, Performing Arts & Design,Psychology,Mechanical & Aerospace Engineering,Communication & Media Studies,Agriculture & Forestry,Mathematics & Statistics,Law,Veterinary Science,Medicine & Dentistry,Physics & Astronomy,Archaeology,Sport Science,Chemical Engineering,Politics & International Studies (incl Development Studies),Education,Computer Science,Other Health,Geology, Environmental, Earth & Marine Sciences,General Engineering,Chemistry,Geography,Biological Sciences,Electrical & Electronic Engineering,Architecture,Languages, Literature & Linguistics",False,False,False,
601-800,National University of Córdoba,0,718,16,771,9,757,12.5,751,28.6,708,28.1,614,master_account,0,/world-university-rankings/national-university-cordoba,131686,Argentina,"108,373",38.1,2%,62 : 38,National University of Córdoba,"Chemistry,Art, Performing Arts & Design,Politics & International Studies (incl Development Studies),Medicine & Dentistry,Mathematics & Statistics,Geography,Economics & Econometrics,Languages, Literature & Linguistics,Electrical & Electronic Engineering,Architecture,Mechanical & Aerospace Engineering,Geology, Environmental, Earth & Marine Sciences,History, Philosophy & Theology,Education,Computer Science,Physics & Astronomy,Psychology,Civil Engineering,Communication & Media Studies,Biological Sciences,Law,Accounting & Finance,Other Health,Sociology,General Engineering,Agriculture & Forestry,Chemical Engineering,Business & Management",False,False,False,
601-800,National University of Science and Technology (MISiS),0,719,24.8,476,17.5,508,10.8,763,67.2,133,33.7,537,master_account,0,/world-university-rankings/national-university-science-and-technology-misis,131519,Russian Federation,"4,441",6.7,13%,43 : 57,National University of Science and Technology (MISiS) Russia Moscow,"Chemical Engineering,Accounting & Finance,Biological Sciences,Physics & Astronomy,Chemistry,Geology, Environmental, Earth & Marine Sciences,Computer Science,Business & Management,General Engineering,Languages, Literature & Linguistics,Economics & Econometrics,Electrical & Electronic Engineering,Mathematics & Statistics,Mechanical & Aerospace Engineering",False,False,True,
601-800,National University of Sciences and Technology,0,720,21.4,585,7,788,35,532,31.3,596,31.3,570,master_account,0,/world-university-rankings/national-university-sciences-and-technology,1040,Pakistan,"9,808",7.8,3%,27 : 73,National University of Sciences and Technology,"Architecture,Chemical Engineering,Psychology,Mechanical & Aerospace Engineering,Geology, Environmental, Earth & Marine Sciences,Sociology,Other Health,Physics & Astronomy,Economics & Econometrics,Medicine & Dentistry,Mathematics & Statistics,Business & Management,Chemistry,Accounting & Finance,General Engineering,Communication & Media Studies,Education,Agriculture & Forestry,Civil Engineering,Computer Science,Law,Politics & International Studies (incl Development Studies),Electrical & Electronic Engineering,Biological Sciences",False,False,False,
601-800,Niigata University,0,721,21.9,565,10.1,730,17.5,698,33,531,19.3,714,master_account,0,/world-university-rankings/niigata-university,131303,Japan,"12,460",8.5,3%,37 : 63,Niigata University,"History, Philosophy & Theology,Mechanical & Aerospace Engineering,Chemistry,Accounting & Finance,Architecture,Electrical & Electronic Engineering,Physics & Astronomy,Business & Management,Other Health,Communication & Media Studies,Art, Performing Arts & Design,General Engineering,Geology, Environmental, Earth & Marine Sciences,Economics & Econometrics,Civil Engineering,Politics & International Studies (incl Development Studies),Archaeology,Chemical Engineering,Geography,Biological Sciences,Education,Medicine & Dentistry,Sport Science,Law,Agriculture & Forestry,Sociology,Languages, Literature & Linguistics,Computer Science,Mathematics & Statistics,Psychology",False,False,False,
601-800,Northumbria University,0,722,17.7,731,10.9,697,29.2,583,29.1,680,55.1,285,master_account,0,/world-university-rankings/northumbria-university,131684,United Kingdom,"22,750",19.4,16%,55 : 45,Northumbria University,"History, Philosophy & Theology,Computer Science,Electrical & Electronic Engineering,Mathematics & Statistics,Psychology,General Engineering,Sport Science,Other Health,Communication & Media Studies,Accounting & Finance,Languages, Literature & Linguistics,Sociology,Business & Management,Civil Engineering,Geography,Art, Performing Arts & Design,Biological Sciences,Politics & International Studies (incl Development Studies),Chemical Engineering,Geology, Environmental, Earth & Marine Sciences,Economics & Econometrics,Mechanical & Aerospace Engineering,Law,Architecture,Physics & Astronomy,Chemistry,Education",False,False,False,https://www.timeshighereducation.com/student/register-interest/siuk?utm_medium=thewebsite&utm_campaign=cta-link&utm_source=rankings&iid=i-76477402
601-800,Northwestern Polytechnical University,0,723,23.4,526,15.4,565,3.5,796,28,754,15.2,776,master_account,11,/world-university-rankings/northwestern-polytechnical-university,1008,China,"23,056",14.1,3%,25 : 75,Northwestern Polytechnical University,"Civil Engineering,Law,Architecture,Mathematics & Statistics,Economics & Econometrics,Art, Performing Arts & Design,Biological Sciences,Accounting & Finance,Languages, Literature & Linguistics,Sport Science,Computer Science,Chemistry,Electrical & Electronic Engineering,Geology, Environmental, Earth & Marine Sciences,Medicine & Dentistry,Physics & Astronomy,Chemical Engineering,Business & Management,Mechanical & Aerospace Engineering,Politics & International Studies (incl Development Studies),General Engineering,Education",False,False,False,
601-800,Nottingham Trent University,0,724,16.5,762,8.9,759,27.3,601,28.4,726,52.7,317,master_account,0,/world-university-rankings/nottingham-trent-university,131450,United Kingdom,"21,850",17.4,17%,55 : 45,Nottingham Trent University,"Mathematics & Statistics,Business & Management,Computer Science,Sociology,Languages, Literature & Linguistics,Mechanical & Aerospace Engineering,Veterinary Science,Geography,Economics & Econometrics,Art, Performing Arts & Design,Education,Communication & Media Studies,History, Philosophy & Theology,Architecture,Agriculture & Forestry,Biological Sciences,Civil Engineering,Politics & International Studies (incl Development Studies),Psychology,Electrical & Electronic Engineering,Geology, Environmental, Earth & Marine Sciences,Sport Science,General Engineering,Accounting & Finance,Physics & Astronomy,Law,Other Health,Chemistry",False,False,False,https://www.timeshighereducation.com/student/register-interest/siuk?utm_medium=thewebsite&utm_campaign=cta-link&utm_source=rankings&iid=i-31415663
601-800,Oakland University,0,725,18.1,717,11.9,660,21.9,650,30.3,638,23.3,665,public,0,/world-university-rankings/oakland-university,131458,United States,"14,584",19.8,2%,60 : 40,Oakland University,"Law,Geology, Environmental, Earth & Marine Sciences,Psychology,Physics & Astronomy,Electrical & Electronic Engineering,Mathematics & Statistics,Communication & Media Studies,Mechanical & Aerospace Engineering,Biological Sciences,Art, Performing Arts & Design,Accounting & Finance,Medicine & Dentistry,Computer Science,Education,Other Health,Languages, Literature & Linguistics,Sociology,Economics & Econometrics,History, Philosophy & Theology,Politics & International Studies (incl Development Studies),General Engineering,Business & Management,Chemistry",False,False,False,https://www.timeshighereducation.com/student/register-interest/shorelight?utm_medium=thewebsite&utm_campaign=cta-link&utm_source=rankings&iid=i-32714413
601-800,Ocean University of China,0,726,18.9,673,10.7,707,12.9,749,50.1,229,15.6,769,master_account,0,/world-university-rankings/ocean-university-china,131798,China,"36,205",20.6,1%,40 : 60,Ocean University of China,"Languages, Literature & Linguistics,General Engineering,Politics & International Studies (incl Development Studies),Biological Sciences,Chemical Engineering,Veterinary Science,Economics & Econometrics,Sociology,Law,Computer Science,Electrical & Electronic Engineering,Civil Engineering,Communication & Media Studies,History, Philosophy & Theology,Geography,Mathematics & Statistics,Physics & Astronomy,Education,Accounting & Finance,Agriculture & Forestry,Business & Management,Geology, Environmental, Earth & Marine Sciences,Mechanical & Aerospace Engineering,Chemistry,Medicine & Dentistry,Sport Science",False,False,False,
601-800,Ohio University (Main campus),0,727,25,467,14.9,576,24.6,621,30.1,643,33.6,540,public,0,/world-university-rankings/ohio-university-main-campus,131281,United States,"22,224",20.0,9%,50 : 50,Ohio University (Main campus),"History, Philosophy & Theology,Sport Science,Psychology,Civil Engineering,General Engineering,Electrical & Electronic Engineering,Communication & Media Studies,Art, Performing Arts & Design,Chemical Engineering,Geography,Medicine & Dentistry,Physics & Astronomy,Business & Management,Other Health,Mathematics & Statistics,Economics & Econometrics,Mechanical & Aerospace Engineering,Politics & International Studies (incl Development Studies),Languages, Literature & Linguistics,Biological Sciences,Education,Computer Science,Chemistry,Accounting & Finance,Geology, Environmental, Earth & Marine Sciences,Sociology",False,False,False,https://www.timeshighereducation.com/student/register-interest/shorelight?utm_medium=thewebsite&utm_campaign=cta-link&utm_source=rankings&iid=i-02343009
601-800,Okayama University,0,728,24.3,493,14.9,577,25.3,615,48,247,20.6,698,master_account,0,/world-university-rankings/okayama-university,945,Japan,"13,035",8.6,3%,38 : 62,Okayama University,"Languages, Literature & Linguistics,General Engineering,Accounting & Finance,Civil Engineering,Law,Archaeology,Agriculture & Forestry,Economics & Econometrics,Medicine & Dentistry,Biological Sciences,Other Health,Education,Electrical & Electronic Engineering,Geology, Environmental, Earth & Marine Sciences,Mechanical & Aerospace Engineering,Physics & Astronomy,History, Philosophy & Theology,Chemistry,Art, Performing Arts & Design,Chemical Engineering,Business & Management,Architecture,Mathematics & Statistics",False,False,False,
601-800,Osaka Prefecture University,0,729,21.6,576,10.2,726,17.5,699,41.5,339,17.6,735,master_account,0,/world-university-rankings/osaka-prefecture-university,131633,Japan,"8,051",7.5,3%,36 : 64,Osaka Prefecture University,"Electrical & Electronic Engineering,Languages, Literature & Linguistics,Agriculture & Forestry,Business & Management,Geology, Environmental, Earth & Marine Sciences,Geography,Politics & International Studies (incl Development Studies),General Engineering,Economics & Econometrics,Biological Sciences,Sociology,Chemical Engineering,Chemistry,History, Philosophy & Theology,Sport Science,Law,Veterinary Science,Physics & Astronomy,Communication & Media Studies,Computer Science,Other Health,Education,Accounting & Finance,Mathematics & Statistics,Psychology,Mechanical & Aerospace Engineering",False,False,False,
601-800,University of Pardubice,0,730,15.9,774,11.9,661,11.1,760,28.3,734,23.4,664,master_account,0,/world-university-rankings/university-pardubice,131473,Czechia,"10,671",19.8,4%,55 : 45,University of Pardubice,"Business & Management,Biological Sciences,Sociology,Art, Performing Arts & Design,Other Health,Accounting & Finance,Civil Engineering,Chemistry,Languages, Literature & Linguistics,Chemical Engineering,Economics & Econometrics,Mechanical & Aerospace Engineering,Sport Science,Education,Mathematics & Statistics,History, Philosophy & Theology,Physics & Astronomy,Electrical & Electronic Engineering,Computer Science,Archaeology,Geology, Environmental, Earth & Marine Sciences,General Engineering",False,False,False,
601-800,Université Sorbonne Paris Nord,0,731,17.5,738,11.6,672,36.2,522,28,756,46.4,389,master_account,0,/world-university-rankings/universite-sorbonne-paris-nord-0,848,France,"23,026",23.4,22%,60 : 40,Université Sorbonne Paris Nord,,False,False,False,
601-800,University of Patras,0,732,18.5,691,12.1,653,28.8,586,48.3,245,30.6,581,master_account,0,/world-university-rankings/university-patras,131718,Greece,"29,251",40.9,4%,46 : 54,University of Patras,"Chemistry,Computer Science,Languages, Literature & Linguistics,Biological Sciences,Geology, Environmental, Earth & Marine Sciences,Civil Engineering,Economics & Econometrics,Agriculture & Forestry,Architecture,Medicine & Dentistry,Art, Performing Arts & Design,Business & Management,Chemical Engineering,Other Health,Electrical & Electronic Engineering,Mathematics & Statistics,Physics & Astronomy,Mechanical & Aerospace Engineering,Education,History, Philosophy & Theology,Archaeology",False,False,False,
601-800,University of Pécs,0,733,19.7,640,9,758,23.4,634,28.4,728,50.8,335,master_account,1,/world-university-rankings/university-pecs,131815,Hungary,"21,819",15.4,10%,,University of Pécs,"Art, Performing Arts & Design,Archaeology,Accounting & Finance,Languages, Literature & Linguistics,Chemistry,Architecture,Law,Geography,Economics & Econometrics,Other Health,Civil Engineering,History, Philosophy & Theology,Medicine & Dentistry,General Engineering,Geology, Environmental, Earth & Marine Sciences,Mechanical & Aerospace Engineering,Physics & Astronomy,Psychology,Sociology,Mathematics & Statistics,Business & Management,Politics & International Studies (incl Development Studies),Sport Science,Agriculture & Forestry,Biological Sciences,Electrical & Electronic Engineering,Computer Science,Education,Communication & Media Studies",False,False,False,
601-800,Polytechnic University of Valencia,0,734,20.3,620,12.7,637,34.3,537,43.8,291,32.9,548,master_account,0,/world-university-rankings/polytechnic-university-valencia,851,Spain,"33,172",13.6,7%,36 : 64,Polytechnic University of Valencia,"Mechanical & Aerospace Engineering,Politics & International Studies (incl Development Studies),Computer Science,Mathematics & Statistics,Economics & Econometrics,Electrical & Electronic Engineering,Sociology,Biological Sciences,Architecture,General Engineering,Accounting & Finance,Civil Engineering,Art, Performing Arts & Design,Languages, Literature & Linguistics,Other Health,Chemistry,Communication & Media Studies,Business & Management,Chemical Engineering,History, Philosophy & Theology,Agriculture & Forestry,Geology, Environmental, Earth & Marine Sciences,Physics & Astronomy",False,False,False,
601-800,Pontifícia Universidade Católica do Paraná,0,735,18.4,697,6.5,791,32.2,550,28,758,18.6,725,master_account,0,/world-university-rankings/pontificia-universidade-catolica-do-parana,131752,Brazil,"7,741",10.9,2%,1 : 99,Pontifícia Universidade Católica do Paraná,"Sociology,Physics & Astronomy,Psychology,Economics & Econometrics,Languages, Literature & Linguistics,Chemistry,Communication & Media Studies,Accounting & Finance,Mathematics & Statistics,Law,Electrical & Electronic Engineering,Computer Science,Education,General Engineering,Civil Engineering,Other Health,Veterinary Science,Biological Sciences,History, Philosophy & Theology,Chemical Engineering,Architecture,Medicine & Dentistry,Sport Science,Art, Performing Arts & Design,Agriculture & Forestry,Mechanical & Aerospace Engineering,Business & Management",False,False,False,
601-800,Pontifical Catholic University of Rio Grande do Sul (PUCRS),0,736,21.1,598,10.9,698,27.6,600,52.3,213,18.7,722,master_account,0,/world-university-rankings/pontifical-catholic-university-rio-grande-do-sul-pucrs,131304,Brazil,"14,797",10.1,0%,50 : 50,Pontifical Catholic University of Rio Grande do Sul (PUCRS),"Medicine & Dentistry,Communication & Media Studies,Mechanical & Aerospace Engineering,Economics & Econometrics,Computer Science,Business & Management,General Engineering,Sociology,Architecture,Sport Science,Psychology,Electrical & Electronic Engineering,Accounting & Finance,Languages, Literature & Linguistics,History, Philosophy & Theology,Biological Sciences,Education,Art, Performing Arts & Design,Chemical Engineering,Law,Other Health,Politics & International Studies (incl Development Studies),Civil Engineering",False,False,False,
601-800,Pontifical Catholic University of Valparaíso,0,737,18.4,698,8,776,10.4,765,44.3,285,35.7,512,master_account,0,/world-university-rankings/pontifical-catholic-university-valparaiso,131340,Chile,"13,493",10.4,0%,45 : 55,Pontifical Catholic University of Valparaíso,"Chemical Engineering,Other Health,Physics & Astronomy,Communication & Media Studies,Computer Science,Chemistry,Sociology,Mechanical & Aerospace Engineering,Geography,History, Philosophy & Theology,Sport Science,Psychology,Languages, Literature & Linguistics,Agriculture & Forestry,Education,Civil Engineering,Architecture,Mathematics & Statistics,Business & Management,Electrical & Electronic Engineering,Art, Performing Arts & Design,General Engineering,Biological Sciences,Law",False,False,False,
601-800,Prince of Songkla University,0,738,15.3,784,7,789,22.2,647,31.6,583,31,576,master_account,0,/world-university-rankings/prince-songkla-university,1002,Thailand,"38,274",16.1,1%,69 : 31,Prince of Songkla University,"Computer Science,Biological Sciences,Law,Electrical & Electronic Engineering,Geography,Architecture,Chemistry,Economics & Econometrics,General Engineering,Veterinary Science,Agriculture & Forestry,Education,Medicine & Dentistry,Communication & Media Studies,Psychology,History, Philosophy & Theology,Chemical Engineering,Sociology,Other Health,Geology, Environmental, Earth & Marine Sciences,Languages, Literature & Linguistics,Civil Engineering,Physics & Astronomy,Accounting & Finance,Art, Performing Arts & Design,Mechanical & Aerospace Engineering,Mathematics & Statistics,Business & Management",False,False,False,
601-800,Qatar University,0,739,9.9,800,10.3,723,22.3,646,55.2,196,99.9,1,master_account,0,/world-university-rankings/qatar-university,131534,Qatar,"9,583",19.0,42%,74 : 26,Qatar University,"Law,Languages, Literature & Linguistics,Civil Engineering,Sociology,Politics & International Studies (incl Development Studies),Business & Management,Art, Performing Arts & Design,Geology, Environmental, Earth & Marine Sciences,Computer Science,Accounting & Finance,Chemical Engineering,Biological Sciences,Economics & Econometrics,History, Philosophy & Theology,Sport Science,Mechanical & Aerospace Engineering,Psychology,Medicine & Dentistry,Communication & Media Studies,Education,Mathematics & Statistics,Chemistry,Other Health,Physics & Astronomy,Architecture,General Engineering,Electrical & Electronic Engineering,Geography",False,False,False,
601-800,Universidade do Estado do Rio de Janeiro (UERJ),0,740,21.7,572,9.1,754,12.3,753,30.8,617,16.8,749,master_account,0,/world-university-rankings/universidade-do-estado-do-rio-de-janeiro-uerj,131279,Brazil,"28,757",10.1,0%,46 : 54,Universidade do Estado do Rio de Janeiro (UERJ),"Architecture,Geography,Business & Management,Chemical Engineering,General Engineering,Geology, Environmental, Earth & Marine Sciences,Economics & Econometrics,Mathematics & Statistics,Art, Performing Arts & Design,Electrical & Electronic Engineering,Communication & Media Studies,History, Philosophy & Theology,Civil Engineering,Sociology,Law,Psychology,Biological Sciences,Archaeology,Languages, Literature & Linguistics,Mechanical & Aerospace Engineering,Politics & International Studies (incl Development Studies),Accounting & Finance,Medicine & Dentistry,Sport Science,Education,Computer Science,Chemistry,Other Health,Physics & Astronomy",False,False,False,
601-800,Rochester Institute of Technology,0,741,17.4,741,13.4,623,25.1,616,30.4,630,29.8,592,private,0,/world-university-rankings/rochester-institute-technology,131644,United States,"12,965",13.5,13%,34 : 66,Rochester Institute of Technology,"Chemistry,Psychology,Architecture,General Engineering,Art, Performing Arts & Design,Agriculture & Forestry,Economics & Econometrics,Civil Engineering,Mathematics & Statistics,History, Philosophy & Theology,Electrical & Electronic Engineering,Politics & International Studies (incl Development Studies),Communication & Media Studies,Business & Management,Physics & Astronomy,Computer Science,Accounting & Finance,Other Health,Sport Science,Languages, Literature & Linguistics,Sociology,Biological Sciences,Mechanical & Aerospace Engineering,Education,Geology, Environmental, Earth & Marine Sciences,Chemical Engineering",False,False,False,https://www.timeshighereducation.com/student/register-interest/shorelight?utm_medium=thewebsite&utm_campaign=cta-link&utm_source=rankings&iid=i-68826652
601-800,Saitama University,0,742,18.6,684,9.6,742,23.4,635,29.6,656,20.6,699,master_account,0,/world-university-rankings/saitama-university,131763,Japan,"7,469",11.7,2%,33 : 67,Saitama University,"Chemical Engineering,Psychology,Business & Management,Economics & Econometrics,Physics & Astronomy,Law,General Engineering,Archaeology,Geology, Environmental, Earth & Marine Sciences,Accounting & Finance,Languages, Literature & Linguistics,Computer Science,Education,Art, Performing Arts & Design,Chemistry,History, Philosophy & Theology,Mechanical & Aerospace Engineering,Politics & International Studies (incl Development Studies),Electrical & Electronic Engineering,Geography,Communication & Media Studies,Civil Engineering,Biological Sciences,Mathematics & Statistics,Sociology",False,False,False,
601-800,University of Salford,0,743,20.8,606,12.1,654,21.2,658,28.8,699,66.4,197,master_account,0,/world-university-rankings/university-salford,131658,United Kingdom,"16,150",17.0,25%,51 : 49,University of Salford,"Business & Management,Biological Sciences,General Engineering,Other Health,Economics & Econometrics,Chemistry,Mathematics & Statistics,Art, Performing Arts & Design,Civil Engineering,Geology, Environmental, Earth & Marine Sciences,Psychology,Computer Science,Politics & International Studies (incl Development Studies),Mechanical & Aerospace Engineering,Geography,Electrical & Electronic Engineering,Sociology,History, Philosophy & Theology,Law,Sport Science,Chemical Engineering,Communication & Media Studies,Architecture,Physics & Astronomy,Accounting & Finance",False,False,False,https://www.timeshighereducation.com/student/register-interest/siuk?utm_medium=thewebsite&utm_campaign=cta-link&utm_source=rankings&iid=i-72056655
601-800,"University of Santiago, Chile (USACH)",0,744,17.6,735,11.3,683,10.2,766,31,608,40.4,452,master_account,0,/world-university-rankings/university-santiago-chile-usach,131443,Chile,"22,739",23.6,1%,39 : 61,"University of Santiago, Chile (USACH)","General Engineering,Psychology,Chemical Engineering,Politics & International Studies (incl Development Studies),History, Philosophy & Theology,Communication & Media Studies,Sport Science,Civil Engineering,Medicine & Dentistry,Law,Economics & Econometrics,Chemistry,Computer Science,Business & Management,Languages, Literature & Linguistics,Other Health,Art, Performing Arts & Design,Accounting & Finance,Biological Sciences,Electrical & Electronic Engineering,Education,Mechanical & Aerospace Engineering,Agriculture & Forestry,Physics & Astronomy,Architecture,Mathematics & Statistics",False,False,False,
601-800,Universidade Estadual Paulista (Unesp),0,745,28,379,22.6,391,6.7,789,40.1,363,18.7,723,master_account,0,/world-university-rankings/universidade-estadual-paulista-unesp,921,Brazil,"50,594",13.0,5%,52 : 48,Universidade Estadual Paulista (Unesp),"Archaeology,Civil Engineering,Geology, Environmental, Earth & Marine Sciences,Computer Science,Sport Science,Law,Art, Performing Arts & Design,General Engineering,Chemistry,Economics & Econometrics,Medicine & Dentistry,Mechanical & Aerospace Engineering,Communication & Media Studies,History, Philosophy & Theology,Chemical Engineering,Politics & International Studies (incl Development Studies),Physics & Astronomy,Education,Architecture,Mathematics & Statistics,Psychology,Languages, Literature & Linguistics,Biological Sciences,Business & Management,Other Health,Agriculture & Forestry,Sociology,Electrical & Electronic Engineering,Veterinary Science,Geography",False,False,False,
601-800,Savitribai Phule Pune University,0,746,38.3,192,12.4,643,11.4,758,29.3,672,17.3,739,master_account,0,/world-university-rankings/savitribai-phule-pune-university,131809,India,"4,858",14.6,3%,25 : 75,Savitribai Phule Pune University,"Chemistry,Geography,Languages, Literature & Linguistics,Accounting & Finance,Psychology,Sociology,Politics & International Studies (incl Development Studies),History, Philosophy & Theology,Other Health,Art, Performing Arts & Design,Mathematics & Statistics,Geology, Environmental, Earth & Marine Sciences,Sport Science,Biological Sciences,Physics & Astronomy,Communication & Media Studies,Computer Science,Law,Education,Business & Management,Economics & Econometrics",False,False,False,
601-800,University of Science and Technology Beijing,0,747,25.1,464,22.4,397,6.9,787,89.7,57,15.6,770,master_account,0,/world-university-rankings/university-science-and-technology-beijing,131351,China,"22,780",15.1,4%,36 : 64,University of Science and Technology Beijing,"Electrical & Electronic Engineering,Law,Computer Science,Biological Sciences,History, Philosophy & Theology,Mathematics & Statistics,Chemical Engineering,Mechanical & Aerospace Engineering,Accounting & Finance,General Engineering,Chemistry,Languages, Literature & Linguistics,Business & Management,Civil Engineering,Sociology,Geology, Environmental, Earth & Marine Sciences,Art, Performing Arts & Design,Physics & Astronomy",False,False,False,
601-800,Sejong University,0,748,18.9,674,12.2,648,38.7,505,35.4,464,25.2,648,master_account,0,/world-university-rankings/sejong-university,131620,South Korea,"11,704",15.5,3%,43 : 57,Sejong University,"General Engineering,History, Philosophy & Theology,Mechanical & Aerospace Engineering,Education,Business & Management,Chemical Engineering,Biological Sciences,Sport Science,Art, Performing Arts & Design,Law,Sociology,Geology, Environmental, Earth & Marine Sciences,Other Health,Communication & Media Studies,Languages, Literature & Linguistics,Mathematics & Statistics,Architecture,Physics & Astronomy,Electrical & Electronic Engineering,Accounting & Finance,Computer Science,Medicine & Dentistry,Chemistry,Civil Engineering,Economics & Econometrics,Agriculture & Forestry",False,False,False,
601-800,University of Seoul,0,749,22.8,541,17.5,509,21.4,655,28.9,691,18.7,724,master_account,0,/world-university-rankings/university-seoul,1017,South Korea,"10,243",19.0,3%,36 : 64,University of Seoul,"Physics & Astronomy,Computer Science,History, Philosophy & Theology,Accounting & Finance,Mathematics & Statistics,Chemical Engineering,Geography,Geology, Environmental, Earth & Marine Sciences,Economics & Econometrics,Chemistry,General Engineering,Architecture,Electrical & Electronic Engineering,Biological Sciences,Business & Management,Mechanical & Aerospace Engineering,Politics & International Studies (incl Development Studies),Education,Sociology,Art, Performing Arts & Design,Sport Science,Languages, Literature & Linguistics,Civil Engineering,Law",False,False,False,
601-800,Shahid Beheshti University,0,750,20.5,614,19,468,11.4,759,58.9,172,13.8,789,master_account,0,/world-university-rankings/shahid-beheshti-university,131498,Iran,"17,800",24.9,1%,52 : 48,Shahid Beheshti University,"Biological Sciences,Architecture,Languages, Literature & Linguistics,Communication & Media Studies,Mechanical & Aerospace Engineering,Agriculture & Forestry,Medicine & Dentistry,Education,Politics & International Studies (incl Development Studies),General Engineering,Law,Art, Performing Arts & Design,Civil Engineering,Electrical & Electronic Engineering,Physics & Astronomy,Psychology,Sociology,Economics & Econometrics,Veterinary Science,Geography,Accounting & Finance,Chemistry,Computer Science,Archaeology,Sport Science,Business & Management,Other Health,Mathematics & Statistics,Chemical Engineering,History, Philosophy & Theology,Geology, Environmental, Earth & Marine Sciences",False,False,False,
601-800,Shanghai University,0,751,19.1,666,16.1,543,14.8,729,45.7,267,15.8,765,master_account,0,/world-university-rankings/shanghai-university,1001,China,"46,044",17.5,3%,48 : 52,Shanghai University,"Law,Sociology,Physics & Astronomy,Languages, Literature & Linguistics,Politics & International Studies (incl Development Studies),General Engineering,Accounting & Finance,Computer Science,History, Philosophy & Theology,Mechanical & Aerospace Engineering,Education,Biological Sciences,Chemical Engineering,Electrical & Electronic Engineering,Economics & Econometrics,Mathematics & Statistics,Geology, Environmental, Earth & Marine Sciences,Chemistry,Art, Performing Arts & Design,Architecture,Civil Engineering,Business & Management,Communication & Media Studies",False,False,False,
601-800,Shantou University,0,752,17.6,736,9.1,755,28.3,592,30.7,620,30.7,578,master_account,0,/world-university-rankings/shantou-university,131502,China,"9,593",13.5,0%,48 : 52,Shantou University,"Communication & Media Studies,Other Health,History, Philosophy & Theology,Civil Engineering,General Engineering,Languages, Literature & Linguistics,Chemistry,Physics & Astronomy,Agriculture & Forestry,Architecture,Electrical & Electronic Engineering,Education,Chemical Engineering,Law,Art, Performing Arts & Design,Sociology,Geography,Geology, Environmental, Earth & Marine Sciences,Business & Management,Biological Sciences,Sport Science,Computer Science,Mechanical & Aerospace Engineering,Mathematics & Statistics,Medicine & Dentistry,Economics & Econometrics,Veterinary Science,Accounting & Finance",False,False,False,
601-800,Sheffield Hallam University,0,753,17.3,744,9.4,750,20.1,674,28.6,710,47,382,master_account,0,/world-university-rankings/sheffield-hallam-university,131621,United Kingdom,"27,475",18.8,15%,53 : 47,Sheffield Hallam University,"Sport Science,Chemistry,Mechanical & Aerospace Engineering,Languages, Literature & Linguistics,Psychology,Politics & International Studies (incl Development Studies),History, Philosophy & Theology,Accounting & Finance,Physics & Astronomy,Other Health,Education,Electrical & Electronic Engineering,Art, Performing Arts & Design,Communication & Media Studies,Biological Sciences,Geology, Environmental, Earth & Marine Sciences,Economics & Econometrics,Computer Science,Law,Architecture,Sociology,Chemical Engineering,Business & Management,Mathematics & Statistics,Geography",False,False,False,https://www.timeshighereducation.com/student/register-interest/siuk?utm_medium=thewebsite&utm_campaign=cta-link&utm_source=rankings&iid=i-64588463
601-800,Shinshu University,0,754,20.8,607,8.3,771,22,648,31.6,585,20.3,703,master_account,0,/world-university-rankings/shinshu-university,131444,Japan,"11,232",9.6,3%,,Shinshu University Shindai Shin shu,"Architecture,Other Health,Physics & Astronomy,Mechanical & Aerospace Engineering,General Engineering,Mathematics & Statistics,Business & Management,Medicine & Dentistry,Electrical & Electronic Engineering,Economics & Econometrics,Accounting & Finance,Biological Sciences,Law,Agriculture & Forestry,History, Philosophy & Theology,Geology, Environmental, Earth & Marine Sciences,Chemical Engineering,Languages, Literature & Linguistics,Education,Chemistry,Civil Engineering,Art, Performing Arts & Design",False,False,False,
601-800,Showa University,0,755,28.5,367,7.9,779,7,786,0,793,14,787,master_account,0,/world-university-rankings/showa-university,131411,Japan,"3,675",2.5,0%,57 : 43,Showa University,"Medicine & Dentistry,Other Health",False,False,False,
601-800,Sichuan University,0,756,25,469,18.4,484,16.1,716,90.8,55,15.7,767,master_account,0,/world-university-rankings/sichuan-university,1003,China,"65,035",14.5,2%,48 : 52,Sichuan University,"Other Health,Chemistry,Art, Performing Arts & Design,Mechanical & Aerospace Engineering,Sociology,Medicine & Dentistry,Physics & Astronomy,Economics & Econometrics,History, Philosophy & Theology,Chemical Engineering,Education,Archaeology,Mathematics & Statistics,Accounting & Finance,General Engineering,Communication & Media Studies,Architecture,Biological Sciences,Business & Management,Languages, Literature & Linguistics,Civil Engineering,Law,Electrical & Electronic Engineering,Politics & International Studies (incl Development Studies),Computer Science,Geology, Environmental, Earth & Marine Sciences",False,False,False,
601-800,University of Silesia in Katowice,0,757,17.7,733,8,777,20.4,672,28.1,743,18.5,728,master_account,0,/world-university-rankings/university-silesia-katowice,131460,Poland,"32,764",17.3,1%,65 : 35,University of Silesia in Katowice,"Computer Science,Art, Performing Arts & Design,Politics & International Studies (incl Development Studies),Physics & Astronomy,Mathematics & Statistics,History, Philosophy & Theology,Psychology,Biological Sciences,Geology, Environmental, Earth & Marine Sciences,Education,Communication & Media Studies,Chemistry,Sociology,Languages, Literature & Linguistics,Geography,Law",False,False,False,
601-800,Slovak University of Technology in Bratislava,0,758,23.3,527,8.6,768,24.9,617,33.2,524,30.6,582,master_account,0,/world-university-rankings/slovak-university-technology-bratislava,131818,Slovakia,"16,400",15.3,2%,31 : 69,Slovak University of Technology in Bratislava,"Agriculture & Forestry,Architecture,General Engineering,Physics & Astronomy,Mathematics & Statistics,Biological Sciences,Mechanical & Aerospace Engineering,Geology, Environmental, Earth & Marine Sciences,Art, Performing Arts & Design,Electrical & Electronic Engineering,Civil Engineering,Computer Science,Business & Management,Economics & Econometrics,Chemistry,Chemical Engineering",False,False,False,
601-800,Sogang University,0,759,21.5,580,24.8,349,20.5,668,46.8,260,27.7,619,master_account,0,/world-university-rankings/sogang-university,939,South Korea,"10,625",24.1,7%,43 : 57,Sogang University,"Languages, Literature & Linguistics,Sociology,Law,Computer Science,Mechanical & Aerospace Engineering,Education,Economics & Econometrics,Politics & International Studies (incl Development Studies),Psychology,Chemistry,Physics & Astronomy,History, Philosophy & Theology,Communication & Media Studies,Chemical Engineering,Business & Management,Electrical & Electronic Engineering,Mathematics & Statistics,Biological Sciences,Accounting & Finance",False,False,False,
601-800,Sophia University,0,760,22,560,9.4,751,5.3,791,29.5,663,32.8,552,master_account,6,/world-university-rankings/sophia-university,131287,Japan,"12,799",24.3,8%,53 : 47,Sophia University sofia SU,"Electrical & Electronic Engineering,Politics & International Studies (incl Development Studies),Physics & Astronomy,Accounting & Finance,General Engineering,Sociology,Chemical Engineering,Education,Biological Sciences,Psychology,Computer Science,Geology, Environmental, Earth & Marine Sciences,Mechanical & Aerospace Engineering,Law,History, Philosophy & Theology,Communication & Media Studies,Other Health,Mathematics & Statistics,Business & Management,Languages, Literature & Linguistics,Chemistry,Economics & Econometrics",False,False,False,
601-800,University of South Africa,0,761,18.4,699,11.3,684,9.4,772,28.8,700,28.7,604,master_account,0,/world-university-rankings/university-south-africa,131710,South Africa,"197,102",108.5,9%,65 : 35,University of South Africa,"Mechanical & Aerospace Engineering,Art, Performing Arts & Design,Geology, Environmental, Earth & Marine Sciences,Other Health,Mathematics & Statistics,Accounting & Finance,Civil Engineering,Languages, Literature & Linguistics,Agriculture & Forestry,Politics & International Studies (incl Development Studies),Electrical & Electronic Engineering,Law,History, Philosophy & Theology,Archaeology,Computer Science,Chemistry,Architecture,General Engineering,Psychology,Business & Management,Communication & Media Studies,Education,Geography,Physics & Astronomy,Sociology,Chemical Engineering,Biological Sciences,Economics & Econometrics",False,False,False,
601-800,Southern Federal University,0,762,21.9,567,8.2,773,9.2,774,39.5,374,17.3,740,master_account,0,/world-university-rankings/southern-federal-university,131480,Russian Federation,"27,556",9.0,3%,56 : 44,Southern Federal University,"History, Philosophy & Theology,Education,Art, Performing Arts & Design,Business & Management,Physics & Astronomy,Communication & Media Studies,Civil Engineering,Chemical Engineering,Sociology,Chemistry,Politics & International Studies (incl Development Studies),Languages, Literature & Linguistics,Law,Mechanical & Aerospace Engineering,Computer Science,Electrical & Electronic Engineering,Geology, Environmental, Earth & Marine Sciences,Economics & Econometrics,Accounting & Finance,Psychology,Biological Sciences,Mathematics & Statistics,Agriculture & Forestry,Geography,Architecture,General Engineering,Archaeology",False,False,True,
601-800,University of Southern Mississippi,0,763,21,601,11.8,666,20.1,675,39.9,369,20.8,694,public,0,/world-university-rankings/university-southern-mississippi,131782,United States,"14,569",18.5,3%,63 : 37,University of Southern Mississippi,"Sport Science,Psychology,General Engineering,History, Philosophy & Theology,Chemistry,Biological Sciences,Communication & Media Studies,Geology, Environmental, Earth & Marine Sciences,Architecture,Business & Management,Physics & Astronomy,Accounting & Finance,Computer Science,Chemical Engineering,Sociology,Politics & International Studies (incl Development Studies),Other Health,Law,Geography,Mathematics & Statistics,Electrical & Electronic Engineering,Education,Art, Performing Arts & Design,Languages, Literature & Linguistics",False,False,False,https://www.timeshighereducation.com/student/register-interest/shorelight?utm_medium=thewebsite&utm_campaign=cta-link&utm_source=rankings&iid=i-93442262
601-800,University of Southern Queensland,0,764,18.4,700,13.1,631,14.4,733,28.8,701,63,225,master_account,1,/world-university-rankings/university-southern-queensland,131305,Australia,"13,761",29.2,21%,55 : 45,University of Southern Queensland usq,"History, Philosophy & Theology,Electrical & Electronic Engineering,Education,Sport Science,Agriculture & Forestry,Communication & Media Studies,Accounting & Finance,Other Health,Civil Engineering,Business & Management,General Engineering,Geology, Environmental, Earth & Marine Sciences,Law,Biological Sciences,Politics & International Studies (incl Development Studies),Economics & Econometrics,Computer Science,Sociology,Languages, Literature & Linguistics,Physics & Astronomy,Archaeology,Mechanical & Aerospace Engineering,Psychology,Art, Performing Arts & Design,Mathematics & Statistics",False,False,False,
601-800,Suez Canal University,0,765,22.6,553,5.9,795,16,717,0,794,31.6,566,master_account,0,/world-university-rankings/suez-canal-university,131354,Egypt,"16,817",6.0,0%,65 : 35,Suez Canal University,"Other Health,Sport Science,Business & Management,Mechanical & Aerospace Engineering,Chemistry,Computer Science,Mathematics & Statistics,Accounting & Finance,Architecture,Biological Sciences,Education,Medicine & Dentistry,Veterinary Science,Psychology,Languages, Literature & Linguistics,Chemical Engineering,Sociology,Art, Performing Arts & Design,Civil Engineering,Communication & Media Studies,General Engineering,Physics & Astronomy,Economics & Econometrics,History, Philosophy & Theology,Agriculture & Forestry,Geography,Electrical & Electronic Engineering,Geology, Environmental, Earth & Marine Sciences",False,False,False,
601-800,Sultan Qaboos University,0,766,21.3,591,10.6,713,16,718,37.6,410,71.5,167,master_account,0,/world-university-rankings/sultan-qaboos-university,131572,Oman,"7,089",9.0,3%,50 : 50,Sultan Qaboos University,"Geography,Chemistry,Computer Science,Politics & International Studies (incl Development Studies),Business & Management,Sociology,Civil Engineering,Mechanical & Aerospace Engineering,Veterinary Science,Electrical & Electronic Engineering,Art, Performing Arts & Design,Psychology,Biological Sciences,Economics & Econometrics,Languages, Literature & Linguistics,Architecture,Education,Geology, Environmental, Earth & Marine Sciences,Agriculture & Forestry,Law,Chemical Engineering,Mathematics & Statistics,Physics & Astronomy,General Engineering,Accounting & Finance,History, Philosophy & Theology,Communication & Media Studies,Archaeology,Other Health",False,False,False,
601-800,Suranaree University of Technology,0,767,21.1,599,11.6,673,18.4,686,38.1,397,25.9,638,master_account,0,/world-university-rankings/suranaree-university-technology,131291,Thailand,"12,650",32.9,1%,50 : 50,Suranaree University of Technology Suranaree University of Technology Thiland SUT,"Chemical Engineering,Geography,General Engineering,Psychology,Mechanical & Aerospace Engineering,Sport Science,Civil Engineering,Agriculture & Forestry,Communication & Media Studies,Languages, Literature & Linguistics,Mathematics & Statistics,Medicine & Dentistry,Physics & Astronomy,Other Health,Chemistry,Computer Science,Geology, Environmental, Earth & Marine Sciences,Electrical & Electronic Engineering,Biological Sciences,Business & Management",False,False,False,
601-800,University of Szeged,0,768,20,636,10.5,716,20.5,669,33.2,525,46.9,385,master_account,0,/world-university-rankings/university-szeged,1005,Hungary,"22,684",13.8,9%,58 : 42,University of Szeged,"Archaeology,Computer Science,Physics & Astronomy,History, Philosophy & Theology,Chemical Engineering,Education,Geology, Environmental, Earth & Marine Sciences,Business & Management,Economics & Econometrics,Communication & Media Studies,Electrical & Electronic Engineering,Languages, Literature & Linguistics,Psychology,Sport Science,Sociology,Chemistry,Medicine & Dentistry,Law,Geography,Mechanical & Aerospace Engineering,Agriculture & Forestry,Art, Performing Arts & Design,Mathematics & Statistics,Politics & International Studies (incl Development Studies),Other Health,Biological Sciences,Accounting & Finance",False,False,False,
601-800,Taipei Medical University,0,769,25.7,445,21.7,414,19,684,42.2,325,26.5,630,master_account,11,/world-university-rankings/taipei-medical-university,991,Taiwan,"6,001",11.1,6%,58 : 42,Taipei Medical University TMU Taiwan medicine,"History, Philosophy & Theology,Business & Management,Electrical & Electronic Engineering,General Engineering,Medicine & Dentistry,Sociology,Law,Other Health,Politics & International Studies (incl Development Studies),Biological Sciences",False,False,False,
601-800,Taras Shevchenko National University of Kyiv,0,770,27.9,382,11,695,4.2,793,28,762,28.2,613,master_account,0,/world-university-rankings/taras-shevchenko-national-university-kyiv,131734,Ukraine,"22,686",8.2,2%,45 : 55,Taras Shevchenko National University of Kyiv,"Economics & Econometrics,Communication & Media Studies,Psychology,Medicine & Dentistry,Languages, Literature & Linguistics,Education,Geology, Environmental, Earth & Marine Sciences,Business & Management,Politics & International Studies (incl Development Studies),Other Health,Geography,Mathematics & Statistics,Accounting & Finance,Chemistry,Agriculture & Forestry,Computer Science,History, Philosophy & Theology,Physics & Astronomy,Biological Sciences,Architecture,Archaeology,Sociology,Electrical & Electronic Engineering,Law",False,False,False,
601-800,Technical University of Madrid,0,771,21.8,569,14.6,594,24.5,625,38.3,391,39.5,461,master_account,0,/world-university-rankings/technical-university-madrid,131334,Spain,"41,500",13.8,11%,32 : 68,Technical University of Madrid,"Mechanical & Aerospace Engineering,Computer Science,Geology, Environmental, Earth & Marine Sciences,Civil Engineering,Biological Sciences,Chemical Engineering,Electrical & Electronic Engineering,Business & Management,General Engineering,Education,Art, Performing Arts & Design,Sport Science,Agriculture & Forestry,Architecture,Mathematics & Statistics",False,False,False,
601-800,University of Texas at El Paso,0,772,18.6,685,18.7,476,18.4,687,0,796,30.4,588,public,0,/world-university-rankings/university-texas-el-paso,131296,United States,"19,123",29.0,7%,54 : 46,University of Texas at El Paso,"Electrical & Electronic Engineering,Chemistry,Economics & Econometrics,Computer Science,Physics & Astronomy,Business & Management,Languages, Literature & Linguistics,Politics & International Studies (incl Development Studies),Mechanical & Aerospace Engineering,Communication & Media Studies,Other Health,Psychology,Mathematics & Statistics,Civil Engineering,Agriculture & Forestry,Sociology,History, Philosophy & Theology,Biological Sciences,Education,Art, Performing Arts & Design,Sport Science,Geography,General Engineering,Geology, Environmental, Earth & Marine Sciences,Accounting & Finance",False,False,False,https://www.timeshighereducation.com/student/register-interest/shorelight?utm_medium=thewebsite&utm_campaign=cta-link&utm_source=rankings&iid=i-04696203
601-800,Texas Tech University,0,773,27.9,383,17.2,519,22,649,0,797,36.8,498,public,0,/world-university-rankings/texas-tech-university,131276,United States,"29,512",20.9,7%,46 : 54,Texas Tech University,"Electrical & Electronic Engineering,Chemistry,Psychology,Architecture,Sociology,Veterinary Science,General Engineering,Physics & Astronomy,Education,Mechanical & Aerospace Engineering,Geology, Environmental, Earth & Marine Sciences,Business & Management,Civil Engineering,Communication & Media Studies,Accounting & Finance,Computer Science,Mathematics & Statistics,Law,History, Philosophy & Theology,Biological Sciences,Other Health,Sport Science,Geography,Art, Performing Arts & Design,Chemical Engineering,Politics & International Studies (incl Development Studies),Economics & Econometrics,Languages, Literature & Linguistics,Agriculture & Forestry",False,False,False,https://www.timeshighereducation.com/student/register-interest/shorelight?utm_medium=thewebsite&utm_campaign=cta-link&utm_source=rankings&iid=i-02032561
601-800,Tokai University,0,774,17.9,723,7.6,783,15.3,725,34.4,492,19.3,715,master_account,0,/world-university-rankings/tokai-university,131413,Japan,"29,700",12.7,1%,27 : 73,Tokai University,"Computer Science,Mathematics & Statistics,Archaeology,Biological Sciences,Accounting & Finance,History, Philosophy & Theology,Chemical Engineering,Law,Languages, Literature & Linguistics,Electrical & Electronic Engineering,Sport Science,Communication & Media Studies,Economics & Econometrics,Medicine & Dentistry,Physics & Astronomy,Politics & International Studies (incl Development Studies),General Engineering,Veterinary Science,Geology, Environmental, Earth & Marine Sciences,Art, Performing Arts & Design,Mechanical & Aerospace Engineering,Education,Architecture,Psychology,Other Health,Chemistry,Geography,Agriculture & Forestry,Civil Engineering,Sociology,Business & Management",False,False,False,
601-800,Tokushima University,0,775,25.3,459,21.6,417,12.8,750,59.6,168,16.8,750,master_account,0,/world-university-rankings/tokushima-university,131742,Japan,"7,519",8.9,3%,34 : 66,Tokushima University,"History, Philosophy & Theology,Civil Engineering,Chemical Engineering,Medicine & Dentistry,Biological Sciences,Mechanical & Aerospace Engineering,Art, Performing Arts & Design,Agriculture & Forestry,General Engineering,Other Health,Electrical & Electronic Engineering,Languages, Literature & Linguistics",False,False,False,
601-800,Tokyo University of Marine Science and Technology,0,776,27.9,384,12.4,644,7.7,781,57.9,177,24.5,656,master_account,0,/world-university-rankings/tokyo-university-marine-science-and-technology,131398,Japan,"2,597",11.1,7%,34 : 66,Tokyo University of Marine Science and Technology,"General Engineering,Geology, Environmental, Earth & Marine Sciences,Biological Sciences,Agriculture & Forestry,Civil Engineering,Mechanical & Aerospace Engineering",False,False,False,
601-800,Tokyo University of Science,0,777,23,536,24.1,359,21.4,656,37.6,411,15.4,775,master_account,0,/world-university-rankings/tokyo-university-science,131726,Japan,"20,243",25.7,2%,20 : 80,Tokyo University of Science tus rikadai tokyo,"Other Health,Electrical & Electronic Engineering,Business & Management,Chemical Engineering,Accounting & Finance,Architecture,Chemistry,Computer Science,Economics & Econometrics,Physics & Astronomy,Civil Engineering,General Engineering,Mathematics & Statistics,Mechanical & Aerospace Engineering,Geology, Environmental, Earth & Marine Sciences,Biological Sciences",False,False,False,
601-800,Tomsk State University,0,778,34.8,242,20.8,434,7.6,782,44,288,36.9,496,master_account,0,/world-university-rankings/tomsk-state-university,131772,Russian Federation,"10,413",9.9,12%,60 : 40,Tomsk State University,"Geography,Physics & Astronomy,Archaeology,History, Philosophy & Theology,Education,Geology, Environmental, Earth & Marine Sciences,Agriculture & Forestry,Art, Performing Arts & Design,Medicine & Dentistry,Communication & Media Studies,Law,Economics & Econometrics,Politics & International Studies (incl Development Studies),Chemical Engineering,Electrical & Electronic Engineering,Biological Sciences,Accounting & Finance,Mathematics & Statistics,Languages, Literature & Linguistics,Civil Engineering,Sport Science,Sociology,Psychology,Chemistry,Other Health,Business & Management,Mechanical & Aerospace Engineering,Computer Science,General Engineering",False,False,True,
601-800,Tottori University,0,779,24.3,495,10.1,732,9.6,771,34.5,488,16.7,752,master_account,0,/world-university-rankings/tottori-university,131538,Japan,"6,248",8.2,2%,34 : 66,Tottori University,"Physics & Astronomy,Electrical & Electronic Engineering,Geography,Agriculture & Forestry,General Engineering,Education,Mathematics & Statistics,Business & Management,Geology, Environmental, Earth & Marine Sciences,Psychology,Mechanical & Aerospace Engineering,Languages, Literature & Linguistics,Archaeology,Economics & Econometrics,Veterinary Science,Medicine & Dentistry,Civil Engineering,Law,Sport Science,History, Philosophy & Theology,Politics & International Studies (incl Development Studies),Sociology,Art, Performing Arts & Design,Chemistry,Chemical Engineering,Other Health,Architecture,Accounting & Finance,Communication & Media Studies,Computer Science,Biological Sciences",False,False,False,
601-800,Toyohashi University of Technology (TUT),0,780,22,561,18.9,473,15.8,720,50.3,227,25.4,645,master_account,0,/world-university-rankings/toyohashi-university-technology-tut,131816,Japan,"2,153",9.3,9%,9 : 91,Toyohashi University of Technology (TUT),"Physics & Astronomy,Electrical & Electronic Engineering,General Engineering,Computer Science,Mathematics & Statistics,Civil Engineering,Chemistry,Chemical Engineering,Biological Sciences,Mechanical & Aerospace Engineering",False,False,False,
601-800,Universiti Kebangsaan Malaysia,0,781,24.3,496,15.9,550,10.9,762,28.4,730,29.7,593,master_account,0,/world-university-rankings/universiti-kebangsaan-malaysia,920,Malaysia,"24,227",11.8,12%,62 : 38,Universiti Kebangsaan Malaysia,"Electrical & Electronic Engineering,Education,Computer Science,Geology, Environmental, Earth & Marine Sciences,Business & Management,General Engineering,Chemistry,Medicine & Dentistry,Sport Science,Law,History, Philosophy & Theology,Biological Sciences,Communication & Media Studies,Mechanical & Aerospace Engineering,Civil Engineering,Accounting & Finance,Architecture,Mathematics & Statistics,Sociology,Languages, Literature & Linguistics,Other Health,Psychology,Archaeology,Physics & Astronomy,Geography,Chemical Engineering,Politics & International Studies (incl Development Studies),Economics & Econometrics",False,False,False,
601-800,Universiti Putra Malaysia,0,782,25.3,460,20.9,431,10.2,767,34.2,496,50.1,342,master_account,0,/world-university-rankings/universiti-putra-malaysia,1007,Malaysia,"23,883",12.2,15%,63 : 37,Universiti Putra Malaysia,"Other Health,Archaeology,Geology, Environmental, Earth & Marine Sciences,Business & Management,Computer Science,Communication & Media Studies,Civil Engineering,Languages, Literature & Linguistics,Veterinary Science,Accounting & Finance,Art, Performing Arts & Design,Architecture,Agriculture & Forestry,Mathematics & Statistics,Geography,Physics & Astronomy,History, Philosophy & Theology,Politics & International Studies (incl Development Studies),Mechanical & Aerospace Engineering,Biological Sciences,Education,Electrical & Electronic Engineering,Medicine & Dentistry,Chemistry,Chemical Engineering,Sociology,Sport Science,Psychology,General Engineering,Economics & Econometrics",False,False,False,
601-800,Universiti Sains Malaysia,0,783,26.9,405,16.6,533,12.4,752,34.4,493,44.2,414,master_account,0,/world-university-rankings/universiti-sains-malaysia,131486,Malaysia,"28,179",14.8,10%,61 : 39,Universiti Sains Malaysia,"Chemical Engineering,Art, Performing Arts & Design,Business & Management,Economics & Econometrics,Archaeology,Physics & Astronomy,Communication & Media Studies,Medicine & Dentistry,Mathematics & Statistics,Civil Engineering,Geography,Education,General Engineering,Politics & International Studies (incl Development Studies),Computer Science,Mechanical & Aerospace Engineering,Languages, Literature & Linguistics,Geology, Environmental, Earth & Marine Sciences,Chemistry,Architecture,Sociology,Biological Sciences,Other Health,Electrical & Electronic Engineering,Sport Science,Accounting & Finance,History, Philosophy & Theology",False,False,False,
601-800,Universiti Teknologi MARA,0,784,15.2,786,7.7,782,18.2,691,28.3,735,14.8,780,master_account,0,/world-university-rankings/universiti-teknologi-mara,131773,Malaysia,"69,268",16.8,0%,65 : 35,Universiti Teknologi MARA,"Accounting & Finance,General Engineering,Biological Sciences,Languages, Literature & Linguistics,Agriculture & Forestry,Computer Science,Mechanical & Aerospace Engineering,Economics & Econometrics,Mathematics & Statistics,History, Philosophy & Theology,Other Health,Geology, Environmental, Earth & Marine Sciences,Psychology,Geography,Electrical & Electronic Engineering,Chemistry,Civil Engineering,Chemical Engineering,Education,Sport Science,Physics & Astronomy,Art, Performing Arts & Design,Architecture,Business & Management,Sociology,Communication & Media Studies,Medicine & Dentistry,Law,Politics & International Studies (incl Development Studies),Veterinary Science",False,False,False,
601-800,Ural Federal University,0,785,24.8,478,10.6,714,16.8,708,35.6,461,17.3,741,master_account,0,/world-university-rankings/ural-federal-university,131493,Russian Federation,"28,427",10.1,3%,48 : 52,Ural Federal University,"Sport Science,Archaeology,Medicine & Dentistry,History, Philosophy & Theology,Geology, Environmental, Earth & Marine Sciences,Education,Veterinary Science,Mechanical & Aerospace Engineering,Communication & Media Studies,Civil Engineering,Sociology,Economics & Econometrics,Physics & Astronomy,Psychology,Agriculture & Forestry,Geography,Computer Science,Biological Sciences,Architecture,Law,Other Health,Art, Performing Arts & Design,Accounting & Finance,Electrical & Electronic Engineering,Languages, Literature & Linguistics,Chemical Engineering,General Engineering,Chemistry,Politics & International Studies (incl Development Studies),Mathematics & Statistics,Business & Management",False,False,True,
601-800,V.N. Karazin Kharkiv National University,0,786,21.7,573,8.9,760,1.7,799,28.8,702,48.4,367,master_account,0,/world-university-rankings/vn-karazin-kharkiv-national-university,131424,Ukraine,"14,410",9.7,22%,53 : 47,V.N. Karazin Kharkiv National University,"History, Philosophy & Theology,Mechanical & Aerospace Engineering,Law,Sport Science,Politics & International Studies (incl Development Studies),Languages, Literature & Linguistics,Sociology,Accounting & Finance,General Engineering,Medicine & Dentistry,Physics & Astronomy,Civil Engineering,Mathematics & Statistics,Archaeology,Economics & Econometrics,Biological Sciences,Geography,Business & Management,Communication & Media Studies,Psychology,Geology, Environmental, Earth & Marine Sciences,Education,Art, Performing Arts & Design,Chemical Engineering,Computer Science,Chemistry,Electrical & Electronic Engineering",False,False,False,
601-800,University of Vigo,0,787,18.4,701,10.5,717,31.8,558,38.1,398,30.7,579,master_account,0,/world-university-rankings/university-vigo,908,Spain,"22,793",19.0,3%,51 : 49,University of Vigo,"Mechanical & Aerospace Engineering,Politics & International Studies (incl Development Studies),General Engineering,Chemistry,Economics & Econometrics,Computer Science,Physics & Astronomy,Accounting & Finance,Art, Performing Arts & Design,Chemical Engineering,Sociology,History, Philosophy & Theology,Biological Sciences,Law,Languages, Literature & Linguistics,Agriculture & Forestry,Geography,Electrical & Electronic Engineering,Communication & Media Studies,Other Health,Mathematics & Statistics,Education,Civil Engineering,Geology, Environmental, Earth & Marine Sciences,Archaeology,Sport Science,Business & Management",False,False,False,
601-800,Vilnius University,0,788,18.3,706,13.6,620,26.1,610,41,347,40.8,447,master_account,0,/world-university-rankings/vilnius-university,131748,Lithuania,"19,019",14.2,4%,65 : 35,Vilnius University,"Geography,Communication & Media Studies,Geology, Environmental, Earth & Marine Sciences,Chemical Engineering,Economics & Econometrics,Other Health,History, Philosophy & Theology,Law,Archaeology,Chemistry,Politics & International Studies (incl Development Studies),Business & Management,Education,General Engineering,Electrical & Electronic Engineering,Mathematics & Statistics,Accounting & Finance,Computer Science,Biological Sciences,Languages, Literature & Linguistics,Psychology,Medicine & Dentistry,Physics & Astronomy,Sociology",False,False,False,
601-800,Warsaw University of Technology,0,789,19.4,651,8.5,769,40.3,492,47.4,255,20.7,697,master_account,0,/world-university-rankings/warsaw-university-technology,989,Poland,"34,572",14.5,3%,34 : 66,Warsaw University of Technology,"Physics & Astronomy,Architecture,Sociology,Business & Management,General Engineering,Computer Science,Civil Engineering,Chemical Engineering,Economics & Econometrics,Mathematics & Statistics,Electrical & Electronic Engineering,Mechanical & Aerospace Engineering",False,False,False,
601-800,Waseda University,0,790,23.6,517,14.6,596,29.4,581,32.4,549,29.7,594,master_account,6,/world-university-rankings/waseda-university,862,Japan,"52,316",16.9,8%,35 : 65,Waseda University Waseda Japan Tokyo,"Electrical & Electronic Engineering,Physics & Astronomy,Education,Architecture,Geology, Environmental, Earth & Marine Sciences,Psychology,Other Health,Sport Science,Economics & Econometrics,Medicine & Dentistry,Politics & International Studies (incl Development Studies),History, Philosophy & Theology,Chemical Engineering,Geography,Languages, Literature & Linguistics,Mechanical & Aerospace Engineering,Chemistry,Law,General Engineering,Mathematics & Statistics,Business & Management,Art, Performing Arts & Design,Civil Engineering,Biological Sciences,Accounting & Finance,Computer Science,Communication & Media Studies,Archaeology,Sociology",False,False,False,
601-800,University of West Bohemia,0,791,16.3,767,9.7,740,29.8,579,32.1,564,23.1,669,master_account,0,/world-university-rankings/university-west-bohemia,131333,Czechia,"15,639",21.5,2%,52 : 48,University of West Bohemia,"Computer Science,Geography,General Engineering,Law,Other Health,Sociology,Accounting & Finance,Mathematics & Statistics,Geology, Environmental, Earth & Marine Sciences,History, Philosophy & Theology,Electrical & Electronic Engineering,Business & Management,Languages, Literature & Linguistics,Physics & Astronomy,Art, Performing Arts & Design,Civil Engineering,Economics & Econometrics,Archaeology,Politics & International Studies (incl Development Studies),Mechanical & Aerospace Engineering,Education",False,False,False,
601-800,UWE Bristol (University of the West of England),0,792,16.9,756,11.2,688,34.6,534,28.5,723,48.5,365,master_account,0,/world-university-rankings/uwe-bristol-university-west-england,131439,United Kingdom,"22,525",21.4,15%,53 : 47,UWE Bristol (University of the West of England),"Accounting & Finance,Languages, Literature & Linguistics,Mathematics & Statistics,Computer Science,Geology, Environmental, Earth & Marine Sciences,History, Philosophy & Theology,Sociology,Politics & International Studies (incl Development Studies),Art, Performing Arts & Design,Mechanical & Aerospace Engineering,Education,Law,Biological Sciences,Electrical & Electronic Engineering,Business & Management,Architecture,Geography,Psychology,Other Health,Civil Engineering,General Engineering,Communication & Media Studies,Economics & Econometrics",False,False,False,https://www.timeshighereducation.com/student/register-interest/siuk?utm_medium=thewebsite&utm_campaign=cta-link&utm_source=rankings&iid=i-28947501
601-800,West University of Timişoara,0,793,16.1,770,3.9,798,22.4,644,0,798,21,692,master_account,0,/world-university-rankings/west-university-timisoara,131390,Romania,"12,933",19.0,2%,62 : 38,West University of Timişoara,"History, Philosophy & Theology,Sociology,Biological Sciences,Law,Sport Science,Education,Mathematics & Statistics,Psychology,Physics & Astronomy,Business & Management,Archaeology,Geology, Environmental, Earth & Marine Sciences,Economics & Econometrics,Art, Performing Arts & Design,Chemistry,Accounting & Finance,Computer Science,Communication & Media Studies,Languages, Literature & Linguistics,Politics & International Studies (incl Development Studies),Other Health,Geography",False,False,False,
601-800,University of Westminster,0,794,17.3,745,11.7,669,21.1,659,28.5,725,81.9,100,master_account,0,/world-university-rankings/university-westminster,131626,United Kingdom,"16,610",20.9,43%,57 : 43,University of Westminster,"History, Philosophy & Theology,Sociology,Economics & Econometrics,Business & Management,Other Health,Law,Architecture,Electrical & Electronic Engineering,Art, Performing Arts & Design,Biological Sciences,Languages, Literature & Linguistics,Psychology,Communication & Media Studies,Accounting & Finance,Politics & International Studies (incl Development Studies),Computer Science",False,False,False,https://www.timeshighereducation.com/student/register-interest/siuk?utm_medium=thewebsite&utm_campaign=cta-link&utm_source=rankings&iid=i-65712765
601-800,Xidian University,0,795,17.9,724,12.1,656,8.9,776,83.7,72,12.8,795,master_account,0,/world-university-rankings/xidian-university,1043,China,"31,618",16.4,2%,29 : 71,Xidian University,"Accounting & Finance,Sport Science,Electrical & Electronic Engineering,Computer Science,Physics & Astronomy,Mathematics & Statistics,Art, Performing Arts & Design,General Engineering,History, Philosophy & Theology,Mechanical & Aerospace Engineering,Politics & International Studies (incl Development Studies),Chemistry,Business & Management,Education,Languages, Literature & Linguistics,Economics & Econometrics,Biological Sciences,Chemical Engineering,Law",False,False,False,
601-800,Yeungnam University,0,796,18.6,687,10.9,701,26.5,606,35.4,465,24.3,657,master_account,0,/world-university-rankings/yeungnam-university,131728,South Korea,"21,958",15.3,3%,48 : 52,Yeungnam University,"Computer Science,Geology, Environmental, Earth & Marine Sciences,Agriculture & Forestry,Law,General Engineering,Physics & Astronomy,Electrical & Electronic Engineering,Economics & Econometrics,History, Philosophy & Theology,Education,Civil Engineering,Medicine & Dentistry,Mechanical & Aerospace Engineering,Psychology,Mathematics & Statistics,Sport Science,Sociology,Chemical Engineering,Chemistry,Accounting & Finance,Biological Sciences,Business & Management,Politics & International Studies (incl Development Studies),Other Health,Languages, Literature & Linguistics,Communication & Media Studies,Archaeology,Architecture,Art, Performing Arts & Design",False,False,False,
601-800,Yildiz Technical University,0,797,14.5,790,7.6,784,19.3,682,44,289,14.9,778,master_account,6,/world-university-rankings/yildiz-technical-university,131735,Turkey,"31,268",28.7,2%,36 : 64,Yildiz Technical University,"Languages, Literature & Linguistics,Civil Engineering,Biological Sciences,Computer Science,Communication & Media Studies,Mechanical & Aerospace Engineering,Architecture,Education,Chemistry,General Engineering,History, Philosophy & Theology,Mathematics & Statistics,Business & Management,Accounting & Finance,Chemical Engineering,Art, Performing Arts & Design,Geology, Environmental, Earth & Marine Sciences,Sociology,Electrical & Electronic Engineering,Physics & Astronomy,Economics & Econometrics,Politics & International Studies (incl Development Studies)",False,False,False,
601-800,Yokohama City University,0,798,24,502,10.2,727,36.4,518,37.9,402,16.1,759,master_account,0,/world-university-rankings/yokohama-city-university,131820,Japan,"4,122",3.7,3%,,Yokohama City University,"Other Health,Accounting & Finance,Mathematics & Statistics,Economics & Econometrics,Medicine & Dentistry,Business & Management,Biological Sciences,Sociology,Chemistry,Politics & International Studies (incl Development Studies)",False,False,False,
601-800,Yokohama National University,0,799,20.1,629,16,545,13.5,743,40.4,356,23.3,666,master_account,0,/world-university-rankings/yokohama-national-university,955,Japan,"10,117",12.1,7%,28 : 72,Yokohama National University,"Economics & Econometrics,Politics & International Studies (incl Development Studies),Electrical & Electronic Engineering,Architecture,Chemistry,Art, Performing Arts & Design,Mathematics & Statistics,Languages, Literature & Linguistics,Computer Science,Physics & Astronomy,Civil Engineering,History, Philosophy & Theology,Chemical Engineering,Psychology,Sociology,Education,Accounting & Finance,Sport Science,Geology, Environmental, Earth & Marine Sciences,Geography,Agriculture & Forestry,Mechanical & Aerospace Engineering,Biological Sciences,Communication & Media Studies,General Engineering,Law,Business & Management",False,False,False,
601-800,Yuan Ze University,0,800,16.2,768,18.3,489,28.6,588,39.8,372,17.7,733,master_account,0,/world-university-rankings/yuan-ze-university,865,Taiwan,"8,663",20.6,4%,43 : 57,Yuan Ze University,"Languages, Literature & Linguistics,Sociology,Art, Performing Arts & Design,Communication & Media Studies,Chemical Engineering,Computer Science,General Engineering,Accounting & Finance,Mechanical & Aerospace Engineering,Other Health,Business & Management,Electrical & Electronic Engineering,Biological Sciences",False,False,False,
