rank,name,scores_overall,scores_overall_rank,scores_teaching,scores_teaching_rank,scores_research,scores_research_rank,scores_citations,scores_citations_rank,scores_industry_income,scores_industry_income_rank,scores_international_outlook,scores_international_outlook_rank,record_type,member_level,url,nid,location,stats_number_students,stats_student_staff_ratio,stats_pc_intl_students,stats_female_male_ratio,aliases,subjects_offered,closed,unaccredited,disabled,website_url
1,California Institute of Technology,94.8,1,95.7,2,98.2,4,99.9,3,97.0,26,56.0,172,private,0,/world-university-rankings/california-institute-technology,128779,United States,,,,,California Institute of Technology caltech,"Biological Sciences,History, Philosophy & Theology,Mathematics & Statistics,Languages, Literature & Linguistics,Economics & Econometrics,General Engineering,Politics & International Studies (incl Development Studies),Electrical & Electronic Engineering,Chemistry,Chemical Engineering,Computer Science,Geology, Environmental, Earth & Marine Sciences,Mechanical & Aerospace Engineering,Business & Management,Physics & Astronomy,Civil Engineering",False,False,False,https://www.timeshighereducation.com/student/register-interest/shorelight?utm_medium=thewebsite&utm_campaign=cta-link&utm_source=rankings&iid=i-20537945
2,Harvard University,93.9,2,95.8,1,97.4,5,99.8,7,35.9,212,67.5,115,private,0,/world-university-rankings/harvard-university,466,United States,,,,,Harvard University,"Archaeology,Mathematics & Statistics,Art, Performing Arts & Design,Psychology,Other Health,Chemistry,Economics & Econometrics,Biological Sciences,Accounting & Finance,Physics & Astronomy,Medicine & Dentistry,Communication & Media Studies,Civil Engineering,Mechanical & Aerospace Engineering,Law,History, Philosophy & Theology,Geography,Education,Computer Science,General Engineering,Politics & International Studies (incl Development Studies),Languages, Literature & Linguistics,Business & Management,Architecture,Sociology,Geology, Environmental, Earth & Marine Sciences,Electrical & Electronic Engineering,Agriculture & Forestry",False,False,False,https://www.timeshighereducation.com/student/register-interest/shorelight?utm_medium=thewebsite&utm_campaign=cta-link&utm_source=rankings&iid=i-48698023
2,Stanford University,93.9,3,94.8,3,98.9,3,99.8,8,63.8,74,57.2,162,private,0,/world-university-rankings/stanford-university,467,United States,,,,,Stanford University,"Civil Engineering,Politics & International Studies (incl Development Studies),General Engineering,Sociology,Other Health,Computer Science,Chemical Engineering,Mathematics & Statistics,Art, Performing Arts & Design,Biological Sciences,Mechanical & Aerospace Engineering,Business & Management,Medicine & Dentistry,Geology, Environmental, Earth & Marine Sciences,Veterinary Science,History, Philosophy & Theology,Electrical & Electronic Engineering,Psychology,Accounting & Finance,Agriculture & Forestry,Archaeology,Education,Languages, Literature & Linguistics,Communication & Media Studies,Physics & Astronomy,Law,Economics & Econometrics,Chemistry",False,False,False,
4,University of Oxford,93.6,4,89.5,8,96.6,6,97.9,15,62.1,81,91.9,12,master_account,0,/world-university-rankings/university-oxford,468,United Kingdom,,,,,University of Oxford,"Computer Science,Languages, Literature & Linguistics,Mathematics & Statistics,Economics & Econometrics,Law,Accounting & Finance,Chemical Engineering,Archaeology,Communication & Media Studies,Civil Engineering,Education,Mechanical & Aerospace Engineering,Geology, Environmental, Earth & Marine Sciences,Psychology,Biological Sciences,Geography,Politics & International Studies (incl Development Studies),Other Health,General Engineering,Business & Management,Chemistry,Medicine & Dentistry,Art, Performing Arts & Design,Electrical & Electronic Engineering,Physics & Astronomy,History, Philosophy & Theology,Sociology",False,False,False,https://www.timeshighereducation.com/student/register-interest/siuk?utm_medium=thewebsite&utm_campaign=cta-link&utm_source=rankings&iid=i-92611101
5,Princeton University,92.9,5,91.5,6,99.1,2,100.0,2,81.0,43,49.6,198,private,0,/world-university-rankings/princeton-university,469,United States,,,,,Princeton University,"Chemistry,Languages, Literature & Linguistics,Mechanical & Aerospace Engineering,Sociology,Chemical Engineering,Economics & Econometrics,General Engineering,Geology, Environmental, Earth & Marine Sciences,Computer Science,Mathematics & Statistics,Other Health,Biological Sciences,History, Philosophy & Theology,Agriculture & Forestry,Electrical & Electronic Engineering,Politics & International Studies (incl Development Studies),Art, Performing Arts & Design,Physics & Astronomy,Architecture,Civil Engineering,Psychology",False,False,False,https://www.timeshighereducation.com/student/register-interest/shorelight?utm_medium=thewebsite&utm_campaign=cta-link&utm_source=rankings&iid=i-20795402
6,University of Cambridge,92.4,6,90.5,7,94.2,7,97.3,23,55.5,96,85.3,38,master_account,0,/world-university-rankings/university-cambridge,470,United Kingdom,,,,,University of Cambridge,"History, Philosophy & Theology,Biological Sciences,Geology, Environmental, Earth & Marine Sciences,Law,Electrical & Electronic Engineering,Architecture,Psychology,Veterinary Science,Politics & International Studies (incl Development Studies),Physics & Astronomy,General Engineering,Archaeology,Medicine & Dentistry,Chemistry,Mechanical & Aerospace Engineering,Geography,Economics & Econometrics,Languages, Literature & Linguistics,Computer Science,Mathematics & Statistics,Civil Engineering,Sociology,Business & Management,Chemical Engineering,Art, Performing Arts & Design,Education",False,False,False,https://www.timeshighereducation.com/student/register-interest/siuk?utm_medium=thewebsite&utm_campaign=cta-link&utm_source=rankings&iid=i-67516113
7,Massachusetts Institute of Technology,92.3,7,92.7,4,87.4,13,100.0,1,94.4,28,79.2,63,private,0,/world-university-rankings/massachusetts-institute-technology,471,United States,,,,,Massachusetts Institute of Technology,"Biological Sciences,Electrical & Electronic Engineering,Languages, Literature & Linguistics,Economics & Econometrics,Psychology,Art, Performing Arts & Design,Physics & Astronomy,Mechanical & Aerospace Engineering,Sociology,Communication & Media Studies,Mathematics & Statistics,Architecture,General Engineering,Civil Engineering,Chemical Engineering,History, Philosophy & Theology,Geology, Environmental, Earth & Marine Sciences,Archaeology,Other Health,Chemistry,Politics & International Studies (incl Development Studies),Computer Science,Business & Management",False,False,False,https://www.timeshighereducation.com/student/register-interest/shorelight?utm_medium=thewebsite&utm_campaign=cta-link&utm_source=rankings&iid=i-68334672
8,Imperial College London,90.7,8,88.8,11,88.7,12,93.9,35,93.1,30,92.2,11,master_account,0,/world-university-rankings/imperial-college-london,472,United Kingdom,,,,,Imperial College London,"Computer Science,Business & Management,Chemical Engineering,Accounting & Finance,Chemistry,Economics & Econometrics,Geology, Environmental, Earth & Marine Sciences,General Engineering,Electrical & Electronic Engineering,Physics & Astronomy,Medicine & Dentistry,Mechanical & Aerospace Engineering,Other Health,Mathematics & Statistics,Biological Sciences,Civil Engineering",False,False,False,https://www.timeshighereducation.com/student/register-interest/siuk?utm_medium=thewebsite&utm_campaign=cta-link&utm_source=rankings&iid=i-67704114
9,The University of Chicago,90.2,9,89.4,9,90.8,10,99.4,10,-,389,58.8,155,private,0,/world-university-rankings/university-chicago,473,United States,,,,,The University of Chicago,"Accounting & Finance,Medicine & Dentistry,History, Philosophy & Theology,Psychology,Law,Archaeology,Physics & Astronomy,Languages, Literature & Linguistics,Chemistry,Politics & International Studies (incl Development Studies),Economics & Econometrics,Business & Management,Geology, Environmental, Earth & Marine Sciences,Mathematics & Statistics,Biological Sciences,Chemical Engineering,Art, Performing Arts & Design,Sociology,Computer Science",False,False,False,
10,"University of California, Berkeley",89.8,10,82.8,15,99.4,1,99.4,9,62.5,79,50.4,196,public,0,/world-university-rankings/university-california-berkeley,474,United States,,,,,"University of California, Berkeley","Languages, Literature & Linguistics,Civil Engineering,Politics & International Studies (incl Development Studies),Agriculture & Forestry,Art, Performing Arts & Design,Geography,General Engineering,Chemical Engineering,Physics & Astronomy,Economics & Econometrics,Biological Sciences,Electrical & Electronic Engineering,Computer Science,Education,Other Health,Geology, Environmental, Earth & Marine Sciences,Sociology,History, Philosophy & Theology,Chemistry,Law,Psychology,Business & Management,Architecture,Mathematics & Statistics,Mechanical & Aerospace Engineering,Communication & Media Studies,Archaeology",False,False,False,https://www.timeshighereducation.com/student/register-interest/shorelight?utm_medium=thewebsite&utm_campaign=cta-link&utm_source=rankings&iid=i-50018853
11,Yale University,89.1,11,92.3,5,91.2,9,96.7,24,34.7,231,55.5,176,private,0,/world-university-rankings/yale-university,475,United States,,,,,Yale University,"Languages, Literature & Linguistics,Other Health,Geology, Environmental, Earth & Marine Sciences,Archaeology,Agriculture & Forestry,Psychology,Mathematics & Statistics,Law,Computer Science,Politics & International Studies (incl Development Studies),General Engineering,History, Philosophy & Theology,Electrical & Electronic Engineering,Accounting & Finance,Art, Performing Arts & Design,Mechanical & Aerospace Engineering,Sociology,Medicine & Dentistry,Physics & Astronomy,Chemical Engineering,Business & Management,Chemistry,Architecture,Biological Sciences,Economics & Econometrics",False,False,False,https://www.timeshighereducation.com/student/register-interest/shorelight?utm_medium=thewebsite&utm_campaign=cta-link&utm_source=rankings&iid=i-73583889
12,Columbia University,87.5,12,89.1,10,81.8,20,97.8,17,-,373,67.6,114,private,0,/world-university-rankings/columbia-university,476,United States,,,,,Columbia University,"Architecture,Sport Science,Electrical & Electronic Engineering,Communication & Media Studies,Law,Chemistry,Archaeology,Agriculture & Forestry,Sociology,History, Philosophy & Theology,Business & Management,Other Health,Psychology,Biological Sciences,Mechanical & Aerospace Engineering,Languages, Literature & Linguistics,Politics & International Studies (incl Development Studies),Art, Performing Arts & Design,Chemical Engineering,Civil Engineering,Accounting & Finance,Mathematics & Statistics,Physics & Astronomy,General Engineering,Medicine & Dentistry,Computer Science,Economics & Econometrics,Geology, Environmental, Earth & Marine Sciences",False,False,False,https://www.timeshighereducation.com/student/register-interest/shorelight?utm_medium=thewebsite&utm_campaign=cta-link&utm_source=rankings&iid=i-62830784
13,"University of California, Los Angeles",87.3,13,85.9,14,92.5,8,97.3,22,-,388,41.0,246,public,0,/world-university-rankings/university-california-los-angeles,477,United States,,,,,"University of California, Los Angeles","History, Philosophy & Theology,Mathematics & Statistics,Geography,Other Health,Biological Sciences,Law,Physics & Astronomy,Chemistry,Sport Science,Business & Management,Accounting & Finance,General Engineering,Geology, Environmental, Earth & Marine Sciences,Education,Languages, Literature & Linguistics,Psychology,Electrical & Electronic Engineering,Chemical Engineering,Art, Performing Arts & Design,Agriculture & Forestry,Medicine & Dentistry,Civil Engineering,Architecture,Archaeology,Mechanical & Aerospace Engineering,Veterinary Science,Economics & Econometrics,Computer Science,Politics & International Studies (incl Development Studies),Sociology,Communication & Media Studies",False,False,False,https://www.timeshighereducation.com/student/register-interest/shorelight?utm_medium=thewebsite&utm_campaign=cta-link&utm_source=rankings&iid=i-95508882
14,Johns Hopkins University,85.8,14,78.9,18,86.5,16,97.3,21,100.0,4,59.9,150,private,0,/world-university-rankings/johns-hopkins-university,478,United States,,,,,Johns Hopkins University,"Mathematics & Statistics,Economics & Econometrics,Civil Engineering,General Engineering,Sociology,Medicine & Dentistry,Physics & Astronomy,Education,Archaeology,Business & Management,Accounting & Finance,Computer Science,History, Philosophy & Theology,Psychology,Chemistry,Electrical & Electronic Engineering,Mechanical & Aerospace Engineering,Geology, Environmental, Earth & Marine Sciences,Biological Sciences,Languages, Literature & Linguistics,Politics & International Studies (incl Development Studies),Other Health,Art, Performing Arts & Design,Chemical Engineering",False,False,False,https://www.timeshighereducation.com/student/register-interest/shorelight?utm_medium=thewebsite&utm_campaign=cta-link&utm_source=rankings&iid=i-44788493
15,ETH Zurich,85.0,15,79.1,17,85.8,18,87.2,60,-,376,97.5,2,master_account,0,/world-university-rankings/eth-zurich,479,Switzerland,,,,,ETH Zurich,"Electrical & Electronic Engineering,Education,Civil Engineering,Business & Management,Chemical Engineering,Computer Science,Politics & International Studies (incl Development Studies),General Engineering,Economics & Econometrics,Chemistry,Other Health,Mathematics & Statistics,Sport Science,Mechanical & Aerospace Engineering,Geology, Environmental, Earth & Marine Sciences,Agriculture & Forestry,Biological Sciences,Architecture,Physics & Astronomy,Medicine & Dentistry,Accounting & Finance",False,False,False,
16,University of Pennsylvania,84.9,16,87.0,12,86.1,17,97.9,16,41.9,153,34.3,278,private,0,/world-university-rankings/university-pennsylvania,480,United States,,,,,University of Pennsylvania,"Business & Management,Other Health,Languages, Literature & Linguistics,Economics & Econometrics,Psychology,Mechanical & Aerospace Engineering,Education,Mathematics & Statistics,Medicine & Dentistry,Communication & Media Studies,Computer Science,Biological Sciences,Accounting & Finance,Geology, Environmental, Earth & Marine Sciences,General Engineering,Archaeology,Politics & International Studies (incl Development Studies),Sociology,Veterinary Science,Chemistry,History, Philosophy & Theology,Art, Performing Arts & Design,Electrical & Electronic Engineering,Geography,Physics & Astronomy,Chemical Engineering,Architecture,Law",False,False,False,https://www.timeshighereducation.com/student/register-interest/shorelight?utm_medium=thewebsite&utm_campaign=cta-link&utm_source=rankings&iid=i-31733092
17,UCL,83.2,17,77.8,19,84.3,19,89.0,55,41.4,158,91.8,13,master_account,0,/world-university-rankings/ucl,481,United Kingdom,,,,,UCL ucl UCL,"General Engineering,Medicine & Dentistry,Sport Science,Art, Performing Arts & Design,Biological Sciences,Law,Mechanical & Aerospace Engineering,Physics & Astronomy,Education,Architecture,Electrical & Electronic Engineering,Geology, Environmental, Earth & Marine Sciences,Business & Management,History, Philosophy & Theology,Chemical Engineering,Geography,Archaeology,Mathematics & Statistics,Computer Science,Politics & International Studies (incl Development Studies),Other Health,Communication & Media Studies,Economics & Econometrics,Languages, Literature & Linguistics,Civil Engineering,Sociology,Chemistry,Psychology",False,False,False,https://www.timeshighereducation.com/student/register-interest/siuk?utm_medium=thewebsite&utm_campaign=cta-link&utm_source=rankings&iid=i-15171793
18,University of Michigan-Ann Arbor,82.8,18,75.4,22,90.0,11,94.3,32,53.3,101,47.2,217,public,0,/world-university-rankings/university-michigan-ann-arbor,482,United States,,,,,University of Michigan-Ann Arbor,"Geology, Environmental, Earth & Marine Sciences,Communication & Media Studies,Physics & Astronomy,Computer Science,General Engineering,Chemical Engineering,Agriculture & Forestry,History, Philosophy & Theology,Mechanical & Aerospace Engineering,Art, Performing Arts & Design,Mathematics & Statistics,Sociology,Electrical & Electronic Engineering,Law,Business & Management,Education,Civil Engineering,Medicine & Dentistry,Economics & Econometrics,Psychology,Architecture,Accounting & Finance,Other Health,Politics & International Studies (incl Development Studies),Biological Sciences,Chemistry,Sport Science,Languages, Literature & Linguistics",False,False,False,https://www.timeshighereducation.com/student/register-interest/shorelight?utm_medium=thewebsite&utm_campaign=cta-link&utm_source=rankings&iid=i-98611775
19,University of Toronto,81.6,19,76.9,20,87.4,14,86.5,63,44.9,129,69.0,108,master_account,0,/world-university-rankings/university-toronto,483,Canada,,,,,University of Toronto,"Art, Performing Arts & Design,Accounting & Finance,Archaeology,Communication & Media Studies,Sport Science,Politics & International Studies (incl Development Studies),Physics & Astronomy,History, Philosophy & Theology,Mechanical & Aerospace Engineering,Other Health,Computer Science,Architecture,Psychology,Mathematics & Statistics,General Engineering,Chemistry,Economics & Econometrics,Law,Chemical Engineering,Geology, Environmental, Earth & Marine Sciences,Biological Sciences,Agriculture & Forestry,Education,Geography,Business & Management,Sociology,Electrical & Electronic Engineering,Medicine & Dentistry,Civil Engineering,Languages, Literature & Linguistics",False,False,False,https://www.timeshighereducation.com/student/register-interest/applyboard?utm_medium=thewebsite&utm_campaign=cta-link&utm_source=rankings&iid=i-67051171
20,Cornell University,80.5,20,70.4,28,87.2,15,93.5,36,-,374,53.4,181,private,0,/world-university-rankings/cornell-university,484,United States,,,,,Cornell University,"History, Philosophy & Theology,Archaeology,Veterinary Science,Agriculture & Forestry,Law,Biological Sciences,Chemical Engineering,Politics & International Studies (incl Development Studies),Civil Engineering,Mathematics & Statistics,Mechanical & Aerospace Engineering,Architecture,Art, Performing Arts & Design,Languages, Literature & Linguistics,Sociology,Communication & Media Studies,Geology, Environmental, Earth & Marine Sciences,Electrical & Electronic Engineering,Computer Science,General Engineering,Chemistry,Economics & Econometrics,Physics & Astronomy,Business & Management,Psychology,Other Health",False,False,False,https://www.timeshighereducation.com/student/register-interest/shorelight?utm_medium=thewebsite&utm_campaign=cta-link&utm_source=rankings&iid=i-48987672
21,Carnegie Mellon University,78.4,21,65.7,40,79.5,24,97.4,19,60.7,86,55.0,177,private,0,/world-university-rankings/carnegie-mellon-university,485,United States,,,,,Carnegie Mellon University,"Biological Sciences,Economics & Econometrics,Civil Engineering,Business & Management,Architecture,Communication & Media Studies,Art, Performing Arts & Design,Computer Science,Politics & International Studies (incl Development Studies),Languages, Literature & Linguistics,Electrical & Electronic Engineering,Psychology,Chemical Engineering,Accounting & Finance,Mathematics & Statistics,Physics & Astronomy,History, Philosophy & Theology,Mechanical & Aerospace Engineering,Chemistry",False,False,False,https://www.timeshighereducation.com/student/register-interest/shorelight?utm_medium=thewebsite&utm_campaign=cta-link&utm_source=rankings&iid=i-14763812
22,University of British Columbia,77.4,23,68.6,31,78.6,26,85.2,71,40.6,168,88.7,27,master_account,11,/world-university-rankings/university-british-columbia,486,Canada,,,,,University of British Columbia,"Accounting & Finance,Mechanical & Aerospace Engineering,History, Philosophy & Theology,Other Health,Medicine & Dentistry,Sociology,Computer Science,Art, Performing Arts & Design,Education,Mathematics & Statistics,Economics & Econometrics,Law,Chemical Engineering,Biological Sciences,Languages, Literature & Linguistics,Sport Science,Politics & International Studies (incl Development Studies),Architecture,General Engineering,Business & Management,Psychology,Physics & Astronomy,Geography,Agriculture & Forestry,Archaeology,Electrical & Electronic Engineering,Civil Engineering,Geology, Environmental, Earth & Marine Sciences,Communication & Media Studies,Chemistry",False,False,False,https://www.timeshighereducation.com/student/register-interest/applyboard?utm_medium=thewebsite&utm_campaign=cta-link&utm_source=rankings&iid=i-91511981
22,Duke University,77.4,22,62.6,48,77.9,28,97.4,20,100.0,2,46.9,219,private,0,/world-university-rankings/duke-university,487,United States,,,,,Duke University,"Computer Science,Physics & Astronomy,Agriculture & Forestry,Law,General Engineering,Geology, Environmental, Earth & Marine Sciences,Mechanical & Aerospace Engineering,Sociology,Geography,Languages, Literature & Linguistics,Chemical Engineering,Business & Management,Other Health,Chemistry,Communication & Media Studies,Medicine & Dentistry,Mathematics & Statistics,Economics & Econometrics,Art, Performing Arts & Design,Civil Engineering,Psychology,History, Philosophy & Theology,Biological Sciences,Accounting & Finance,Electrical & Electronic Engineering,Politics & International Studies (incl Development Studies)",False,False,False,https://www.timeshighereducation.com/student/register-interest/shorelight?utm_medium=thewebsite&utm_campaign=cta-link&utm_source=rankings&iid=i-10310643
24,Georgia Institute of Technology,77.0,24,66.6,35,73.8,35,91.9,43,99.2,19,65.0,127,public,0,/world-university-rankings/georgia-institute-technology,488,United States,,,,,Georgia Institute of Technology,"Chemistry,General Engineering,Biological Sciences,Mathematics & Statistics,Sociology,Other Health,Politics & International Studies (incl Development Studies),Electrical & Electronic Engineering,Agriculture & Forestry,History, Philosophy & Theology,Geology, Environmental, Earth & Marine Sciences,Geography,Mechanical & Aerospace Engineering,Economics & Econometrics,Computer Science,Psychology,Business & Management,Architecture,Civil Engineering,Chemical Engineering,Communication & Media Studies,Physics & Astronomy,Languages, Literature & Linguistics",False,False,False,https://www.timeshighereducation.com/student/register-interest/shorelight?utm_medium=thewebsite&utm_campaign=cta-link&utm_source=rankings&iid=i-55860137
25,University of Washington,76.5,25,70.8,27,74.0,34,98.2,14,31.8,270,36.9,264,public,0,/world-university-rankings/university-washington,489,United States,,,,,University of Washington,"Languages, Literature & Linguistics,Civil Engineering,Geography,Electrical & Electronic Engineering,Mathematics & Statistics,General Engineering,Chemical Engineering,Accounting & Finance,Architecture,Physics & Astronomy,Computer Science,Chemistry,Psychology,History, Philosophy & Theology,Art, Performing Arts & Design,Law,Other Health,Geology, Environmental, Earth & Marine Sciences,Business & Management,Agriculture & Forestry,Communication & Media Studies,Archaeology,Biological Sciences,Sociology,Mechanical & Aerospace Engineering,Sport Science,Education,Medicine & Dentistry,Politics & International Studies (incl Development Studies),Economics & Econometrics",False,False,False,https://www.timeshighereducation.com/student/register-interest/shorelight?utm_medium=thewebsite&utm_campaign=cta-link&utm_source=rankings&iid=i-79008396
26,Northwestern University,76.2,26,66.3,37,75.5,31,98.6,11,56.6,94,35.3,272,private,0,/world-university-rankings/northwestern-university,490,United States,,,,,Northwestern University,"Education,Computer Science,Biological Sciences,Psychology,Archaeology,Physics & Astronomy,History, Philosophy & Theology,Art, Performing Arts & Design,Business & Management,Economics & Econometrics,Mechanical & Aerospace Engineering,Languages, Literature & Linguistics,Communication & Media Studies,Medicine & Dentistry,Accounting & Finance,Chemistry,Chemical Engineering,Mathematics & Statistics,Geography,Sociology,Civil Engineering,Other Health,Electrical & Electronic Engineering,Sport Science,Law,Politics & International Studies (incl Development Studies),General Engineering,Architecture,Geology, Environmental, Earth & Marine Sciences",False,False,False,https://www.timeshighereducation.com/student/register-interest/shorelight?utm_medium=thewebsite&utm_campaign=cta-link&utm_source=rankings&iid=i-44947751
27,University of Wisconsin-Madison,75.8,27,74.3,23,77.3,29,90.6,47,55.3,98,23.8,352,public,0,/world-university-rankings/university-wisconsin-madison,491,United States,,,,,University of Wisconsin-Madison,"Politics & International Studies (incl Development Studies),Agriculture & Forestry,Electrical & Electronic Engineering,Other Health,Business & Management,Computer Science,Communication & Media Studies,Education,Mathematics & Statistics,Languages, Literature & Linguistics,Physics & Astronomy,Law,Architecture,Geography,Sport Science,Medicine & Dentistry,Art, Performing Arts & Design,Sociology,Accounting & Finance,Chemical Engineering,Chemistry,Veterinary Science,History, Philosophy & Theology,Mechanical & Aerospace Engineering,Geology, Environmental, Earth & Marine Sciences,General Engineering,Economics & Econometrics,Civil Engineering,Biological Sciences,Psychology",False,False,False,https://www.timeshighereducation.com/student/register-interest/shorelight?utm_medium=thewebsite&utm_campaign=cta-link&utm_source=rankings&iid=i-96030823
28,McGill University,75.5,28,72.8,26,78.4,27,77.1,101,35.1,222,81.4,54,master_account,11,/world-university-rankings/mcgill-university,492,Canada,,,,,McGill University,"Civil Engineering,Languages, Literature & Linguistics,Politics & International Studies (incl Development Studies),Architecture,Agriculture & Forestry,Sociology,Computer Science,Physics & Astronomy,Business & Management,Mechanical & Aerospace Engineering,Geology, Environmental, Earth & Marine Sciences,Accounting & Finance,Sport Science,Other Health,Psychology,General Engineering,Chemistry,Economics & Econometrics,History, Philosophy & Theology,Chemical Engineering,Geography,Biological Sciences,Archaeology,Law,Medicine & Dentistry,Mathematics & Statistics,Education,Art, Performing Arts & Design,Electrical & Electronic Engineering,Communication & Media Studies",False,False,False,https://www.timeshighereducation.com/student/register-interest/applyboard?utm_medium=thewebsite&utm_campaign=cta-link&utm_source=rankings&iid=i-09910272
29,University of Texas at Austin,74.9,29,69.5,30,76.1,30,89.6,53,57.7,93,38.8,252,public,0,/world-university-rankings/university-texas-austin,493,United States,,,,,University of Texas at Austin,"Medicine & Dentistry,Geography,General Engineering,Economics & Econometrics,History, Philosophy & Theology,Biological Sciences,Other Health,Politics & International Studies (incl Development Studies),Education,Law,Sport Science,Chemistry,Computer Science,Accounting & Finance,Geology, Environmental, Earth & Marine Sciences,Chemical Engineering,Art, Performing Arts & Design,Communication & Media Studies,Civil Engineering,Architecture,Mathematics & Statistics,Mechanical & Aerospace Engineering,Languages, Literature & Linguistics,Sociology,Electrical & Electronic Engineering,Psychology,Physics & Astronomy,Business & Management",False,False,False,https://www.timeshighereducation.com/student/register-interest/shorelight?utm_medium=thewebsite&utm_campaign=cta-link&utm_source=rankings&iid=i-33268802
30,The University of Tokyo,74.3,30,86.1,13,80.3,22,69.1,134,76.6,52,23.0,360,master_account,0,/world-university-rankings/university-tokyo,494,Japan,,,,,The University of Tokyo,"Art, Performing Arts & Design,General Engineering,Mathematics & Statistics,Psychology,Computer Science,Biological Sciences,Geography,Electrical & Electronic Engineering,Communication & Media Studies,Economics & Econometrics,Medicine & Dentistry,Veterinary Science,Law,Languages, Literature & Linguistics,Chemical Engineering,Politics & International Studies (incl Development Studies),History, Philosophy & Theology,Geology, Environmental, Earth & Marine Sciences,Business & Management,Other Health,Chemistry,Architecture,Civil Engineering,Sport Science,Education,Mechanical & Aerospace Engineering,Physics & Astronomy,Accounting & Finance,Archaeology,Agriculture & Forestry,Sociology",False,False,False,
31,University of Illinois at Urbana-Champaign,74.2,31,67.9,33,81.3,21,81.5,82,-,393,50.7,195,public,0,/world-university-rankings/university-illinois-urbana-champaign,495,United States,,,,,University of Illinois at Urbana-Champaign,"Languages, Literature & Linguistics,General Engineering,Business & Management,Mechanical & Aerospace Engineering,Mathematics & Statistics,Education,Other Health,Chemical Engineering,Psychology,Electrical & Electronic Engineering,Chemistry,Communication & Media Studies,History, Philosophy & Theology,Veterinary Science,Geography,Archaeology,Physics & Astronomy,Law,Architecture,Biological Sciences,Sociology,Computer Science,Agriculture & Forestry,Politics & International Studies (incl Development Studies),Art, Performing Arts & Design,Civil Engineering,Accounting & Finance,Medicine & Dentistry,Sport Science,Geology, Environmental, Earth & Marine Sciences,Economics & Econometrics",False,False,False,https://www.timeshighereducation.com/student/register-interest/shorelight?utm_medium=thewebsite&utm_campaign=cta-link&utm_source=rankings&iid=i-24020534
32,Karolinska Institute,73.1,32,69.9,29,73.8,36,73.1,117,78.5,49,82.0,50,master_account,0,/world-university-rankings/karolinska-institute,496,Sweden,,,,,Karolinska Institute,"Education,Business & Management,Psychology,Chemical Engineering,Sociology,Medicine & Dentistry,Biological Sciences,Languages, Literature & Linguistics,Geology, Environmental, Earth & Marine Sciences,Other Health,Mathematics & Statistics",False,False,False,
33,"University of California, San Diego",73.0,33,61.4,53,72.0,40,97.8,18,51.8,106,31.5,293,public,0,/world-university-rankings/university-california-san-diego,497,United States,,,,,"University of California, San Diego","Physics & Astronomy,Accounting & Finance,Electrical & Electronic Engineering,Medicine & Dentistry,Art, Performing Arts & Design,Education,Communication & Media Studies,General Engineering,Mechanical & Aerospace Engineering,Computer Science,Psychology,Geology, Environmental, Earth & Marine Sciences,Business & Management,Chemical Engineering,Languages, Literature & Linguistics,Chemistry,Other Health,Biological Sciences,History, Philosophy & Theology,Politics & International Studies (incl Development Studies),Civil Engineering,Sociology,Economics & Econometrics,Mathematics & Statistics",False,False,False,https://www.timeshighereducation.com/student/register-interest/shorelight?utm_medium=thewebsite&utm_campaign=cta-link&utm_source=rankings&iid=i-62118223
34,University of Hong Kong,72.3,34,74.0,25,80.1,23,60.5,173,64.1,73,83.7,43,master_account,11,/world-university-rankings/university-hong-kong,498,Hong Kong,,,,,University of Hong Kong,"Physics & Astronomy,Education,Mathematics & Statistics,Languages, Literature & Linguistics,Business & Management,Biological Sciences,Accounting & Finance,Civil Engineering,Communication & Media Studies,Law,History, Philosophy & Theology,Electrical & Electronic Engineering,Mechanical & Aerospace Engineering,Other Health,Geology, Environmental, Earth & Marine Sciences,Psychology,Chemistry,Politics & International Studies (incl Development Studies),Computer Science,General Engineering,Economics & Econometrics,Art, Performing Arts & Design,Sociology,Geography,Agriculture & Forestry,Medicine & Dentistry,Architecture",False,False,False,
35,"University of California, Santa Barbara",72.1,35,55.0,67,65.3,47,99.9,5,85.0,39,52.6,187,public,0,/world-university-rankings/university-california-santa-barbara,499,United States,,,,,"University of California, Santa Barbara","Communication & Media Studies,Electrical & Electronic Engineering,Geology, Environmental, Earth & Marine Sciences,Biological Sciences,Education,Computer Science,Art, Performing Arts & Design,Politics & International Studies (incl Development Studies),Agriculture & Forestry,Sociology,Archaeology,History, Philosophy & Theology,Chemistry,Mechanical & Aerospace Engineering,Physics & Astronomy,Economics & Econometrics,Chemical Engineering,Accounting & Finance,Architecture,Languages, Literature & Linguistics,Mathematics & Statistics,Psychology,Veterinary Science,Geography",False,False,False,https://www.timeshighereducation.com/student/register-interest/shorelight?utm_medium=thewebsite&utm_campaign=cta-link&utm_source=rankings&iid=i-69587594
36,University of Edinburgh,72.0,36,63.0,46,61.4,52,92.3,41,41.3,159,79.8,60,master_account,0,/world-university-rankings/university-edinburgh,500,United Kingdom,,,,,University of Edinburgh,"History, Philosophy & Theology,Civil Engineering,Politics & International Studies (incl Development Studies),Computer Science,Psychology,Archaeology,Art, Performing Arts & Design,Biological Sciences,Business & Management,Medicine & Dentistry,Economics & Econometrics,Mathematics & Statistics,Geology, Environmental, Earth & Marine Sciences,Communication & Media Studies,General Engineering,Law,Chemistry,Architecture,Agriculture & Forestry,Languages, Literature & Linguistics,Physics & Astronomy,Electrical & Electronic Engineering,Mechanical & Aerospace Engineering,Sociology,Chemical Engineering,Accounting & Finance,Education,Other Health,Veterinary Science,Sport Science,Geography",False,False,False,https://www.timeshighereducation.com/student/register-interest/siuk?utm_medium=thewebsite&utm_campaign=cta-link&utm_source=rankings&iid=i-61465682
37,University of Melbourne,71.9,37,62.2,49,72.4,38,80.7,86,44.4,134,82.5,47,master_account,0,/world-university-rankings/university-melbourne,501,Australia,,,,,University of Melbourne UniMelb Australia,"Communication & Media Studies,Medicine & Dentistry,Computer Science,Economics & Econometrics,Civil Engineering,Physics & Astronomy,History, Philosophy & Theology,Architecture,Chemical Engineering,Accounting & Finance,Sociology,Politics & International Studies (incl Development Studies),Art, Performing Arts & Design,Biological Sciences,Agriculture & Forestry,Archaeology,Mathematics & Statistics,Mechanical & Aerospace Engineering,Geology, Environmental, Earth & Marine Sciences,Other Health,Veterinary Science,Geography,Languages, Literature & Linguistics,Law,Education,Sport Science,Electrical & Electronic Engineering,Chemistry,Psychology,General Engineering,Business & Management",False,False,False,https://www.timeshighereducation.com/student/register-interest/aecc?utm_medium=thewebsite&utm_campaign=cta-link&utm_source=rankings&iid=i-84190491
38,Australian National University,71.2,38,62.8,47,75.1,33,72.6,119,41.7,155,93.8,5,master_account,11,/world-university-rankings/australian-national-university,502,Australia,,,,,Australian National University anu,"Art, Performing Arts & Design,Electrical & Electronic Engineering,Politics & International Studies (incl Development Studies),Chemistry,Accounting & Finance,General Engineering,History, Philosophy & Theology,Civil Engineering,Psychology,Mechanical & Aerospace Engineering,Sociology,Mathematics & Statistics,Archaeology,Agriculture & Forestry,Geology, Environmental, Earth & Marine Sciences,Biological Sciences,Economics & Econometrics,Computer Science,Business & Management,Communication & Media Studies,Medicine & Dentistry,Geography,Other Health,Physics & Astronomy,Languages, Literature & Linguistics,Law",False,False,False,https://www.timeshighereducation.com/student/register-interest/aecc?utm_medium=thewebsite&utm_campaign=cta-link&utm_source=rankings&iid=i-78601931
38,"University of California, Davis",71.2,39,68.0,32,68.7,42,83.4,79,52.5,105,51.4,193,public,0,/world-university-rankings/university-california-davis,503,United States,,,,,"University of California, Davis","Education,Chemistry,Civil Engineering,Veterinary Science,Economics & Econometrics,Business & Management,History, Philosophy & Theology,Medicine & Dentistry,Chemical Engineering,Biological Sciences,Architecture,Agriculture & Forestry,Accounting & Finance,Mechanical & Aerospace Engineering,Geology, Environmental, Earth & Marine Sciences,Languages, Literature & Linguistics,Sociology,Art, Performing Arts & Design,Politics & International Studies (incl Development Studies),Sport Science,Mathematics & Statistics,Archaeology,Psychology,Other Health,Communication & Media Studies,Physics & Astronomy,Geography,Law,Computer Science,General Engineering,Electrical & Electronic Engineering",False,False,False,https://www.timeshighereducation.com/student/register-interest/shorelight?utm_medium=thewebsite&utm_campaign=cta-link&utm_source=rankings&iid=i-62049829
40,National University of Singapore,70.9,40,65.7,41,79.0,25,63.4,159,60.7,87,93.0,8,master_account,11,/world-university-rankings/national-university-singapore,504,Singapore,,,,,National University of Singapore nus,"Computer Science,Chemistry,Economics & Econometrics,General Engineering,Geology, Environmental, Earth & Marine Sciences,Architecture,Chemical Engineering,Geography,Medicine & Dentistry,Mathematics & Statistics,Psychology,Electrical & Electronic Engineering,Communication & Media Studies,Art, Performing Arts & Design,Mechanical & Aerospace Engineering,Politics & International Studies (incl Development Studies),History, Philosophy & Theology,Biological Sciences,Law,Other Health,Physics & Astronomy,Accounting & Finance,Languages, Literature & Linguistics,Civil Engineering,Sociology,Archaeology,Agriculture & Forestry,Business & Management",False,False,False,
41,Washington University in St Louis,70.5,41,64.0,44,58.9,59,96.1,27,-,400,45.7,225,private,0,/world-university-rankings/washington-university-st-louis,505,United States,,,,,Washington University in St Louis,"Mechanical & Aerospace Engineering,Biological Sciences,Sociology,Art, Performing Arts & Design,Computer Science,Chemical Engineering,Electrical & Electronic Engineering,Law,Medicine & Dentistry,General Engineering,Accounting & Finance,Mathematics & Statistics,Economics & Econometrics,Education,Architecture,Politics & International Studies (incl Development Studies),Psychology,Geology, Environmental, Earth & Marine Sciences,Other Health,Business & Management,History, Philosophy & Theology,Chemistry,Languages, Literature & Linguistics,Archaeology,Physics & Astronomy,Communication & Media Studies",False,False,False,
42,University of Minnesota,70.0,42,66.1,38,72.5,37,85.4,70,-,397,25.6,339,public,0,/world-university-rankings/university-minnesota,506,United States,,,,,University of Minnesota,"Geography,Computer Science,Veterinary Science,Architecture,Agriculture & Forestry,Economics & Econometrics,General Engineering,Mathematics & Statistics,Psychology,Languages, Literature & Linguistics,Mechanical & Aerospace Engineering,Geology, Environmental, Earth & Marine Sciences,History, Philosophy & Theology,Chemical Engineering,Politics & International Studies (incl Development Studies),Physics & Astronomy,Business & Management,Art, Performing Arts & Design,Civil Engineering,Communication & Media Studies,Sociology,Electrical & Electronic Engineering,Chemistry,Accounting & Finance,Medicine & Dentistry,Biological Sciences,Law,Other Health,Sport Science,Education",False,False,False,https://www.timeshighereducation.com/student/register-interest/shorelight?utm_medium=thewebsite&utm_campaign=cta-link&utm_source=rankings&iid=i-25162572
43,University of North Carolina at Chapel Hill,69.3,43,67.6,34,62.6,51,92.6,38,35.5,217,20.2,377,public,0,/world-university-rankings/university-north-carolina-chapel-hill,507,United States,,,,,University of North Carolina at Chapel Hill,"Business & Management,Politics & International Studies (incl Development Studies),History, Philosophy & Theology,Other Health,Law,Agriculture & Forestry,Biological Sciences,Computer Science,Physics & Astronomy,Geography,Archaeology,Communication & Media Studies,Education,Accounting & Finance,Languages, Literature & Linguistics,Geology, Environmental, Earth & Marine Sciences,Medicine & Dentistry,Sport Science,Chemistry,Mathematics & Statistics,Art, Performing Arts & Design,Economics & Econometrics,Psychology,Sociology,General Engineering",False,False,False,https://www.timeshighereducation.com/student/register-interest/shorelight?utm_medium=thewebsite&utm_campaign=cta-link&utm_source=rankings&iid=i-95855921
44,New York University,69.0,44,60.2,55,65.4,46,92.3,39,30.9,282,38.1,256,private,0,/world-university-rankings/new-york-university,508,United States,,,,,New York University,"Psychology,Politics & International Studies (incl Development Studies),Medicine & Dentistry,Education,Law,Civil Engineering,Geology, Environmental, Earth & Marine Sciences,Archaeology,Architecture,History, Philosophy & Theology,Electrical & Electronic Engineering,Computer Science,Biological Sciences,Economics & Econometrics,Chemical Engineering,Communication & Media Studies,Art, Performing Arts & Design,Chemistry,General Engineering,Business & Management,Mathematics & Statistics,Other Health,Languages, Literature & Linguistics,Accounting & Finance,Sociology,Physics & Astronomy,Mechanical & Aerospace Engineering",False,False,False,https://www.timeshighereducation.com/student/register-interest/shorelight?utm_medium=thewebsite&utm_campaign=cta-link&utm_source=rankings&iid=i-53177321
45,LMU Munich,67.6,45,63.8,45,59.9,56,84.6,73,40.7,166,54.3,179,master_account,6,/world-university-rankings/lmu-munich,509,Germany,,,,,LMU Munich Ludwig-Maximilians-Universität München,"Biological Sciences,Art, Performing Arts & Design,Psychology,Communication & Media Studies,Languages, Literature & Linguistics,Politics & International Studies (incl Development Studies),Chemistry,Computer Science,Other Health,Law,Sociology,Education,Business & Management,Medicine & Dentistry,Mathematics & Statistics,Veterinary Science,History, Philosophy & Theology,Geography,Physics & Astronomy,Economics & Econometrics,Archaeology,Geology, Environmental, Earth & Marine Sciences",False,False,False,
46,École Polytechnique Fédérale de Lausanne,66.3,46,53.1,75,43.9,109,95.3,29,46.7,125,98.9,1,master_account,0,/world-university-rankings/ecole-polytechnique-federale-de-lausanne,510,Switzerland,,,,,École Polytechnique Fédérale de Lausanne,"Sport Science,Biological Sciences,Chemistry,Electrical & Electronic Engineering,Accounting & Finance,Civil Engineering,Computer Science,Geology, Environmental, Earth & Marine Sciences,Chemical Engineering,Architecture,Mathematics & Statistics,General Engineering,Physics & Astronomy,Mechanical & Aerospace Engineering,Business & Management",False,False,False,
47,London School of Economics and Political Science,66.0,47,66.4,36,75.4,32,50.6,233,41.1,161,96.0,4,master_account,0,/world-university-rankings/london-school-economics-and-political-science,511,United Kingdom,,,,,London School of Economics and Political Science,"Mathematics & Statistics,Accounting & Finance,Geography,Law,Sociology,Politics & International Studies (incl Development Studies),Communication & Media Studies,Psychology,Languages, Literature & Linguistics,Business & Management,Economics & Econometrics,Geology, Environmental, Earth & Marine Sciences,History, Philosophy & Theology",False,False,False,https://www.timeshighereducation.com/student/register-interest/siuk?utm_medium=thewebsite&utm_campaign=cta-link&utm_source=rankings&iid=i-89868061
48,University of Manchester,65.7,48,59.0,57,61.1,53,75.6,104,37.7,189,80.4,58,master_account,11,/world-university-rankings/university-manchester,512,United Kingdom,,,,,University of Manchester,"Geology, Environmental, Earth & Marine Sciences,Architecture,Geography,Economics & Econometrics,Education,Chemical Engineering,Archaeology,Languages, Literature & Linguistics,Politics & International Studies (incl Development Studies),Electrical & Electronic Engineering,Biological Sciences,Art, Performing Arts & Design,Medicine & Dentistry,Communication & Media Studies,Civil Engineering,Sociology,Accounting & Finance,Chemistry,General Engineering,Psychology,Mathematics & Statistics,Computer Science,Mechanical & Aerospace Engineering,History, Philosophy & Theology,Law,Other Health,Business & Management,Physics & Astronomy",False,False,False,https://www.timeshighereducation.com/student/register-interest/siuk?utm_medium=thewebsite&utm_campaign=cta-link&utm_source=rankings&iid=i-29944014
49,Brown University,65.6,49,59.8,56,53.6,77,93.9,34,34.9,226,33.4,282,private,0,/world-university-rankings/brown-university,513,United States,,,,,Brown University,"Geology, Environmental, Earth & Marine Sciences,History, Philosophy & Theology,Electrical & Electronic Engineering,Sociology,Medicine & Dentistry,Business & Management,Mechanical & Aerospace Engineering,Communication & Media Studies,Psychology,Art, Performing Arts & Design,General Engineering,Education,Archaeology,Politics & International Studies (incl Development Studies),Mathematics & Statistics,Architecture,Computer Science,Biological Sciences,Chemistry,Physics & Astronomy,Other Health,Chemical Engineering,Economics & Econometrics,Languages, Literature & Linguistics",False,False,False,https://www.timeshighereducation.com/student/register-interest/shorelight?utm_medium=thewebsite&utm_campaign=cta-link&utm_source=rankings&iid=i-47263781
49,Peking University,65.6,50,82.3,16,64.1,50,51.0,229,99.9,13,51.7,190,master_account,0,/world-university-rankings/peking-university,514,China,,,,,Peking University,"Chemistry,Mechanical & Aerospace Engineering,History, Philosophy & Theology,Law,Accounting & Finance,Art, Performing Arts & Design,Economics & Econometrics,Mathematics & Statistics,Psychology,Computer Science,Geography,Business & Management,Geology, Environmental, Earth & Marine Sciences,Politics & International Studies (incl Development Studies),Physics & Astronomy,General Engineering,Other Health,Archaeology,Sociology,Electrical & Electronic Engineering,Biological Sciences,Education,Medicine & Dentistry,Communication & Media Studies,Languages, Literature & Linguistics",False,False,False,
51,Penn State (Main campus),64.9,51,53.5,73,66.7,43,83.4,78,61.6,84,29.5,309,public,0,/world-university-rankings/penn-state-main-campus,515,United States,,,,,Penn State (Main campus),"Business & Management,Geology, Environmental, Earth & Marine Sciences,Mechanical & Aerospace Engineering,Mathematics & Statistics,General Engineering,Law,Medicine & Dentistry,Architecture,Veterinary Science,Politics & International Studies (incl Development Studies),Civil Engineering,Archaeology,Chemistry,Chemical Engineering,Education,Computer Science,Languages, Literature & Linguistics,Psychology,Accounting & Finance,Communication & Media Studies,Other Health,Sport Science,Art, Performing Arts & Design,Physics & Astronomy,History, Philosophy & Theology,Electrical & Electronic Engineering,Sociology,Economics & Econometrics,Biological Sciences,Geography,Agriculture & Forestry",False,False,False,https://www.timeshighereducation.com/student/register-interest/shorelight?utm_medium=thewebsite&utm_campaign=cta-link&utm_source=rankings&iid=i-63396649
52,Kyoto University,64.8,52,76.4,21,72.0,39,56.3,195,71.7,60,21.1,369,master_account,0,/world-university-rankings/kyoto-university,516,Japan,,,,,Kyoto University,"Architecture,Geography,Biological Sciences,Psychology,Mechanical & Aerospace Engineering,Law,Communication & Media Studies,Archaeology,Education,Electrical & Electronic Engineering,Sociology,Business & Management,Civil Engineering,Agriculture & Forestry,Economics & Econometrics,Physics & Astronomy,Chemistry,Computer Science,Medicine & Dentistry,Mathematics & Statistics,History, Philosophy & Theology,Chemical Engineering,Languages, Literature & Linguistics,Politics & International Studies (incl Development Studies),General Engineering,Accounting & Finance,Art, Performing Arts & Design,Geology, Environmental, Earth & Marine Sciences,Other Health,Sport Science",False,False,False,
53,Pohang University of Science and Technology (POSTECH),64.6,53,56.4,63,51.9,82,92.3,40,100.0,8,25.0,345,master_account,0,/world-university-rankings/pohang-university-science-and-technology-postech,517,South Korea,,,,,Pohang University of Science and Technology (POSTECH) postech,"General Engineering,Chemical Engineering,Chemistry,Business & Management,Electrical & Electronic Engineering,Computer Science,Mathematics & Statistics,Geology, Environmental, Earth & Marine Sciences,Other Health,Biological Sciences,Physics & Astronomy,Mechanical & Aerospace Engineering",False,False,False,
54,Boston University,64.2,54,60.7,54,46.2,101,95.6,28,27.6,325,37.2,262,private,0,/world-university-rankings/boston-university,518,United States,,,,,Boston University,"Other Health,Politics & International Studies (incl Development Studies),Sociology,Mechanical & Aerospace Engineering,Education,Languages, Literature & Linguistics,Geography,Psychology,General Engineering,Geology, Environmental, Earth & Marine Sciences,Accounting & Finance,Chemistry,Computer Science,Art, Performing Arts & Design,Mathematics & Statistics,Biological Sciences,Medicine & Dentistry,History, Philosophy & Theology,Physics & Astronomy,Architecture,Electrical & Electronic Engineering,Business & Management,Economics & Econometrics,Archaeology,Communication & Media Studies,Law",False,False,False,https://www.timeshighereducation.com/student/register-interest/shorelight?utm_medium=thewebsite&utm_campaign=cta-link&utm_source=rankings&iid=i-74571941
55,University of Southern California,64.0,55,65.8,39,48.7,92,80.2,89,99.3,18,41.1,245,private,0,/world-university-rankings/university-southern-california,519,United States,,,,,University of Southern California,"General Engineering,Education,Physics & Astronomy,Biological Sciences,Art, Performing Arts & Design,Agriculture & Forestry,Chemical Engineering,Politics & International Studies (incl Development Studies),Computer Science,Chemistry,Psychology,Medicine & Dentistry,Economics & Econometrics,Architecture,Electrical & Electronic Engineering,Sociology,History, Philosophy & Theology,Mechanical & Aerospace Engineering,Communication & Media Studies,Languages, Literature & Linguistics,Civil Engineering,Geology, Environmental, Earth & Marine Sciences,Business & Management,Archaeology,Sport Science,Accounting & Finance,Other Health,Mathematics & Statistics,Law,Geography",False,False,False,https://www.timeshighereducation.com/student/register-interest/shorelight?utm_medium=thewebsite&utm_campaign=cta-link&utm_source=rankings&iid=i-74975443
56,King’s College London,63.2,56,49.8,88,54.2,74,80.9,84,40.8,163,90.0,17,master_account,0,/world-university-rankings/kings-college-london,520,United Kingdom,,,,,King’s College London,"Sport Science,History, Philosophy & Theology,Education,Sociology,Business & Management,Biological Sciences,Chemistry,Mechanical & Aerospace Engineering,Economics & Econometrics,Law,Medicine & Dentistry,Art, Performing Arts & Design,Geology, Environmental, Earth & Marine Sciences,Other Health,Communication & Media Studies,Geography,Physics & Astronomy,Languages, Literature & Linguistics,Computer Science,Psychology,Accounting & Finance,General Engineering,Politics & International Studies (incl Development Studies),Archaeology,Mathematics & Statistics,Electrical & Electronic Engineering",False,False,False,
57,Ohio State University (Main campus),63.0,57,61.8,50,56.2,67,77.5,98,49.9,110,42.2,237,public,0,/world-university-rankings/ohio-state-university-main-campus,521,United States,,,,,Ohio State University (Main campus),"Electrical & Electronic Engineering,Veterinary Science,Communication & Media Studies,Civil Engineering,Computer Science,Archaeology,Education,Accounting & Finance,Geology, Environmental, Earth & Marine Sciences,Medicine & Dentistry,Economics & Econometrics,Geography,Sociology,Biological Sciences,Sport Science,Architecture,Art, Performing Arts & Design,Mathematics & Statistics,Business & Management,Other Health,Politics & International Studies (incl Development Studies),Chemical Engineering,Physics & Astronomy,Psychology,Law,Mechanical & Aerospace Engineering,Chemistry,Languages, Literature & Linguistics,Agriculture & Forestry,History, Philosophy & Theology,General Engineering",False,False,False,https://www.timeshighereducation.com/student/register-interest/shorelight?utm_medium=thewebsite&utm_campaign=cta-link&utm_source=rankings&iid=i-88908463
58,The University of Sydney,62.4,58,55.4,66,65.7,45,57.2,189,92.1,33,88.1,29,master_account,1,/world-university-rankings/university-sydney,522,Australia,,,,,The University of Sydney UniSyd,"Electrical & Electronic Engineering,Law,General Engineering,Business & Management,Accounting & Finance,Mathematics & Statistics,Veterinary Science,Other Health,Communication & Media Studies,Psychology,Biological Sciences,Chemical Engineering,Medicine & Dentistry,Politics & International Studies (incl Development Studies),Architecture,Mechanical & Aerospace Engineering,Physics & Astronomy,Computer Science,Education,Geology, Environmental, Earth & Marine Sciences,Sport Science,History, Philosophy & Theology,Economics & Econometrics,Archaeology,Chemistry,Art, Performing Arts & Design,Civil Engineering,Geography,Agriculture & Forestry,Sociology,Languages, Literature & Linguistics",False,False,False,
59,École Normale Supérieure,62.0,59,56.6,61,33.5,181,96.4,25,44.7,130,66.2,121,master_account,0,/world-university-rankings/ecole-normale-superieure,523,France,,,,,École Normale Supérieure,"Art, Performing Arts & Design,Biological Sciences,Chemical Engineering,Chemistry,Computer Science,Economics & Econometrics,Geography,Geology, Environmental, Earth & Marine Sciences,History, Philosophy & Theology,Languages, Literature & Linguistics,Law,Mathematics & Statistics,Mechanical & Aerospace Engineering,Sociology",False,False,False,
59,University of Pittsburgh-Pittsburgh campus,62.0,60,54.3,69,53.9,76,88.7,57,37.5,194,26.5,330,public,0,/world-university-rankings/university-pittsburgh-pittsburgh-campus,524,United States,,,,,University of Pittsburgh-Pittsburgh campus,"Electrical & Electronic Engineering,Politics & International Studies (incl Development Studies),Mechanical & Aerospace Engineering,Geography,Medicine & Dentistry,Sport Science,Law,Architecture,Languages, Literature & Linguistics,Mathematics & Statistics,Accounting & Finance,Chemical Engineering,History, Philosophy & Theology,Civil Engineering,Chemistry,Computer Science,Communication & Media Studies,Biological Sciences,Psychology,Economics & Econometrics,Sociology,Business & Management,Art, Performing Arts & Design,Physics & Astronomy,Other Health,General Engineering,Geology, Environmental, Earth & Marine Sciences,Education",False,False,False,https://www.timeshighereducation.com/student/register-interest/shorelight?utm_medium=thewebsite&utm_campaign=cta-link&utm_source=rankings&iid=i-73524078
61,University of Zurich,61.9,61,56.7,60,45.9,103,78.4,94,43.5,136,87.4,30,master_account,0,/world-university-rankings/university-zurich,525,Switzerland,,,,,University of Zurich,"Veterinary Science,Accounting & Finance,Languages, Literature & Linguistics,Art, Performing Arts & Design,Psychology,Law,Mathematics & Statistics,Physics & Astronomy,Business & Management,Medicine & Dentistry,Geology, Environmental, Earth & Marine Sciences,Other Health,Computer Science,History, Philosophy & Theology,Geography,Education,Politics & International Studies (incl Development Studies),Communication & Media Studies,Sociology,Agriculture & Forestry,Biological Sciences,Economics & Econometrics,Archaeology,Chemistry",False,False,False,
62,The Hong Kong University of Science and Technology,61.7,62,51.0,83,58.6,60,71.0,126,59.0,91,80.1,59,master_account,11,/world-university-rankings/hong-kong-university-science-and-technology,526,Hong Kong,,,,,The Hong Kong University of Science and Technology hkust,"Other Health,Physics & Astronomy,Chemical Engineering,Business & Management,Geology, Environmental, Earth & Marine Sciences,Chemistry,General Engineering,Sociology,Computer Science,Politics & International Studies (incl Development Studies),Mathematics & Statistics,Biological Sciences,Economics & Econometrics,Electrical & Electronic Engineering,Mechanical & Aerospace Engineering,Civil Engineering,Accounting & Finance",False,False,False,
63,École Polytechnique – Institut Polytechnique de Paris,61.5,63,50.4,85,38.8,140,89.1,54,63.0,76,86.1,35,master_account,0,/world-university-rankings/ecole-polytechnique-institut-polytechnique-de-paris,527,France,,,,,École Polytechnique – Institut Polytechnique de Paris,"Physics & Astronomy,General Engineering,Education,Computer Science,Geology, Environmental, Earth & Marine Sciences,Languages, Literature & Linguistics,Mathematics & Statistics,History, Philosophy & Theology,Chemistry,Civil Engineering,Mechanical & Aerospace Engineering,Economics & Econometrics,Electrical & Electronic Engineering,Business & Management,Biological Sciences,Chemical Engineering",False,False,False,
64,University of Massachusetts,61.1,64,54.0,71,58.3,63,80.1,90,53.2,102,27.3,320,master_account,0,/world-university-rankings/university-massachusetts,528,United States,,,,,University of Massachusetts,"Law,Business & Management,Politics & International Studies (incl Development Studies),Art, Performing Arts & Design,Computer Science,Medicine & Dentistry,Electrical & Electronic Engineering,Languages, Literature & Linguistics,Geography,Architecture,Economics & Econometrics,Chemistry,Geology, Environmental, Earth & Marine Sciences,Mechanical & Aerospace Engineering,Sport Science,History, Philosophy & Theology,Civil Engineering,Other Health,Sociology,Communication & Media Studies,Veterinary Science,Accounting & Finance,Mathematics & Statistics,Physics & Astronomy,General Engineering,Psychology,Archaeology,Biological Sciences,Agriculture & Forestry,Education,Chemical Engineering",False,False,False,https://www.timeshighereducation.com/student/register-interest/shorelight?utm_medium=thewebsite&utm_campaign=cta-link&utm_source=rankings&iid=i-88328014
65,McMaster University,61.0,65,41.9,134,49.9,87,85.5,69,97.5,23,72.0,92,master_account,11,/world-university-rankings/mcmaster-university,529,Canada,,,,,McMaster University,"Medicine & Dentistry,Biological Sciences,History, Philosophy & Theology,Politics & International Studies (incl Development Studies),Civil Engineering,Archaeology,Chemical Engineering,Sociology,Chemistry,Accounting & Finance,Languages, Literature & Linguistics,Mechanical & Aerospace Engineering,General Engineering,Geology, Environmental, Earth & Marine Sciences,Economics & Econometrics,Art, Performing Arts & Design,Electrical & Electronic Engineering,Communication & Media Studies,Computer Science,Sport Science,Business & Management,Other Health,Mathematics & Statistics,Psychology,Physics & Astronomy,Geography",False,False,False,
66,University of Bristol,60.9,66,44.2,120,47.7,97,89.9,51,34.8,227,73.7,83,master_account,0,/world-university-rankings/university-bristol,530,United Kingdom,,,,,University of Bristol,"Computer Science,Geology, Environmental, Earth & Marine Sciences,Economics & Econometrics,Electrical & Electronic Engineering,Politics & International Studies (incl Development Studies),Other Health,Mathematics & Statistics,Psychology,Art, Performing Arts & Design,Chemistry,Accounting & Finance,Languages, Literature & Linguistics,Mechanical & Aerospace Engineering,Geography,General Engineering,Communication & Media Studies,Medicine & Dentistry,Veterinary Science,Sociology,Archaeology,Civil Engineering,Education,History, Philosophy & Theology,Biological Sciences,Law,Physics & Astronomy,Business & Management",False,False,False,
67,KU Leuven,60.8,67,52.5,77,64.7,49,63.0,160,99.9,12,56.7,165,master_account,11,/world-university-rankings/ku-leuven,531,Belgium,,,,,KU Leuven,"Art, Performing Arts & Design,Chemical Engineering,Electrical & Electronic Engineering,Communication & Media Studies,Medicine & Dentistry,Mathematics & Statistics,Accounting & Finance,General Engineering,Geology, Environmental, Earth & Marine Sciences,Other Health,Physics & Astronomy,Business & Management,Languages, Literature & Linguistics,Mechanical & Aerospace Engineering,Politics & International Studies (incl Development Studies),Architecture,Sport Science,Education,Archaeology,Biological Sciences,Psychology,History, Philosophy & Theology,Agriculture & Forestry,Law,Computer Science,Chemistry,Economics & Econometrics,Civil Engineering,Sociology,Geography",False,False,False,
68,Utrecht University,60.4,68,42.8,127,53.2,78,85.7,67,59.3,90,58.1,158,master_account,0,/world-university-rankings/utrecht-university,532,Netherlands,,,,,Utrecht University utrecht  utrecht university,"Communication & Media Studies,Accounting & Finance,Geology, Environmental, Earth & Marine Sciences,Economics & Econometrics,Computer Science,Law,Biological Sciences,Education,Art, Performing Arts & Design,Physics & Astronomy,Business & Management,Chemistry,Languages, Literature & Linguistics,Other Health,Geography,Psychology,History, Philosophy & Theology,Mathematics & Statistics,Veterinary Science,Politics & International Studies (incl Development Studies),Sociology,Medicine & Dentistry",False,False,False,
69,University of Göttingen,60.3,69,51.4,81,50.9,84,84.1,75,32.7,256,48.0,212,master_account,0,/world-university-rankings/university-gottingen,533,Germany,,,,,University of Göttingen,"Biological Sciences,Geography,Education,Veterinary Science,Law,Art, Performing Arts & Design,Mathematics & Statistics,Accounting & Finance,Languages, Literature & Linguistics,Sport Science,Psychology,Medicine & Dentistry,Chemistry,Business & Management,History, Philosophy & Theology,Agriculture & Forestry,Politics & International Studies (incl Development Studies),Archaeology,Geology, Environmental, Earth & Marine Sciences,Economics & Econometrics,Computer Science,Sociology,Other Health,Communication & Media Studies,Physics & Astronomy",False,False,False,
70,Vanderbilt University,59.6,70,52.1,79,47.6,98,86.8,62,64.4,72,26.8,327,private,0,/world-university-rankings/vanderbilt-university,534,United States,,,,,Vanderbilt University,"Mathematics & Statistics,Business & Management,General Engineering,Art, Performing Arts & Design,Chemical Engineering,Psychology,Accounting & Finance,Computer Science,Communication & Media Studies,Archaeology,Geology, Environmental, Earth & Marine Sciences,Economics & Econometrics,Chemistry,Medicine & Dentistry,Law,Electrical & Electronic Engineering,Civil Engineering,Geography,Other Health,Languages, Literature & Linguistics,Education,Physics & Astronomy,Mechanical & Aerospace Engineering,Sociology,History, Philosophy & Theology,Biological Sciences,Politics & International Studies (incl Development Studies)",False,False,False,https://www.timeshighereducation.com/student/register-interest/shorelight?utm_medium=thewebsite&utm_campaign=cta-link&utm_source=rankings&iid=i-72359222
71,Tsinghua University,59.5,71,74.1,24,70.1,41,37.4,307,99.8,14,33.4,283,master_account,0,/world-university-rankings/tsinghua-university,535,China,,,,,Tsinghua University Qinghua University Tsing hua University Qing hua University,"Art, Performing Arts & Design,Medicine & Dentistry,Sport Science,Economics & Econometrics,Architecture,Mechanical & Aerospace Engineering,Geography,Accounting & Finance,Electrical & Electronic Engineering,Physics & Astronomy,Education,Other Health,Communication & Media Studies,Chemical Engineering,Sociology,Business & Management,General Engineering,Geology, Environmental, Earth & Marine Sciences,Psychology,Languages, Literature & Linguistics,Archaeology,Mathematics & Statistics,Civil Engineering,Politics & International Studies (incl Development Studies),Computer Science,Chemistry,History, Philosophy & Theology,Biological Sciences,Law",False,False,False,
72,Rice University,59.0,72,45.9,107,38.0,144,99.9,4,36.2,208,39.7,250,private,0,/world-university-rankings/rice-university,536,United States,,,,,Rice University,"Physics & Astronomy,Art, Performing Arts & Design,Civil Engineering,Business & Management,Education,Computer Science,Chemistry,Architecture,Economics & Econometrics,General Engineering,History, Philosophy & Theology,Politics & International Studies (incl Development Studies),Mechanical & Aerospace Engineering,Accounting & Finance,Psychology,Sport Science,Languages, Literature & Linguistics,Sociology,Chemical Engineering,Geology, Environmental, Earth & Marine Sciences,Electrical & Electronic Engineering,Mathematics & Statistics,Biological Sciences",False,False,False,https://www.timeshighereducation.com/student/register-interest/shorelight?utm_medium=thewebsite&utm_campaign=cta-link&utm_source=rankings&iid=i-26979505
73,Universität Heidelberg,58.7,73,57.1,59,41.5,120,78.5,92,37.6,190,62.3,144,master_account,11,/world-university-rankings/universitat-heidelberg,537,Germany,,,,,Universität Heidelberg,"Mathematics & Statistics,Economics & Econometrics,Archaeology,Politics & International Studies (incl Development Studies),Art, Performing Arts & Design,Computer Science,Law,Biological Sciences,Psychology,Medicine & Dentistry,Sociology,Languages, Literature & Linguistics,Geology, Environmental, Earth & Marine Sciences,Physics & Astronomy,Other Health,Geography,Sport Science,Education,History, Philosophy & Theology,Chemistry",False,False,False,
74,The University of Queensland,58.6,74,47.5,97,52.3,80,70.2,131,62.6,77,80.8,55,master_account,11,/world-university-rankings/university-queensland,538,Australia,,,,,The University of Queensland UQ UOQ,"Geography,History, Philosophy & Theology,Geology, Environmental, Earth & Marine Sciences,Biological Sciences,Electrical & Electronic Engineering,General Engineering,Law,Agriculture & Forestry,Art, Performing Arts & Design,Archaeology,Other Health,Languages, Literature & Linguistics,Medicine & Dentistry,Sport Science,Education,Communication & Media Studies,Economics & Econometrics,Politics & International Studies (incl Development Studies),Business & Management,Chemical Engineering,Physics & Astronomy,Mechanical & Aerospace Engineering,Veterinary Science,Architecture,Sociology,Accounting & Finance,Chemistry,Civil Engineering,Computer Science,Mathematics & Statistics,Psychology",False,False,False,
75,Emory University,57.4,75,48.4,92,39.8,133,90.9,45,34.4,233,37.3,261,private,0,/world-university-rankings/emory-university,539,United States,,,,,Emory University,"Other Health,Sociology,Medicine & Dentistry,Politics & International Studies (incl Development Studies),General Engineering,Law,Computer Science,Business & Management,Mathematics & Statistics,Accounting & Finance,Biological Sciences,Psychology,Physics & Astronomy,Economics & Econometrics,Art, Performing Arts & Design,Chemistry,History, Philosophy & Theology,Communication & Media Studies,Languages, Literature & Linguistics,Geology, Environmental, Earth & Marine Sciences",False,False,False,https://www.timeshighereducation.com/student/register-interest/shorelight?utm_medium=thewebsite&utm_campaign=cta-link&utm_source=rankings&iid=i-20903556
75,Wageningen University & Research,57.4,76,50.1,86,47.6,99,66.3,147,100.0,11,75.9,75,master_account,11,/world-university-rankings/wageningen-university-research,540,Netherlands,,,,,Wageningen University & Research,"Chemistry,Geology, Environmental, Earth & Marine Sciences,Business & Management,Communication & Media Studies,Other Health,Veterinary Science,Economics & Econometrics,Biological Sciences,Computer Science,Agriculture & Forestry,Chemical Engineering,Politics & International Studies (incl Development Studies),Sociology",False,False,False,
77,University of Colorado Boulder,57.3,78,39.5,150,42.6,116,98.2,13,-,390,30.8,298,public,0,/world-university-rankings/university-colorado-boulder,541,United States,,,,,University of Colorado Boulder,"Electrical & Electronic Engineering,Communication & Media Studies,Accounting & Finance,Physics & Astronomy,Civil Engineering,Chemical Engineering,Business & Management,Law,Mechanical & Aerospace Engineering,Psychology,Mathematics & Statistics,History, Philosophy & Theology,Education,Architecture,Biological Sciences,General Engineering,Economics & Econometrics,Languages, Literature & Linguistics,Chemistry,Computer Science,Geography,Politics & International Studies (incl Development Studies),Art, Performing Arts & Design,Sociology,Geology, Environmental, Earth & Marine Sciences",False,False,False,https://www.timeshighereducation.com/student/register-interest/shorelight?utm_medium=thewebsite&utm_campaign=cta-link&utm_source=rankings&iid=i-73893083
77,Tufts University,57.3,77,45.8,108,37.4,147,94.5,30,35.4,218,41.3,244,private,0,/world-university-rankings/tufts-university,542,United States,,,,,Tufts University,"Languages, Literature & Linguistics,Agriculture & Forestry,Sociology,History, Philosophy & Theology,Chemical Engineering,Law,General Engineering,Civil Engineering,Geology, Environmental, Earth & Marine Sciences,Architecture,Biological Sciences,Business & Management,Other Health,Chemistry,Economics & Econometrics,Archaeology,Veterinary Science,Psychology,Art, Performing Arts & Design,Mechanical & Aerospace Engineering,Physics & Astronomy,Medicine & Dentistry,Mathematics & Statistics,Education,Computer Science,Communication & Media Studies,Electrical & Electronic Engineering,Politics & International Studies (incl Development Studies)",False,False,False,https://www.timeshighereducation.com/student/register-interest/shorelight?utm_medium=thewebsite&utm_campaign=cta-link&utm_source=rankings&iid=i-14091951
79,Leiden University,57.0,79,45.4,111,55.3,69,71.7,124,48.6,118,54.4,178,master_account,6,/world-university-rankings/leiden-university,543,Netherlands,,,,,Leiden University,"Biological Sciences,Psychology,Mathematics & Statistics,Languages, Literature & Linguistics,Chemistry,Computer Science,Education,History, Philosophy & Theology,Geology, Environmental, Earth & Marine Sciences,Art, Performing Arts & Design,Physics & Astronomy,Architecture,Communication & Media Studies,Other Health,Law,Archaeology,Politics & International Studies (incl Development Studies),Medicine & Dentistry,Sociology",False,False,False,
80,Lund University,56.9,80,40.4,144,58.5,61,72.8,118,32.6,258,61.2,148,master_account,0,/world-university-rankings/lund-university,544,Sweden,,,,,Lund University,"Electrical & Electronic Engineering,Communication & Media Studies,Art, Performing Arts & Design,Mechanical & Aerospace Engineering,Politics & International Studies (incl Development Studies),Other Health,Physics & Astronomy,Business & Management,Civil Engineering,Sociology,Languages, Literature & Linguistics,Architecture,Agriculture & Forestry,Law,Archaeology,Biological Sciences,Education,History, Philosophy & Theology,Chemical Engineering,Geography,Computer Science,Chemistry,Accounting & Finance,Psychology,Medicine & Dentistry,Mathematics & Statistics,General Engineering,Geology, Environmental, Earth & Marine Sciences,Economics & Econometrics",False,False,False,
81,University of Rochester,56.8,82,47.0,102,33.5,183,94.5,31,36.4,206,45.7,224,private,0,/world-university-rankings/university-rochester,545,United States,,,,,University of Rochester,"Electrical & Electronic Engineering,Mechanical & Aerospace Engineering,Psychology,Biological Sciences,Medicine & Dentistry,Chemical Engineering,Mathematics & Statistics,Languages, Literature & Linguistics,Education,Politics & International Studies (incl Development Studies),Art, Performing Arts & Design,Geography,General Engineering,Geology, Environmental, Earth & Marine Sciences,Computer Science,Economics & Econometrics,Physics & Astronomy,Accounting & Finance,Veterinary Science,Agriculture & Forestry,Business & Management,Communication & Media Studies,Archaeology,History, Philosophy & Theology,Sociology,Chemistry,Architecture,Other Health",False,False,False,https://www.timeshighereducation.com/student/register-interest/shorelight?utm_medium=thewebsite&utm_campaign=cta-link&utm_source=rankings&iid=i-49369082
81,Rutgers University–New Brunswick,56.8,81,51.6,80,60.0,55,69.0,135,-,386,25.3,341,public,0,/world-university-rankings/rutgers-university-new-brunswick-0,546,United States,,,,,Rutgers University–New Brunswick,"Other Health,Sport Science,Psychology,Agriculture & Forestry,Architecture,Communication & Media Studies,Physics & Astronomy,Medicine & Dentistry,Geography,Civil Engineering,Politics & International Studies (incl Development Studies),Art, Performing Arts & Design,Electrical & Electronic Engineering,Chemistry,Business & Management,General Engineering,Geology, Environmental, Earth & Marine Sciences,Languages, Literature & Linguistics,Education,Computer Science,Chemical Engineering,History, Philosophy & Theology,Biological Sciences,Economics & Econometrics,Mechanical & Aerospace Engineering,Sociology,Archaeology,Accounting & Finance,Mathematics & Statistics",False,False,False,https://www.timeshighereducation.com/student/register-interest/shorelight?utm_medium=thewebsite&utm_campaign=cta-link&utm_source=rankings&iid=i-70313321
83,Durham University,56.4,83,32.5,209,37.9,145,96.2,26,30.5,288,75.8,76,master_account,0,/world-university-rankings/durham-university,547,United Kingdom,,,,,Durham University united kingdom UK  England,"Electrical & Electronic Engineering,General Engineering,Sociology,History, Philosophy & Theology,Communication & Media Studies,Mechanical & Aerospace Engineering,Physics & Astronomy,Other Health,Politics & International Studies (incl Development Studies),Education,Civil Engineering,Computer Science,Geography,Sport Science,Law,Biological Sciences,Art, Performing Arts & Design,Languages, Literature & Linguistics,Mathematics & Statistics,Geology, Environmental, Earth & Marine Sciences,Business & Management,Economics & Econometrics,Accounting & Finance,Chemistry,Archaeology,Psychology",False,False,False,https://www.timeshighereducation.com/student/register-interest/siuk?utm_medium=thewebsite&utm_campaign=cta-link&utm_source=rankings&iid=i-56154151
84,Pierre and Marie Curie University,56.0,84,56.3,64,30.5,201,81.1,83,26.2,346,66.7,120,master_account,0,/world-university-rankings/pierre-and-marie-curie-university,548,France,,,,,Pierre and Marie Curie University,"Biological Sciences,Medicine & Dentistry,Chemical Engineering,Civil Engineering,Mechanical & Aerospace Engineering,Economics & Econometrics,General Engineering,Geology, Environmental, Earth & Marine Sciences,Mathematics & Statistics,Other Health,Veterinary Science,Physics & Astronomy,Electrical & Electronic Engineering,Computer Science,Chemistry",False,False,False,
85,University of St Andrews,55.7,85,37.1,169,40.2,131,83.0,80,34.1,238,89.1,23,master_account,0,/world-university-rankings/university-st-andrews,549,United Kingdom,,,,,University of St Andrews,"Geography,Medicine & Dentistry,Sociology,Archaeology,Languages, Literature & Linguistics,Physics & Astronomy,Computer Science,Psychology,Chemistry,Business & Management,Biological Sciences,History, Philosophy & Theology,Other Health,Politics & International Studies (incl Development Studies),Geology, Environmental, Earth & Marine Sciences,Communication & Media Studies,Economics & Econometrics,Mathematics & Statistics",False,False,False,https://www.timeshighereducation.com/student/register-interest/siuk?utm_medium=thewebsite&utm_campaign=cta-link&utm_source=rankings&iid=i-44428293
86,"University of California, Irvine",55.4,86,36.2,179,42.3,117,93.5,37,45.6,126,36.3,266,public,0,/world-university-rankings/university-california-irvine,550,United States,,,,,"University of California, Irvine","Medicine & Dentistry,Business & Management,Chemistry,Civil Engineering,Languages, Literature & Linguistics,Accounting & Finance,General Engineering,Chemical Engineering,Education,Architecture,Mathematics & Statistics,Art, Performing Arts & Design,Sociology,Economics & Econometrics,Electrical & Electronic Engineering,Psychology,Mechanical & Aerospace Engineering,History, Philosophy & Theology,Biological Sciences,Computer Science,Law,Geology, Environmental, Earth & Marine Sciences,Politics & International Studies (incl Development Studies),Other Health,Physics & Astronomy",False,False,False,https://www.timeshighereducation.com/student/register-interest/shorelight?utm_medium=thewebsite&utm_campaign=cta-link&utm_source=rankings&iid=i-49530901
87,Uppsala University,55.2,87,47.2,100,65.1,48,53.3,213,43.4,137,59.1,152,master_account,0,/world-university-rankings/uppsala-university,551,Sweden,,,,,Uppsala University,"Economics & Econometrics,History, Philosophy & Theology,Education,Physics & Astronomy,Communication & Media Studies,Chemistry,Medicine & Dentistry,Electrical & Electronic Engineering,Computer Science,Languages, Literature & Linguistics,Chemical Engineering,Archaeology,Accounting & Finance,Sociology,Civil Engineering,Biological Sciences,Politics & International Studies (incl Development Studies),Mathematics & Statistics,Business & Management,General Engineering,Geology, Environmental, Earth & Marine Sciences,Geography,Law,Psychology,Other Health",False,False,False,
88,Technical University of Munich,55.1,88,50.0,87,37.1,151,76.3,103,47.2,122,65.2,125,master_account,6,/world-university-rankings/technical-university-munich,552,Germany,,,,,Technical University of Munich,"Medicine & Dentistry,Politics & International Studies (incl Development Studies),General Engineering,Accounting & Finance,Chemistry,Electrical & Electronic Engineering,Other Health,Biological Sciences,Geology, Environmental, Earth & Marine Sciences,Sport Science,Mathematics & Statistics,Architecture,Physics & Astronomy,Civil Engineering,Business & Management,Agriculture & Forestry,Education,Chemical Engineering,Computer Science,Sociology,Mechanical & Aerospace Engineering",False,False,False,
89,University of Notre Dame,55.0,89,42.6,130,36.2,157,94.1,33,27.3,330,33.1,286,private,0,/world-university-rankings/university-notre-dame,553,United States,,,,,University of Notre Dame,"Chemistry,Biological Sciences,Computer Science,History, Philosophy & Theology,Accounting & Finance,Art, Performing Arts & Design,Psychology,Mathematics & Statistics,Languages, Literature & Linguistics,Chemical Engineering,Economics & Econometrics,Physics & Astronomy,Politics & International Studies (incl Development Studies),Architecture,Law,General Engineering,Mechanical & Aerospace Engineering,Civil Engineering,Sociology,Business & Management,Education,Electrical & Electronic Engineering,Geology, Environmental, Earth & Marine Sciences,Communication & Media Studies",False,False,False,https://www.timeshighereducation.com/student/register-interest/shorelight?utm_medium=thewebsite&utm_campaign=cta-link&utm_source=rankings&iid=i-46645881
90,Dartmouth College,54.9,90,44.8,113,38.7,142,89.9,50,-,375,30.6,299,private,0,/world-university-rankings/dartmouth-college,554,United States,,,,,Dartmouth College,"Sociology,Mathematics & Statistics,General Engineering,History, Philosophy & Theology,Computer Science,Biological Sciences,Geography,Art, Performing Arts & Design,Languages, Literature & Linguistics,Electrical & Electronic Engineering,Psychology,Geology, Environmental, Earth & Marine Sciences,Politics & International Studies (incl Development Studies),Mechanical & Aerospace Engineering,Economics & Econometrics,Other Health,Business & Management,Physics & Astronomy,Archaeology,Medicine & Dentistry,Chemistry,Chemical Engineering,Accounting & Finance",False,False,False,https://www.timeshighereducation.com/student/register-interest/shorelight?utm_medium=thewebsite&utm_campaign=cta-link&utm_source=rankings&iid=i-46262331
91,University of Helsinki,54.8,91,39.3,152,54.2,75,75.1,109,28.9,308,46.8,220,master_account,0,/world-university-rankings/university-helsinki,555,Finland,,,,,University of Helsinki,"Law,Economics & Econometrics,Communication & Media Studies,Civil Engineering,Biological Sciences,Chemical Engineering,Sociology,Chemistry,Business & Management,Computer Science,Agriculture & Forestry,Geography,Art, Performing Arts & Design,Politics & International Studies (incl Development Studies),Mechanical & Aerospace Engineering,General Engineering,Physics & Astronomy,Sport Science,Mathematics & Statistics,Education,Psychology,Archaeology,History, Philosophy & Theology,Electrical & Electronic Engineering,Veterinary Science,Geology, Environmental, Earth & Marine Sciences,Languages, Literature & Linguistics,Accounting & Finance,Medicine & Dentistry,Architecture,Other Health",False,False,False,
92,University of Amsterdam,54.7,92,41.7,135,54.7,70,68.3,137,42.5,144,56.4,168,master_account,1,/world-university-rankings/university-amsterdam,556,Netherlands,,,,,University of Amsterdam uva,"Politics & International Studies (incl Development Studies),History, Philosophy & Theology,Sociology,Medicine & Dentistry,Psychology,Other Health,Biological Sciences,Chemistry,Law,Accounting & Finance,Archaeology,Physics & Astronomy,Languages, Literature & Linguistics,Computer Science,Business & Management,Geography,Mathematics & Statistics,Communication & Media Studies,Art, Performing Arts & Design,Geology, Environmental, Earth & Marine Sciences,Economics & Econometrics,Education",False,False,False,
93,Case Western Reserve University,54.6,93,54.2,70,40.2,129,78.4,93,-,371,29.9,305,private,0,/world-university-rankings/case-western-reserve-university,557,United States,,,,,Case Western Reserve University,"Computer Science,Agriculture & Forestry,Psychology,Civil Engineering,Geology, Environmental, Earth & Marine Sciences,History, Philosophy & Theology,Economics & Econometrics,Chemistry,Mechanical & Aerospace Engineering,Art, Performing Arts & Design,Politics & International Studies (incl Development Studies),Business & Management,General Engineering,Education,Accounting & Finance,Chemical Engineering,Other Health,Sociology,Electrical & Electronic Engineering,Communication & Media Studies,Languages, Literature & Linguistics,Law,Physics & Astronomy,Mathematics & Statistics,Architecture,Medicine & Dentistry,Biological Sciences",False,False,False,https://www.timeshighereducation.com/student/register-interest/shorelight?utm_medium=thewebsite&utm_campaign=cta-link&utm_source=rankings&iid=i-36123924
94,Korea Advanced Institute of Science and Technology (KAIST),54.5,94,64.2,43,54.6,71,47.1,252,100.0,5,29.3,310,master_account,0,/world-university-rankings/korea-advanced-institute-science-and-technology-kaist,558,South Korea,,,,,Korea Advanced Institute of Science and Technology (KAIST),"History, Philosophy & Theology,Electrical & Electronic Engineering,Sport Science,Languages, Literature & Linguistics,Chemical Engineering,Sociology,Computer Science,Mathematics & Statistics,Education,Archaeology,Veterinary Science,Law,Art, Performing Arts & Design,Mechanical & Aerospace Engineering,Communication & Media Studies,Architecture,Chemistry,Medicine & Dentistry,Biological Sciences,Psychology,Civil Engineering,Politics & International Studies (incl Development Studies),Business & Management,General Engineering,Geology, Environmental, Earth & Marine Sciences,Accounting & Finance,Other Health,Physics & Astronomy,Economics & Econometrics",False,False,False,
94,"University of Maryland, College Park",54.5,95,41.1,139,43.6,113,85.8,66,28.5,313,35.3,273,public,0,/world-university-rankings/university-maryland-college-park,559,United States,,,,,"University of Maryland, College Park","Chemistry,Biological Sciences,Accounting & Finance,Languages, Literature & Linguistics,Computer Science,Mathematics & Statistics,Business & Management,Architecture,General Engineering,Physics & Astronomy,Economics & Econometrics,Art, Performing Arts & Design,Mechanical & Aerospace Engineering,Geology, Environmental, Earth & Marine Sciences,Archaeology,Sport Science,Geography,Agriculture & Forestry,Politics & International Studies (incl Development Studies),Electrical & Electronic Engineering,History, Philosophy & Theology,Sociology,Civil Engineering,Education,Other Health,Veterinary Science,Chemical Engineering,Communication & Media Studies",False,False,False,https://www.timeshighereducation.com/student/register-interest/shorelight?utm_medium=thewebsite&utm_campaign=cta-link&utm_source=rankings&iid=i-76110123
96,Michigan State University,54.4,96,47.4,98,49.6,88,73.6,112,28.0,318,34.0,279,public,0,/world-university-rankings/michigan-state-university,560,United States,,,,,Michigan State University,"Business & Management,Other Health,History, Philosophy & Theology,Chemistry,Law,General Engineering,Agriculture & Forestry,Art, Performing Arts & Design,Sociology,Sport Science,Computer Science,Economics & Econometrics,Architecture,Geology, Environmental, Earth & Marine Sciences,Psychology,Politics & International Studies (incl Development Studies),Electrical & Electronic Engineering,Chemical Engineering,Biological Sciences,Languages, Literature & Linguistics,Civil Engineering,Education,Mathematics & Statistics,Communication & Media Studies,Geography,Archaeology,Medicine & Dentistry,Veterinary Science,Physics & Astronomy,Accounting & Finance,Mechanical & Aerospace Engineering",False,False,False,https://www.timeshighereducation.com/student/register-interest/shorelight?utm_medium=thewebsite&utm_campaign=cta-link&utm_source=rankings&iid=i-58650993
97,University of Arizona,54.2,97,45.1,112,43.0,114,78.3,95,86.0,37,28.4,314,public,0,/world-university-rankings/university-arizona,561,United States,,,,,University of Arizona,"Geology, Environmental, Earth & Marine Sciences,Communication & Media Studies,Civil Engineering,Business & Management,Veterinary Science,Psychology,Sociology,Other Health,Physics & Astronomy,Accounting & Finance,Languages, Literature & Linguistics,Chemical Engineering,Computer Science,Mathematics & Statistics,Electrical & Electronic Engineering,Economics & Econometrics,Biological Sciences,Chemistry,Art, Performing Arts & Design,History, Philosophy & Theology,Geography,Agriculture & Forestry,Law,Architecture,Education,General Engineering,Sport Science,Mechanical & Aerospace Engineering,Medicine & Dentistry,Politics & International Studies (incl Development Studies),Archaeology",False,False,False,https://www.timeshighereducation.com/student/into-university-partnerships?utm_medium=thewebsite&utm_campaign=cta-link&utm_source=rankings&iid=i-84754683
98,Purdue University West Lafayette,54.0,98,56.6,62,49.4,89,57.8,184,-,385,52.6,186,public,0,/world-university-rankings/purdue-university-west-lafayette,562,United States,,,,,Purdue University West Lafayette,"Physics & Astronomy,Biological Sciences,Art, Performing Arts & Design,Architecture,Sport Science,Computer Science,Accounting & Finance,Languages, Literature & Linguistics,Sociology,Economics & Econometrics,Medicine & Dentistry,Chemical Engineering,Veterinary Science,Agriculture & Forestry,History, Philosophy & Theology,Other Health,Electrical & Electronic Engineering,Geology, Environmental, Earth & Marine Sciences,Politics & International Studies (incl Development Studies),Education,Chemistry,Communication & Media Studies,Psychology,General Engineering,Civil Engineering,Mechanical & Aerospace Engineering,Archaeology,Business & Management,Mathematics & Statistics",False,False,False,https://www.timeshighereducation.com/student/register-interest/shorelight?utm_medium=thewebsite&utm_campaign=cta-link&utm_source=rankings&iid=i-32236813
99,University of Sussex,53.9,99,30.6,226,34.8,169,92.0,42,28.1,317,79.8,61,master_account,0,/world-university-rankings/university-sussex,563,United Kingdom,,,,,University of Sussex,"History, Philosophy & Theology,Chemistry,Economics & Econometrics,Geography,Art, Performing Arts & Design,Mathematics & Statistics,Electrical & Electronic Engineering,Sociology,Education,Computer Science,Mechanical & Aerospace Engineering,Psychology,Architecture,Medicine & Dentistry,Geology, Environmental, Earth & Marine Sciences,Communication & Media Studies,Accounting & Finance,Other Health,Politics & International Studies (incl Development Studies),Physics & Astronomy,Biological Sciences,Law,Business & Management,General Engineering,Languages, Literature & Linguistics",False,False,False,https://www.timeshighereducation.com/student/register-interest/siuk?utm_medium=thewebsite&utm_campaign=cta-link&utm_source=rankings&iid=i-64911343
100,University of Alberta,53.7,100,50.6,84,54.4,73,51.7,223,53.7,100,71.9,93,master_account,11,/world-university-rankings/university-alberta,564,Canada,,,,,University of Alberta,"Civil Engineering,Sociology,Other Health,Electrical & Electronic Engineering,Mathematics & Statistics,Law,Languages, Literature & Linguistics,Agriculture & Forestry,Politics & International Studies (incl Development Studies),Economics & Econometrics,Art, Performing Arts & Design,Mechanical & Aerospace Engineering,Geography,Medicine & Dentistry,Sport Science,Geology, Environmental, Earth & Marine Sciences,Business & Management,Computer Science,Chemistry,General Engineering,Physics & Astronomy,Accounting & Finance,History, Philosophy & Theology,Chemical Engineering,Psychology,Archaeology,Veterinary Science,Communication & Media Studies,Biological Sciences,Education",False,False,False,https://www.timeshighereducation.com/student/register-interest/applyboard?utm_medium=thewebsite&utm_campaign=cta-link&utm_source=rankings&iid=i-20147712
101,University of Sheffield,53.6,101,44.6,115,46.0,102,67.5,142,40.2,173,68.2,111,master_account,0,/world-university-rankings/university-sheffield,565,United Kingdom,,,,,University of Sheffield united kingdom UK Sheffield,"Business & Management,Chemical Engineering,Languages, Literature & Linguistics,Medicine & Dentistry,Accounting & Finance,Geology, Environmental, Earth & Marine Sciences,Archaeology,General Engineering,Civil Engineering,Physics & Astronomy,Geography,Politics & International Studies (incl Development Studies),Computer Science,Electrical & Electronic Engineering,Other Health,Law,Architecture,Education,Economics & Econometrics,Chemistry,Psychology,Communication & Media Studies,History, Philosophy & Theology,Biological Sciences,Mathematics & Statistics,Mechanical & Aerospace Engineering,Sociology",False,False,False,https://www.timeshighereducation.com/student/register-interest/siuk?utm_medium=thewebsite&utm_campaign=cta-link&utm_source=rankings&iid=i-51616042
102,University of Glasgow,53.4,102,37.5,165,41.0,123,77.5,99,61.4,85,68.1,112,master_account,11,/world-university-rankings/university-glasgow,566,United Kingdom,,,,,University of Glasgow,"General Engineering,Agriculture & Forestry,Sociology,Architecture,Physics & Astronomy,Business & Management,Art, Performing Arts & Design,Electrical & Electronic Engineering,Biological Sciences,Geography,Computer Science,Mechanical & Aerospace Engineering,Politics & International Studies (incl Development Studies),History, Philosophy & Theology,Mathematics & Statistics,Psychology,Languages, Literature & Linguistics,Sport Science,Education,Archaeology,Chemistry,Accounting & Finance,Medicine & Dentistry,Geology, Environmental, Earth & Marine Sciences,Economics & Econometrics,Veterinary Science,Law,Other Health,Civil Engineering,Communication & Media Studies",False,False,False,
103,University of Cape Town,53.2,103,34.3,194,41.1,122,75.3,106,97.5,24,73.9,82,master_account,11,/world-university-rankings/university-cape-town,567,South Africa,,,,,University of Cape Town UCT,"Politics & International Studies (incl Development Studies),Sport Science,Education,Art, Performing Arts & Design,Mechanical & Aerospace Engineering,General Engineering,Electrical & Electronic Engineering,Geology, Environmental, Earth & Marine Sciences,Architecture,Chemical Engineering,Sociology,Medicine & Dentistry,Biological Sciences,Law,Languages, Literature & Linguistics,Civil Engineering,Geography,Accounting & Finance,Other Health,Communication & Media Studies,Archaeology,Chemistry,Business & Management,Computer Science,Physics & Astronomy,Economics & Econometrics,History, Philosophy & Theology,Mathematics & Statistics,Psychology",False,False,False,
104,Delft University of Technology,53.1,104,53.5,72,66.1,44,31.2,338,100.0,1,71.3,95,master_account,0,/world-university-rankings/delft-university-technology,568,Netherlands,,,,,Delft University of Technology,"Computer Science,Sport Science,Mechanical & Aerospace Engineering,Communication & Media Studies,Chemical Engineering,Geography,General Engineering,Mathematics & Statistics,Architecture,Biological Sciences,History, Philosophy & Theology,Chemistry,Economics & Econometrics,Art, Performing Arts & Design,Agriculture & Forestry,Education,Electrical & Electronic Engineering,Physics & Astronomy,Business & Management,Other Health,Geology, Environmental, Earth & Marine Sciences,Civil Engineering,Politics & International Studies (incl Development Studies)",False,False,False,
104,Université de Montréal,53.1,105,54.5,68,47.0,100,48.7,243,81.3,42,79.5,62,master_account,0,/world-university-rankings/universite-de-montreal,569,Canada,,,,,Université de Montréal Université de Montréal Universite de Montreal,"Communication & Media Studies,Languages, Literature & Linguistics,Electrical & Electronic Engineering,Geography,Sport Science,Mathematics & Statistics,Architecture,History, Philosophy & Theology,Mechanical & Aerospace Engineering,Art, Performing Arts & Design,Chemistry,Civil Engineering,Biological Sciences,Psychology,Computer Science,Veterinary Science,Chemical Engineering,Business & Management,Sociology,Archaeology,General Engineering,Education,Accounting & Finance,Other Health,Politics & International Studies (incl Development Studies),Medicine & Dentistry,Physics & Astronomy,Economics & Econometrics,Law",False,False,False,
106,Ghent University,53.0,106,41.1,138,52.2,81,63.4,158,97.8,22,47.3,214,master_account,0,/world-university-rankings/ghent-university,570,Belgium,,,,,Ghent University,"Art, Performing Arts & Design,General Engineering,Physics & Astronomy,Business & Management,Archaeology,Chemical Engineering,Communication & Media Studies,History, Philosophy & Theology,Civil Engineering,Geology, Environmental, Earth & Marine Sciences,Economics & Econometrics,Computer Science,Mathematics & Statistics,Psychology,Biological Sciences,Sociology,Electrical & Electronic Engineering,Geography,Languages, Literature & Linguistics,Mechanical & Aerospace Engineering,Chemistry,Accounting & Finance,Other Health,Sport Science,Education,Medicine & Dentistry,Agriculture & Forestry,Politics & International Studies (incl Development Studies),Veterinary Science,Law",False,False,False,
107,"Royal Holloway, University of London",52.9,107,28.6,250,24.1,250,98.2,12,25.9,348,93.3,6,master_account,0,/world-university-rankings/royal-holloway-university-london,571,United Kingdom,,,,,"Royal Holloway, University of London","Electrical & Electronic Engineering,Physics & Astronomy,Business & Management,Chemistry,Accounting & Finance,History, Philosophy & Theology,Politics & International Studies (incl Development Studies),Agriculture & Forestry,Psychology,Art, Performing Arts & Design,Biological Sciences,Communication & Media Studies,Languages, Literature & Linguistics,Geography,Archaeology,Law,Mathematics & Statistics,Computer Science,Sociology,Geology, Environmental, Earth & Marine Sciences,Economics & Econometrics",False,False,False,https://www.timeshighereducation.com/student/register-interest/siuk?utm_medium=thewebsite&utm_campaign=cta-link&utm_source=rankings&iid=i-17688201
108,Tokyo Institute of Technology,52.8,108,56.0,65,58.9,58,49.5,239,66.3,68,24.9,346,master_account,0,/world-university-rankings/tokyo-institute-technology,572,Japan,,,,,Tokyo Institute of Technology,"Politics & International Studies (incl Development Studies),Civil Engineering,Chemistry,Architecture,Physics & Astronomy,Sport Science,Mechanical & Aerospace Engineering,Communication & Media Studies,General Engineering,Biological Sciences,Chemical Engineering,Business & Management,Computer Science,Geology, Environmental, Earth & Marine Sciences,Mathematics & Statistics,Electrical & Electronic Engineering,Sociology",False,False,False,
109,Humboldt University of Berlin,52.6,109,51.3,82,54.5,72,50.1,236,-,379,64.5,133,master_account,0,/world-university-rankings/humboldt-university-berlin,573,Germany,,,,,Humboldt University of Berlin,"Politics & International Studies (incl Development Studies),Geography,Sociology,Geology, Environmental, Earth & Marine Sciences,Biological Sciences,Sport Science,Physics & Astronomy,Medicine & Dentistry,Other Health,Art, Performing Arts & Design,Economics & Econometrics,Mathematics & Statistics,Law,Chemistry,History, Philosophy & Theology,Education,Agriculture & Forestry,Psychology,Business & Management,Languages, Literature & Linguistics,Computer Science,Accounting & Finance,Archaeology,Communication & Media Studies",False,False,False,
110,"University of California, Santa Cruz",52.5,110,28.5,252,36.6,155,99.9,6,29.5,299,29.8,307,public,0,/world-university-rankings/university-california-santa-cruz,574,United States,,,,,"University of California, Santa Cruz","Economics & Econometrics,Biological Sciences,Business & Management,Agriculture & Forestry,Other Health,Physics & Astronomy,Communication & Media Studies,Art, Performing Arts & Design,Languages, Literature & Linguistics,Chemistry,Geology, Environmental, Earth & Marine Sciences,Archaeology,Psychology,Politics & International Studies (incl Development Studies),Education,General Engineering,Computer Science,Sociology,Electrical & Electronic Engineering,History, Philosophy & Theology,Mathematics & Statistics",False,False,False,https://www.timeshighereducation.com/student/register-interest/shorelight?utm_medium=thewebsite&utm_campaign=cta-link&utm_source=rankings&iid=i-68567521
111,University of Basel,52.2,111,38.9,153,21.9,272,86.0,65,48.6,119,92.4,10,master_account,0,/world-university-rankings/university-basel,575,Switzerland,,,,,University of Basel,"Psychology,Art, Performing Arts & Design,Archaeology,Physics & Astronomy,Chemistry,Business & Management,History, Philosophy & Theology,Sport Science,Law,Medicine & Dentistry,Other Health,Sociology,Languages, Literature & Linguistics,Accounting & Finance,Communication & Media Studies,Politics & International Studies (incl Development Studies),Education,Biological Sciences,Geology, Environmental, Earth & Marine Sciences,Computer Science,Economics & Econometrics,Mathematics & Statistics,Geography",False,False,False,
112,University of Bern,52.1,112,43.0,125,34.6,171,73.5,115,38.2,187,77.6,68,master_account,0,/world-university-rankings/university-bern,576,Switzerland,,,,,University of Bern,"Art, Performing Arts & Design,Biological Sciences,Geography,Languages, Literature & Linguistics,Sport Science,Psychology,History, Philosophy & Theology,Physics & Astronomy,Education,Computer Science,Communication & Media Studies,Medicine & Dentistry,Chemistry,Business & Management,Archaeology,Mathematics & Statistics,Accounting & Finance,General Engineering,Sociology,Agriculture & Forestry,Politics & International Studies (incl Development Studies),Veterinary Science,Law,Other Health,Geology, Environmental, Earth & Marine Sciences,Economics & Econometrics",False,False,False,
113,University of Utah,51.9,113,42.1,133,41.0,124,82.3,81,-,398,23.3,358,public,0,/world-university-rankings/university-utah,577,United States,,,,,University of Utah,"Agriculture & Forestry,Geography,History, Philosophy & Theology,Architecture,Biological Sciences,Law,General Engineering,Chemistry,Accounting & Finance,Art, Performing Arts & Design,Mechanical & Aerospace Engineering,Politics & International Studies (incl Development Studies),Medicine & Dentistry,Sport Science,Education,Other Health,Mathematics & Statistics,Psychology,Geology, Environmental, Earth & Marine Sciences,Economics & Econometrics,Electrical & Electronic Engineering,Languages, Literature & Linguistics,Chemical Engineering,Sociology,Computer Science,Physics & Astronomy,Business & Management,Civil Engineering,Communication & Media Studies",False,False,False,https://www.timeshighereducation.com/student/register-interest/shorelight?utm_medium=thewebsite&utm_campaign=cta-link&utm_source=rankings&iid=i-02638481
114,Stony Brook University,51.4,114,37.7,163,28.7,216,88.3,58,29.2,302,56.5,167,public,0,/world-university-rankings/stony-brook-university,578,United States,,,,,Stony Brook University,"Mechanical & Aerospace Engineering,Sociology,Other Health,Chemistry,Accounting & Finance,Archaeology,Biological Sciences,Psychology,Art, Performing Arts & Design,Civil Engineering,Geography,General Engineering,Communication & Media Studies,Education,Electrical & Electronic Engineering,Chemical Engineering,Languages, Literature & Linguistics,Business & Management,Computer Science,Geology, Environmental, Earth & Marine Sciences,Politics & International Studies (incl Development Studies),History, Philosophy & Theology,Mathematics & Statistics,Medicine & Dentistry,Physics & Astronomy,Economics & Econometrics",False,False,False,https://www.timeshighereducation.com/student/register-interest/shorelight?utm_medium=thewebsite&utm_campaign=cta-link&utm_source=rankings&iid=i-10396992
115,Eindhoven University of Technology,51.3,115,35.6,184,48.0,95,62.1,167,100.0,3,67.3,116,master_account,0,/world-university-rankings/eindhoven-university-technology,579,Netherlands,,,,,Eindhoven University of Technology,"Electrical & Electronic Engineering,Civil Engineering,Architecture,Chemistry,Art, Performing Arts & Design,General Engineering,Physics & Astronomy,Computer Science,Archaeology,Geology, Environmental, Earth & Marine Sciences,Mechanical & Aerospace Engineering,Chemical Engineering,Languages, Literature & Linguistics,History, Philosophy & Theology,Mathematics & Statistics",False,False,False,
116,University of Lausanne,51.2,116,27.5,266,40.4,127,77.8,97,40.3,172,86.7,32,master_account,0,/world-university-rankings/university-lausanne,580,Switzerland,,,,,University of Lausanne,"Languages, Literature & Linguistics,Politics & International Studies (incl Development Studies),Biological Sciences,Sociology,History, Philosophy & Theology,Business & Management,Law,Geology, Environmental, Earth & Marine Sciences,Other Health,Medicine & Dentistry,Accounting & Finance,Economics & Econometrics,Computer Science,Geography,Archaeology,Psychology,Communication & Media Studies,Sport Science,Education",False,False,False,
117,Monash University,51.1,117,40.5,143,48.5,94,57.1,190,62.2,80,75.8,77,master_account,0,/world-university-rankings/monash-university,581,Australia,,,,,Monash University,"Civil Engineering,History, Philosophy & Theology,Geology, Environmental, Earth & Marine Sciences,Law,Medicine & Dentistry,Biological Sciences,Electrical & Electronic Engineering,Chemistry,Geography,Economics & Econometrics,Computer Science,Mechanical & Aerospace Engineering,Accounting & Finance,Languages, Literature & Linguistics,Sociology,Mathematics & Statistics,Architecture,General Engineering,Chemical Engineering,Other Health,Art, Performing Arts & Design,Communication & Media Studies,Psychology,Politics & International Studies (incl Development Studies),Archaeology,Education,Sport Science,Business & Management,Physics & Astronomy",False,False,False,https://www.timeshighereducation.com/student/register-interest/aecc?utm_medium=thewebsite&utm_campaign=cta-link&utm_source=rankings&iid=i-45738353
117,Trinity College Dublin,51.1,118,30.3,230,23.5,256,91.7,44,29.7,295,89.4,22,master_account,0,/world-university-rankings/trinity-college-dublin,582,Ireland,,,,,Trinity College Dublin,"Art, Performing Arts & Design,General Engineering,Sociology,Languages, Literature & Linguistics,History, Philosophy & Theology,Physics & Astronomy,Business & Management,Computer Science,Politics & International Studies (incl Development Studies),Electrical & Electronic Engineering,Law,Mechanical & Aerospace Engineering,Geography,Other Health,Geology, Environmental, Earth & Marine Sciences,Economics & Econometrics,Biological Sciences,Psychology,Medicine & Dentistry,Chemistry,Accounting & Finance,Civil Engineering,Education,Mathematics & Statistics",False,False,False,
119,The University of Osaka,51.0,119,61.8,51,56.5,65,40.0,291,75.0,55,21.1,370,master_account,0,/world-university-rankings/university-osaka,583,Japan,,,,,The University of Osaka Handai OU,"Chemistry,Computer Science,Languages, Literature & Linguistics,Chemical Engineering,Communication & Media Studies,Education,Architecture,Politics & International Studies (incl Development Studies),Electrical & Electronic Engineering,History, Philosophy & Theology,Sociology,Biological Sciences,General Engineering,Mechanical & Aerospace Engineering,Art, Performing Arts & Design,Economics & Econometrics,Psychology,Business & Management,Physics & Astronomy,Medicine & Dentistry,Archaeology,Sport Science,Geology, Environmental, Earth & Marine Sciences,Mathematics & Statistics,Geography,Accounting & Finance,Law,Civil Engineering,Other Health",False,False,False,
120,Tohoku University,50.8,120,57.7,58,55.7,68,42.9,278,78.9,47,25.6,338,master_account,0,/world-university-rankings/tohoku-university,584,Japan,,,,,Tohoku University,"Computer Science,Sport Science,Education,Economics & Econometrics,Electrical & Electronic Engineering,Geology, Environmental, Earth & Marine Sciences,Art, Performing Arts & Design,Civil Engineering,Politics & International Studies (incl Development Studies),History, Philosophy & Theology,Other Health,Mathematics & Statistics,Business & Management,Medicine & Dentistry,Biological Sciences,Chemistry,General Engineering,Physics & Astronomy,Psychology,Mechanical & Aerospace Engineering,Geography,Accounting & Finance,Archaeology,Agriculture & Forestry,Law,Architecture,Veterinary Science,Sociology,Languages, Literature & Linguistics,Chemical Engineering,Communication & Media Studies",False,False,False,
121,Hebrew University of Jerusalem,50.4,121,47.7,95,56.4,66,48.4,245,25.0,360,53.0,183,master_account,0,/world-university-rankings/hebrew-university-jerusalem,585,Israel,,,,,Hebrew University of Jerusalem,"Veterinary Science,Other Health,Medicine & Dentistry,Agriculture & Forestry,Languages, Literature & Linguistics,Electrical & Electronic Engineering,Politics & International Studies (incl Development Studies),Communication & Media Studies,History, Philosophy & Theology,Economics & Econometrics,Computer Science,Physics & Astronomy,Geography,Psychology,Law,Education,Mathematics & Statistics,Chemistry,Business & Management,Biological Sciences,Art, Performing Arts & Design,Geology, Environmental, Earth & Marine Sciences,Archaeology,Sociology,Accounting & Finance",False,False,False,
121,University of York,50.4,122,36.7,175,38.8,141,71.6,125,33.9,239,72.7,88,master_account,0,/world-university-rankings/university-york,586,United Kingdom,,,,,University of York,"Archaeology,Physics & Astronomy,Law,Computer Science,Chemistry,Education,Electrical & Electronic Engineering,Politics & International Studies (incl Development Studies),Accounting & Finance,Mechanical & Aerospace Engineering,Other Health,Art, Performing Arts & Design,Medicine & Dentistry,Mathematics & Statistics,Economics & Econometrics,Languages, Literature & Linguistics,Communication & Media Studies,Business & Management,General Engineering,Geology, Environmental, Earth & Marine Sciences,Psychology,Sociology,Geography,Biological Sciences,History, Philosophy & Theology,Architecture",False,False,False,https://www.timeshighereducation.com/student/register-interest/siuk?utm_medium=thewebsite&utm_campaign=cta-link&utm_source=rankings&iid=i-82568163
123,Indiana University,50.2,123,46.8,103,34.5,172,73.7,111,-,380,37.7,260,public,0,/world-university-rankings/indiana-university,587,United States,,,,,Indiana University,"Computer Science,Mathematics & Statistics,Education,Art, Performing Arts & Design,Physics & Astronomy,Psychology,Architecture,Electrical & Electronic Engineering,Politics & International Studies (incl Development Studies),Medicine & Dentistry,Civil Engineering,Economics & Econometrics,Other Health,Biological Sciences,Law,History, Philosophy & Theology,Sport Science,Geography,General Engineering,Communication & Media Studies,Accounting & Finance,Languages, Literature & Linguistics,Mechanical & Aerospace Engineering,Sociology,Geology, Environmental, Earth & Marine Sciences,Agriculture & Forestry,Chemistry,Business & Management",False,False,False,https://www.timeshighereducation.com/student/register-interest/shorelight?utm_medium=thewebsite&utm_campaign=cta-link&utm_source=rankings&iid=i-17534252
124,Seoul National University,50.1,124,64.6,42,50.8,85,44.0,268,42.6,143,16.3,393,master_account,0,/world-university-rankings/seoul-national-university,588,South Korea,,,,,Seoul National University,"Geography,Business & Management,Politics & International Studies (incl Development Studies),Communication & Media Studies,Veterinary Science,Agriculture & Forestry,Civil Engineering,Chemistry,Art, Performing Arts & Design,Economics & Econometrics,Psychology,Archaeology,History, Philosophy & Theology,Sociology,Medicine & Dentistry,Mathematics & Statistics,Mechanical & Aerospace Engineering,Chemical Engineering,General Engineering,Computer Science,Languages, Literature & Linguistics,Other Health,Sport Science,Biological Sciences,Law,Accounting & Finance,Physics & Astronomy,Electrical & Electronic Engineering,Education,Geology, Environmental, Earth & Marine Sciences,Architecture",False,False,False,
125,Aarhus University,50.0,125,30.7,223,49.0,91,64.0,155,67.0,66,69.3,106,master_account,0,/world-university-rankings/aarhus-university,589,Denmark,,,,,Aarhus University,"Electrical & Electronic Engineering,Geology, Environmental, Earth & Marine Sciences,Medicine & Dentistry,Veterinary Science,Accounting & Finance,Art, Performing Arts & Design,Mathematics & Statistics,Law,History, Philosophy & Theology,Agriculture & Forestry,Geography,Other Health,Sport Science,Psychology,Archaeology,Biological Sciences,Business & Management,Computer Science,Chemical Engineering,Politics & International Studies (incl Development Studies),Mechanical & Aerospace Engineering,Communication & Media Studies,Languages, Literature & Linguistics,Physics & Astronomy,Education,Civil Engineering,Chemistry,Economics & Econometrics",False,False,False,
125,University of Florida,50.0,126,46.7,105,59.9,57,50.9,230,-,391,25.9,337,public,0,/world-university-rankings/university-florida,590,United States,,,,,University of Florida,"History, Philosophy & Theology,Electrical & Electronic Engineering,Sociology,Medicine & Dentistry,Civil Engineering,Geology, Environmental, Earth & Marine Sciences,Economics & Econometrics,Archaeology,Agriculture & Forestry,Politics & International Studies (incl Development Studies),Mechanical & Aerospace Engineering,Law,Computer Science,Mathematics & Statistics,Education,Art, Performing Arts & Design,Biological Sciences,Communication & Media Studies,Architecture,Sport Science,Psychology,Other Health,Chemical Engineering,Chemistry,Accounting & Finance,General Engineering,Physics & Astronomy,Business & Management,Languages, Literature & Linguistics,Veterinary Science,Geography",False,False,False,https://www.timeshighereducation.com/student/register-interest/shorelight?utm_medium=thewebsite&utm_campaign=cta-link&utm_source=rankings&iid=i-25479123
127,Arizona State University (Tempe),49.9,127,38.2,161,39.0,137,80.3,88,28.7,310,26.1,334,public,11,/world-university-rankings/arizona-state-university-tempe,591,United States,,,,,Arizona State University (Tempe),"General Engineering,Business & Management,Architecture,Psychology,Art, Performing Arts & Design,Other Health,Communication & Media Studies,Civil Engineering,Computer Science,Law,Chemical Engineering,Electrical & Electronic Engineering,Geology, Environmental, Earth & Marine Sciences,Physics & Astronomy,History, Philosophy & Theology,Chemistry,Mechanical & Aerospace Engineering,Politics & International Studies (incl Development Studies),Archaeology,Biological Sciences,Education,Languages, Literature & Linguistics,Sociology,Accounting & Finance,Sport Science,Geography,Economics & Econometrics,Mathematics & Statistics",False,False,False,
127,University of Southampton,49.9,129,35.6,185,35.5,164,72.5,120,39.3,179,78.3,66,master_account,0,/world-university-rankings/university-southampton,593,United Kingdom,,,,,University of Southampton,"Electrical & Electronic Engineering,Languages, Literature & Linguistics,Geology, Environmental, Earth & Marine Sciences,Politics & International Studies (incl Development Studies),Computer Science,Art, Performing Arts & Design,History, Philosophy & Theology,Civil Engineering,Education,Physics & Astronomy,Geography,Accounting & Finance,Medicine & Dentistry,Chemical Engineering,Law,Biological Sciences,Economics & Econometrics,Mathematics & Statistics,Mechanical & Aerospace Engineering,Psychology,General Engineering,Other Health,Communication & Media Studies,Chemistry,Sociology,Business & Management,Archaeology",False,False,False,https://www.timeshighereducation.com/student/register-interest/siuk?utm_medium=thewebsite&utm_campaign=cta-link&utm_source=rankings&iid=i-58225932
127,Queen Mary University of London,49.9,128,29.0,241,28.6,217,83.7,76,36.6,202,88.8,25,master_account,0,/world-university-rankings/queen-mary-university-london,131678,United Kingdom,,,,,Queen Mary University of London,"Mechanical & Aerospace Engineering,Communication & Media Studies,Accounting & Finance,Chemical Engineering,Geography,Chemistry,Business & Management,History, Philosophy & Theology,Economics & Econometrics,Electrical & Electronic Engineering,General Engineering,Geology, Environmental, Earth & Marine Sciences,Art, Performing Arts & Design,Sport Science,Law,Other Health,Sociology,Computer Science,Mathematics & Statistics,Languages, Literature & Linguistics,Biological Sciences,Psychology,Medicine & Dentistry,Physics & Astronomy,Politics & International Studies (incl Development Studies)",False,False,False,
130,University of Geneva,49.8,130,34.9,189,39.0,138,65.1,153,32.7,255,97.5,3,master_account,0,/world-university-rankings/university-geneva,594,Switzerland,,,,,University of Geneva,"Economics & Econometrics,Geography,Chemistry,Computer Science,Accounting & Finance,Business & Management,Communication & Media Studies,Psychology,History, Philosophy & Theology,Physics & Astronomy,Other Health,Geology, Environmental, Earth & Marine Sciences,Archaeology,Medicine & Dentistry,Biological Sciences,Mathematics & Statistics,Law,Politics & International Studies (incl Development Studies),Education,Languages, Literature & Linguistics,Sociology",False,False,False,
131,Lancaster University,49.7,131,32.6,207,35.7,162,75.4,105,27.5,328,78.6,65,master_account,0,/world-university-rankings/lancaster-university,595,United Kingdom,,,,,Lancaster University,"Computer Science,Art, Performing Arts & Design,Business & Management,Biological Sciences,Politics & International Studies (incl Development Studies),Chemistry,Architecture,Chemical Engineering,Languages, Literature & Linguistics,Economics & Econometrics,Education,Physics & Astronomy,Geology, Environmental, Earth & Marine Sciences,Sport Science,General Engineering,Accounting & Finance,Sociology,Electrical & Electronic Engineering,History, Philosophy & Theology,Psychology,Medicine & Dentistry,Law,Geography,Mechanical & Aerospace Engineering,Communication & Media Studies,Other Health,Mathematics & Statistics",False,False,False,https://www.timeshighereducation.com/student/register-interest/siuk?utm_medium=thewebsite&utm_campaign=cta-link&utm_source=rankings&iid=i-49618222
131,Stockholm University,49.7,132,25.0,292,36.0,159,90.2,49,26.8,338,48.8,206,master_account,0,/world-university-rankings/stockholm-university,596,Sweden,,,,,Stockholm University,"History, Philosophy & Theology,Geography,Law,Education,Mathematics & Statistics,Physics & Astronomy,Biological Sciences,Chemistry,Sociology,Business & Management,Communication & Media Studies,Art, Performing Arts & Design,Computer Science,Geology, Environmental, Earth & Marine Sciences,Languages, Literature & Linguistics,Accounting & Finance,Politics & International Studies (incl Development Studies),Archaeology,Psychology,Economics & Econometrics,Veterinary Science",False,False,False,
133,University of Leeds,49.5,133,44.6,114,43.9,111,57.1,191,36.4,205,64.8,131,master_account,0,/world-university-rankings/university-leeds,597,United Kingdom,,,,,University of Leeds,"General Engineering,Mechanical & Aerospace Engineering,Economics & Econometrics,Chemistry,Chemical Engineering,Physics & Astronomy,Communication & Media Studies,Languages, Literature & Linguistics,Biological Sciences,Geology, Environmental, Earth & Marine Sciences,Business & Management,Architecture,Electrical & Electronic Engineering,Geography,Medicine & Dentistry,Computer Science,Education,History, Philosophy & Theology,Accounting & Finance,Psychology,Law,Sociology,Politics & International Studies (incl Development Studies),Sport Science,Agriculture & Forestry,Mathematics & Statistics,Civil Engineering,Other Health,Art, Performing Arts & Design",False,False,False,https://www.timeshighereducation.com/student/register-interest/siuk?utm_medium=thewebsite&utm_campaign=cta-link&utm_source=rankings&iid=i-90575012
134,University of Groningen,49.2,134,32.4,210,52.4,79,62.4,164,59.9,88,47.3,215,master_account,0,/world-university-rankings/university-groningen,598,Netherlands,,,,,University of Groningen,"Sociology,Other Health,Physics & Astronomy,Geology, Environmental, Earth & Marine Sciences,Economics & Econometrics,Archaeology,Medicine & Dentistry,Geography,Law,Psychology,Mathematics & Statistics,Chemistry,History, Philosophy & Theology,Accounting & Finance,Politics & International Studies (incl Development Studies),General Engineering,Chemical Engineering,Languages, Literature & Linguistics,Education,Computer Science,Biological Sciences,Communication & Media Studies,Business & Management",False,False,False,
135,University of Copenhagen,49.0,136,37.8,162,31.6,193,72.1,122,37.0,197,74.8,81,master_account,0,/world-university-rankings/university-copenhagen,599,Denmark,,,,,University of Copenhagen,"Politics & International Studies (incl Development Studies),Other Health,Psychology,Archaeology,Biological Sciences,Communication & Media Studies,History, Philosophy & Theology,Law,Sport Science,Geology, Environmental, Earth & Marine Sciences,Medicine & Dentistry,Computer Science,Economics & Econometrics,Mathematics & Statistics,Physics & Astronomy,Languages, Literature & Linguistics,Chemistry,Veterinary Science,Agriculture & Forestry,Geography,Sociology",False,False,False,
135,George Washington University,49.0,135,44.2,119,33.6,179,73.2,116,-,377,38.3,254,private,0,/world-university-rankings/george-washington-university,600,United States,,,,,George Washington University,"Electrical & Electronic Engineering,Art, Performing Arts & Design,Physics & Astronomy,Archaeology,Sport Science,Economics & Econometrics,Mathematics & Statistics,Biological Sciences,Geology, Environmental, Earth & Marine Sciences,Civil Engineering,Mechanical & Aerospace Engineering,Sociology,History, Philosophy & Theology,Computer Science,Geography,Law,Accounting & Finance,Architecture,Communication & Media Studies,Languages, Literature & Linguistics,Medicine & Dentistry,General Engineering,Education,Politics & International Studies (incl Development Studies),Chemistry,Psychology,Business & Management,Other Health",False,False,False,https://www.timeshighereducation.com/student/register-interest/shorelight?utm_medium=thewebsite&utm_campaign=cta-link&utm_source=rankings&iid=i-83678132
135,University of Virginia (Main campus),49.0,137,37.0,171,42.2,118,74.7,110,34.7,230,26.4,331,public,0,/world-university-rankings/university-virginia-main-campus,601,United States,,,,,University of Virginia (Main campus),"General Engineering,Chemistry,Geography,Physics & Astronomy,Sociology,Other Health,Biological Sciences,Education,Art, Performing Arts & Design,Mathematics & Statistics,Business & Management,Languages, Literature & Linguistics,Electrical & Electronic Engineering,Economics & Econometrics,Archaeology,Chemical Engineering,Accounting & Finance,History, Philosophy & Theology,Geology, Environmental, Earth & Marine Sciences,Psychology,Medicine & Dentistry,Mechanical & Aerospace Engineering,Communication & Media Studies,Architecture,Civil Engineering,Politics & International Studies (incl Development Studies),Computer Science,Sport Science,Law",False,False,False,https://www.timeshighereducation.com/student/register-interest/shorelight?utm_medium=thewebsite&utm_campaign=cta-link&utm_source=rankings&iid=i-21442282
138,Georgetown University,48.0,138,52.5,76,40.4,125,57.7,185,-,378,29.1,311,private,0,/world-university-rankings/georgetown-university,602,United States,,,,,Georgetown University,"History, Philosophy & Theology,Economics & Econometrics,Languages, Literature & Linguistics,General Engineering,Psychology,Sociology,Medicine & Dentistry,Law,Mathematics & Statistics,Computer Science,Physics & Astronomy,Accounting & Finance,Architecture,Politics & International Studies (incl Development Studies),Art, Performing Arts & Design,Education,Agriculture & Forestry,Other Health,Sport Science,Business & Management,Geology, Environmental, Earth & Marine Sciences,Communication & Media Studies,Chemistry,Biological Sciences",False,False,False,https://www.timeshighereducation.com/student/register-interest/shorelight?utm_medium=thewebsite&utm_campaign=cta-link&utm_source=rankings&iid=i-26274852
139,University of Vienna,47.9,139,49.5,89,41.2,121,45.2,261,25.4,354,86.6,33,master_account,0,/world-university-rankings/university-vienna,603,Austria,,,,,University of Vienna,"Physics & Astronomy,Computer Science,Geography,Geology, Environmental, Earth & Marine Sciences,Chemistry,Economics & Econometrics,History, Philosophy & Theology,Politics & International Studies (incl Development Studies),Mathematics & Statistics,Business & Management,Biological Sciences,Psychology,Archaeology,Sociology,Education,Sport Science,Law,Languages, Literature & Linguistics,Communication & Media Studies,Accounting & Finance",False,False,False,
140,University of Nottingham,47.7,140,40.2,145,40.0,132,57.6,186,36.7,200,72.6,90,master_account,0,/world-university-rankings/university-nottingham,604,United Kingdom,,,,,University of Nottingham,"Other Health,Sport Science,Psychology,Art, Performing Arts & Design,Civil Engineering,Politics & International Studies (incl Development Studies),General Engineering,Physics & Astronomy,Accounting & Finance,Medicine & Dentistry,Veterinary Science,Education,History, Philosophy & Theology,Chemical Engineering,Communication & Media Studies,Languages, Literature & Linguistics,Mechanical & Aerospace Engineering,Geology, Environmental, Earth & Marine Sciences,Computer Science,Mathematics & Statistics,Business & Management,Electrical & Electronic Engineering,Chemistry,Sociology,Economics & Econometrics,Archaeology,Biological Sciences,Law,Architecture,Agriculture & Forestry,Geography",False,False,False,https://www.timeshighereducation.com/student/register-interest/siuk?utm_medium=thewebsite&utm_campaign=cta-link&utm_source=rankings&iid=i-18193873
141,University of Iowa,47.6,142,47.7,96,42.1,119,61.3,171,-,394,21.9,365,public,0,/world-university-rankings/university-iowa,606,United States,,,,,University of Iowa,"Chemistry,Psychology,Geography,Education,Civil Engineering,Computer Science,Business & Management,Mechanical & Aerospace Engineering,Politics & International Studies (incl Development Studies),Art, Performing Arts & Design,Mathematics & Statistics,Chemical Engineering,Sport Science,Other Health,Languages, Literature & Linguistics,Geology, Environmental, Earth & Marine Sciences,Biological Sciences,Accounting & Finance,History, Philosophy & Theology,Economics & Econometrics,Sociology,General Engineering,Medicine & Dentistry,Communication & Media Studies,Law,Electrical & Electronic Engineering,Physics & Astronomy",False,False,False,https://www.timeshighereducation.com/student/register-interest/shorelight?utm_medium=thewebsite&utm_campaign=cta-link&utm_source=rankings&iid=i-88616472
141,École Normale Supérieure de Lyon,47.6,141,35.3,186,21.4,278,85.1,72,25.1,358,58.8,154,master_account,0,/world-university-rankings/ecole-normale-superieure-de-lyon,605,France,,,,,École Normale Supérieure de Lyon,"Politics & International Studies (incl Development Studies),Physics & Astronomy,History, Philosophy & Theology,Biological Sciences,Mathematics & Statistics,Education,Languages, Literature & Linguistics,Chemistry,Economics & Econometrics,Geography,Computer Science,Sociology,Art, Performing Arts & Design,Geology, Environmental, Earth & Marine Sciences",False,False,False,
143,"University of California, Riverside",47.5,143,27.8,261,30.9,196,89.6,52,31.0,280,30.0,304,public,0,/world-university-rankings/university-california-riverside,607,United States,,,,,"University of California, Riverside","Biological Sciences,General Engineering,Languages, Literature & Linguistics,Communication & Media Studies,Education,History, Philosophy & Theology,Chemical Engineering,Computer Science,Chemistry,Psychology,Economics & Econometrics,Physics & Astronomy,Medicine & Dentistry,Business & Management,Other Health,Mathematics & Statistics,Geology, Environmental, Earth & Marine Sciences,Electrical & Electronic Engineering,Mechanical & Aerospace Engineering,Politics & International Studies (incl Development Studies),Art, Performing Arts & Design,Accounting & Finance,Sociology,Agriculture & Forestry",False,False,False,https://www.timeshighereducation.com/student/register-interest/shorelight?utm_medium=thewebsite&utm_campaign=cta-link&utm_source=rankings&iid=i-48621253
144,Rensselaer Polytechnic Institute,47.4,144,31.7,216,40.4,126,73.6,113,49.0,116,32.7,287,private,0,/world-university-rankings/rensselaer-polytechnic-institute,608,United States,,,,,Rensselaer Polytechnic Institute,"Chemical Engineering,Geology, Environmental, Earth & Marine Sciences,Communication & Media Studies,Art, Performing Arts & Design,Computer Science,Electrical & Electronic Engineering,Architecture,Business & Management,Chemistry,Biological Sciences,General Engineering,Economics & Econometrics,Mechanical & Aerospace Engineering,History, Philosophy & Theology,Law,Psychology,Agriculture & Forestry,Civil Engineering,Other Health,Mathematics & Statistics,Physics & Astronomy",False,False,False,https://www.timeshighereducation.com/student/register-interest/shorelight?utm_medium=thewebsite&utm_campaign=cta-link&utm_source=rankings&iid=i-85269072
145,University of East Anglia,47.3,145,26.5,274,26.1,236,85.6,68,28.0,319,68.5,110,master_account,11,/world-university-rankings/university-east-anglia,609,United Kingdom,,,,,University of East Anglia,"Communication & Media Studies,Other Health,Art, Performing Arts & Design,Mathematics & Statistics,Psychology,Economics & Econometrics,Medicine & Dentistry,Geology, Environmental, Earth & Marine Sciences,Computer Science,Politics & International Studies (incl Development Studies),General Engineering,Sociology,Languages, Literature & Linguistics,Chemistry,Business & Management,Biological Sciences,Law,History, Philosophy & Theology,Physics & Astronomy,Accounting & Finance,Agriculture & Forestry,Geography,Sport Science,Education",False,False,False,
146,William & Mary,47.0,147,40.0,146,18.9,305,90.7,46,27.0,335,19.7,378,public,0,/world-university-rankings/william-mary,611,United States,,,,,William & Mary,"Sport Science,Politics & International Studies (incl Development Studies),Computer Science,Geography,Economics & Econometrics,Psychology,Chemistry,Business & Management,Languages, Literature & Linguistics,Education,Mathematics & Statistics,History, Philosophy & Theology,Art, Performing Arts & Design,Physics & Astronomy,Biological Sciences,Sociology,Geology, Environmental, Earth & Marine Sciences,Law,Accounting & Finance",False,False,False,https://www.timeshighereducation.com/student/register-interest/shorelight?utm_medium=thewebsite&utm_campaign=cta-link&utm_source=rankings&iid=i-84416933
146,Newcastle University,47.0,146,34.2,196,28.4,218,72.2,121,32.3,260,76.2,74,master_account,11,/world-university-rankings/newcastle-university,610,United Kingdom,,,,,Newcastle University,"Chemistry,General Engineering,History, Philosophy & Theology,Chemical Engineering,Politics & International Studies (incl Development Studies),Archaeology,Agriculture & Forestry,Sociology,Computer Science,Mathematics & Statistics,Business & Management,Art, Performing Arts & Design,Mechanical & Aerospace Engineering,Geology, Environmental, Earth & Marine Sciences,Architecture,Biological Sciences,Geography,Medicine & Dentistry,Veterinary Science,Law,Electrical & Electronic Engineering,Physics & Astronomy,Psychology,Languages, Literature & Linguistics,Civil Engineering,Communication & Media Studies,Accounting & Finance,Other Health,Sport Science,Education,Economics & Econometrics",False,False,False,https://www.timeshighereducation.com/student/register-interest/siuk?utm_medium=thewebsite&utm_campaign=cta-link&utm_source=rankings&iid=i-02421202
148,University of Birmingham,46.9,148,42.6,129,42.6,115,50.6,234,36.0,211,70.3,103,master_account,0,/world-university-rankings/university-birmingham,612,United Kingdom,,,,,University of Birmingham,"General Engineering,Communication & Media Studies,Accounting & Finance,History, Philosophy & Theology,Biological Sciences,Business & Management,Medicine & Dentistry,Mathematics & Statistics,Geography,Architecture,Chemical Engineering,Sociology,Archaeology,Sport Science,Education,Art, Performing Arts & Design,Mechanical & Aerospace Engineering,Law,Languages, Literature & Linguistics,Civil Engineering,Electrical & Electronic Engineering,Politics & International Studies (incl Development Studies),Economics & Econometrics,Computer Science,Physics & Astronomy,Psychology,Other Health,Chemistry,Geology, Environmental, Earth & Marine Sciences",False,False,False,https://www.timeshighereducation.com/student/register-interest/siuk?utm_medium=thewebsite&utm_campaign=cta-link&utm_source=rankings&iid=i-24885315
149,"Birkbeck, University of London",46.8,149,25.9,279,25.8,239,80.8,85,25.1,357,85.3,37,master_account,0,/world-university-rankings/birkbeck-university-london,613,United Kingdom,,,,,"Birkbeck, University of London","Biological Sciences,Accounting & Finance,Physics & Astronomy,Politics & International Studies (incl Development Studies),Psychology,History, Philosophy & Theology,Sociology,Mathematics & Statistics,Geography,Economics & Econometrics,Art, Performing Arts & Design,Communication & Media Studies,Geology, Environmental, Earth & Marine Sciences,Law,Business & Management,Computer Science,Education,Archaeology,Languages, Literature & Linguistics",False,False,False,https://www.timeshighereducation.com/student/register-interest/siuk?utm_medium=thewebsite&utm_campaign=cta-link&utm_source=rankings&iid=i-55980062
150,Brandeis University,46.7,150,25.3,287,27.3,225,90.2,48,33.7,240,40.3,247,private,0,/world-university-rankings/brandeis-university,614,United States,,,,,Brandeis University,"Physics & Astronomy,Art, Performing Arts & Design,Chemistry,Psychology,Education,Accounting & Finance,Mathematics & Statistics,History, Philosophy & Theology,Sociology,Languages, Literature & Linguistics,Biological Sciences,Business & Management,Economics & Econometrics,Computer Science,Politics & International Studies (incl Development Studies)",False,False,False,https://www.timeshighereducation.com/student/register-interest/shorelight?utm_medium=thewebsite&utm_campaign=cta-link&utm_source=rankings&iid=i-49167174
151,University of Aberdeen,46.6,153,30.6,225,32.2,189,67.7,140,44.4,133,84.8,41,master_account,0,/world-university-rankings/university-aberdeen,615,United Kingdom,,,,,University of Aberdeen,"Archaeology,Biological Sciences,Languages, Literature & Linguistics,Other Health,Physics & Astronomy,History, Philosophy & Theology,Chemical Engineering,Psychology,Business & Management,Law,Chemistry,Economics & Econometrics,Geology, Environmental, Earth & Marine Sciences,General Engineering,Politics & International Studies (incl Development Studies),Mechanical & Aerospace Engineering,Electrical & Electronic Engineering,Sociology,Medicine & Dentistry,Geography,Sport Science,Accounting & Finance,Mathematics & Statistics,Civil Engineering,Art, Performing Arts & Design,Education,Computer Science",False,False,False,https://www.timeshighereducation.com/student/register-interest/siuk?utm_medium=thewebsite&utm_campaign=cta-link&utm_source=rankings&iid=i-57429768
151,Free University of Berlin,46.6,152,46.3,106,48.5,93,42.5,281,30.6,286,62.1,145,master_account,0,/world-university-rankings/free-university-berlin,617,Germany,,,,,Free University of Berlin,"Communication & Media Studies,Computer Science,Chemistry,Mathematics & Statistics,Economics & Econometrics,Languages, Literature & Linguistics,Sociology,Biological Sciences,Accounting & Finance,Psychology,Geography,Geology, Environmental, Earth & Marine Sciences,History, Philosophy & Theology,Business & Management,Veterinary Science,Physics & Astronomy,Law,Education,Politics & International Studies (incl Development Studies)",False,False,False,
151,The Chinese University of Hong Kong,46.6,151,47.0,101,50.2,86,37.8,304,36.4,204,69.5,104,master_account,11,/world-university-rankings/chinese-university-hong-kong,662356,Hong Kong,,,,,The Chinese University of Hong Kong CUHK Chinese University of Hong Kong Chinese U,"Computer Science,Law,Geography,Education,Architecture,Sport Science,History, Philosophy & Theology,General Engineering,Art, Performing Arts & Design,Chemistry,Economics & Econometrics,Physics & Astronomy,Communication & Media Studies,Medicine & Dentistry,Geology, Environmental, Earth & Marine Sciences,Accounting & Finance,Sociology,Other Health,Psychology,Mathematics & Statistics,Languages, Literature & Linguistics,Business & Management,Politics & International Studies (incl Development Studies),Biological Sciences,Mechanical & Aerospace Engineering,Electrical & Electronic Engineering",False,False,False,
154,National Taiwan University (NTU),46.2,154,47.8,94,58.5,62,39.2,297,40.0,175,20.7,372,master_account,0,/world-university-rankings/national-taiwan-university-ntu,618,Taiwan,,,,,National Taiwan University (NTU),"Languages, Literature & Linguistics,Chemical Engineering,Communication & Media Studies,Civil Engineering,Archaeology,Computer Science,Geography,Veterinary Science,Physics & Astronomy,Business & Management,Medicine & Dentistry,Sport Science,Art, Performing Arts & Design,Law,Mechanical & Aerospace Engineering,Other Health,Electrical & Electronic Engineering,Economics & Econometrics,Politics & International Studies (incl Development Studies),Architecture,Mathematics & Statistics,Chemistry,Psychology,Geology, Environmental, Earth & Marine Sciences,Biological Sciences,Education,Agriculture & Forestry,Accounting & Finance,Sociology,History, Philosophy & Theology,General Engineering",False,False,False,
154,Yeshiva University,46.2,155,43.6,124,27.0,230,75.3,107,-,402,26.4,332,private,0,/world-university-rankings/yeshiva-university,619,United States,,,,,Yeshiva University,"Accounting & Finance,Art, Performing Arts & Design,Biological Sciences,Business & Management,Chemistry,Computer Science,Economics & Econometrics,Education,History, Philosophy & Theology,Languages, Literature & Linguistics,Mathematics & Statistics,Other Health,Physics & Astronomy,Politics & International Studies (incl Development Studies),Psychology,Sociology",False,False,False,https://www.timeshighereducation.com/student/register-interest/shorelight?utm_medium=thewebsite&utm_campaign=cta-link&utm_source=rankings&iid=i-22876811
156,University of Exeter,46.1,156,31.3,219,33.3,185,67.8,138,35.4,219,73.4,86,master_account,11,/world-university-rankings/university-exeter,620,United Kingdom,,,,,University of Exeter,"Architecture,Biological Sciences,Law,Languages, Literature & Linguistics,Computer Science,Politics & International Studies (incl Development Studies),Accounting & Finance,General Engineering,Physics & Astronomy,Art, Performing Arts & Design,Medicine & Dentistry,Sport Science,Mechanical & Aerospace Engineering,Sociology,Psychology,Civil Engineering,Geology, Environmental, Earth & Marine Sciences,Business & Management,Archaeology,Veterinary Science,Education,History, Philosophy & Theology,Agriculture & Forestry,Geography,Other Health,Mathematics & Statistics,Electrical & Electronic Engineering,Communication & Media Studies,Economics & Econometrics",False,False,False,
157,University of Warwick,46.0,158,39.7,148,44.5,107,45.0,262,31.3,275,85.5,36,master_account,0,/world-university-rankings/university-warwick,622,United Kingdom,,,,,University of Warwick,"Economics & Econometrics,Chemistry,Medicine & Dentistry,Politics & International Studies (incl Development Studies),Art, Performing Arts & Design,Business & Management,Psychology,Education,Communication & Media Studies,Geography,Computer Science,Mathematics & Statistics,Languages, Literature & Linguistics,Biological Sciences,History, Philosophy & Theology,Physics & Astronomy,Accounting & Finance,Electrical & Electronic Engineering,General Engineering,Sociology,Mechanical & Aerospace Engineering,Law,Other Health,Civil Engineering",False,False,False,https://www.timeshighereducation.com/student/register-interest/siuk?utm_medium=thewebsite&utm_campaign=cta-link&utm_source=rankings&iid=i-26364423
157,Erasmus University Rotterdam,46.0,157,28.8,248,27.2,226,77.4,100,45.0,128,65.0,126,master_account,1,/world-university-rankings/erasmus-university-rotterdam,621,Netherlands,,,,,Erasmus University Rotterdam,"Communication & Media Studies,Economics & Econometrics,Medicine & Dentistry,Accounting & Finance,History, Philosophy & Theology,Other Health,Biological Sciences,Education,Mathematics & Statistics,Business & Management,Art, Performing Arts & Design,Psychology,Politics & International Studies (incl Development Studies),Law,Sociology",False,False,False,
159,Radboud University Nijmegen,45.9,159,27.7,264,43.8,112,65.5,150,33.1,248,52.3,188,master_account,11,/world-university-rankings/radboud-university-nijmegen,624,Netherlands,,,,,Radboud University Nijmegen,"Other Health,Psychology,History, Philosophy & Theology,Chemistry,Sociology,Geology, Environmental, Earth & Marine Sciences,Business & Management,Accounting & Finance,Medicine & Dentistry,Law,Communication & Media Studies,Economics & Econometrics,Mathematics & Statistics,Computer Science,Geography,Languages, Literature & Linguistics,Politics & International Studies (incl Development Studies),Physics & Astronomy,Biological Sciences,Education",False,False,False,
159,Vrije Universiteit Amsterdam,45.9,161,30.4,229,35.3,165,70.2,132,63.2,75,48.0,213,master_account,0,/world-university-rankings/vrije-universiteit-amsterdam,625,Netherlands,,,,,Vrije Universiteit Amsterdam,"Geology, Environmental, Earth & Marine Sciences,History, Philosophy & Theology,Art, Performing Arts & Design,Chemistry,Physics & Astronomy,Politics & International Studies (incl Development Studies),Law,Biological Sciences,Business & Management,Other Health,Economics & Econometrics,Languages, Literature & Linguistics,Mathematics & Statistics,Mechanical & Aerospace Engineering,Medicine & Dentistry,Sociology,Archaeology,Education,Communication & Media Studies,Computer Science,Architecture,Geography,Sport Science,Accounting & Finance,Agriculture & Forestry,Psychology",False,False,False,
159,University College Dublin,45.9,160,25.2,288,23.7,254,80.5,87,32.3,261,83.2,44,master_account,1,/world-university-rankings/university-college-dublin,623,Ireland,,,,,University College Dublin,"Electrical & Electronic Engineering,Chemistry,Sociology,Mechanical & Aerospace Engineering,Biological Sciences,Psychology,Civil Engineering,History, Philosophy & Theology,Chemical Engineering,Law,Accounting & Finance,Mathematics & Statistics,Medicine & Dentistry,Veterinary Science,Art, Performing Arts & Design,Architecture,Economics & Econometrics,Physics & Astronomy,Politics & International Studies (incl Development Studies),Computer Science,Education,Business & Management,Geology, Environmental, Earth & Marine Sciences,Other Health,Languages, Literature & Linguistics,Agriculture & Forestry,Communication & Media Studies,Archaeology,Sport Science,Geography",False,False,False,
162,Medical University of South Carolina,45.8,162,43.9,121,38.9,139,56.6,193,87.8,34,23.9,350,master_account,0,/world-university-rankings/medical-university-south-carolina,626,United States,,,,,Medical University of South Carolina,,False,False,False,https://www.timeshighereducation.com/student/register-interest/shorelight?utm_medium=thewebsite&utm_campaign=cta-link&utm_source=rankings&iid=i-65660051
162,Wake Forest University,45.8,163,36.4,178,21.6,274,86.1,64,49.1,115,17.2,392,private,0,/world-university-rankings/wake-forest-university,627,United States,,,,,Wake Forest University,"Mechanical & Aerospace Engineering,Law,Agriculture & Forestry,Education,Languages, Literature & Linguistics,Other Health,Sociology,Biological Sciences,Psychology,Art, Performing Arts & Design,Sport Science,Business & Management,Medicine & Dentistry,Geology, Environmental, Earth & Marine Sciences,General Engineering,Communication & Media Studies,History, Philosophy & Theology,Mathematics & Statistics,Economics & Econometrics,Computer Science,Chemistry,Physics & Astronomy,Accounting & Finance",False,False,False,https://www.timeshighereducation.com/student/register-interest/shorelight?utm_medium=thewebsite&utm_campaign=cta-link&utm_source=rankings&iid=i-03430941
164,Texas A&M University,45.7,164,42.3,132,51.8,83,45.7,259,43.8,135,36.0,269,public,0,/world-university-rankings/texas-am-university,629,United States,,,,,Texas A&M University,"Computer Science,Geography,Other Health,Agriculture & Forestry,Sociology,History, Philosophy & Theology,General Engineering,Geology, Environmental, Earth & Marine Sciences,Archaeology,Chemical Engineering,Chemistry,Mechanical & Aerospace Engineering,Politics & International Studies (incl Development Studies),Languages, Literature & Linguistics,Veterinary Science,Physics & Astronomy,Business & Management,Art, Performing Arts & Design,Biological Sciences,Communication & Media Studies,Accounting & Finance,Medicine & Dentistry,Mathematics & Statistics,Education,Economics & Econometrics,Civil Engineering,Sport Science,Law,Architecture,Electrical & Electronic Engineering,Psychology",False,False,False,
164,University of Reading,45.7,165,36.9,173,38.6,143,55.4,204,31.6,271,75.1,79,master_account,0,/world-university-rankings/university-reading,628,United Kingdom,,,,,University of Reading,"Veterinary Science,Communication & Media Studies,Accounting & Finance,Languages, Literature & Linguistics,Politics & International Studies (incl Development Studies),Chemistry,Mathematics & Statistics,Physics & Astronomy,Archaeology,Business & Management,Education,Chemical Engineering,Economics & Econometrics,Law,Architecture,Psychology,Other Health,Biological Sciences,History, Philosophy & Theology,Civil Engineering,Computer Science,Art, Performing Arts & Design,Geology, Environmental, Earth & Marine Sciences,Agriculture & Forestry,General Engineering,Geography",False,False,False,https://www.timeshighereducation.com/student/register-interest/siuk?utm_medium=thewebsite&utm_campaign=cta-link&utm_source=rankings&iid=i-33306644
166,Tel Aviv University,45.4,166,47.3,99,60.7,54,33.0,333,35.0,224,30.1,303,master_account,0,/world-university-rankings/tel-aviv-university,630,Israel,,,,,Tel Aviv University,"Electrical & Electronic Engineering,Sociology,Art, Performing Arts & Design,Computer Science,Politics & International Studies (incl Development Studies),Economics & Econometrics,Languages, Literature & Linguistics,Mathematics & Statistics,Education,Architecture,Geology, Environmental, Earth & Marine Sciences,Other Health,Agriculture & Forestry,History, Philosophy & Theology,Mechanical & Aerospace Engineering,Geography,Archaeology,Physics & Astronomy,Accounting & Finance,Law,General Engineering,Psychology,Biological Sciences,Chemistry,Business & Management,Medicine & Dentistry,Communication & Media Studies,Sport Science",False,False,False,
167,University of Illinois Chicago,45.2,167,53.3,74,43.9,110,43.3,273,38.6,185,27.2,321,public,0,/world-university-rankings/university-illinois-chicago,631,United States,,,,,University of Illinois Chicago,"Medicine & Dentistry,Mathematics & Statistics,Psychology,Art, Performing Arts & Design,Mechanical & Aerospace Engineering,Sociology,Architecture,Biological Sciences,Law,Other Health,Physics & Astronomy,Accounting & Finance,Computer Science,Chemistry,Business & Management,Archaeology,Sport Science,Education,General Engineering,Geology, Environmental, Earth & Marine Sciences,Economics & Econometrics,Languages, Literature & Linguistics,Civil Engineering,Politics & International Studies (incl Development Studies),Electrical & Electronic Engineering,Communication & Media Studies,History, Philosophy & Theology,Chemical Engineering,Geography",False,False,False,https://www.timeshighereducation.com/student/register-interest/shorelight?utm_medium=thewebsite&utm_campaign=cta-link&utm_source=rankings&iid=i-05828861
168,RWTH Aachen University,45.1,168,36.1,180,25.1,242,67.2,143,61.8,83,67.1,118,master_account,0,/world-university-rankings/rwth-aachen-university,632,Germany,,,,,RWTH Aachen University,"Languages, Literature & Linguistics,Politics & International Studies (incl Development Studies),Accounting & Finance,Business & Management,Chemical Engineering,Sociology,Biological Sciences,History, Philosophy & Theology,Mathematics & Statistics,General Engineering,Electrical & Electronic Engineering,Other Health,Physics & Astronomy,Medicine & Dentistry,Chemistry,Computer Science,Psychology,Economics & Econometrics,Geology, Environmental, Earth & Marine Sciences,Communication & Media Studies,Mechanical & Aerospace Engineering,Geography,Education,Architecture,Civil Engineering",False,False,False,
169,Université Catholique de Louvain,45.0,171,29.2,239,34.7,170,65.5,151,30.8,284,72.5,91,master_account,0,/world-university-rankings/universite-catholique-de-louvain,633,Belgium,,,,,Université Catholique de Louvain,"General Engineering,Physics & Astronomy,Business & Management,Electrical & Electronic Engineering,Chemistry,Accounting & Finance,Architecture,Agriculture & Forestry,Sociology,Other Health,Sport Science,Education,Art, Performing Arts & Design,Mechanical & Aerospace Engineering,Geology, Environmental, Earth & Marine Sciences,Economics & Econometrics,Languages, Literature & Linguistics,Civil Engineering,Communication & Media Studies,Archaeology,Biological Sciences,Geography,Computer Science,Mathematics & Statistics,Psychology,History, Philosophy & Theology,Chemical Engineering,Politics & International Studies (incl Development Studies),Medicine & Dentistry,Veterinary Science,Law",False,False,False,
169,Paris Diderot University – Paris 7,45.0,170,23.3,313,18.7,308,88.9,56,-,384,70.7,98,master_account,0,/world-university-rankings/paris-diderot-university-paris-7,635,France,,,,,Paris Diderot University – Paris 7,,False,False,False,
169,"Nanyang Technological University, Singapore",45.0,169,41.4,137,47.8,96,34.5,325,44.4,132,89.8,20,master_account,11,/world-university-rankings/nanyang-technological-university-singapore,634,Singapore,,,,,"Nanyang Technological University, Singapore NTU Nan yang","Psychology,Geology, Environmental, Earth & Marine Sciences,Chemical Engineering,Politics & International Studies (incl Development Studies),Computer Science,Biological Sciences,General Engineering,History, Philosophy & Theology,Communication & Media Studies,Electrical & Electronic Engineering,Accounting & Finance,Mathematics & Statistics,Sport Science,Medicine & Dentistry,Chemistry,Sociology,Civil Engineering,Art, Performing Arts & Design,Economics & Econometrics,Business & Management,Languages, Literature & Linguistics,Mechanical & Aerospace Engineering,Other Health,Physics & Astronomy,Education",False,False,False,
172,University of Miami,44.8,172,45.7,109,23.3,258,70.3,128,-,396,30.3,302,private,0,/world-university-rankings/university-miami,636,United States,,,,,University of Miami,"Other Health,Physics & Astronomy,Business & Management,Computer Science,Chemistry,Accounting & Finance,Civil Engineering,Sociology,Languages, Literature & Linguistics,Biological Sciences,Education,General Engineering,Communication & Media Studies,Economics & Econometrics,Electrical & Electronic Engineering,Geology, Environmental, Earth & Marine Sciences,Medicine & Dentistry,Art, Performing Arts & Design,Chemical Engineering,Geography,Architecture,Mathematics & Statistics,Psychology,Mechanical & Aerospace Engineering,Politics & International Studies (incl Development Studies),History, Philosophy & Theology,Sport Science,Law",False,False,False,https://www.timeshighereducation.com/student/register-interest/shorelight?utm_medium=thewebsite&utm_campaign=cta-link&utm_source=rankings&iid=i-02632503
173,Queen’s University,44.6,173,39.7,147,36.1,158,49.3,240,87.5,36,65.0,128,master_account,11,/world-university-rankings/queens-university,639,Canada,,,,,Queen’s University Canadian University Research Student Experience,"Mechanical & Aerospace Engineering,Sport Science,Electrical & Electronic Engineering,Accounting & Finance,Education,Geography,Mathematics & Statistics,History, Philosophy & Theology,Politics & International Studies (incl Development Studies),Chemical Engineering,Business & Management,Psychology,Other Health,Civil Engineering,Chemistry,Physics & Astronomy,Geology, Environmental, Earth & Marine Sciences,Medicine & Dentistry,Economics & Econometrics,Law,Art, Performing Arts & Design,Biological Sciences,Sociology,Languages, Literature & Linguistics,General Engineering,Computer Science,Communication & Media Studies,Agriculture & Forestry",False,False,False,https://www.timeshighereducation.com/student/register-interest/applyboard?utm_medium=thewebsite&utm_campaign=cta-link&utm_source=rankings&iid=i-38060122
173,University of Auckland,44.6,174,28.3,254,35.0,167,55.7,199,76.6,51,92.9,9,master_account,0,/world-university-rankings/university-auckland,637,New Zealand,,,,,University of Auckland UOA Auckland University,"Accounting & Finance,Communication & Media Studies,Geography,Politics & International Studies (incl Development Studies),Psychology,Civil Engineering,Art, Performing Arts & Design,Mathematics & Statistics,Archaeology,History, Philosophy & Theology,General Engineering,Mechanical & Aerospace Engineering,Medicine & Dentistry,Computer Science,Law,Sociology,Architecture,Other Health,Physics & Astronomy,Business & Management,Electrical & Electronic Engineering,Education,Languages, Literature & Linguistics,Sport Science,Chemistry,Biological Sciences,Geology, Environmental, Earth & Marine Sciences,Chemical Engineering,Economics & Econometrics",False,False,False,
173,UNSW Sydney,44.6,175,36.1,181,40.2,130,46.8,254,53.1,103,85.1,39,master_account,6,/world-university-rankings/unsw-sydney,638,Australia,,,,,UNSW Sydney unsw australia unsw,"Medicine & Dentistry,Other Health,Chemistry,General Engineering,History, Philosophy & Theology,Architecture,Psychology,Sport Science,Education,Biological Sciences,Languages, Literature & Linguistics,Mechanical & Aerospace Engineering,Sociology,Mathematics & Statistics,Geology, Environmental, Earth & Marine Sciences,Economics & Econometrics,Chemical Engineering,Electrical & Electronic Engineering,Art, Performing Arts & Design,Politics & International Studies (incl Development Studies),Accounting & Finance,Geography,Communication & Media Studies,Computer Science,Law,Civil Engineering,Business & Management,Physics & Astronomy",False,False,False,
176,University of Dundee,44.5,176,20.8,334,20.1,288,87.1,61,55.3,97,62.5,143,master_account,0,/world-university-rankings/university-dundee,640,United Kingdom,,,,,University of Dundee,"Geography,Law,Communication & Media Studies,Economics & Econometrics,Architecture,Mathematics & Statistics,Computer Science,Art, Performing Arts & Design,Physics & Astronomy,History, Philosophy & Theology,Electrical & Electronic Engineering,Other Health,Business & Management,Civil Engineering,Education,Mechanical & Aerospace Engineering,Politics & International Studies (incl Development Studies),Medicine & Dentistry,Psychology,Geology, Environmental, Earth & Marine Sciences,Languages, Literature & Linguistics,Biological Sciences,Accounting & Finance",False,False,False,
177,University of Victoria,44.2,177,16.8,378,31.5,194,79.2,91,26.8,339,70.5,101,master_account,11,/world-university-rankings/university-victoria,641,Canada,,,,,University of Victoria,"Communication & Media Studies,Mechanical & Aerospace Engineering,General Engineering,Sport Science,History, Philosophy & Theology,Languages, Literature & Linguistics,Business & Management,Archaeology,Chemistry,Accounting & Finance,Mathematics & Statistics,Law,Other Health,Computer Science,Politics & International Studies (incl Development Studies),Geography,Sociology,Education,Physics & Astronomy,Economics & Econometrics,Electrical & Electronic Engineering,Geology, Environmental, Earth & Marine Sciences,Civil Engineering,Art, Performing Arts & Design,Biological Sciences,Psychology",False,False,False,https://www.timeshighereducation.com/student/register-interest/applyboard?utm_medium=thewebsite&utm_campaign=cta-link&utm_source=rankings&iid=i-84469642
178,University of São Paulo,44.1,179,61.7,52,58.0,64,18.8,392,33.3,245,22.9,361,master_account,0,/world-university-rankings/university-sao-paulo,642,Brazil,,,,,University of São Paulo,"Politics & International Studies (incl Development Studies),General Engineering,Art, Performing Arts & Design,Biological Sciences,Chemistry,Geography,Architecture,Law,Medicine & Dentistry,Communication & Media Studies,Civil Engineering,Mechanical & Aerospace Engineering,Accounting & Finance,Languages, Literature & Linguistics,Chemical Engineering,Economics & Econometrics,Education,Sociology,Computer Science,Archaeology,Other Health,Psychology,Electrical & Electronic Engineering,Business & Management,Mathematics & Statistics,Geology, Environmental, Earth & Marine Sciences,History, Philosophy & Theology,Agriculture & Forestry,Veterinary Science,Physics & Astronomy,Sport Science",False,False,False,
178,Technical University of Denmark,44.1,178,31.9,215,24.1,251,66.8,144,95.7,27,65.2,124,master_account,0,/world-university-rankings/technical-university-denmark,643,Denmark,,,,,Technical University of Denmark,"Chemical Engineering,Biological Sciences,Agriculture & Forestry,Physics & Astronomy,Other Health,Electrical & Electronic Engineering,Mechanical & Aerospace Engineering,Geology, Environmental, Earth & Marine Sciences,Computer Science,General Engineering,Civil Engineering,Mathematics & Statistics,Chemistry,Veterinary Science",False,False,False,
180,University of Delaware,43.8,180,26.4,276,37.2,150,66.7,146,98.0,21,29.8,308,public,0,/world-university-rankings/university-delaware,644,United States,,,,,University of Delaware,"Communication & Media Studies,General Engineering,Sport Science,History, Philosophy & Theology,Accounting & Finance,Veterinary Science,Business & Management,Sociology,Other Health,Physics & Astronomy,Chemical Engineering,Art, Performing Arts & Design,Languages, Literature & Linguistics,Mechanical & Aerospace Engineering,Geography,Politics & International Studies (incl Development Studies),Psychology,Mathematics & Statistics,Agriculture & Forestry,Architecture,Chemistry,Civil Engineering,Economics & Econometrics,Biological Sciences,Education,Geology, Environmental, Earth & Marine Sciences,Computer Science,Electrical & Electronic Engineering",False,False,False,https://www.timeshighereducation.com/student/register-interest/shorelight?utm_medium=thewebsite&utm_campaign=cta-link&utm_source=rankings&iid=i-60250683
181,Goethe University Frankfurt,43.6,181,30.5,227,21.7,273,75.1,108,42.4,145,57.6,161,master_account,0,/world-university-rankings/goethe-university-frankfurt,645,Germany,,,,,Goethe University Frankfurt,"History, Philosophy & Theology,Physics & Astronomy,Accounting & Finance,Languages, Literature & Linguistics,Geology, Environmental, Earth & Marine Sciences,Economics & Econometrics,Computer Science,Psychology,Sport Science,Law,Art, Performing Arts & Design,Mathematics & Statistics,Business & Management,Politics & International Studies (incl Development Studies),Archaeology,Chemistry,Agriculture & Forestry,Biological Sciences,Education,Medicine & Dentistry,Sociology,Other Health,Geography",False,False,False,
181,University of Liverpool,43.6,182,34.8,190,33.5,182,55.6,201,37.1,195,73.1,87,master_account,11,/world-university-rankings/university-liverpool,646,United Kingdom,,,,,University of Liverpool,"Communication & Media Studies,Medicine & Dentistry,Physics & Astronomy,Accounting & Finance,Biological Sciences,Geography,Archaeology,Architecture,Politics & International Studies (incl Development Studies),Mathematics & Statistics,Economics & Econometrics,Civil Engineering,Business & Management,Law,Computer Science,Geology, Environmental, Earth & Marine Sciences,Languages, Literature & Linguistics,Sociology,Psychology,Veterinary Science,Mechanical & Aerospace Engineering,Chemistry,Electrical & Electronic Engineering,Other Health,General Engineering,History, Philosophy & Theology",False,False,False,https://www.timeshighereducation.com/student/register-interest/siuk?utm_medium=thewebsite&utm_campaign=cta-link&utm_source=rankings&iid=i-48205864
181,University of Oslo,43.6,183,33.5,201,36.9,153,56.6,194,29.0,306,63.9,134,master_account,0,/world-university-rankings/university-oslo,647,Norway,,,,,University of Oslo,"Geology, Environmental, Earth & Marine Sciences,Sociology,Communication & Media Studies,Politics & International Studies (incl Development Studies),Archaeology,Art, Performing Arts & Design,History, Philosophy & Theology,Geography,Education,Psychology,Physics & Astronomy,Agriculture & Forestry,Computer Science,Other Health,Languages, Literature & Linguistics,Mathematics & Statistics,Law,Medicine & Dentistry,Chemistry,Economics & Econometrics,Biological Sciences",False,False,False,
184,Iowa State University,43.4,184,32.8,205,30.1,205,70.4,127,49.2,114,28.3,315,public,0,/world-university-rankings/iowa-state-university,648,United States,,,,,Iowa State University,"History, Philosophy & Theology,Communication & Media Studies,Geology, Environmental, Earth & Marine Sciences,Education,Languages, Literature & Linguistics,Chemical Engineering,Veterinary Science,Mathematics & Statistics,Sociology,Computer Science,Agriculture & Forestry,Electrical & Electronic Engineering,Other Health,Sport Science,Psychology,Civil Engineering,Art, Performing Arts & Design,Geography,General Engineering,Architecture,Business & Management,Economics & Econometrics,Physics & Astronomy,Chemistry,Accounting & Finance,Politics & International Studies (incl Development Studies),Mechanical & Aerospace Engineering,Biological Sciences",False,False,False,https://www.timeshighereducation.com/student/register-interest/shorelight?utm_medium=thewebsite&utm_campaign=cta-link&utm_source=rankings&iid=i-66451983
185,University of Ottawa,43.2,185,38.9,154,34.8,168,54.8,208,36.9,198,49.6,199,master_account,0,/world-university-rankings/university-ottawa,649,Canada,,,,,University of Ottawa,"Medicine & Dentistry,Mathematics & Statistics,Politics & International Studies (incl Development Studies),Geology, Environmental, Earth & Marine Sciences,Chemistry,Communication & Media Studies,Mechanical & Aerospace Engineering,Languages, Literature & Linguistics,Education,Sport Science,Business & Management,Computer Science,General Engineering,Electrical & Electronic Engineering,Sociology,Accounting & Finance,Civil Engineering,Chemical Engineering,Art, Performing Arts & Design,Psychology,Geography,Biological Sciences,Physics & Astronomy,Law,Other Health,History, Philosophy & Theology,Economics & Econometrics",False,False,False,https://www.timeshighereducation.com/student/register-interest/applyboard?utm_medium=thewebsite&utm_campaign=cta-link&utm_source=rankings&iid=i-65998905
186,Pompeu Fabra University,43.1,186,23.4,311,16.1,341,87.6,59,37.6,191,54.3,180,master_account,0,/world-university-rankings/pompeu-fabra-university,650,Spain,,,,,Pompeu Fabra University,"Languages, Literature & Linguistics,Sociology,Communication & Media Studies,Computer Science,History, Philosophy & Theology,Economics & Econometrics,Medicine & Dentistry,Biological Sciences,General Engineering,Accounting & Finance,Business & Management,Education,Politics & International Studies (incl Development Studies),Law,Art, Performing Arts & Design",False,False,False,
187,KTH Royal Institute of Technology,43.0,187,40.9,140,39.5,135,34.1,328,100.0,6,82.1,49,master_account,6,/world-university-rankings/kth-royal-institute-technology,651,Sweden,,,,,KTH Royal Institute of Technology,"Education,History, Philosophy & Theology,General Engineering,Business & Management,Mechanical & Aerospace Engineering,Mathematics & Statistics,Computer Science,Biological Sciences,Architecture,Chemical Engineering,Economics & Econometrics,Geology, Environmental, Earth & Marine Sciences,Electrical & Electronic Engineering,Chemistry,Physics & Astronomy,Civil Engineering",False,False,False,
187,University of Tübingen,43.0,188,34.4,193,24.1,252,67.6,141,31.0,281,58.1,157,master_account,0,/world-university-rankings/university-tubingen,652,Germany,,,,,University of Tübingen,"Archaeology,Politics & International Studies (incl Development Studies),Languages, Literature & Linguistics,Sport Science,History, Philosophy & Theology,Psychology,Medicine & Dentistry,Physics & Astronomy,Mathematics & Statistics,Chemistry,Sociology,Biological Sciences,Education,Communication & Media Studies,Business & Management,Computer Science,Accounting & Finance,Other Health,Geography,Economics & Econometrics,Law,Geology, Environmental, Earth & Marine Sciences",False,False,False,
189,University of Freiburg,42.9,189,35.7,183,18.7,309,67.8,139,81.8,41,55.6,175,master_account,0,/world-university-rankings/university-freiburg,653,Germany,,,,,University of Freiburg,"Mathematics & Statistics,Art, Performing Arts & Design,Politics & International Studies (incl Development Studies),History, Philosophy & Theology,Business & Management,Sport Science,Communication & Media Studies,Languages, Literature & Linguistics,Medicine & Dentistry,Sociology,Archaeology,Physics & Astronomy,Economics & Econometrics,Other Health,Geology, Environmental, Earth & Marine Sciences,Agriculture & Forestry,Electrical & Electronic Engineering,Law,Education,Geography,Psychology,Computer Science,Biological Sciences,Chemistry",False,False,False,
189,The University of Western Australia,42.9,190,32.1,214,35.8,161,47.8,250,58.7,92,90.0,18,master_account,0,/world-university-rankings/university-western-australia,654,Australia,,,,,The University of Western Australia,"General Engineering,Mathematics & Statistics,Politics & International Studies (incl Development Studies),Computer Science,Languages, Literature & Linguistics,Agriculture & Forestry,Psychology,Communication & Media Studies,Business & Management,Electrical & Electronic Engineering,Sport Science,Medicine & Dentistry,Chemistry,Accounting & Finance,Art, Performing Arts & Design,Education,Other Health,Physics & Astronomy,Economics & Econometrics,Biological Sciences,Geography,Geology, Environmental, Earth & Marine Sciences,History, Philosophy & Theology,Civil Engineering,Architecture,Chemical Engineering,Archaeology,Sociology,Law,Mechanical & Aerospace Engineering,Veterinary Science",False,False,False,https://www.timeshighereducation.com/student/register-interest/aecc?utm_medium=thewebsite&utm_campaign=cta-link&utm_source=rankings&iid=i-74036713
191,University of Bergen,42.8,191,29.0,242,26.6,233,65.2,152,42.1,149,73.5,85,master_account,0,/world-university-rankings/university-bergen,655,Norway,,,,,University of Bergen,"Chemistry,Other Health,Sociology,Biological Sciences,Education,Mathematics & Statistics,Psychology,History, Philosophy & Theology,Communication & Media Studies,Art, Performing Arts & Design,Geology, Environmental, Earth & Marine Sciences,Geography,Archaeology,Politics & International Studies (incl Development Studies),Computer Science,Law,Medicine & Dentistry,Economics & Econometrics,Languages, Literature & Linguistics,Physics & Astronomy",False,False,False,
192,University of Science and Technology of China,42.7,192,38.9,155,23.5,257,73.6,114,29.7,296,14.8,397,master_account,11,/world-university-rankings/university-science-and-technology-china,656,China,,,,,University of Science and Technology of China USTC China University of Science and Technology,"Computer Science,Biological Sciences,Geology, Environmental, Earth & Marine Sciences,Languages, Literature & Linguistics,Chemistry,Other Health,Physics & Astronomy,Chemical Engineering,Business & Management,History, Philosophy & Theology,Accounting & Finance,Economics & Econometrics,Mathematics & Statistics,Law,Communication & Media Studies,Electrical & Electronic Engineering,General Engineering,Archaeology",False,False,False,
193,City University of Hong Kong,42.6,193,30.2,231,35.0,166,57.4,187,50.1,109,61.6,147,master_account,11,/world-university-rankings/city-university-hong-kong,657,Hong Kong,,,,,City University of Hong Kong CityU HK,"History, Philosophy & Theology,Other Health,Geology, Environmental, Earth & Marine Sciences,Civil Engineering,Veterinary Science,Physics & Astronomy,Psychology,Art, Performing Arts & Design,Chemistry,General Engineering,Sociology,Mathematics & Statistics,Biological Sciences,Medicine & Dentistry,Business & Management,Computer Science,Mechanical & Aerospace Engineering,Accounting & Finance,Economics & Econometrics,Law,Communication & Media Studies,Politics & International Studies (incl Development Studies),Languages, Literature & Linguistics,Architecture,Electrical & Electronic Engineering,Chemical Engineering",False,False,False,
194,University of Konstanz,42.5,194,29.0,244,29.7,211,62.8,163,49.9,111,63.7,137,master_account,0,/world-university-rankings/university-konstanz,658,Germany,,,,,University of Konstanz,"Languages, Literature & Linguistics,Sociology,Sport Science,Accounting & Finance,Biological Sciences,Psychology,Communication & Media Studies,Physics & Astronomy,Economics & Econometrics,History, Philosophy & Theology,Law,Computer Science,Education,Art, Performing Arts & Design,Politics & International Studies (incl Development Studies),Chemistry,Mathematics & Statistics,Business & Management",False,False,False,
195,Boston College,42.4,195,26.5,271,18.9,302,83.5,77,24.2,365,41.4,241,private,0,/world-university-rankings/boston-college,659,United States,,,,,Boston College,"Geology, Environmental, Earth & Marine Sciences,Languages, Literature & Linguistics,Sociology,History, Philosophy & Theology,Business & Management,Accounting & Finance,Mathematics & Statistics,Education,Computer Science,Biological Sciences,Physics & Astronomy,Law,Economics & Econometrics,Medicine & Dentistry,Art, Performing Arts & Design,Communication & Media Studies,Psychology,General Engineering,Chemistry,Politics & International Studies (incl Development Studies)",False,False,False,https://www.timeshighereducation.com/student/register-interest/shorelight?utm_medium=thewebsite&utm_campaign=cta-link&utm_source=rankings&iid=i-48283681
196,Karlsruhe Institute of Technology,41.6,196,34.6,192,19.6,296,65.5,149,35.6,213,64.9,129,master_account,0,/world-university-rankings/karlsruhe-institute-technology,660,Germany,,,,,Karlsruhe Institute of Technology,"Economics & Econometrics,General Engineering,Communication & Media Studies,Education,Electrical & Electronic Engineering,Civil Engineering,Geography,Sport Science,Chemistry,Computer Science,Chemical Engineering,Mathematics & Statistics,Geology, Environmental, Earth & Marine Sciences,Accounting & Finance,Agriculture & Forestry,Art, Performing Arts & Design,Architecture,Biological Sciences,Physics & Astronomy,Mechanical & Aerospace Engineering,History, Philosophy & Theology,Business & Management",False,False,False,
197,Maastricht University,41.5,198,30.6,224,30.5,200,53.9,210,-,381,86.4,34,master_account,6,/world-university-rankings/maastricht-university,663,Netherlands,,,,,Maastricht University,"Biological Sciences,Business & Management,Communication & Media Studies,Other Health,Sociology,Chemistry,Computer Science,Law,History, Philosophy & Theology,Politics & International Studies (incl Development Studies),Medicine & Dentistry,Education,Art, Performing Arts & Design,Economics & Econometrics,Languages, Literature & Linguistics,Psychology",False,False,False,
197,Georgia Health Sciences University,41.5,197,49.0,90,14.2,362,63.5,157,40.7,165,32.1,291,master_account,0,/world-university-rankings/georgia-health-sciences-university,661,United States,,,,,Georgia Health Sciences University,,False,False,False,https://www.timeshighereducation.com/student/register-interest/shorelight?utm_medium=thewebsite&utm_campaign=cta-link&utm_source=rankings&iid=i-08771424
197,University of Leicester,41.5,199,27.6,265,30.3,204,56.3,196,34.4,234,84.9,40,master_account,0,/world-university-rankings/university-leicester,662,United Kingdom,,,,,University of Leicester uk united kingdom leicester,"Civil Engineering,Sociology,Mechanical & Aerospace Engineering,Economics & Econometrics,Art, Performing Arts & Design,Languages, Literature & Linguistics,Electrical & Electronic Engineering,Medicine & Dentistry,Business & Management,History, Philosophy & Theology,Mathematics & Statistics,Psychology,General Engineering,Chemistry,Agriculture & Forestry,Education,Communication & Media Studies,Chemical Engineering,Politics & International Studies (incl Development Studies),Biological Sciences,Law,Archaeology,Veterinary Science,Geology, Environmental, Earth & Marine Sciences,Accounting & Finance,Computer Science,Geography,Sport Science,Other Health,Physics & Astronomy",False,False,False,https://www.timeshighereducation.com/student/register-interest/siuk?utm_medium=thewebsite&utm_campaign=cta-link&utm_source=rankings&iid=i-37055783
200,University of Twente,41.4,200,32.9,204,30.4,203,54.4,209,76.8,50,56.2,171,master_account,0,/world-university-rankings/university-twente,664,Netherlands,,,,,University of Twente,"General Engineering,Geology, Environmental, Earth & Marine Sciences,Economics & Econometrics,Computer Science,Mathematics & Statistics,Business & Management,History, Philosophy & Theology,Agriculture & Forestry,Politics & International Studies (incl Development Studies),Electrical & Electronic Engineering,Chemistry,Civil Engineering,Geography,Other Health,Communication & Media Studies,Medicine & Dentistry,Physics & Astronomy,Education,Chemical Engineering,Law,Biological Sciences,Psychology,Mechanical & Aerospace Engineering,Sociology",False,False,False,
201-225,Université Libre de Bruxelles,-,313,23.6,308,25.9,238,53.5,212,52.8,104,80.4,57,master_account,0,/world-university-rankings/universite-libre-de-bruxelles,669,Belgium,,,,,Université Libre de Bruxelles,"Architecture,Psychology,Art, Performing Arts & Design,Computer Science,Geography,Veterinary Science,Civil Engineering,Sociology,Mathematics & Statistics,Chemistry,Accounting & Finance,General Engineering,Other Health,Geology, Environmental, Earth & Marine Sciences,Agriculture & Forestry,Sport Science,Business & Management,Languages, Literature & Linguistics,Physics & Astronomy,Education,Electrical & Electronic Engineering,Chemical Engineering,Politics & International Studies (incl Development Studies),History, Philosophy & Theology,Economics & Econometrics,Law,Archaeology,Mechanical & Aerospace Engineering,Medicine & Dentistry,Communication & Media Studies,Biological Sciences",False,False,False,
201-225,Ulm University,-,311,40.8,142,18.8,306,46.7,255,69.8,62,50.8,194,master_account,0,/world-university-rankings/ulm-university,687,Germany,,,,,Ulm University,"Biological Sciences,Education,Chemical Engineering,Chemistry,Other Health,Physics & Astronomy,Sport Science,Medicine & Dentistry,Electrical & Electronic Engineering,Computer Science,Mathematics & Statistics,Psychology",False,False,False,
201-225,University of Waterloo,-,385,35.8,182,44.2,108,32.5,335,32.7,257,62.1,146,master_account,0,/world-university-rankings/university-waterloo,689,Canada,,,,,University of Waterloo,"Communication & Media Studies,Computer Science,Art, Performing Arts & Design,Mechanical & Aerospace Engineering,History, Philosophy & Theology,Mathematics & Statistics,Accounting & Finance,Archaeology,Civil Engineering,Geography,Economics & Econometrics,Chemical Engineering,Psychology,Architecture,Physics & Astronomy,General Engineering,Geology, Environmental, Earth & Marine Sciences,Electrical & Electronic Engineering,Sociology,Languages, Literature & Linguistics,Biological Sciences,Business & Management,Other Health,Chemistry,Politics & International Studies (incl Development Studies)",False,False,False,
201-225,University at Buffalo,-,314,44.3,118,35.6,163,42.0,284,40.9,162,49.2,202,public,0,/world-university-rankings/university-buffalo,670,United States,,,,,University at Buffalo,"Archaeology,Chemical Engineering,Politics & International Studies (incl Development Studies),Biological Sciences,Communication & Media Studies,Art, Performing Arts & Design,Computer Science,Medicine & Dentistry,Civil Engineering,Law,Languages, Literature & Linguistics,Business & Management,Economics & Econometrics,Mechanical & Aerospace Engineering,Chemistry,Sociology,Sport Science,Accounting & Finance,History, Philosophy & Theology,Education,Physics & Astronomy,Geology, Environmental, Earth & Marine Sciences,General Engineering,Mathematics & Statistics,Other Health,Geography,Psychology,Architecture,Agriculture & Forestry,Electrical & Electronic Engineering",False,False,False,https://www.timeshighereducation.com/student/register-interest/shorelight?utm_medium=thewebsite&utm_campaign=cta-link&utm_source=rankings&iid=i-57536803
201-225,Umeå University,-,312,20.8,333,29.2,213,59.4,176,26.3,344,52.0,189,master_account,0,/world-university-rankings/umea-university,688,Sweden,,,,,Umeå University,"Medicine & Dentistry,Geology, Environmental, Earth & Marine Sciences,Law,Computer Science,Communication & Media Studies,Psychology,Other Health,Accounting & Finance,Languages, Literature & Linguistics,Electrical & Electronic Engineering,Physics & Astronomy,Business & Management,Art, Performing Arts & Design,General Engineering,Chemistry,Education,Architecture,Civil Engineering,Mathematics & Statistics,Chemical Engineering,Economics & Econometrics,Archaeology,Biological Sciences,Politics & International Studies (incl Development Studies),Agriculture & Forestry,Sociology,History, Philosophy & Theology,Mechanical & Aerospace Engineering,Sport Science,Geography",False,False,False,
201-225,Cardiff University,-,216,28.9,245,34.0,177,51.7,222,35.5,216,67.8,113,master_account,11,/world-university-rankings/cardiff-university,671,United Kingdom,,,,,Cardiff University,"Education,Accounting & Finance,Chemical Engineering,Chemistry,Psychology,Geography,Biological Sciences,Law,Other Health,Mathematics & Statistics,General Engineering,Medicine & Dentistry,Communication & Media Studies,Economics & Econometrics,Languages, Literature & Linguistics,Electrical & Electronic Engineering,History, Philosophy & Theology,Mechanical & Aerospace Engineering,Business & Management,Computer Science,Politics & International Studies (incl Development Studies),Geology, Environmental, Earth & Marine Sciences,Architecture,Civil Engineering,Sociology,Art, Performing Arts & Design,Physics & Astronomy,Archaeology",False,False,False,https://www.timeshighereducation.com/student/register-interest/siuk?utm_medium=thewebsite&utm_campaign=cta-link&utm_source=rankings&iid=i-50330553
201-225,Western University,-,397,38.8,156,34.3,175,38.5,302,41.9,154,55.7,174,master_account,11,/world-university-rankings/western-university,690,Canada,,,,,Western University,"Mechanical & Aerospace Engineering,Sport Science,Physics & Astronomy,Chemistry,Business & Management,Communication & Media Studies,Computer Science,Civil Engineering,Law,Mathematics & Statistics,Politics & International Studies (incl Development Studies),Geography,Sociology,Education,Psychology,Other Health,Languages, Literature & Linguistics,General Engineering,Electrical & Electronic Engineering,Economics & Econometrics,Chemical Engineering,Archaeology,History, Philosophy & Theology,Accounting & Finance,Medicine & Dentistry,Biological Sciences,Art, Performing Arts & Design,Geology, Environmental, Earth & Marine Sciences",False,False,False,https://www.timeshighereducation.com/student/register-interest/applyboard?utm_medium=thewebsite&utm_campaign=cta-link&utm_source=rankings&iid=i-91582771
201-225,University of Cincinnati – Uptown,-,325,29.0,243,24.9,243,69.0,136,32.9,250,20.6,375,public,0,/world-university-rankings/university-cincinnati-uptown,672,United States,,,,,University of Cincinnati – Uptown,"Mathematics & Statistics,Architecture,Business & Management,Medicine & Dentistry,General Engineering,Law,Geography,Psychology,Art, Performing Arts & Design,History, Philosophy & Theology,Biological Sciences,Communication & Media Studies,Accounting & Finance,Mechanical & Aerospace Engineering,Civil Engineering,Sociology,Geology, Environmental, Earth & Marine Sciences,Chemical Engineering,Languages, Literature & Linguistics,Archaeology,Education,Agriculture & Forestry,Other Health,Economics & Econometrics,Electrical & Electronic Engineering,Chemistry,Politics & International Studies (incl Development Studies),Physics & Astronomy,Computer Science",False,False,False,https://www.timeshighereducation.com/student/register-interest/shorelight?utm_medium=thewebsite&utm_campaign=cta-link&utm_source=rankings&iid=i-56367118
201-225,University of Würzburg,-,387,31.3,221,18.0,319,63.0,161,27.9,322,44.0,232,master_account,0,/world-university-rankings/university-wurzburg,691,Germany,,,,,University of Würzburg,"Geography,Psychology,History, Philosophy & Theology,Sociology,Education,Art, Performing Arts & Design,Computer Science,Other Health,Politics & International Studies (incl Development Studies),Medicine & Dentistry,Sport Science,Business & Management,Languages, Literature & Linguistics,Veterinary Science,Archaeology,Mathematics & Statistics,Economics & Econometrics,Communication & Media Studies,Biological Sciences,Law,Chemistry,Accounting & Finance,Mechanical & Aerospace Engineering,Geology, Environmental, Earth & Marine Sciences,Agriculture & Forestry,Chemical Engineering,Physics & Astronomy",False,False,False,
201-225,Colorado School of Mines,-,222,24.6,297,22.8,262,63.7,156,99.4,16,38.4,253,public,0,/world-university-rankings/colorado-school-mines,673,United States,,,,,Colorado School of Mines,"Geography,Mathematics & Statistics,General Engineering,Computer Science,Physics & Astronomy,Chemical Engineering,Mechanical & Aerospace Engineering,Chemistry,Geology, Environmental, Earth & Marine Sciences,Electrical & Electronic Engineering,Business & Management,Civil Engineering,Economics & Econometrics",False,False,False,https://www.timeshighereducation.com/student/register-interest/shorelight?utm_medium=thewebsite&utm_campaign=cta-link&utm_source=rankings&iid=i-08832472
201-225,University of Georgia (USA),-,331,44.4,117,36.4,156,37.3,308,27.7,324,30.6,300,public,0,/world-university-rankings/university-georgia-usa,675,United States,,,,,University of Georgia (USA),"Art, Performing Arts & Design,Computer Science,Sport Science,Education,Medicine & Dentistry,Veterinary Science,Geography,Languages, Literature & Linguistics,Mechanical & Aerospace Engineering,Communication & Media Studies,Economics & Econometrics,History, Philosophy & Theology,Civil Engineering,Geology, Environmental, Earth & Marine Sciences,Archaeology,Chemical Engineering,Politics & International Studies (incl Development Studies),Other Health,Biological Sciences,Law,Mathematics & Statistics,Psychology,General Engineering,Physics & Astronomy,Business & Management,Architecture,Agriculture & Forestry,Sociology,Electrical & Electronic Engineering,Chemistry,Accounting & Finance",False,False,False,https://www.timeshighereducation.com/student/register-interest/shorelight?utm_medium=thewebsite&utm_campaign=cta-link&utm_source=rankings&iid=i-14747593
201-225,University of Gothenburg,-,332,25.8,281,37.7,146,55.7,200,37.7,188,48.4,210,master_account,0,/world-university-rankings/university-gothenburg,676,Sweden,,,,,University of Gothenburg,"Economics & Econometrics,Biological Sciences,Medicine & Dentistry,Veterinary Science,Law,Communication & Media Studies,Other Health,Archaeology,History, Philosophy & Theology,Chemistry,Languages, Literature & Linguistics,Art, Performing Arts & Design,Accounting & Finance,Business & Management,Geology, Environmental, Earth & Marine Sciences,Politics & International Studies (incl Development Studies),Mathematics & Statistics,Sport Science,Geography,Computer Science,Physics & Astronomy,Education,Psychology,Sociology",False,False,False,
201-225,University of Innsbruck,-,342,23.1,316,13.8,371,65.7,148,32.8,253,90.7,15,master_account,0,/world-university-rankings/university-innsbruck,677,Austria,,,,,University of Innsbruck,"Accounting & Finance,Civil Engineering,Law,Electrical & Electronic Engineering,Other Health,Business & Management,Chemistry,History, Philosophy & Theology,Psychology,Physics & Astronomy,Chemical Engineering,Geology, Environmental, Earth & Marine Sciences,Archaeology,Education,Politics & International Studies (incl Development Studies),Architecture,Biological Sciences,Economics & Econometrics,Sociology,Languages, Literature & Linguistics,Sport Science,Mathematics & Statistics,Communication & Media Studies,General Engineering,Computer Science,Geography",False,False,False,
201-225,University of Medicine and Dentistry of New Jersey,-,350,48.5,91,14.4,360,55.6,202,34.3,236,31.0,295,master_account,0,/world-university-rankings/university-of-medicine-and-dentistry-of-new-jersey,678,United States,,,,,University of Medicine and Dentistry of New Jersey,,False,False,False,https://www.timeshighereducation.com/student/register-interest/shorelight?utm_medium=thewebsite&utm_campaign=cta-link&utm_source=rankings&iid=i-49269641
201-225,Nagoya University,-,265,45.5,110,39.2,136,43.8,270,33.1,247,21.2,368,master_account,0,/world-university-rankings/nagoya-university,679,Japan,,,,,Nagoya University,"Other Health,Mathematics & Statistics,Education,Electrical & Electronic Engineering,Physics & Astronomy,Business & Management,Computer Science,Agriculture & Forestry,Sociology,History, Philosophy & Theology,Geology, Environmental, Earth & Marine Sciences,Economics & Econometrics,Archaeology,Civil Engineering,Communication & Media Studies,Biological Sciences,Geography,Medicine & Dentistry,Chemical Engineering,Politics & International Studies (incl Development Studies),Architecture,Mechanical & Aerospace Engineering,Psychology,Sport Science,Law,Languages, Literature & Linguistics,General Engineering,Chemistry,Accounting & Finance",False,False,False,
201-225,National Tsing Hua University,-,272,42.7,128,44.5,106,39.7,294,46.8,124,17.7,391,master_account,0,/world-university-rankings/national-tsing-hua-university,680,Taiwan,,,,,National Tsing Hua University,"Civil Engineering,Politics & International Studies (incl Development Studies),Education,Languages, Literature & Linguistics,Physics & Astronomy,Psychology,Chemical Engineering,Sociology,Business & Management,Accounting & Finance,Electrical & Electronic Engineering,History, Philosophy & Theology,Chemistry,Computer Science,Mechanical & Aerospace Engineering,Art, Performing Arts & Design,Medicine & Dentistry,Other Health,Economics & Econometrics,Archaeology,Law,Sport Science,Mathematics & Statistics,General Engineering,Communication & Media Studies,Biological Sciences",False,False,False,
201-225,"Northeastern University, US",-,276,30.4,228,18.9,304,70.0,133,31.1,277,38.0,258,private,0,/world-university-rankings/northeastern-university-us,681,United States,,,,,"Northeastern University, US","General Engineering,History, Philosophy & Theology,Education,Sport Science,Chemical Engineering,Chemistry,Business & Management,Biological Sciences,Computer Science,Mechanical & Aerospace Engineering,Medicine & Dentistry,Politics & International Studies (incl Development Studies),Art, Performing Arts & Design,Law,Economics & Econometrics,Sociology,Civil Engineering,Physics & Astronomy,Communication & Media Studies,Other Health,Mathematics & Statistics,Geography,Architecture,Psychology,Electrical & Electronic Engineering,Geology, Environmental, Earth & Marine Sciences,Languages, Literature & Linguistics,Accounting & Finance,Veterinary Science",False,False,False,https://www.timeshighereducation.com/student/register-interest/shorelight?utm_medium=thewebsite&utm_campaign=cta-link&utm_source=rankings&iid=i-63575831
201-225,Universitat Autònoma de Barcelona (UAB),-,207,33.7,200,27.9,222,57.9,183,37.0,196,45.9,223,master_account,1,/world-university-rankings/universitat-autonoma-de-barcelona-uab,666,Spain,,,,,Universitat Autònoma de Barcelona (UAB) uab,"Economics & Econometrics,Languages, Literature & Linguistics,Electrical & Electronic Engineering,Geology, Environmental, Earth & Marine Sciences,Computer Science,Business & Management,Mathematics & Statistics,Veterinary Science,Politics & International Studies (incl Development Studies),Sociology,Mechanical & Aerospace Engineering,History, Philosophy & Theology,Geography,Accounting & Finance,Sport Science,Other Health,Art, Performing Arts & Design,Physics & Astronomy,Chemical Engineering,Psychology,General Engineering,Medicine & Dentistry,Chemistry,Communication & Media Studies,Archaeology,Law,Agriculture & Forestry,Education,Biological Sciences",False,False,False,
201-225,University of South Carolina-Columbia,-,365,34.3,195,29.3,212,52.1,220,27.3,331,26.0,335,public,0,/world-university-rankings/university-south-carolina-columbia,683,United States,,,,,University of South Carolina-Columbia,"General Engineering,Chemistry,Geography,Medicine & Dentistry,Business & Management,Education,Physics & Astronomy,Biological Sciences,Accounting & Finance,Chemical Engineering,Electrical & Electronic Engineering,Sport Science,Law,Languages, Literature & Linguistics,Communication & Media Studies,Mechanical & Aerospace Engineering,Sociology,Computer Science,Other Health,Geology, Environmental, Earth & Marine Sciences,Psychology,History, Philosophy & Theology,Economics & Econometrics,Civil Engineering,Art, Performing Arts & Design,Politics & International Studies (incl Development Studies),Mathematics & Statistics",False,False,False,https://www.timeshighereducation.com/student/register-interest/shorelight?utm_medium=thewebsite&utm_campaign=cta-link&utm_source=rankings&iid=i-43280749
201-225,University of Barcelona,-,319,24.5,299,22.2,267,71.9,123,29.5,298,44.1,231,master_account,11,/world-university-rankings/university-barcelona,667,Spain,,,,,University of Barcelona,"Chemistry,History, Philosophy & Theology,Accounting & Finance,Art, Performing Arts & Design,General Engineering,Sociology,Biological Sciences,Sport Science,Other Health,Mathematics & Statistics,Economics & Econometrics,Medicine & Dentistry,Business & Management,Law,Electrical & Electronic Engineering,Computer Science,Education,Communication & Media Studies,Chemical Engineering,Physics & Astronomy,Politics & International Studies (incl Development Studies),Geology, Environmental, Earth & Marine Sciences,Languages, Literature & Linguistics,Geography,Agriculture & Forestry,Archaeology,Psychology",False,False,False,
201-225,University of Strasbourg,-,369,26.7,270,17.3,327,70.3,129,32.1,265,70.4,102,master_account,0,/world-university-rankings/university-strasbourg,684,France,,,,,University of Strasbourg,"Education,Biological Sciences,Business & Management,Psychology,Sport Science,Computer Science,Other Health,Politics & International Studies (incl Development Studies),Civil Engineering,Mechanical & Aerospace Engineering,Accounting & Finance,Chemistry,Geology, Environmental, Earth & Marine Sciences,Sociology,Languages, Literature & Linguistics,Art, Performing Arts & Design,Electrical & Electronic Engineering,Geography,History, Philosophy & Theology,Archaeology,Physics & Astronomy,General Engineering,Mathematics & Statistics,Medicine & Dentistry,Law,Chemical Engineering,Economics & Econometrics,Communication & Media Studies",False,False,False,
201-225,University of Essex,-,329,31.7,217,35.9,160,37.0,309,28.3,314,90.1,16,master_account,0,/world-university-rankings/university-essex,674,United Kingdom,,,,,University of Essex,"Computer Science,Psychology,Art, Performing Arts & Design,Law,Electrical & Electronic Engineering,Business & Management,Communication & Media Studies,Languages, Literature & Linguistics,Mathematics & Statistics,History, Philosophy & Theology,Economics & Econometrics,Biological Sciences,Accounting & Finance,Sport Science,Other Health,Sociology,General Engineering,Politics & International Studies (incl Development Studies)",False,False,False,https://www.timeshighereducation.com/student/register-interest/siuk?utm_medium=thewebsite&utm_campaign=cta-link&utm_source=rankings&iid=i-74984323
201-225,Technion Israel Institute of Technology,-,302,38.7,158,45.0,104,34.0,329,33.6,242,48.9,205,master_account,0,/world-university-rankings/technion-israel-institute-technology,685,Israel,,,,,Technion Israel Institute of Technology,"Physics & Astronomy,Biological Sciences,Other Health,Chemical Engineering,Electrical & Electronic Engineering,Chemistry,Education,Architecture,Mechanical & Aerospace Engineering,Computer Science,Geology, Environmental, Earth & Marine Sciences,Business & Management,General Engineering,Civil Engineering,Sociology,Mathematics & Statistics",False,False,False,
201-225,University of Otago,-,358,24.5,300,28.0,221,48.0,248,27.8,323,88.8,26,master_account,0,/world-university-rankings/university-otago,682,New Zealand,,,,,University of Otago,"Chemistry,Mathematics & Statistics,Politics & International Studies (incl Development Studies),Computer Science,Other Health,Business & Management,Medicine & Dentistry,Biological Sciences,Accounting & Finance,Art, Performing Arts & Design,Education,Physics & Astronomy,Languages, Literature & Linguistics,Communication & Media Studies,Law,Geography,Geology, Environmental, Earth & Marine Sciences,Economics & Econometrics,History, Philosophy & Theology,Agriculture & Forestry,Psychology,Archaeology,Sport Science,Sociology",False,False,False,
201-225,University of Adelaide,-,316,32.2,213,33.4,184,43.8,271,50.7,108,81.7,52,master_account,0,/world-university-rankings/university-adelaide,665,Australia,,,,,University of Adelaide Adelaide University,"Electrical & Electronic Engineering,Geology, Environmental, Earth & Marine Sciences,Agriculture & Forestry,Medicine & Dentistry,History, Philosophy & Theology,Chemical Engineering,Politics & International Studies (incl Development Studies),Civil Engineering,Sociology,Chemistry,Languages, Literature & Linguistics,Law,Mathematics & Statistics,Physics & Astronomy,Veterinary Science,Education,Psychology,Other Health,Computer Science,Biological Sciences,Economics & Econometrics,Business & Management,Architecture,Accounting & Finance,General Engineering,Communication & Media Studies,Mechanical & Aerospace Engineering,Geography,Art, Performing Arts & Design",False,False,False,
201-225,Tulane University,-,309,28.0,257,34.1,176,58.8,178,-,387,29.8,306,private,0,/world-university-rankings/tulane-university,686,United States,,,,,Tulane University,"Mechanical & Aerospace Engineering,Communication & Media Studies,Civil Engineering,Politics & International Studies (incl Development Studies),Art, Performing Arts & Design,Agriculture & Forestry,Law,Medicine & Dentistry,Mathematics & Statistics,Business & Management,General Engineering,Geology, Environmental, Earth & Marine Sciences,Computer Science,Languages, Literature & Linguistics,History, Philosophy & Theology,Sport Science,Psychology,Architecture,Physics & Astronomy,Accounting & Finance,Biological Sciences,Education,Other Health,Chemistry,Economics & Econometrics,Chemical Engineering,Sociology",False,False,False,https://www.timeshighereducation.com/student/register-interest/shorelight?utm_medium=thewebsite&utm_campaign=cta-link&utm_source=rankings&iid=i-04338708
201-225,Bilkent University,-,212,27.9,259,22.3,264,60.8,172,29.4,300,48.5,208,master_account,0,/world-university-rankings/bilkent-university,668,Turkey,,,,,Bilkent University,"Electrical & Electronic Engineering,Chemistry,Architecture,Communication & Media Studies,Economics & Econometrics,Languages, Literature & Linguistics,Physics & Astronomy,Art, Performing Arts & Design,Mathematics & Statistics,Business & Management,History, Philosophy & Theology,Psychology,Biological Sciences,Education,Archaeology,Politics & International Studies (incl Development Studies),Mechanical & Aerospace Engineering,Accounting & Finance,Computer Science,Law,Other Health",False,False,False,
226-250,Mizzou – University of Missouri,-,353,38.5,160,33.7,178,37.7,305,26.5,343,26.9,325,public,0,/world-university-rankings/mizzou-university-missouri,706,United States,,,,,Mizzou – University of Missouri,"Electrical & Electronic Engineering,Chemistry,Accounting & Finance,Computer Science,Mathematics & Statistics,Psychology,Art, Performing Arts & Design,Civil Engineering,Communication & Media Studies,Other Health,Sport Science,Education,Mechanical & Aerospace Engineering,Geology, Environmental, Earth & Marine Sciences,Economics & Econometrics,Medicine & Dentistry,Veterinary Science,Law,Languages, Literature & Linguistics,Chemical Engineering,Politics & International Studies (incl Development Studies),Archaeology,Biological Sciences,Geography,General Engineering,Physics & Astronomy,Business & Management,History, Philosophy & Theology,Agriculture & Forestry,Sociology",False,False,False,https://www.timeshighereducation.com/student/register-interest/shorelight?utm_medium=thewebsite&utm_campaign=cta-link&utm_source=rankings&iid=i-11279063
226-250,Macquarie University,-,259,21.3,328,23.2,259,46.5,256,42.3,146,93.0,7,master_account,0,/world-university-rankings/macquarie-university,703,Australia,,,,,Macquarie University,"Agriculture & Forestry,Sport Science,Economics & Econometrics,Civil Engineering,Computer Science,Education,Law,Sociology,Geology, Environmental, Earth & Marine Sciences,Communication & Media Studies,General Engineering,Business & Management,Physics & Astronomy,Other Health,Mechanical & Aerospace Engineering,Accounting & Finance,History, Philosophy & Theology,Politics & International Studies (incl Development Studies),Languages, Literature & Linguistics,Art, Performing Arts & Design,Medicine & Dentistry,Mathematics & Statistics,Biological Sciences,Chemistry,Psychology,Architecture,Geography,Archaeology,Electrical & Electronic Engineering",False,False,False,
226-250,National Chiao Tung University,-,268,36.4,177,44.5,105,25.1,363,100.0,7,24.2,349,master_account,0,/world-university-rankings/national-chiao-tung-university,707,Taiwan,,,,,National Chiao Tung University,"Mechanical & Aerospace Engineering,Architecture,Physics & Astronomy,Languages, Literature & Linguistics,Biological Sciences,Education,Law,Chemistry,Civil Engineering,Art, Performing Arts & Design,Mathematics & Statistics,General Engineering,Computer Science,Business & Management,Electrical & Electronic Engineering,Accounting & Finance,Communication & Media Studies,Geology, Environmental, Earth & Marine Sciences,Chemical Engineering",False,False,False,
226-250,Tokyo Metropolitan University,-,305,19.0,352,10.3,394,84.3,74,27.6,326,17.8,390,master_account,6,/world-university-rankings/tokyo-metropolitan-university,712,Japan,,,,,Tokyo Metropolitan University,"Civil Engineering,Politics & International Studies (incl Development Studies),General Engineering,Architecture,Business & Management,Electrical & Electronic Engineering,Sport Science,Communication & Media Studies,Medicine & Dentistry,Mathematics & Statistics,Accounting & Finance,Archaeology,Other Health,Geology, Environmental, Earth & Marine Sciences,History, Philosophy & Theology,Economics & Econometrics,Languages, Literature & Linguistics,Law,Chemistry,Education,Art, Performing Arts & Design,Biological Sciences,Psychology,Mechanical & Aerospace Engineering,Sociology,Geography,Agriculture & Forestry,Physics & Astronomy,Computer Science,Chemical Engineering",False,False,False,
226-250,University of Padua,-,359,24.2,306,26.0,237,56.2,197,31.1,278,34.3,277,master_account,0,/world-university-rankings/university-padua,708,Italy,,,,,University of Padua,"Art, Performing Arts & Design,Electrical & Electronic Engineering,Chemistry,Business & Management,Languages, Literature & Linguistics,Civil Engineering,Geology, Environmental, Earth & Marine Sciences,Accounting & Finance,History, Philosophy & Theology,Mechanical & Aerospace Engineering,Communication & Media Studies,Agriculture & Forestry,Politics & International Studies (incl Development Studies),Economics & Econometrics,Architecture,Chemical Engineering,Sociology,Other Health,Sport Science,Education,Archaeology,Biological Sciences,Law,Computer Science,Mathematics & Statistics,Psychology,Medicine & Dentistry,Veterinary Science,Geography,General Engineering,Physics & Astronomy",False,False,False,
226-250,Simon Fraser University,-,293,19.6,347,30.0,207,53.0,214,37.6,192,56.8,164,master_account,11,/world-university-rankings/simon-fraser-university,709,Canada,,,,,Simon Fraser University,"Physics & Astronomy,Psychology,Biological Sciences,Communication & Media Studies,Economics & Econometrics,History, Philosophy & Theology,Chemistry,Sociology,Other Health,Geography,Mathematics & Statistics,Languages, Literature & Linguistics,Politics & International Studies (incl Development Studies),Electrical & Electronic Engineering,Accounting & Finance,Archaeology,Law,Computer Science,Education,Art, Performing Arts & Design,Sport Science,Geology, Environmental, Earth & Marine Sciences,General Engineering,Business & Management",False,False,False,
226-250,University of Bologna,-,322,32.7,206,22.0,270,52.1,218,32.2,264,34.9,274,master_account,11,/world-university-rankings/university-bologna,692,Italy,,,,,University of Bologna,"Sport Science,Veterinary Science,Communication & Media Studies,Chemical Engineering,Other Health,History, Philosophy & Theology,Mathematics & Statistics,Business & Management,Computer Science,Mechanical & Aerospace Engineering,Politics & International Studies (incl Development Studies),Economics & Econometrics,Civil Engineering,Languages, Literature & Linguistics,Medicine & Dentistry,Geology, Environmental, Earth & Marine Sciences,Sociology,Biological Sciences,Archaeology,Law,Art, Performing Arts & Design,Accounting & Finance,Education,Electrical & Electronic Engineering,Physics & Astronomy,Chemistry,General Engineering,Psychology,Architecture,Agriculture & Forestry,Geography",False,False,False,
226-250,SUNY University at Albany,-,295,25.7,282,30.8,197,53.5,211,92.9,32,25.9,336,public,0,/world-university-rankings/suny-university-albany,710,United States,,,,,SUNY University at Albany,"Business & Management,Sociology,Politics & International Studies (incl Development Studies),Geology, Environmental, Earth & Marine Sciences,Art, Performing Arts & Design,Archaeology,Economics & Econometrics,Other Health,Physics & Astronomy,Electrical & Electronic Engineering,Communication & Media Studies,Languages, Literature & Linguistics,Psychology,Education,Biological Sciences,Computer Science,Accounting & Finance,Geography,Chemistry,Mathematics & Statistics,History, Philosophy & Theology",False,False,False,https://www.timeshighereducation.com/student/register-interest/shorelight?utm_medium=thewebsite&utm_campaign=cta-link&utm_source=rankings&iid=i-55365012
226-250,University of Calgary,-,323,34.0,197,34.4,173,39.7,295,39.5,176,42.7,235,master_account,11,/world-university-rankings/university-calgary,693,Canada,,,,,University of Calgary,"Economics & Econometrics,Medicine & Dentistry,Communication & Media Studies,Mathematics & Statistics,History, Philosophy & Theology,Accounting & Finance,Art, Performing Arts & Design,General Engineering,Business & Management,Computer Science,Geology, Environmental, Earth & Marine Sciences,Mechanical & Aerospace Engineering,Chemical Engineering,Sociology,Law,Other Health,Electrical & Electronic Engineering,Geography,Languages, Literature & Linguistics,Sport Science,Psychology,Veterinary Science,Chemistry,Physics & Astronomy,Politics & International Studies (incl Development Studies),Archaeology,Biological Sciences,Civil Engineering,Agriculture & Forestry,Education,Architecture",False,False,False,https://www.timeshighereducation.com/student/register-interest/applyboard?utm_medium=thewebsite&utm_campaign=cta-link&utm_source=rankings&iid=i-81953893
226-250,Swedish University of Agricultural Sciences,-,300,28.9,246,22.2,266,49.8,238,100.0,9,43.5,233,master_account,0,/world-university-rankings/swedish-university-agricultural-sciences,711,Sweden,,,,,Swedish University of Agricultural Sciences,"Biological Sciences,Architecture,Geology, Environmental, Earth & Marine Sciences,Civil Engineering,Veterinary Science,Economics & Econometrics,Communication & Media Studies,Chemistry,Agriculture & Forestry,Business & Management,Politics & International Studies (incl Development Studies)",False,False,False,
226-250,Carleton University,-,217,17.0,376,24.2,248,61.6,169,-,370,58.6,156,master_account,11,/world-university-rankings/carleton-university,694,Canada,,,,,Carleton University,"Electrical & Electronic Engineering,Veterinary Science,Accounting & Finance,Languages, Literature & Linguistics,Communication & Media Studies,Civil Engineering,Computer Science,Physics & Astronomy,Business & Management,Art, Performing Arts & Design,General Engineering,Sport Science,Law,History, Philosophy & Theology,Biological Sciences,Geography,Architecture,Mathematics & Statistics,Psychology,Agriculture & Forestry,Politics & International Studies (incl Development Studies),Mechanical & Aerospace Engineering,Geology, Environmental, Earth & Marine Sciences,Chemistry,Archaeology,Economics & Econometrics,Chemical Engineering,Sociology",False,False,False,https://www.timeshighereducation.com/student/register-interest/applyboard?utm_medium=thewebsite&utm_campaign=cta-link&utm_source=rankings&iid=i-70245253
226-250,University of Trieste,-,379,16.7,379,12.9,374,76.9,102,31.3,274,45.5,227,master_account,0,/world-university-rankings/university-trieste,713,Italy,,,,,University of Trieste,"Computer Science,Psychology,Biological Sciences,Accounting & Finance,Medicine & Dentistry,Communication & Media Studies,Geology, Environmental, Earth & Marine Sciences,Physics & Astronomy,General Engineering,Politics & International Studies (incl Development Studies),Chemistry,Business & Management,Civil Engineering,Archaeology,Economics & Econometrics,Geography,Other Health,Mechanical & Aerospace Engineering,Architecture,Languages, Literature & Linguistics,Mathematics & Statistics,Sociology,Chemical Engineering,Electrical & Electronic Engineering,History, Philosophy & Theology,Law,Education",False,False,False,
226-250,Chalmers University of Technology,-,218,25.9,280,37.2,149,36.3,316,79.3,46,66.0,123,master_account,0,/world-university-rankings/chalmers-university-technology,695,Sweden,,,,,Chalmers University of Technology,"Chemistry,Other Health,Chemical Engineering,Economics & Econometrics,Mathematics & Statistics,General Engineering,Business & Management,Civil Engineering,Education,Mechanical & Aerospace Engineering,Geology, Environmental, Earth & Marine Sciences,Computer Science,Physics & Astronomy,Accounting & Finance,Electrical & Electronic Engineering,Architecture,Sport Science,Biological Sciences",False,False,False,
226-250,Yonsei University,-,399,41.5,136,33.6,180,36.9,310,47.9,120,23.3,359,master_account,0,/world-university-rankings/yonsei-university,714,South Korea,,,,,Yonsei University,"Architecture,Biological Sciences,Business & Management,Chemical Engineering,Chemistry,Civil Engineering,Computer Science,Economics & Econometrics,Education,Electrical & Electronic Engineering,General Engineering,History, Philosophy & Theology,Languages, Literature & Linguistics,Law,Mathematics & Statistics,Mechanical & Aerospace Engineering,Medicine & Dentistry,Other Health,Physics & Astronomy,Sociology",False,False,False,
226-250,"Colorado State University, Fort Collins",-,223,26.9,268,32.0,191,51.2,226,-,372,25.5,340,public,0,/world-university-rankings/colorado-state-university-fort-collins-0,696,United States,,,,,"Colorado State University, Fort Collins","Education,Archaeology,Veterinary Science,Other Health,Geography,Civil Engineering,Computer Science,Sociology,History, Philosophy & Theology,Electrical & Electronic Engineering,Biological Sciences,Art, Performing Arts & Design,Psychology,Agriculture & Forestry,Languages, Literature & Linguistics,Accounting & Finance,Chemistry,Physics & Astronomy,Economics & Econometrics,Geology, Environmental, Earth & Marine Sciences,Chemical Engineering,Communication & Media Studies,Mechanical & Aerospace Engineering,Politics & International Studies (incl Development Studies),General Engineering,Sport Science,Business & Management,Mathematics & Statistics",False,False,False,https://www.timeshighereducation.com/student/into-university-partnerships?utm_medium=thewebsite&utm_campaign=cta-link&utm_source=rankings&iid=i-29201174
226-250,Creighton University,-,224,43.6,123,10.5,393,55.7,198,24.2,366,25.0,343,private,0,/world-university-rankings/creighton-university,697,United States,,,,,Creighton University,"Art, Performing Arts & Design,Geography,Mathematics & Statistics,Business & Management,Sport Science,Communication & Media Studies,Chemistry,Accounting & Finance,Computer Science,Law,History, Philosophy & Theology,Politics & International Studies (incl Development Studies),Languages, Literature & Linguistics,Physics & Astronomy,Economics & Econometrics,Other Health,Geology, Environmental, Earth & Marine Sciences,Education,Biological Sciences,Psychology,Medicine & Dentistry,Sociology",False,False,False,https://www.timeshighereducation.com/student/register-interest/shorelight?utm_medium=thewebsite&utm_campaign=cta-link&utm_source=rankings&iid=i-19911524
226-250,Dalhousie University,-,226,25.5,284,30.7,198,43.0,275,72.5,59,64.8,130,master_account,11,/world-university-rankings/dalhousie-university,698,Canada,,,,,Dalhousie University,"Civil Engineering,Accounting & Finance,Chemical Engineering,Agriculture & Forestry,Other Health,History, Philosophy & Theology,Art, Performing Arts & Design,Chemistry,Mathematics & Statistics,Sociology,Mechanical & Aerospace Engineering,Geology, Environmental, Earth & Marine Sciences,Electrical & Electronic Engineering,Psychology,Politics & International Studies (incl Development Studies),General Engineering,Architecture,Languages, Literature & Linguistics,Communication & Media Studies,Biological Sciences,Business & Management,Medicine & Dentistry,Economics & Econometrics,Computer Science,Law,Veterinary Science,Sport Science,Physics & Astronomy",False,False,False,https://www.timeshighereducation.com/student/register-interest/applyboard?utm_medium=thewebsite&utm_campaign=cta-link&utm_source=rankings&iid=i-91697003
226-250,Drexel University,-,228,36.9,172,12.2,383,59.4,175,29.9,291,37.8,259,private,0,/world-university-rankings/drexel-university,699,United States,,,,,Drexel University,"Communication & Media Studies,Languages, Literature & Linguistics,Mechanical & Aerospace Engineering,History, Philosophy & Theology,Biological Sciences,Education,Sociology,Politics & International Studies (incl Development Studies),Economics & Econometrics,Business & Management,Chemical Engineering,Civil Engineering,Mathematics & Statistics,Agriculture & Forestry,Architecture,Accounting & Finance,General Engineering,Psychology,Veterinary Science,Physics & Astronomy,Other Health,Computer Science,Geology, Environmental, Earth & Marine Sciences,Sport Science,Chemistry,Law,Electrical & Electronic Engineering,Art, Performing Arts & Design,Medicine & Dentistry",False,False,False,https://www.timeshighereducation.com/student/register-interest/shorelight?utm_medium=thewebsite&utm_campaign=cta-link&utm_source=rankings&iid=i-39843311
226-250,Fudan University,-,230,42.4,131,26.2,234,42.9,277,40.5,169,36.1,268,master_account,0,/world-university-rankings/fudan-university,700,China,,,,,Fudan University,"Mechanical & Aerospace Engineering,Medicine & Dentistry,Chemistry,Archaeology,Computer Science,Communication & Media Studies,History, Philosophy & Theology,Geology, Environmental, Earth & Marine Sciences,Economics & Econometrics,Languages, Literature & Linguistics,Biological Sciences,Education,Physics & Astronomy,Business & Management,General Engineering,Politics & International Studies (incl Development Studies),Electrical & Electronic Engineering,Sociology,Mathematics & Statistics,Psychology,Other Health,Chemical Engineering,Law,Accounting & Finance",False,False,False,
226-250,University of Hamburg,-,335,35.2,187,21.3,281,50.0,237,27.4,329,56.3,170,master_account,0,/world-university-rankings/university-hamburg,701,Germany,,,,,University of Hamburg,"Computer Science,Archaeology,Mathematics & Statistics,Psychology,Medicine & Dentistry,Economics & Econometrics,Agriculture & Forestry,Sport Science,Languages, Literature & Linguistics,Communication & Media Studies,Other Health,Accounting & Finance,Politics & International Studies (incl Development Studies),Geology, Environmental, Earth & Marine Sciences,Law,History, Philosophy & Theology,Geography,Sociology,Chemistry,Physics & Astronomy,Biological Sciences,Business & Management,Education",False,False,False,
226-250,University of Milan,-,352,37.1,168,24.3,247,51.3,225,35.0,225,34.3,276,master_account,0,/world-university-rankings/university-milan,704,Italy,,,,,University of Milan,"Medicine & Dentistry,Psychology,Agriculture & Forestry,Physics & Astronomy,Art, Performing Arts & Design,Geography,Computer Science,Archaeology,Chemical Engineering,Politics & International Studies (incl Development Studies),Veterinary Science,Biological Sciences,Sociology,Accounting & Finance,History, Philosophy & Theology,Other Health,Mathematics & Statistics,Chemistry,Economics & Econometrics,Geology, Environmental, Earth & Marine Sciences,Business & Management,Communication & Media Studies,Law,Sport Science,Languages, Literature & Linguistics",False,False,False,
226-250,University of Milan-Bicocca,-,351,22.5,320,12.3,382,78.3,96,35.6,214,33.2,285,master_account,0,/world-university-rankings/university-milan-bicocca,705,Italy,,,,,University of Milan-Bicocca,"Computer Science,Psychology,Accounting & Finance,Physics & Astronomy,Economics & Econometrics,History, Philosophy & Theology,Biological Sciences,Languages, Literature & Linguistics,Politics & International Studies (incl Development Studies),Chemistry,Business & Management,Education,Other Health,Sociology,Geology, Environmental, Earth & Marine Sciences,Communication & Media Studies,Mathematics & Statistics,Law,Medicine & Dentistry",False,False,False,
226-250,Korea University,-,249,39.5,149,39.6,134,30.2,343,49.7,112,23.4,357,master_account,11,/world-university-rankings/korea-university,702,South Korea,,,,,Korea University,"Chemical Engineering,Chemistry,Psychology,Biological Sciences,History, Philosophy & Theology,Architecture,Geography,Medicine & Dentistry,Archaeology,Geology, Environmental, Earth & Marine Sciences,Physics & Astronomy,Mathematics & Statistics,General Engineering,Accounting & Finance,Civil Engineering,Communication & Media Studies,Law,Art, Performing Arts & Design,Economics & Econometrics,Sociology,Business & Management,Mechanical & Aerospace Engineering,Education,Sport Science,Computer Science,Politics & International Studies (incl Development Studies),Electrical & Electronic Engineering,Languages, Literature & Linguistics,Agriculture & Forestry,Other Health",False,False,False,
251-275,Johannes Kepler University of Linz,-,243,18.4,355,11.1,390,62.8,162,73.4,56,56.6,166,master_account,0,/world-university-rankings/johannes-kepler-university-linz,726,Austria,,,,,Johannes Kepler University of Linz,"Biological Sciences,Mathematics & Statistics,Politics & International Studies (incl Development Studies),Education,Physics & Astronomy,Mechanical & Aerospace Engineering,Computer Science,General Engineering,Sociology,Psychology,Chemical Engineering,Accounting & Finance,Chemistry,Medicine & Dentistry,Business & Management,Law,Other Health,Economics & Econometrics,Electrical & Electronic Engineering",False,False,False,
251-275,Nanjing University,-,266,40.9,141,24.2,249,42.3,282,42.9,140,25.0,344,master_account,0,/world-university-rankings/nanjing-university,727,China,,,,,Nanjing University,"History, Philosophy & Theology,Psychology,Mathematics & Statistics,Archaeology,Languages, Literature & Linguistics,Education,Chemical Engineering,Art, Performing Arts & Design,Economics & Econometrics,Biological Sciences,Physics & Astronomy,Business & Management,Communication & Media Studies,Electrical & Electronic Engineering,Sociology,Politics & International Studies (incl Development Studies),Medicine & Dentistry,Chemistry,Other Health,Computer Science,Law,General Engineering,Geography,Architecture,Geology, Environmental, Earth & Marine Sciences,Accounting & Finance",False,False,False,
251-275,The Hong Kong Polytechnic University,-,239,30.1,232,37.3,148,22.2,375,72.8,58,62.5,142,master_account,11,/world-university-rankings/hong-kong-polytechnic-university,723,Hong Kong,,,,,The Hong Kong Polytechnic University PolyU Poly U HK PolyU,"Chemical Engineering,Psychology,Sociology,Other Health,Art, Performing Arts & Design,Mathematics & Statistics,Mechanical & Aerospace Engineering,Computer Science,Geology, Environmental, Earth & Marine Sciences,Electrical & Electronic Engineering,Business & Management,Chemistry,General Engineering,Physics & Astronomy,Languages, Literature & Linguistics,Civil Engineering,Economics & Econometrics,History, Philosophy & Theology,Accounting & Finance,Communication & Media Studies,Biological Sciences",False,False,False,
251-275,National Sun Yat-Sen University,-,269,24.9,294,30.4,202,48.5,244,42.1,147,16.0,394,master_account,0,/world-university-rankings/national-sun-yat-sen-university,728,Taiwan,,,,,National Sun Yat-Sen University,"Languages, Literature & Linguistics,Education,Agriculture & Forestry,Art, Performing Arts & Design,Architecture,Chemistry,Medicine & Dentistry,Biological Sciences,Law,Communication & Media Studies,Electrical & Electronic Engineering,History, Philosophy & Theology,Chemical Engineering,Physics & Astronomy,Psychology,Civil Engineering,Sociology,Computer Science,Geology, Environmental, Earth & Marine Sciences,Economics & Econometrics,Mechanical & Aerospace Engineering,Politics & International Studies (incl Development Studies),Accounting & Finance,General Engineering,Geography,Other Health,Mathematics & Statistics,Business & Management",False,False,False,
251-275,Bielefeld University,-,211,19.1,349,17.0,330,61.6,168,28.6,311,45.2,228,master_account,0,/world-university-rankings/bielefeld-university,717,Germany,,,,,Bielefeld University,"Languages, Literature & Linguistics,Chemistry,Accounting & Finance,Physics & Astronomy,Biological Sciences,Mathematics & Statistics,Education,Economics & Econometrics,Sport Science,Other Health,Communication & Media Studies,History, Philosophy & Theology,Chemical Engineering,Geology, Environmental, Earth & Marine Sciences,Psychology,Art, Performing Arts & Design,Medicine & Dentistry,Business & Management,Politics & International Studies (incl Development Studies),Sociology,Law,Computer Science",False,False,False,
251-275,Norwegian University of Science and Technology,-,277,26.9,269,26.9,231,41.5,286,49.7,113,57.7,159,master_account,0,/world-university-rankings/norwegian-university-science-and-technology,729,Norway,,,,,Norwegian University of Science and Technology,"History, Philosophy & Theology,Chemical Engineering,Art, Performing Arts & Design,Other Health,Physics & Astronomy,Archaeology,Sport Science,Economics & Econometrics,Computer Science,Chemistry,Medicine & Dentistry,Mathematics & Statistics,Architecture,Biological Sciences,Accounting & Finance,Mechanical & Aerospace Engineering,Politics & International Studies (incl Development Studies),Education,General Engineering,Geology, Environmental, Earth & Marine Sciences,Languages, Literature & Linguistics,Electrical & Electronic Engineering,Communication & Media Studies,Geography,Civil Engineering,Sociology,Psychology,Business & Management",False,False,False,
251-275,University of Texas at Dallas,-,375,23.6,309,36.7,154,44.2,267,31.1,279,35.9,270,public,0,/world-university-rankings/university-texas-dallas,733,United States,,,,,University of Texas at Dallas utd,"General Engineering,Sociology,Computer Science,Biological Sciences,Politics & International Studies (incl Development Studies),Other Health,Psychology,Geography,Chemistry,Education,Accounting & Finance,Art, Performing Arts & Design,Electrical & Electronic Engineering,Mechanical & Aerospace Engineering,History, Philosophy & Theology,Geology, Environmental, Earth & Marine Sciences,Economics & Econometrics,Mathematics & Statistics,Languages, Literature & Linguistics,Physics & Astronomy,Business & Management",False,False,False,
251-275,Queen’s University Belfast,-,287,26.5,272,21.3,280,42.0,283,41.9,152,89.5,21,master_account,11,/world-university-rankings/queens-university-belfast,730,United Kingdom,,,,,Queen’s University Belfast qub queen&#039;s,"Economics & Econometrics,Architecture,Chemical Engineering,Communication & Media Studies,Sociology,Mechanical & Aerospace Engineering,Agriculture & Forestry,Accounting & Finance,Business & Management,Civil Engineering,Chemistry,Other Health,Geography,Archaeology,Psychology,Education,Medicine & Dentistry,Electrical & Electronic Engineering,Computer Science,Physics & Astronomy,History, Philosophy & Theology,Law,Biological Sciences,Mathematics & Statistics,Geology, Environmental, Earth & Marine Sciences,Languages, Literature & Linguistics,Politics & International Studies (incl Development Studies),Art, Performing Arts & Design",False,False,False,
251-275,Victoria University of Wellington,-,390,16.5,380,21.5,276,51.1,228,25.8,351,89.0,24,master_account,0,/world-university-rankings/victoria-university-wellington,736,New Zealand,,,,,Victoria University of Wellington,"History, Philosophy & Theology,Biological Sciences,Business & Management,Geology, Environmental, Earth & Marine Sciences,Psychology,Communication & Media Studies,Architecture,Mathematics & Statistics,Accounting & Finance,Other Health,Geography,Computer Science,Chemistry,Economics & Econometrics,Electrical & Electronic Engineering,Law,Art, Performing Arts & Design,Politics & International Studies (incl Development Studies),Languages, Literature & Linguistics,Sociology,Physics & Astronomy,Education",False,False,False,https://www.timeshighereducation.com/student/register-interest/aecc?utm_medium=thewebsite&utm_campaign=cta-link&utm_source=rankings&iid=i-06549291
251-275,University of Southern Denmark,-,367,19.7,343,12.4,380,58.0,182,67.9,64,73.7,84,master_account,0,/world-university-rankings/university-southern-denmark,731,Denmark,,,,,University of Southern Denmark,"Civil Engineering,Law,History, Philosophy & Theology,Mechanical & Aerospace Engineering,Politics & International Studies (incl Development Studies),Computer Science,Geology, Environmental, Earth & Marine Sciences,Economics & Econometrics,Chemical Engineering,Business & Management,Other Health,Electrical & Electronic Engineering,Communication & Media Studies,Medicine & Dentistry,General Engineering,Chemistry,Physics & Astronomy,Accounting & Finance,Art, Performing Arts & Design,Biological Sciences,Psychology,Sport Science,Sociology,Languages, Literature & Linguistics,Mathematics & Statistics,Education",False,False,False,
251-275,Kyushu University,-,251,46.8,104,30.7,199,23.2,373,75.1,54,19.5,379,master_account,0,/world-university-rankings/kyushu-university,131724,Japan,,,,,Kyushu University,"Business & Management,Medicine & Dentistry,Agriculture & Forestry,Archaeology,Other Health,Sport Science,Education,Mathematics & Statistics,Biological Sciences,Communication & Media Studies,Civil Engineering,Chemical Engineering,Geography,Languages, Literature & Linguistics,General Engineering,Veterinary Science,Law,Chemistry,Electrical & Electronic Engineering,Physics & Astronomy,History, Philosophy & Theology,Geology, Environmental, Earth & Marine Sciences,Economics & Econometrics,Psychology,Mechanical & Aerospace Engineering,Art, Performing Arts & Design,Sociology,Accounting & Finance,Computer Science,Architecture,Politics & International Studies (incl Development Studies)",False,False,False,
251-275,University of Wollongong,-,386,21.4,327,23.0,261,43.5,272,40.4,170,88.7,28,master_account,0,/world-university-rankings/university-wollongong,740,Australia,,,,,University of Wollongong UOW University of Wollongong Australia,"Business & Management,Accounting & Finance,Art, Performing Arts & Design,Archaeology,Sociology,Electrical & Electronic Engineering,History, Philosophy & Theology,Politics & International Studies (incl Development Studies),Civil Engineering,Sport Science,Psychology,Medicine & Dentistry,Law,Communication & Media Studies,Mathematics & Statistics,Geography,Chemistry,Architecture,Languages, Literature & Linguistics,Geology, Environmental, Earth & Marine Sciences,General Engineering,Computer Science,Mechanical & Aerospace Engineering,Agriculture & Forestry,Education,Biological Sciences,Other Health,Physics & Astronomy,Economics & Econometrics",False,False,False,
251-275,Stellenbosch University,-,296,25.4,285,30.0,208,36.6,314,99.6,15,44.4,230,master_account,0,/world-university-rankings/stellenbosch-university,732,South Africa,,,,,Stellenbosch University SU South Africa,"Geology, Environmental, Earth & Marine Sciences,Accounting & Finance,Languages, Literature & Linguistics,Civil Engineering,Chemistry,Other Health,Mathematics & Statistics,Education,History, Philosophy & Theology,Chemical Engineering,Communication & Media Studies,Economics & Econometrics,Archaeology,Biological Sciences,General Engineering,Computer Science,Physics & Astronomy,Psychology,Art, Performing Arts & Design,Mechanical & Aerospace Engineering,Law,Medicine & Dentistry,Sport Science,Geography,Architecture,Agriculture & Forestry,Politics & International Studies (incl Development Studies),Electrical & Electronic Engineering,Sociology,Business & Management",False,False,False,
251-275,Tilburg University,-,303,22.6,319,49.4,90,23.6,370,36.0,210,69.1,107,master_account,0,/world-university-rankings/tilburg-university,734,Netherlands,,,,,Tilburg University,"Sociology,Other Health,History, Philosophy & Theology,Communication & Media Studies,Education,Law,Psychology,Business & Management,Languages, Literature & Linguistics,Accounting & Finance,Computer Science,Economics & Econometrics",False,False,False,
251-275,Bangor University,-,209,24.9,293,23.8,253,48.0,247,29.0,304,67.1,117,master_account,0,/world-university-rankings/bangor-university,715,United Kingdom,,,,,Bangor University,"Economics & Econometrics,Accounting & Finance,Geology, Environmental, Earth & Marine Sciences,Law,Art, Performing Arts & Design,Archaeology,Politics & International Studies (incl Development Studies),Education,Electrical & Electronic Engineering,Business & Management,Computer Science,Communication & Media Studies,Languages, Literature & Linguistics,History, Philosophy & Theology,Psychology,Biological Sciences,Geography,Sport Science,Sociology,Other Health,Agriculture & Forestry",False,False,False,https://www.timeshighereducation.com/student/register-interest/siuk?utm_medium=thewebsite&utm_campaign=cta-link&utm_source=rankings&iid=i-57489761
251-275,University of Tsukuba,-,380,37.2,166,26.2,235,41.4,287,32.0,267,27.2,322,master_account,0,/world-university-rankings/university-tsukuba,735,Japan,,,,,University of Tsukuba,"Chemical Engineering,Mechanical & Aerospace Engineering,Architecture,Computer Science,Agriculture & Forestry,Chemistry,History, Philosophy & Theology,Politics & International Studies (incl Development Studies),Education,Civil Engineering,Languages, Literature & Linguistics,Art, Performing Arts & Design,Psychology,Other Health,Medicine & Dentistry,Geology, Environmental, Earth & Marine Sciences,Business & Management,Economics & Econometrics,Physics & Astronomy,Communication & Media Studies,Accounting & Finance,Geography,Sociology,Electrical & Electronic Engineering,Biological Sciences,General Engineering,Archaeology,Mathematics & Statistics,Sport Science,Law",False,False,False,
251-275,University of Bath,-,321,25.2,289,23.2,260,39.9,292,38.9,182,80.6,56,master_account,11,/world-university-rankings/university-bath,716,United Kingdom,,,,,University of Bath,"Languages, Literature & Linguistics,Mathematics & Statistics,Accounting & Finance,Education,Civil Engineering,Architecture,Physics & Astronomy,Business & Management,General Engineering,Geology, Environmental, Earth & Marine Sciences,Mechanical & Aerospace Engineering,Psychology,Economics & Econometrics,Sport Science,Chemical Engineering,Politics & International Studies (incl Development Studies),Other Health,Biological Sciences,Computer Science,Sociology,Electrical & Electronic Engineering,Chemistry",False,False,False,https://www.timeshighereducation.com/student/register-interest/siuk?utm_medium=thewebsite&utm_campaign=cta-link&utm_source=rankings&iid=i-70346313
251-275,Virginia Polytechnic Institute and State University,-,392,36.9,174,40.4,128,30.3,342,24.2,369,25.1,342,public,11,/world-university-rankings/virginia-polytechnic-institute-and-state-university,737,United States,,,,,Virginia Polytechnic Institute and State University virginia tech virginia,"Languages, Literature & Linguistics,Agriculture & Forestry,General Engineering,Mathematics & Statistics,Other Health,Psychology,Accounting & Finance,Architecture,Chemical Engineering,Biological Sciences,Sociology,Sport Science,Mechanical & Aerospace Engineering,History, Philosophy & Theology,Physics & Astronomy,Art, Performing Arts & Design,Medicine & Dentistry,Veterinary Science,Business & Management,Electrical & Electronic Engineering,Civil Engineering,Geography,Archaeology,Education,Communication & Media Studies,Chemistry,Geology, Environmental, Earth & Marine Sciences,Politics & International Studies (incl Development Studies),Economics & Econometrics,Computer Science",False,False,False,
251-275,Ruhr University Bochum,-,288,34.9,188,28.3,220,36.0,317,59.7,89,46.6,222,master_account,0,/world-university-rankings/ruhr-university-bochum,718,Germany,,,,,Ruhr University Bochum,"Education,Art, Performing Arts & Design,Biological Sciences,Law,Accounting & Finance,Electrical & Electronic Engineering,General Engineering,Mathematics & Statistics,Psychology,Other Health,Agriculture & Forestry,Geography,Business & Management,Computer Science,Sport Science,History, Philosophy & Theology,Communication & Media Studies,Languages, Literature & Linguistics,Civil Engineering,Geology, Environmental, Earth & Marine Sciences,Mechanical & Aerospace Engineering,Chemistry,Medicine & Dentistry,Sociology,Archaeology,Politics & International Studies (incl Development Studies),Physics & Astronomy,Economics & Econometrics",False,False,False,
251-275,Wayne State University,-,396,34.7,191,16.4,335,55.2,206,-,401,24.6,347,public,0,/world-university-rankings/wayne-state-university,738,United States,,,,,Wayne State University,"Accounting & Finance,Electrical & Electronic Engineering,Physics & Astronomy,Business & Management,Other Health,Mathematics & Statistics,Architecture,Civil Engineering,Communication & Media Studies,Education,Law,Biological Sciences,Psychology,Computer Science,History, Philosophy & Theology,Chemistry,Economics & Econometrics,Medicine & Dentistry,Art, Performing Arts & Design,Agriculture & Forestry,Politics & International Studies (incl Development Studies),Sport Science,General Engineering,Languages, Literature & Linguistics,Sociology,Chemical Engineering,Mechanical & Aerospace Engineering,Geology, Environmental, Earth & Marine Sciences",False,False,False,https://www.timeshighereducation.com/student/register-interest/shorelight?utm_medium=thewebsite&utm_campaign=cta-link&utm_source=rankings&iid=i-27884402
251-275,Brunel University of London,-,215,17.4,369,20.3,286,51.7,221,30.0,290,89.9,19,master_account,0,/world-university-rankings/brunel-university-london,719,United Kingdom,,,,,Brunel University of London,"Accounting & Finance,Mechanical & Aerospace Engineering,Mathematics & Statistics,Politics & International Studies (incl Development Studies),Psychology,Chemical Engineering,Geography,Geology, Environmental, Earth & Marine Sciences,Sociology,Sport Science,Other Health,Business & Management,Languages, Literature & Linguistics,History, Philosophy & Theology,Art, Performing Arts & Design,Civil Engineering,Economics & Econometrics,Computer Science,Law,Medicine & Dentistry,Education,Communication & Media Studies,General Engineering,Electrical & Electronic Engineering,Biological Sciences",False,False,False,https://www.timeshighereducation.com/student/register-interest/siuk?utm_medium=thewebsite&utm_campaign=cta-link&utm_source=rankings&iid=i-26981023
251-275,University of the Witwatersrand,-,377,25.6,283,32.4,187,32.7,334,100.0,10,71.7,94,master_account,0,/world-university-rankings/university-witwatersrand,739,South Africa,,,,,University of the Witwatersrand Wits,"Education,Physics & Astronomy,Other Health,Psychology,Chemical Engineering,Civil Engineering,Electrical & Electronic Engineering,General Engineering,Art, Performing Arts & Design,Geology, Environmental, Earth & Marine Sciences,Business & Management,Communication & Media Studies,Medicine & Dentistry,Sociology,Computer Science,Economics & Econometrics,Chemistry,Mathematics & Statistics,Sport Science,Biological Sciences,Archaeology,Law,Accounting & Finance,Architecture,Mechanical & Aerospace Engineering,History, Philosophy & Theology,Geography,Languages, Literature & Linguistics,Politics & International Studies (incl Development Studies)",False,False,False,
251-275,TU Dresden,-,308,27.3,267,13.8,370,57.4,188,31.9,268,49.2,201,master_account,0,/world-university-rankings/tu-dresden,720,Germany,,,,,TU Dresden,"Civil Engineering,Biological Sciences,General Engineering,History, Philosophy & Theology,Geography,Education,Agriculture & Forestry,Physics & Astronomy,Communication & Media Studies,Sociology,Psychology,Electrical & Electronic Engineering,Medicine & Dentistry,Economics & Econometrics,Business & Management,Chemical Engineering,Mechanical & Aerospace Engineering,Geology, Environmental, Earth & Marine Sciences,Chemistry,Architecture,Accounting & Finance,Computer Science,Politics & International Studies (incl Development Studies),Languages, Literature & Linguistics,Other Health,Mathematics & Statistics",False,False,False,
251-275,University of Graz,-,333,24.9,295,14.0,365,55.1,207,25.5,352,63.8,136,master_account,0,/world-university-rankings/university-graz,721,Austria,,,,,University of Graz,"Psychology,Geology, Environmental, Earth & Marine Sciences,Biological Sciences,Law,History, Philosophy & Theology,Physics & Astronomy,Economics & Econometrics,Architecture,Other Health,Sociology,Chemical Engineering,Sport Science,Languages, Literature & Linguistics,Communication & Media Studies,Archaeology,Mathematics & Statistics,Business & Management,Computer Science,Education,Art, Performing Arts & Design,Chemistry",False,False,False,
251-275,University of Hawai’i at Mānoa,-,336,31.3,220,29.2,214,44.3,265,-,392,34.6,275,public,0,/world-university-rankings/university-hawaii-manoa,722,United States,,,,,University of Hawai’i at Mānoa,"Economics & Econometrics,General Engineering,Geology, Environmental, Earth & Marine Sciences,Electrical & Electronic Engineering,Art, Performing Arts & Design,Other Health,Mathematics & Statistics,Law,History, Philosophy & Theology,Agriculture & Forestry,Sociology,Languages, Literature & Linguistics,Sport Science,Communication & Media Studies,Architecture,Civil Engineering,Politics & International Studies (incl Development Studies),Computer Science,Veterinary Science,Psychology,Biological Sciences,Education,Archaeology,Mechanical & Aerospace Engineering,Physics & Astronomy,Accounting & Finance,Medicine & Dentistry,Chemical Engineering,Geography,Chemistry,Business & Management",False,False,False,https://www.timeshighereducation.com/student/register-interest/shorelight?utm_medium=thewebsite&utm_campaign=cta-link&utm_source=rankings&iid=i-78451672
251-275,University of Kiel,-,346,29.3,238,20.9,283,52.1,219,33.6,243,47.3,216,master_account,0,/world-university-rankings/university-kiel,724,Germany,,,,,University of Kiel,"Art, Performing Arts & Design,Civil Engineering,Sociology,Other Health,Biological Sciences,Education,Electrical & Electronic Engineering,Mathematics & Statistics,Business & Management,History, Philosophy & Theology,Mechanical & Aerospace Engineering,Communication & Media Studies,Medicine & Dentistry,Physics & Astronomy,Psychology,Archaeology,Sport Science,Law,Agriculture & Forestry,Politics & International Studies (incl Development Studies),Chemical Engineering,Geography,General Engineering,Chemistry,Accounting & Finance,Languages, Literature & Linguistics,Computer Science,Geology, Environmental, Earth & Marine Sciences,Economics & Econometrics",False,False,False,
276-300,Technical University of Darmstadt,-,307,28.0,256,15.5,353,39.2,298,45.1,127,71.0,97,master_account,0,/world-university-rankings/technical-university-darmstadt,745,Germany,,,,,Technical University of Darmstadt Technical University of Darmstadt,"Languages, Literature & Linguistics,Sociology,Civil Engineering,Geology, Environmental, Earth & Marine Sciences,History, Philosophy & Theology,Sport Science,Psychology,Chemical Engineering,Politics & International Studies (incl Development Studies),Mechanical & Aerospace Engineering,Chemistry,Computer Science,Economics & Econometrics,Architecture,Education,Other Health,Biological Sciences,Business & Management,General Engineering,Mathematics & Statistics,Electrical & Electronic Engineering,Physics & Astronomy",False,False,False,
276-300,University of Guelph,-,334,24.2,305,31.4,195,38.6,301,48.9,117,33.3,284,master_account,0,/world-university-rankings/university-guelph,746,Canada,,,,,University of Guelph,"Other Health,Veterinary Science,Business & Management,Electrical & Electronic Engineering,Chemistry,Languages, Literature & Linguistics,Agriculture & Forestry,Sociology,Mechanical & Aerospace Engineering,Geology, Environmental, Earth & Marine Sciences,Chemical Engineering,Communication & Media Studies,General Engineering,Geography,History, Philosophy & Theology,Biological Sciences,Architecture,Mathematics & Statistics,Accounting & Finance,Computer Science,Physics & Astronomy,Economics & Econometrics,Art, Performing Arts & Design,Civil Engineering,Politics & International Studies (incl Development Studies),Sport Science,Psychology",False,False,False,https://www.timeshighereducation.com/student/register-interest/applyboard?utm_medium=thewebsite&utm_campaign=cta-link&utm_source=rankings&iid=i-02302013
276-300,Hokkaido University,-,237,44.5,116,34.3,174,21.6,379,38.7,183,18.8,383,master_account,11,/world-university-rankings/hokkaido-university,747,Japan,,,,,Hokkaido University,"Medicine & Dentistry,Chemistry,Mechanical & Aerospace Engineering,Geology, Environmental, Earth & Marine Sciences,Geography,Other Health,Business & Management,Biological Sciences,Accounting & Finance,History, Philosophy & Theology,Civil Engineering,Art, Performing Arts & Design,Veterinary Science,Psychology,Agriculture & Forestry,Sociology,Languages, Literature & Linguistics,Computer Science,Sport Science,Electrical & Electronic Engineering,Physics & Astronomy,Communication & Media Studies,Architecture,Chemical Engineering,Mathematics & Statistics,Law,Economics & Econometrics,Archaeology,General Engineering,Education,Politics & International Studies (incl Development Studies)",False,False,False,
276-300,University of Newcastle,-,356,18.2,359,27.1,229,35.8,318,64.8,71,76.3,73,master_account,0,/world-university-rankings/university-newcastle,757,Australia,,,,,University of Newcastle Australia Newcastle,"Law,Psychology,Communication & Media Studies,Mathematics & Statistics,Biological Sciences,Civil Engineering,Economics & Econometrics,Electrical & Electronic Engineering,Geology, Environmental, Earth & Marine Sciences,Business & Management,Accounting & Finance,Other Health,Mechanical & Aerospace Engineering,Computer Science,Medicine & Dentistry,Architecture,Chemistry,Physics & Astronomy,Politics & International Studies (incl Development Studies),General Engineering,Sociology,Geography,Chemical Engineering,Languages, Literature & Linguistics,Art, Performing Arts & Design,Sport Science,Education,History, Philosophy & Theology,Agriculture & Forestry",False,False,False,https://www.timeshighereducation.com/student/register-interest/aecc?utm_medium=thewebsite&utm_campaign=cta-link&utm_source=rankings&iid=i-35453247
276-300,University of Iceland,-,340,10.7,402,17.3,326,62.4,165,75.4,53,56.9,163,master_account,0,/world-university-rankings/university-iceland,749,Iceland,,,,,University of Iceland,"Computer Science,Chemistry,Economics & Econometrics,Business & Management,Electrical & Electronic Engineering,Geography,Archaeology,Chemical Engineering,Law,Civil Engineering,Politics & International Studies (incl Development Studies),Biological Sciences,General Engineering,Geology, Environmental, Earth & Marine Sciences,Psychology,Other Health,Physics & Astronomy,Communication & Media Studies,Medicine & Dentistry,Sport Science,Education,Languages, Literature & Linguistics,Mechanical & Aerospace Engineering,Sociology,History, Philosophy & Theology,Mathematics & Statistics,Accounting & Finance",False,False,False,
276-300,Istanbul Technical University,-,241,25.1,290,18.2,314,48.9,242,99.1,20,18.9,381,master_account,0,/world-university-rankings/istanbul-technical-university,750,Turkey,,,,,Istanbul Technical University,"Archaeology,Civil Engineering,Business & Management,Economics & Econometrics,Geology, Environmental, Earth & Marine Sciences,Mechanical & Aerospace Engineering,Chemistry,Computer Science,Biological Sciences,General Engineering,Physics & Astronomy,Communication & Media Studies,Architecture,Chemical Engineering,Electrical & Electronic Engineering,Mathematics & Statistics,Politics & International Studies (incl Development Studies),Art, Performing Arts & Design,Sociology,Accounting & Finance",False,False,False,
276-300,University of Kansas,-,343,33.2,203,20.1,289,43.0,276,27.6,327,23.5,356,public,0,/world-university-rankings/university-kansas,751,United States,,,,,University of Kansas,"Architecture,Sport Science,Law,Art, Performing Arts & Design,Electrical & Electronic Engineering,Politics & International Studies (incl Development Studies),Computer Science,Geology, Environmental, Earth & Marine Sciences,Languages, Literature & Linguistics,Chemical Engineering,Geography,Economics & Econometrics,General Engineering,Chemistry,Accounting & Finance,History, Philosophy & Theology,Civil Engineering,Sociology,Agriculture & Forestry,Other Health,Physics & Astronomy,Psychology,Biological Sciences,Archaeology,Education,Medicine & Dentistry,Mathematics & Statistics,Business & Management,Communication & Media Studies,Mechanical & Aerospace Engineering",False,False,False,https://www.timeshighereducation.com/student/register-interest/shorelight?utm_medium=thewebsite&utm_campaign=cta-link&utm_source=rankings&iid=i-11245372
276-300,University of Kentucky,-,345,38.7,159,28.4,219,35.2,321,-,395,18.3,386,public,0,/world-university-rankings/university-kentucky,752,United States,,,,,University of Kentucky,"Agriculture & Forestry,Chemistry,Education,Economics & Econometrics,Business & Management,Electrical & Electronic Engineering,Civil Engineering,Computer Science,Communication & Media Studies,Mechanical & Aerospace Engineering,Other Health,Physics & Astronomy,Mathematics & Statistics,General Engineering,Law,Medicine & Dentistry,Sociology,Politics & International Studies (incl Development Studies),Biological Sciences,Art, Performing Arts & Design,History, Philosophy & Theology,Veterinary Science,Sport Science,Architecture,Geology, Environmental, Earth & Marine Sciences,Geography,Psychology,Accounting & Finance,Languages, Literature & Linguistics,Chemical Engineering",False,False,False,https://www.timeshighereducation.com/student/register-interest/shorelight?utm_medium=thewebsite&utm_campaign=cta-link&utm_source=rankings&iid=i-63697822
276-300,Hong Kong Baptist University,-,238,20.0,340,11.2,389,59.7,174,25.3,355,58.9,153,master_account,0,/world-university-rankings/hong-kong-baptist-university,748,Hong Kong,,,,,Hong Kong Baptist University hkbu,"Medicine & Dentistry,Business & Management,Computer Science,Sociology,Art, Performing Arts & Design,Biological Sciences,Geography,History, Philosophy & Theology,Languages, Literature & Linguistics,Chemistry,Accounting & Finance,Communication & Media Studies,Education,Politics & International Studies (incl Development Studies),Mathematics & Statistics,Economics & Econometrics,Agriculture & Forestry,Sport Science,Physics & Astronomy,Other Health,Geology, Environmental, Earth & Marine Sciences",False,False,False,
276-300,Lomonosov Moscow State University,-,257,47.9,93,27.5,224,11.0,398,80.0,44,53.3,182,master_account,0,/world-university-rankings/lomonosov-moscow-state-university,753,Russian Federation,,,,,Lomonosov Moscow State University,"Education,History, Philosophy & Theology,Sport Science,Communication & Media Studies,Computer Science,Economics & Econometrics,Mathematics & Statistics,Languages, Literature & Linguistics,Politics & International Studies (incl Development Studies),Mechanical & Aerospace Engineering,Art, Performing Arts & Design,Chemical Engineering,Business & Management,Chemistry,Other Health,Agriculture & Forestry,Sociology,Geography,Medicine & Dentistry,Biological Sciences,Law,Archaeology,Accounting & Finance,Electrical & Electronic Engineering,Physics & Astronomy,Geology, Environmental, Earth & Marine Sciences,Psychology",False,False,True,
276-300,Queensland University of Technology,-,286,21.0,330,26.7,232,35.5,320,62.5,78,76.7,70,master_account,6,/world-university-rankings/queensland-university-technology,758,Australia,,,,,Queensland University of Technology qut,"Architecture,Politics & International Studies (incl Development Studies),Business & Management,Education,Computer Science,Accounting & Finance,Languages, Literature & Linguistics,Chemical Engineering,Electrical & Electronic Engineering,Chemistry,General Engineering,Other Health,Art, Performing Arts & Design,Sport Science,Geology, Environmental, Earth & Marine Sciences,Biological Sciences,Communication & Media Studies,Psychology,Civil Engineering,Law,Mathematics & Statistics,Economics & Econometrics,Physics & Astronomy,Geography,Mechanical & Aerospace Engineering",False,False,False,
276-300,Middle East Technical University,-,263,37.0,170,28.9,215,35.1,322,43.2,138,23.5,355,master_account,0,/world-university-rankings/middle-east-technical-university,754,Turkey,,,,,Middle East Technical University,"Mathematics & Statistics,Languages, Literature & Linguistics,Computer Science,Education,Biological Sciences,Sociology,Communication & Media Studies,Chemistry,Business & Management,Physics & Astronomy,Architecture,Archaeology,Sport Science,History, Philosophy & Theology,Economics & Econometrics,Chemical Engineering,Politics & International Studies (incl Development Studies),Civil Engineering,Mechanical & Aerospace Engineering,General Engineering,Electrical & Electronic Engineering,Geology, Environmental, Earth & Marine Sciences,Art, Performing Arts & Design,Psychology",False,False,False,
276-300,Sun Yat-sen University,-,297,33.3,202,14.3,361,50.5,235,42.1,148,20.7,373,master_account,0,/world-university-rankings/sun-yat-sen-university,760,China,,,,,Sun Yat-sen University,"Computer Science,Sport Science,Mechanical & Aerospace Engineering,History, Philosophy & Theology,Sociology,Chemistry,Electrical & Electronic Engineering,Medicine & Dentistry,Art, Performing Arts & Design,Veterinary Science,Accounting & Finance,Education,Biological Sciences,Geology, Environmental, Earth & Marine Sciences,General Engineering,Agriculture & Forestry,Architecture,Psychology,Economics & Econometrics,Physics & Astronomy,Business & Management,Languages, Literature & Linguistics,Law,Communication & Media Studies,Archaeology,Other Health,Chemical Engineering,Mathematics & Statistics,Geography,Politics & International Studies (incl Development Studies),Civil Engineering",False,False,False,
276-300,Montpellier University,-,264,24.3,303,8.7,400,62.3,166,24.9,361,52.9,184,master_account,0,/world-university-rankings/montpellier-university,755,France,,,,,Montpellier University,"Geology, Environmental, Earth & Marine Sciences,Agriculture & Forestry,Accounting & Finance,Biological Sciences,Law,Other Health,Mechanical & Aerospace Engineering,Veterinary Science,General Engineering,Business & Management,Economics & Econometrics,Computer Science,Electrical & Electronic Engineering,Civil Engineering,Chemical Engineering,Physics & Astronomy,Medicine & Dentistry,Mathematics & Statistics,Politics & International Studies (incl Development Studies),Chemistry,Education,Sport Science",False,False,False,
276-300,York University,-,400,19.9,341,27.7,223,41.2,288,41.7,156,57.7,160,master_account,11,/world-university-rankings/york-university,765,Canada,,,,,York University,"Sociology,Electrical & Electronic Engineering,Accounting & Finance,Civil Engineering,Sport Science,Mathematics & Statistics,Physics & Astronomy,General Engineering,Business & Management,Mechanical & Aerospace Engineering,Economics & Econometrics,Chemistry,Languages, Literature & Linguistics,Other Health,Geography,Geology, Environmental, Earth & Marine Sciences,History, Philosophy & Theology,Computer Science,Politics & International Studies (incl Development Studies),Biological Sciences,Art, Performing Arts & Design,Agriculture & Forestry,Psychology,Law,Communication & Media Studies,Education",False,False,False,
276-300,University of Münster,-,355,27.8,262,18.5,312,49.1,241,35.1,223,43.3,234,master_account,0,/world-university-rankings/university-munster,756,Germany,,,,,University of Münster,"History, Philosophy & Theology,Geology, Environmental, Earth & Marine Sciences,Economics & Econometrics,Archaeology,Communication & Media Studies,Sport Science,Law,Art, Performing Arts & Design,Physics & Astronomy,Accounting & Finance,Medicine & Dentistry,Politics & International Studies (incl Development Studies),Computer Science,Sociology,Biological Sciences,Psychology,Languages, Literature & Linguistics,Chemistry,Business & Management,Other Health,Geography,Mathematics & Statistics,Education",False,False,False,
276-300,University of Campinas,-,294,52.3,78,33.1,186,15.2,394,43.2,139,19.1,380,master_account,0,/world-university-rankings/university-campinas,759,Brazil,,,,,University of Campinas,"Business & Management,Agriculture & Forestry,Computer Science,Chemistry,Sociology,Electrical & Electronic Engineering,Geography,History, Philosophy & Theology,Education,Communication & Media Studies,Politics & International Studies (incl Development Studies),Physics & Astronomy,General Engineering,Biological Sciences,Geology, Environmental, Earth & Marine Sciences,Economics & Econometrics,Other Health,Architecture,Mechanical & Aerospace Engineering,Accounting & Finance,Mathematics & Statistics,Sport Science,Medicine & Dentistry,Civil Engineering,Chemical Engineering,Art, Performing Arts & Design,Languages, Literature & Linguistics",False,False,False,
276-300,Aberystwyth University,-,203,19.8,342,15.5,351,56.6,192,35.5,215,63.8,135,master_account,0,/world-university-rankings/aberystwyth-university,741,United Kingdom,,,,,Aberystwyth University,"Other Health,Agriculture & Forestry,Geology, Environmental, Earth & Marine Sciences,Electrical & Electronic Engineering,Languages, Literature & Linguistics,Psychology,Mathematics & Statistics,Sport Science,Economics & Econometrics,Education,Sociology,Veterinary Science,Law,Business & Management,Politics & International Studies (incl Development Studies),Biological Sciences,History, Philosophy & Theology,Computer Science,Communication & Media Studies,Physics & Astronomy,Accounting & Finance,Art, Performing Arts & Design,Geography",False,False,False,https://www.timeshighereducation.com/student/register-interest/siuk?utm_medium=thewebsite&utm_campaign=cta-link&utm_source=rankings&iid=i-97330263
276-300,The University of Texas at San Antonio,-,376,14.1,393,15.4,354,70.3,130,25.3,356,22.6,362,public,0,/world-university-rankings/university-texas-san-antonio,761,United States,,,,,The University of Texas at San Antonio,"Mathematics & Statistics,History, Philosophy & Theology,Accounting & Finance,Psychology,Other Health,Economics & Econometrics,Geography,Architecture,Chemistry,Physics & Astronomy,Business & Management,Biological Sciences,General Engineering,Languages, Literature & Linguistics,Civil Engineering,Medicine & Dentistry,Computer Science,Electrical & Electronic Engineering,Agriculture & Forestry,Sport Science,Politics & International Studies (incl Development Studies),Geology, Environmental, Earth & Marine Sciences,Art, Performing Arts & Design,Mechanical & Aerospace Engineering,Sociology,Education,Communication & Media Studies,Chemical Engineering,Law",False,False,False,https://www.timeshighereducation.com/student/register-interest/shorelight?utm_medium=thewebsite&utm_campaign=cta-link&utm_source=rankings&iid=i-33715825
276-300,University of Antwerp,-,317,21.8,324,10.9,392,55.3,205,56.2,95,70.7,99,master_account,0,/world-university-rankings/university-antwerp,742,Belgium,,,,,University of Antwerp,"Veterinary Science,Chemistry,Education,Languages, Literature & Linguistics,Chemical Engineering,Law,Geology, Environmental, Earth & Marine Sciences,Mechanical & Aerospace Engineering,Computer Science,History, Philosophy & Theology,Sociology,Art, Performing Arts & Design,Biological Sciences,Mathematics & Statistics,Politics & International Studies (incl Development Studies),Business & Management,Architecture,Medicine & Dentistry,Electrical & Electronic Engineering,Physics & Astronomy,Economics & Econometrics,Other Health,Communication & Media Studies,General Engineering",False,False,False,
276-300,Tokyo Medical and Dental University (TMDU),-,304,42.8,126,22.6,263,36.7,311,40.8,164,18.0,388,master_account,0,/world-university-rankings/tokyo-medical-and-dental-university-tmdu,762,Japan,,,,,Tokyo Medical and Dental University (TMDU),"Geology, Environmental, Earth & Marine Sciences,Medicine & Dentistry,Politics & International Studies (incl Development Studies),History, Philosophy & Theology,Education,Communication & Media Studies,Agriculture & Forestry,Veterinary Science,Art, Performing Arts & Design,Civil Engineering,Chemical Engineering,Electrical & Electronic Engineering,Biological Sciences,Physics & Astronomy,Accounting & Finance,Economics & Econometrics,Business & Management,Archaeology,Chemistry,Mechanical & Aerospace Engineering,Architecture,Computer Science,Psychology,Sport Science,Law,Mathematics & Statistics,General Engineering,Other Health,Sociology,Languages, Literature & Linguistics,Geography",False,False,False,
276-300,Autonomous University of Madrid,-,208,28.8,247,21.4,277,47.5,251,32.5,259,39.7,249,master_account,0,/world-university-rankings/autonomous-university-madrid,743,Spain,,,,,Autonomous University of Madrid,"Psychology,Medicine & Dentistry,Chemical Engineering,Geology, Environmental, Earth & Marine Sciences,Art, Performing Arts & Design,Physics & Astronomy,Business & Management,Geography,Electrical & Electronic Engineering,Law,Sport Science,Computer Science,Accounting & Finance,Languages, Literature & Linguistics,Economics & Econometrics,Communication & Media Studies,Chemistry,Other Health,History, Philosophy & Theology,Sociology,Mathematics & Statistics,General Engineering,Politics & International Studies (incl Development Studies),Archaeology,Biological Sciences,Education",False,False,False,
276-300,University of Trento,-,378,21.9,323,20.0,291,51.5,224,51.0,107,49.7,197,master_account,0,/world-university-rankings/university-trento,763,Italy,,,,,University of Trento,"Archaeology,Sport Science,Mathematics & Statistics,Business & Management,Physics & Astronomy,Chemical Engineering,Law,Economics & Econometrics,Accounting & Finance,Politics & International Studies (incl Development Studies),Languages, Literature & Linguistics,Architecture,Computer Science,Sociology,History, Philosophy & Theology,Civil Engineering,Biological Sciences,Psychology,Electrical & Electronic Engineering,Mechanical & Aerospace Engineering,Geology, Environmental, Earth & Marine Sciences,Agriculture & Forestry,Medicine & Dentistry,Art, Performing Arts & Design",False,False,False,
276-300,University of Crete,-,327,13.1,396,12.6,376,66.7,145,33.2,246,42.6,236,master_account,0,/world-university-rankings/university-crete,744,Greece,,,,,University of Crete,"History, Philosophy & Theology,Sociology,Computer Science,Psychology,Languages, Literature & Linguistics,Education,Medicine & Dentistry,Economics & Econometrics,Mathematics & Statistics,Geology, Environmental, Earth & Marine Sciences,General Engineering,Chemistry,Archaeology,Business & Management,Biological Sciences,Politics & International Studies (incl Development Studies),Other Health,Physics & Astronomy",False,False,False,
276-300,UiT The Arctic University of Norway,-,310,24.4,301,14.4,359,53.0,215,32.8,252,63.5,138,master_account,0,/world-university-rankings/uit-arctic-university-norway,764,Norway,,,,,UiT The Arctic University of Norway,"Electrical & Electronic Engineering,Mathematics & Statistics,Economics & Econometrics,Languages, Literature & Linguistics,Psychology,Law,Mechanical & Aerospace Engineering,Chemistry,Sociology,Medicine & Dentistry,Accounting & Finance,Chemical Engineering,Politics & International Studies (incl Development Studies),Business & Management,Sport Science,Veterinary Science,Education,Physics & Astronomy,Civil Engineering,Archaeology,Art, Performing Arts & Design,Other Health,General Engineering,Biological Sciences,Agriculture & Forestry,Geography,Architecture,Geology, Environmental, Earth & Marine Sciences,Computer Science,History, Philosophy & Theology,Communication & Media Studies",False,False,False,
301-350,Aalto University,-,202,26.2,278,22.2,265,37.5,306,61.9,82,49.0,203,master_account,0,/world-university-rankings/aalto-university,767,Finland,,,,,Aalto University,"Physics & Astronomy,Business & Management,Mathematics & Statistics,Civil Engineering,Economics & Econometrics,Accounting & Finance,Computer Science,Art, Performing Arts & Design,Electrical & Electronic Engineering,Chemistry,Architecture,Psychology,Chemical Engineering,General Engineering,Mechanical & Aerospace Engineering,Communication & Media Studies,Education",False,False,False,
301-350,Jagiellonian University,-,242,25.1,291,16.0,344,43.1,274,25.8,349,39.5,251,master_account,0,/world-university-rankings/jagiellonian-university,783,Poland,,,,,Jagiellonian University,"Economics & Econometrics,Computer Science,Geology, Environmental, Earth & Marine Sciences,Psychology,Biological Sciences,Archaeology,Geography,Medicine & Dentistry,Business & Management,History, Philosophy & Theology,Education,Communication & Media Studies,Physics & Astronomy,Other Health,Law,Accounting & Finance,Chemistry,Politics & International Studies (incl Development Studies),Sociology,Languages, Literature & Linguistics,Mathematics & Statistics,Art, Performing Arts & Design",False,False,False,
301-350,Sapienza University of Rome,-,290,29.6,234,27.2,227,29.2,347,32.8,251,32.4,289,master_account,0,/world-university-rankings/sapienza-university-rome,800,Italy,,,,,Sapienza University of Rome,"Art, Performing Arts & Design,Law,Computer Science,Other Health,Civil Engineering,Mathematics & Statistics,Economics & Econometrics,Chemistry,Architecture,Languages, Literature & Linguistics,Chemical Engineering,Sociology,Accounting & Finance,Medicine & Dentistry,Geography,Geology, Environmental, Earth & Marine Sciences,Psychology,Mechanical & Aerospace Engineering,Communication & Media Studies,General Engineering,Business & Management,Biological Sciences,History, Philosophy & Theology,Archaeology,Politics & International Studies (incl Development Studies),Physics & Astronomy,Electrical & Electronic Engineering,Education",False,False,False,
301-350,Alexandria University,-,204,15.2,389,7.8,401,61.4,170,34.5,232,31.6,292,master_account,0,/world-university-rankings/alexandria-university,768,Egypt,,,,,Alexandria University,"Biological Sciences,Business & Management,Geology, Environmental, Earth & Marine Sciences,Civil Engineering,Computer Science,Geography,Languages, Literature & Linguistics,Chemical Engineering,Law,Mathematics & Statistics,Archaeology,Physics & Astronomy,Politics & International Studies (incl Development Studies),Mechanical & Aerospace Engineering,Accounting & Finance,General Engineering,Veterinary Science,History, Philosophy & Theology,Architecture,Electrical & Electronic Engineering,Other Health,Communication & Media Studies,Economics & Econometrics,Sociology,Art, Performing Arts & Design,Medicine & Dentistry,Education,Psychology,Sport Science,Chemistry,Agriculture & Forestry",False,False,False,
301-350,Keele University,-,245,18.0,361,18.1,315,39.8,293,28.1,315,62.6,141,master_account,0,/world-university-rankings/keele-university,784,United Kingdom,,,,,Keele University,"Psychology,Education,Mathematics & Statistics,Accounting & Finance,Veterinary Science,Physics & Astronomy,Computer Science,Medicine & Dentistry,Art, Performing Arts & Design,Sociology,Chemistry,Communication & Media Studies,Business & Management,General Engineering,History, Philosophy & Theology,Politics & International Studies (incl Development Studies),Biological Sciences,Other Health,Law,Sport Science,Languages, Literature & Linguistics,Economics & Econometrics,Geography,Geology, Environmental, Earth & Marine Sciences",False,False,False,https://www.timeshighereducation.com/student/register-interest/siuk?utm_medium=thewebsite&utm_campaign=cta-link&utm_source=rankings&iid=i-54705553
301-350,Shanghai Jiao Tong University,-,291,39.4,151,29.7,209,19.1,389,85.2,38,20.5,376,master_account,0,/world-university-rankings/shanghai-jiao-tong-university,801,China,,,,,Shanghai Jiao Tong University SJTU,"Geology, Environmental, Earth & Marine Sciences,General Engineering,Politics & International Studies (incl Development Studies),Sociology,Medicine & Dentistry,Biological Sciences,Communication & Media Studies,Chemical Engineering,Veterinary Science,Business & Management,Architecture,Psychology,Law,Mechanical & Aerospace Engineering,Art, Performing Arts & Design,Education,Agriculture & Forestry,Languages, Literature & Linguistics,Sport Science,Economics & Econometrics,Accounting & Finance,Mathematics & Statistics,Electrical & Electronic Engineering,Civil Engineering,Computer Science,Other Health,Physics & Astronomy,History, Philosophy & Theology,Chemistry",False,False,False,
301-350,University of Aveiro,-,318,17.0,377,15.9,346,40.9,289,34.7,229,48.4,209,master_account,0,/world-university-rankings/university-aveiro,769,Portugal,,,,,University of Aveiro,"Economics & Econometrics,Psychology,Geology, Environmental, Earth & Marine Sciences,Biological Sciences,Accounting & Finance,Communication & Media Studies,Business & Management,Other Health,Education,Electrical & Electronic Engineering,Agriculture & Forestry,Politics & International Studies (incl Development Studies),Physics & Astronomy,Mechanical & Aerospace Engineering,Chemistry,General Engineering,Chemical Engineering,Civil Engineering,Mathematics & Statistics,Languages, Literature & Linguistics,Computer Science,Art, Performing Arts & Design,Sociology",False,False,False,
301-350,Keio University,-,246,32.3,212,21.9,271,26.1,359,40.0,174,18.3,385,master_account,0,/world-university-rankings/keio-university,785,Japan,,,,,Keio University,"Sport Science,Education,Archaeology,Biological Sciences,Geography,Economics & Econometrics,History, Philosophy & Theology,Civil Engineering,Law,Other Health,Physics & Astronomy,Psychology,Languages, Literature & Linguistics,Mechanical & Aerospace Engineering,Politics & International Studies (incl Development Studies),Accounting & Finance,Art, Performing Arts & Design,Electrical & Electronic Engineering,Communication & Media Studies,Computer Science,Chemistry,General Engineering,Geology, Environmental, Earth & Marine Sciences,Medicine & Dentistry,Mathematics & Statistics,Business & Management,Architecture,Chemical Engineering,Sociology",False,False,False,
301-350,Sharif University of Technology,-,292,28.5,251,29.7,210,19.3,387,93.1,31,12.7,402,master_account,0,/world-university-rankings/sharif-university-technology,802,Iran,,,,,Sharif University of Technology,"Mathematics & Statistics,Languages, Literature & Linguistics,History, Philosophy & Theology,Business & Management,Electrical & Electronic Engineering,Mechanical & Aerospace Engineering,Chemistry,Civil Engineering,Physics & Astronomy,Computer Science,General Engineering,Chemical Engineering",False,False,False,
301-350,Bar-Ilan University,-,210,27.9,258,32.2,188,15.7,393,28.5,312,47.0,218,master_account,0,/world-university-rankings/bar-ilan-university,770,Israel,,,,,Bar-Ilan University,"Psychology,History, Philosophy & Theology,Electrical & Electronic Engineering,Languages, Literature & Linguistics,Agriculture & Forestry,Chemical Engineering,Architecture,Biological Sciences,Archaeology,Sociology,Geology, Environmental, Earth & Marine Sciences,Art, Performing Arts & Design,General Engineering,Sport Science,Business & Management,Accounting & Finance,Chemistry,Law,Computer Science,Other Health,Medicine & Dentistry,Mechanical & Aerospace Engineering,Physics & Astronomy,Communication & Media Studies,Education,Politics & International Studies (incl Development Studies),Economics & Econometrics,Veterinary Science,Mathematics & Statistics,Civil Engineering,Geography",False,False,False,
301-350,Kent State University,-,247,15.9,383,13.9,366,58.3,179,24.6,362,26.9,324,public,0,/world-university-rankings/kent-state-university,786,United States,,,,,Kent State University,"Geography,Medicine & Dentistry,Biological Sciences,Geology, Environmental, Earth & Marine Sciences,Accounting & Finance,Other Health,Sport Science,Education,Psychology,Business & Management,Mechanical & Aerospace Engineering,Politics & International Studies (incl Development Studies),Architecture,General Engineering,Mathematics & Statistics,History, Philosophy & Theology,Computer Science,Chemistry,Physics & Astronomy,Economics & Econometrics,Sociology,Art, Performing Arts & Design,Languages, Literature & Linguistics,Veterinary Science,Communication & Media Studies",False,False,False,https://www.timeshighereducation.com/student/register-interest/shorelight?utm_medium=thewebsite&utm_campaign=cta-link&utm_source=rankings&iid=i-90983582
301-350,University of South Florida (Tampa),-,366,22.1,322,30.1,206,36.6,315,94.4,29,15.0,396,public,0,/world-university-rankings/university-south-florida-tampa,803,United States,,,,,University of South Florida (Tampa),"Sociology,Archaeology,Mathematics & Statistics,Biological Sciences,Psychology,Politics & International Studies (incl Development Studies),Veterinary Science,Electrical & Electronic Engineering,General Engineering,Medicine & Dentistry,Geography,Civil Engineering,Education,Architecture,Agriculture & Forestry,History, Philosophy & Theology,Sport Science,Economics & Econometrics,Computer Science,Communication & Media Studies,Geology, Environmental, Earth & Marine Sciences,Art, Performing Arts & Design,Languages, Literature & Linguistics,Business & Management,Physics & Astronomy,Chemical Engineering,Other Health,Mechanical & Aerospace Engineering,Chemistry,Accounting & Finance",False,False,False,https://www.timeshighereducation.com/student/into-university-partnerships?utm_medium=thewebsite&utm_campaign=cta-link&utm_source=rankings&iid=i-47513011
301-350,University of Surrey,-,371,32.6,208,25.2,241,12.4,396,46.9,123,81.5,53,master_account,0,/world-university-rankings/university-surrey,806,United Kingdom,,,,,University of Surrey,"Accounting & Finance,Veterinary Science,Computer Science,Communication & Media Studies,Medicine & Dentistry,Agriculture & Forestry,Economics & Econometrics,Chemical Engineering,Biological Sciences,Art, Performing Arts & Design,Mechanical & Aerospace Engineering,Physics & Astronomy,Other Health,Law,Geology, Environmental, Earth & Marine Sciences,Chemistry,Politics & International Studies (incl Development Studies),History, Philosophy & Theology,Sport Science,Languages, Literature & Linguistics,Psychology,Electrical & Electronic Engineering,Business & Management,Mathematics & Statistics,Sociology,Civil Engineering",False,False,False,
301-350,SUNY Binghamton University,-,213,18.7,353,20.3,285,46.2,257,29.5,297,30.8,297,public,0,/world-university-rankings/suny-binghamton-university,771,United States,,,,,SUNY Binghamton University,"Geography,Economics & Econometrics,Geology, Environmental, Earth & Marine Sciences,Chemical Engineering,Accounting & Finance,Physics & Astronomy,Languages, Literature & Linguistics,Mechanical & Aerospace Engineering,Archaeology,Chemistry,Biological Sciences,Sociology,History, Philosophy & Theology,Mathematics & Statistics,Psychology,Electrical & Electronic Engineering,Art, Performing Arts & Design,Communication & Media Studies,Business & Management,Other Health,Education,General Engineering,Politics & International Studies (incl Development Studies),Computer Science",False,False,False,https://www.timeshighereducation.com/student/register-interest/shorelight?utm_medium=thewebsite&utm_campaign=cta-link&utm_source=rankings&iid=i-91581071
301-350,Lehigh University,-,253,20.2,339,18.1,316,44.9,263,38.6,184,26.5,329,private,0,/world-university-rankings/lehigh-university,787,United States,,,,,Lehigh University,"Architecture,Civil Engineering,Education,Biological Sciences,Business & Management,Chemical Engineering,Psychology,History, Philosophy & Theology,Mechanical & Aerospace Engineering,Sociology,Art, Performing Arts & Design,General Engineering,Communication & Media Studies,Computer Science,Physics & Astronomy,Economics & Econometrics,Chemistry,Languages, Literature & Linguistics,Electrical & Electronic Engineering,Politics & International Studies (incl Development Studies),Other Health,Geology, Environmental, Earth & Marine Sciences,Mathematics & Statistics,Accounting & Finance",False,False,False,https://www.timeshighereducation.com/student/register-interest/shorelight?utm_medium=thewebsite&utm_campaign=cta-link&utm_source=rankings&iid=i-16717372
301-350,University of Stirling,-,368,18.2,360,22.2,268,42.0,285,26.6,341,69.5,105,master_account,0,/world-university-rankings/university-stirling,804,United Kingdom,,,,,University of Stirling,"General Engineering,History, Philosophy & Theology,Communication & Media Studies,Other Health,Business & Management,Politics & International Studies (incl Development Studies),Sociology,Accounting & Finance,Economics & Econometrics,Computer Science,Law,Education,Mathematics & Statistics,Sport Science,Psychology,Geology, Environmental, Earth & Marine Sciences,Languages, Literature & Linguistics,Biological Sciences",False,False,False,
301-350,Boğaziçi University,-,214,24.5,298,19.7,293,45.7,258,34.7,228,36.2,267,master_account,0,/world-university-rankings/bogazici-university,772,Turkey,,,,,Boğaziçi University,"General Engineering,Geology, Environmental, Earth & Marine Sciences,Medicine & Dentistry,Mathematics & Statistics,History, Philosophy & Theology,Chemical Engineering,Veterinary Science,Geography,Economics & Econometrics,Archaeology,Biological Sciences,Law,Accounting & Finance,Art, Performing Arts & Design,Mechanical & Aerospace Engineering,Sociology,Languages, Literature & Linguistics,Civil Engineering,Politics & International Studies (incl Development Studies),Psychology,Architecture,Agriculture & Forestry,Sport Science,Education,Electrical & Electronic Engineering,Communication & Media Studies,Other Health,Physics & Astronomy,Computer Science,Chemistry,Business & Management",False,False,False,
301-350,University of Liège,-,347,23.5,310,16.4,334,38.9,299,64.8,70,68.7,109,master_account,0,/world-university-rankings/university-liege,788,Belgium,,,,,University of Liège,"Other Health,Civil Engineering,Chemistry,Archaeology,Veterinary Science,Politics & International Studies (incl Development Studies),Accounting & Finance,Mechanical & Aerospace Engineering,Communication & Media Studies,Business & Management,Computer Science,Chemical Engineering,Sociology,Economics & Econometrics,Architecture,Sport Science,Geography,Medicine & Dentistry,Mathematics & Statistics,History, Philosophy & Theology,Biological Sciences,Education,General Engineering,Physics & Astronomy,Electrical & Electronic Engineering,Geology, Environmental, Earth & Marine Sciences,Psychology,Languages, Literature & Linguistics,Agriculture & Forestry,Law",False,False,False,
301-350,University of Tampere,-,372,22.5,321,22.1,269,44.4,264,55.1,99,38.3,255,master_account,0,/world-university-rankings/university-tampere,807,Finland,,,,,University of Tampere,"Medicine & Dentistry,Business & Management,Sociology,Politics & International Studies (incl Development Studies),Languages, Literature & Linguistics,Education,Computer Science,Other Health,Accounting & Finance,Communication & Media Studies,History, Philosophy & Theology,Psychology,Art, Performing Arts & Design,Law,Mathematics & Statistics,Economics & Econometrics",False,False,False,
301-350,University of Canterbury,-,324,17.3,371,24.3,246,30.5,341,26.6,340,76.3,72,master_account,6,/world-university-rankings/university-canterbury,773,New Zealand,,,,,University of Canterbury,"Biological Sciences,Education,Accounting & Finance,Civil Engineering,Physics & Astronomy,Communication & Media Studies,Sociology,General Engineering,Geography,Veterinary Science,History, Philosophy & Theology,Languages, Literature & Linguistics,Sport Science,Chemistry,Psychology,Architecture,Business & Management,Computer Science,Geology, Environmental, Earth & Marine Sciences,Other Health,Medicine & Dentistry,Chemical Engineering,Mechanical & Aerospace Engineering,Archaeology,Economics & Econometrics,Law,Politics & International Studies (incl Development Studies),Mathematics & Statistics,Agriculture & Forestry,Art, Performing Arts & Design,Electrical & Electronic Engineering",False,False,False,https://www.timeshighereducation.com/student/register-interest/aecc?utm_medium=thewebsite&utm_campaign=cta-link&utm_source=rankings&iid=i-36383713
301-350,Linköping University,-,255,19.6,345,18.9,303,42.8,279,31.8,269,48.6,207,master_account,0,/world-university-rankings/linkoping-university,789,Sweden,,,,,Linköping University,"General Engineering,Geology, Environmental, Earth & Marine Sciences,Art, Performing Arts & Design,Civil Engineering,Politics & International Studies (incl Development Studies),Economics & Econometrics,Biological Sciences,Geography,Mechanical & Aerospace Engineering,Chemistry,Accounting & Finance,Computer Science,Veterinary Science,Education,History, Philosophy & Theology,Chemical Engineering,Business & Management,Other Health,Communication & Media Studies,Medicine & Dentistry,Agriculture & Forestry,Sociology,Electrical & Electronic Engineering,Mathematics & Statistics,Psychology,Languages, Literature & Linguistics,Physics & Astronomy",False,False,False,
301-350,University of Tasmania,-,374,18.5,354,15.0,355,34.9,324,42.1,150,70.5,100,master_account,0,/world-university-rankings/university-tasmania,808,Australia,,,,,University of Tasmania,"Education,Art, Performing Arts & Design,Geology, Environmental, Earth & Marine Sciences,Civil Engineering,History, Philosophy & Theology,Sport Science,Psychology,Sociology,Medicine & Dentistry,Chemistry,Computer Science,Mathematics & Statistics,Communication & Media Studies,Politics & International Studies (incl Development Studies),Accounting & Finance,Mechanical & Aerospace Engineering,Business & Management,Physics & Astronomy,Other Health,Electrical & Electronic Engineering,General Engineering,Law,Architecture,Economics & Econometrics,Agriculture & Forestry,Languages, Literature & Linguistics,Geography,Biological Sciences",False,False,False,https://www.timeshighereducation.com/student/register-interest/aecc?utm_medium=thewebsite&utm_campaign=cta-link&utm_source=rankings&iid=i-41097594
301-350,Charles Darwin University,-,219,16.4,381,19.4,298,52.6,217,31.3,272,46.7,221,master_account,0,/world-university-rankings/charles-darwin-university,774,Australia,,,,,Charles Darwin University,"Electrical & Electronic Engineering,Other Health,Economics & Econometrics,History, Philosophy & Theology,Agriculture & Forestry,Politics & International Studies (incl Development Studies),Law,Computer Science,Medicine & Dentistry,Chemical Engineering,Accounting & Finance,Psychology,General Engineering,Chemistry,Business & Management,Languages, Literature & Linguistics,Physics & Astronomy,Education,Art, Performing Arts & Design,Biological Sciences,Communication & Media Studies,Mechanical & Aerospace Engineering,Geology, Environmental, Earth & Marine Sciences,Civil Engineering,Sociology,Geography",False,False,False,https://www.timeshighereducation.com/student/register-interest/aecc?utm_medium=thewebsite&utm_campaign=cta-link&utm_source=rankings&iid=i-76387108
301-350,University of Manitoba,-,348,29.5,235,31.7,192,27.7,352,40.7,167,40.2,248,master_account,0,/world-university-rankings/university-manitoba,790,Canada,,,,,University of Manitoba,"Computer Science,Archaeology,Mathematics & Statistics,Law,Agriculture & Forestry,Medicine & Dentistry,Business & Management,History, Philosophy & Theology,Sport Science,Geology, Environmental, Earth & Marine Sciences,Chemical Engineering,Electrical & Electronic Engineering,Education,Accounting & Finance,Art, Performing Arts & Design,Economics & Econometrics,Architecture,Physics & Astronomy,Other Health,Chemistry,Politics & International Studies (incl Development Studies),Civil Engineering,Biological Sciences,Geography,General Engineering,Mechanical & Aerospace Engineering,Psychology,Languages, Literature & Linguistics,Sociology",False,False,False,https://www.timeshighereducation.com/student/register-interest/applyboard?utm_medium=thewebsite&utm_campaign=cta-link&utm_source=rankings&iid=i-35304783
301-350,University of Valencia,-,382,15.8,385,10.2,395,64.3,154,32.1,266,36.4,265,master_account,0,/world-university-rankings/university-valencia,809,Spain,,,,,University of Valencia,"Chemical Engineering,Psychology,Physics & Astronomy,History, Philosophy & Theology,Mathematics & Statistics,Other Health,Education,Agriculture & Forestry,Art, Performing Arts & Design,Law,Biological Sciences,Computer Science,Sociology,Accounting & Finance,Business & Management,Politics & International Studies (incl Development Studies),Sport Science,Architecture,Geology, Environmental, Earth & Marine Sciences,Medicine & Dentistry,Geography,Communication & Media Studies,Languages, Literature & Linguistics,Economics & Econometrics,Chemistry,Electrical & Electronic Engineering",False,False,False,
301-350,University College Cork,-,315,20.6,335,19.2,299,29.4,346,36.8,199,77.0,69,master_account,0,/world-university-rankings/university-college-cork,775,Ireland,,,,,University College Cork ucc,"History, Philosophy & Theology,Archaeology,Chemistry,Chemical Engineering,Languages, Literature & Linguistics,Computer Science,Medicine & Dentistry,Biological Sciences,Accounting & Finance,Politics & International Studies (incl Development Studies),Geography,Psychology,Geology, Environmental, Earth & Marine Sciences,Mathematics & Statistics,Electrical & Electronic Engineering,Education,Other Health,Mechanical & Aerospace Engineering,Sport Science,Civil Engineering,Art, Performing Arts & Design,Sociology,Business & Management,Physics & Astronomy,General Engineering,Law,Economics & Econometrics,Architecture,Agriculture & Forestry",False,False,False,
301-350,"University of Maryland, Baltimore County",-,349,17.6,368,14.5,358,52.8,216,29.9,292,18.6,384,public,0,/world-university-rankings/university-maryland-baltimore-county,791,United States,,,,,"University of Maryland, Baltimore County","Agriculture & Forestry,Sociology,General Engineering,Politics & International Studies (incl Development Studies),Civil Engineering,Education,History, Philosophy & Theology,Chemistry,Business & Management,Mechanical & Aerospace Engineering,Geography,Electrical & Electronic Engineering,Physics & Astronomy,Languages, Literature & Linguistics,Chemical Engineering,Psychology,Other Health,Communication & Media Studies,Computer Science,Mathematics & Statistics,Accounting & Finance,Art, Performing Arts & Design,Biological Sciences,Economics & Econometrics",False,False,False,https://www.timeshighereducation.com/student/register-interest/shorelight?utm_medium=thewebsite&utm_campaign=cta-link&utm_source=rankings&iid=i-79454013
301-350,TU Wien,-,391,26.3,277,14.1,364,24.3,367,35.2,221,82.5,48,master_account,0,/world-university-rankings/tu-wien,810,Austria,,,,,TU Wien,"General Engineering,Geology, Environmental, Earth & Marine Sciences,Physics & Astronomy,Computer Science,Mathematics & Statistics,Architecture,Chemistry,Chemical Engineering,Civil Engineering,Electrical & Electronic Engineering",False,False,False,
301-350,University of Eastern Finland,-,328,23.2,314,16.1,342,51.1,227,30.2,289,33.5,281,master_account,0,/world-university-rankings/university-eastern-finland,776,Finland,,,,,University of Eastern Finland,"Geography,Politics & International Studies (incl Development Studies),Physics & Astronomy,Computer Science,Medicine & Dentistry,Education,Languages, Literature & Linguistics,Mathematics & Statistics,Economics & Econometrics,General Engineering,Agriculture & Forestry,Chemistry,Biological Sciences,Geology, Environmental, Earth & Marine Sciences,Other Health,History, Philosophy & Theology,Business & Management,Law,Psychology,Accounting & Finance,Sociology",False,False,False,
301-350,University of Modena and Reggio Emilia,-,354,14.5,391,15.7,349,50.8,231,27.9,321,26.8,326,master_account,0,/world-university-rankings/university-modena-and-reggio-emilia,792,Italy,,,,,University of Modena and Reggio Emilia,"Accounting & Finance,Computer Science,Agriculture & Forestry,Medicine & Dentistry,Business & Management,Chemical Engineering,Languages, Literature & Linguistics,Electrical & Electronic Engineering,Mathematics & Statistics,Biological Sciences,Chemistry,Physics & Astronomy,History, Philosophy & Theology,Law,Economics & Econometrics,General Engineering,Sociology,Sport Science,Other Health,Communication & Media Studies,Civil Engineering,Psychology,Geology, Environmental, Earth & Marine Sciences,Education,Geography,Mechanical & Aerospace Engineering",False,False,False,
301-350,Vrije Universiteit Brussel,-,393,23.4,312,21.1,282,36.7,313,66.2,69,49.4,200,master_account,0,/world-university-rankings/vrije-universiteit-brussel,811,Belgium,,,,,Vrije Universiteit Brussel,"Architecture,Politics & International Studies (incl Development Studies),Business & Management,Computer Science,History, Philosophy & Theology,Chemistry,Electrical & Electronic Engineering,Education,Other Health,Chemical Engineering,Economics & Econometrics,Physics & Astronomy,Mathematics & Statistics,Geography,Biological Sciences,Sport Science,Sociology,General Engineering,Languages, Literature & Linguistics,Civil Engineering,Communication & Media Studies,Medicine & Dentistry,Mechanical & Aerospace Engineering,Law,Geology, Environmental, Earth & Marine Sciences,Psychology",False,False,False,
301-350,University of Ferrara,-,330,15.8,384,14.1,363,59.3,177,34.3,235,37.1,263,master_account,0,/world-university-rankings/university-ferrara,777,Italy,,,,,University of Ferrara,"Agriculture & Forestry,Business & Management,Medicine & Dentistry,Physics & Astronomy,Civil Engineering,Education,Electrical & Electronic Engineering,Communication & Media Studies,Languages, Literature & Linguistics,Biological Sciences,Economics & Econometrics,Architecture,Sport Science,Archaeology,Mathematics & Statistics,Mechanical & Aerospace Engineering,Law,Other Health,Chemistry,Computer Science,Geology, Environmental, Earth & Marine Sciences",False,False,False,
301-350,University of Oklahoma,-,357,33.8,198,16.1,343,31.6,336,32.3,262,20.7,374,public,0,/world-university-rankings/university-oklahoma,794,United States,,,,,University of Oklahoma,"General Engineering,Physics & Astronomy,Business & Management,Archaeology,Chemical Engineering,Sociology,Architecture,Chemistry,Accounting & Finance,Languages, Literature & Linguistics,Mathematics & Statistics,Psychology,Medicine & Dentistry,Geology, Environmental, Earth & Marine Sciences,Economics & Econometrics,Computer Science,Sport Science,Education,Other Health,Biological Sciences,Law,Art, Performing Arts & Design,Civil Engineering,Communication & Media Studies,Electrical & Electronic Engineering,Politics & International Studies (incl Development Studies),History, Philosophy & Theology,Mechanical & Aerospace Engineering,Geography",False,False,False,https://www.timeshighereducation.com/student/register-interest/shorelight?utm_medium=thewebsite&utm_campaign=cta-link&utm_source=rankings&iid=i-11900483
301-350,University of Warsaw,-,384,21.6,325,15.7,350,44.3,266,-,399,35.8,271,master_account,0,/world-university-rankings/university-warsaw,813,Poland,,,,,University of Warsaw,"Accounting & Finance,Law,Computer Science,Geography,Chemistry,Medicine & Dentistry,Languages, Literature & Linguistics,Mathematics & Statistics,History, Philosophy & Theology,Archaeology,Sociology,Biological Sciences,Art, Performing Arts & Design,Psychology,Business & Management,Education,Physics & Astronomy,Economics & Econometrics,Communication & Media Studies,Geology, Environmental, Earth & Marine Sciences,Politics & International Studies (incl Development Studies)",False,False,False,
301-350,Aalborg University,-,201,19.0,350,20.0,290,27.1,355,36.4,203,75.3,78,master_account,1,/world-university-rankings/aalborg-university,766,Denmark,,,,,Aalborg University,"Agriculture & Forestry,Geography,History, Philosophy & Theology,Electrical & Electronic Engineering,Geology, Environmental, Earth & Marine Sciences,Economics & Econometrics,Languages, Literature & Linguistics,Chemistry,Accounting & Finance,Civil Engineering,Politics & International Studies (incl Development Studies),Other Health,Sport Science,Education,Medicine & Dentistry,Chemical Engineering,Sociology,Art, Performing Arts & Design,Biological Sciences,Law,General Engineering,Physics & Astronomy,Business & Management,Architecture,Mechanical & Aerospace Engineering,Communication & Media Studies,Computer Science,Mathematics & Statistics,Psychology",False,False,False,
301-350,George Mason University,-,231,29.3,237,17.7,322,42.6,280,25.1,359,23.8,351,public,0,/world-university-rankings/george-mason-university,778,United States,,,,,George Mason University,"Mathematics & Statistics,Psychology,Geography,Sport Science,Computer Science,Mechanical & Aerospace Engineering,Physics & Astronomy,Law,History, Philosophy & Theology,Other Health,Veterinary Science,Accounting & Finance,Agriculture & Forestry,Art, Performing Arts & Design,Communication & Media Studies,Electrical & Electronic Engineering,Architecture,Civil Engineering,Economics & Econometrics,Languages, Literature & Linguistics,Medicine & Dentistry,Chemistry,Education,Biological Sciences,Sociology,Chemical Engineering,Geology, Environmental, Earth & Marine Sciences,General Engineering,Business & Management,Politics & International Studies (incl Development Studies),Archaeology",False,False,False,https://www.timeshighereducation.com/student/into-university-partnerships?utm_medium=thewebsite&utm_campaign=cta-link&utm_source=rankings&iid=i-27260358
301-350,University of Pisa,-,361,18.3,357,18.5,313,50.8,232,35.3,220,26.2,333,master_account,0,/world-university-rankings/university-pisa,795,Italy,,,,,University of Pisa,"Art, Performing Arts & Design,Civil Engineering,Sport Science,Law,Languages, Literature & Linguistics,Chemical Engineering,Economics & Econometrics,General Engineering,Veterinary Science,Mathematics & Statistics,Electrical & Electronic Engineering,Physics & Astronomy,Psychology,Other Health,Chemistry,Business & Management,Education,Archaeology,Communication & Media Studies,Computer Science,Accounting & Finance,History, Philosophy & Theology,Sociology,Biological Sciences,Politics & International Studies (incl Development Studies),Geology, Environmental, Earth & Marine Sciences,Mechanical & Aerospace Engineering,Agriculture & Forestry,Medicine & Dentistry",False,False,False,
301-350,Washington State University,-,395,28.8,249,24.5,245,33.5,332,34.3,237,31.0,296,public,0,/world-university-rankings/washington-state-university,814,United States,,,,,Washington State University,"Archaeology,Computer Science,Chemistry,Business & Management,Electrical & Electronic Engineering,Mathematics & Statistics,Accounting & Finance,Languages, Literature & Linguistics,Civil Engineering,Politics & International Studies (incl Development Studies),Economics & Econometrics,Other Health,Chemical Engineering,Communication & Media Studies,General Engineering,Physics & Astronomy,Mechanical & Aerospace Engineering,Art, Performing Arts & Design,Geology, Environmental, Earth & Marine Sciences,History, Philosophy & Theology,Agriculture & Forestry,Sociology,Architecture,Veterinary Science,Psychology,Medicine & Dentistry,Biological Sciences,Geography,Sport Science,Education",False,False,False,https://www.timeshighereducation.com/student/register-interest/shorelight?utm_medium=thewebsite&utm_campaign=cta-link&utm_source=rankings&iid=i-18966292
301-350,National Taiwan University of Science and Technology (Taiwan Tech),-,271,24.3,304,37.0,152,19.4,385,42.9,141,15.6,395,master_account,0,/world-university-rankings/national-taiwan-university-science-and-technology-taiwan-tech,793,Taiwan,,,,,National Taiwan University of Science and Technology (Taiwan Tech),"Accounting & Finance,Electrical & Electronic Engineering,Mechanical & Aerospace Engineering,Art, Performing Arts & Design,Civil Engineering,Languages, Literature & Linguistics,Chemical Engineering,Computer Science,General Engineering,Education,Architecture,Business & Management",False,False,False,
301-350,University of Hertfordshire,-,337,12.2,400,7.7,402,55.5,203,27.1,334,76.5,71,master_account,0,/world-university-rankings/university-hertfordshire,779,United Kingdom,,,,,University of Hertfordshire,"Communication & Media Studies,Electrical & Electronic Engineering,General Engineering,Politics & International Studies (incl Development Studies),Accounting & Finance,Biological Sciences,Physics & Astronomy,Civil Engineering,Art, Performing Arts & Design,Business & Management,Psychology,Other Health,Sport Science,Law,Sociology,Veterinary Science,Mathematics & Statistics,Geology, Environmental, Earth & Marine Sciences,Economics & Econometrics,Education,Computer Science,Geography,Mechanical & Aerospace Engineering,Architecture",False,False,False,https://www.timeshighereducation.com/student/register-interest/siuk?utm_medium=thewebsite&utm_campaign=cta-link&utm_source=rankings&iid=i-38054073
301-350,University of Plymouth,-,280,12.9,397,13.7,372,58.1,181,25.8,350,49.0,204,master_account,0,/world-university-rankings/university-plymouth,796,United Kingdom,,,,,University of Plymouth,"Computer Science,Education,Art, Performing Arts & Design,Civil Engineering,Geography,Medicine & Dentistry,Politics & International Studies (incl Development Studies),Electrical & Electronic Engineering,Psychology,History, Philosophy & Theology,Chemistry,Business & Management,Mathematics & Statistics,Communication & Media Studies,Economics & Econometrics,Other Health,Sociology,Languages, Literature & Linguistics,Mechanical & Aerospace Engineering,Law,Architecture,Geology, Environmental, Earth & Marine Sciences,Accounting & Finance,Biological Sciences",False,False,False,https://www.timeshighereducation.com/student/register-interest/siuk?utm_medium=thewebsite&utm_campaign=cta-link&utm_source=rankings&iid=i-23101933
301-350,Zhejiang University,-,402,38.8,157,27.2,228,23.0,374,84.4,40,13.9,400,master_account,0,/world-university-rankings/zhejiang-university,815,China,,,,,Zhejiang University ZJU Zhejiang University China research,"Chemical Engineering,Business & Management,Other Health,Biological Sciences,Politics & International Studies (incl Development Studies),Languages, Literature & Linguistics,Law,Architecture,Geography,Communication & Media Studies,Economics & Econometrics,Physics & Astronomy,Geology, Environmental, Earth & Marine Sciences,Computer Science,Agriculture & Forestry,History, Philosophy & Theology,Civil Engineering,Psychology,Sport Science,Electrical & Electronic Engineering,Mathematics & Statistics,Chemistry,Education,Sociology,General Engineering,Art, Performing Arts & Design,Mechanical & Aerospace Engineering,Veterinary Science,Medicine & Dentistry,Accounting & Finance,Archaeology",False,False,False,
301-350,Sungkyunkwan University (SKKU),-,298,31.4,218,32.1,190,23.9,369,99.4,17,26.6,328,master_account,11,/world-university-rankings/sungkyunkwan-university-skku,805,South Korea,,,,,Sungkyunkwan University (SKKU),"Medicine & Dentistry,Communication & Media Studies,Electrical & Electronic Engineering,Psychology,Sociology,Architecture,Agriculture & Forestry,Sport Science,Law,General Engineering,Chemistry,History, Philosophy & Theology,Chemical Engineering,Physics & Astronomy,Economics & Econometrics,Languages, Literature & Linguistics,Civil Engineering,Geography,Archaeology,Biological Sciences,Mathematics & Statistics,Business & Management,Computer Science,Geology, Environmental, Earth & Marine Sciences,Accounting & Finance,Other Health,Veterinary Science,Education,Mechanical & Aerospace Engineering,Politics & International Studies (incl Development Studies),Art, Performing Arts & Design",False,False,False,
301-350,University of Houston,-,338,36.5,176,23.6,255,23.6,371,31.2,276,27.7,317,public,0,/world-university-rankings/university-houston,780,United States,,,,,University of Houston,"Mechanical & Aerospace Engineering,Politics & International Studies (incl Development Studies),Electrical & Electronic Engineering,Communication & Media Studies,Art, Performing Arts & Design,Civil Engineering,Sociology,Medicine & Dentistry,Mathematics & Statistics,Psychology,Computer Science,Chemistry,Accounting & Finance,Architecture,Sport Science,Education,General Engineering,Geology, Environmental, Earth & Marine Sciences,Economics & Econometrics,Languages, Literature & Linguistics,Chemical Engineering,Geography,History, Philosophy & Theology,Biological Sciences,Law,Other Health,Physics & Astronomy,Business & Management",False,False,False,https://www.timeshighereducation.com/student/register-interest/shorelight?utm_medium=thewebsite&utm_campaign=cta-link&utm_source=rankings&iid=i-22783831
301-350,Politecnico di Milano,-,282,24.1,307,17.6,324,33.9,331,69.8,61,33.6,280,master_account,11,/world-university-rankings/politecnico-di-milano,797,Italy,,,,,Politecnico di Milano,"Civil Engineering,Computer Science,Architecture,Chemical Engineering,Mechanical & Aerospace Engineering,Business & Management,Electrical & Electronic Engineering,Art, Performing Arts & Design,General Engineering",False,False,False,
301-350,University of Waikato,-,383,13.3,395,13.9,367,47.8,249,24.5,364,87.0,31,master_account,0,/world-university-rankings/university-waikato,812,New Zealand,,,,,University of Waikato UoW,"Other Health,Mathematics & Statistics,Psychology,History, Philosophy & Theology,Sport Science,Law,Computer Science,Physics & Astronomy,Business & Management,Civil Engineering,Politics & International Studies (incl Development Studies),Art, Performing Arts & Design,Biological Sciences,Geography,Mechanical & Aerospace Engineering,Communication & Media Studies,Economics & Econometrics,Languages, Literature & Linguistics,Agriculture & Forestry,Education,General Engineering,Chemistry,Electrical & Electronic Engineering,Geology, Environmental, Earth & Marine Sciences,Accounting & Finance,Chemical Engineering,Sociology",False,False,False,https://www.timeshighereducation.com/student/register-interest/aecc?utm_medium=thewebsite&utm_campaign=cta-link&utm_source=rankings&iid=i-22862122
301-350,University of Hull,-,339,14.5,390,16.7,333,40.2,290,28.1,316,66.2,122,master_account,11,/world-university-rankings/university-hull,781,United Kingdom,,,,,University of Hull,"Art, Performing Arts & Design,Chemistry,Geography,Archaeology,Communication & Media Studies,Politics & International Studies (incl Development Studies),Electrical & Electronic Engineering,Sociology,Civil Engineering,Accounting & Finance,Medicine & Dentistry,Chemical Engineering,Education,Other Health,Mechanical & Aerospace Engineering,Geology, Environmental, Earth & Marine Sciences,General Engineering,Mathematics & Statistics,Psychology,History, Philosophy & Theology,Sport Science,Business & Management,Computer Science,Biological Sciences,Law,Languages, Literature & Linguistics,Physics & Astronomy,Economics & Econometrics",False,False,False,https://www.timeshighereducation.com/student/register-interest/siuk?utm_medium=thewebsite&utm_campaign=cta-link&utm_source=rankings&iid=i-22394063
301-350,University of Porto,-,362,17.7,366,13.0,373,43.9,269,33.7,241,42.0,239,master_account,0,/world-university-rankings/university-porto,798,Portugal,,,,,University of Porto,"Computer Science,Sport Science,Accounting & Finance,Other Health,Mathematics & Statistics,Geography,Electrical & Electronic Engineering,Geology, Environmental, Earth & Marine Sciences,Business & Management,Art, Performing Arts & Design,Communication & Media Studies,History, Philosophy & Theology,Biological Sciences,Architecture,Chemistry,Physics & Astronomy,Politics & International Studies (incl Development Studies),Psychology,Law,Sociology,Chemical Engineering,Civil Engineering,Economics & Econometrics,General Engineering,Archaeology,Mechanical & Aerospace Engineering,Medicine & Dentistry,Veterinary Science,Languages, Literature & Linguistics,Agriculture & Forestry,Education",False,False,False,
301-350,Indian Institute of Technology Bombay,-,240,43.8,122,15.7,348,38.8,300,24.2,367,14.3,398,master_account,0,/world-university-rankings/indian-institute-technology-bombay,782,India,,,,,Indian Institute of Technology Bombay,"Mechanical & Aerospace Engineering,Education,Electrical & Electronic Engineering,Geography,Civil Engineering,General Engineering,Politics & International Studies (incl Development Studies),Chemistry,Computer Science,Communication & Media Studies,Chemical Engineering,Business & Management,Art, Performing Arts & Design,Geology, Environmental, Earth & Marine Sciences,Physics & Astronomy,Mathematics & Statistics,Economics & Econometrics",False,False,False,
301-350,Charles University,-,220,32.3,211,24.6,244,31.0,339,24.5,363,51.4,191,master_account,0,/world-university-rankings/charles-university,799,Czechia,,,,,Charles University,"Sport Science,Sociology,Medicine & Dentistry,Communication & Media Studies,Mathematics & Statistics,Politics & International Studies (incl Development Studies),Art, Performing Arts & Design,History, Philosophy & Theology,Biological Sciences,Economics & Econometrics,Law,Psychology,Business & Management,Physics & Astronomy,Accounting & Finance,Education,Languages, Literature & Linguistics,Computer Science,Chemistry,Geology, Environmental, Earth & Marine Sciences,Other Health,Archaeology,Geography",False,False,False,
350-400,Clemson University,-,221,20.8,332,17.0,331,25.5,361,30.8,283,28.5,313,public,0,/world-university-rankings/clemson-university,819,United States,,,,,Clemson University,"General Engineering,Biological Sciences,Sociology,History, Philosophy & Theology,Veterinary Science,Business & Management,Computer Science,Geography,Economics & Econometrics,Other Health,Politics & International Studies (incl Development Studies),Architecture,Agriculture & Forestry,Psychology,Civil Engineering,Geology, Environmental, Earth & Marine Sciences,Accounting & Finance,Electrical & Electronic Engineering,Mathematics & Statistics,Education,Mechanical & Aerospace Engineering,Physics & Astronomy,Art, Performing Arts & Design,Chemical Engineering,Chemistry,Languages, Literature & Linguistics,Communication & Media Studies",False,False,False,https://www.timeshighereducation.com/student/register-interest/shorelight?utm_medium=thewebsite&utm_campaign=cta-link&utm_source=rankings&iid=i-19014504
350-400,National Taiwan Ocean University,-,270,12.5,398,19.7,294,31.0,340,68.0,63,14.3,399,master_account,0,/world-university-rankings/national-taiwan-ocean-university,844,Taiwan,,,,,National Taiwan Ocean University,"History, Philosophy & Theology,Civil Engineering,Economics & Econometrics,Accounting & Finance,Business & Management,Sociology,Art, Performing Arts & Design,Psychology,Mechanical & Aerospace Engineering,Communication & Media Studies,Agriculture & Forestry,Mathematics & Statistics,Law,Veterinary Science,Medicine & Dentistry,Physics & Astronomy,Archaeology,Sport Science,Chemical Engineering,Politics & International Studies (incl Development Studies),Education,Computer Science,Other Health,Geology, Environmental, Earth & Marine Sciences,General Engineering,Chemistry,Geography,Biological Sciences,Electrical & Electronic Engineering,Architecture,Languages, Literature & Linguistics",False,False,False,
350-400,Waseda University,-,394,25.4,286,17.3,328,29.7,345,27.3,332,27.1,323,master_account,6,/world-university-rankings/waseda-university,862,Japan,,,,,Waseda University Waseda Japan Tokyo,"Electrical & Electronic Engineering,Physics & Astronomy,Education,Architecture,Geology, Environmental, Earth & Marine Sciences,Psychology,Other Health,Sport Science,Economics & Econometrics,Medicine & Dentistry,Politics & International Studies (incl Development Studies),History, Philosophy & Theology,Chemical Engineering,Geography,Languages, Literature & Linguistics,Mechanical & Aerospace Engineering,Chemistry,Law,General Engineering,Mathematics & Statistics,Business & Management,Art, Performing Arts & Design,Civil Engineering,Biological Sciences,Accounting & Finance,Computer Science,Communication & Media Studies,Archaeology,Sociology",False,False,False,
350-400,University of Kent,-,344,15.6,387,18.5,311,19.1,390,26.5,342,82.5,46,master_account,0,/world-university-rankings/university-kent,832,United Kingdom,,,,,University of Kent,"Business & Management,General Engineering,Geology, Environmental, Earth & Marine Sciences,Politics & International Studies (incl Development Studies),Other Health,Communication & Media Studies,Accounting & Finance,Chemical Engineering,Electrical & Electronic Engineering,Sociology,Economics & Econometrics,Computer Science,Geography,Architecture,Agriculture & Forestry,Art, Performing Arts & Design,Psychology,Medicine & Dentistry,Physics & Astronomy,Mathematics & Statistics,Languages, Literature & Linguistics,History, Philosophy & Theology,Biological Sciences,Law,Education,Sport Science,Chemistry,Archaeology",False,False,False,
350-400,University of Coimbra,-,326,20.6,336,11.6,387,27.4,353,29.4,301,55.8,173,master_account,0,/world-university-rankings/university-coimbra,820,Portugal,,,,,University of Coimbra,"Medicine & Dentistry,Politics & International Studies (incl Development Studies),Sociology,Psychology,Law,History, Philosophy & Theology,Chemical Engineering,Languages, Literature & Linguistics,Chemistry,Art, Performing Arts & Design,General Engineering,Mechanical & Aerospace Engineering,Civil Engineering,Accounting & Finance,Education,Biological Sciences,Communication & Media Studies,Agriculture & Forestry,Business & Management,Physics & Astronomy,Electrical & Electronic Engineering,Sport Science,Architecture,Archaeology,Economics & Econometrics,Geology, Environmental, Earth & Marine Sciences,Geography,Other Health,Computer Science,Mathematics & Statistics",False,False,False,
350-400,New Jersey Institute of Technology,-,275,17.1,373,14.5,357,26.4,357,37.5,193,41.3,243,public,0,/world-university-rankings/new-jersey-institute-technology,845,United States,,,,,New Jersey Institute of Technology,"History, Philosophy & Theology,Chemical Engineering,Architecture,Economics & Econometrics,Business & Management,Chemistry,Communication & Media Studies,Physics & Astronomy,Biological Sciences,Other Health,Computer Science,Languages, Literature & Linguistics,Art, Performing Arts & Design,Law,Mathematics & Statistics,Mechanical & Aerospace Engineering,Civil Engineering,Electrical & Electronic Engineering,Geography,Sociology,Accounting & Finance,General Engineering,Geology, Environmental, Earth & Marine Sciences",False,False,False,https://www.timeshighereducation.com/student/register-interest/shorelight?utm_medium=thewebsite&utm_campaign=cta-link&utm_source=rankings&iid=i-67078664
350-400,University of Wyoming,-,388,18.4,356,20.9,284,36.7,312,29.8,293,21.8,366,public,0,/world-university-rankings/university-wyoming,864,United States,,,,,University of Wyoming,"Art, Performing Arts & Design,Electrical & Electronic Engineering,Geology, Environmental, Earth & Marine Sciences,Business & Management,Computer Science,Chemical Engineering,Geography,History, Philosophy & Theology,Physics & Astronomy,Accounting & Finance,Sport Science,Psychology,Mechanical & Aerospace Engineering,Politics & International Studies (incl Development Studies),Biological Sciences,Education,Languages, Literature & Linguistics,Mathematics & Statistics,Communication & Media Studies,Medicine & Dentistry,Chemistry,Economics & Econometrics,Agriculture & Forestry,Law,Other Health,Civil Engineering,Sociology",False,False,False,https://www.timeshighereducation.com/student/register-interest/shorelight?utm_medium=thewebsite&utm_campaign=cta-link&utm_source=rankings&iid=i-13001174
350-400,Kyung Hee University,-,250,37.1,167,17.9,320,6.6,401,79.9,45,31.4,294,master_account,6,/world-university-rankings/kyung-hee-university,834,South Korea,,,,,Kyung Hee University KyungHee KHU,"Communication & Media Studies,Geography,Computer Science,Biological Sciences,Geology, Environmental, Earth & Marine Sciences,Languages, Literature & Linguistics,General Engineering,Sport Science,History, Philosophy & Theology,Mathematics & Statistics,Sociology,Electrical & Electronic Engineering,Politics & International Studies (incl Development Studies),Physics & Astronomy,Mechanical & Aerospace Engineering,Economics & Econometrics,Business & Management,Agriculture & Forestry,Civil Engineering,Psychology,Art, Performing Arts & Design,Law,Medicine & Dentistry,Chemistry,Accounting & Finance,Archaeology,Architecture,Chemical Engineering,Education,Other Health",False,False,False,
350-400,Curtin University,-,225,17.1,372,12.3,381,28.7,350,31.3,273,91.4,14,master_account,6,/world-university-rankings/curtin-university,821,Australia,,,,,Curtin University Curtin,"General Engineering,Chemistry,Geography,Computer Science,Biological Sciences,Politics & International Studies (incl Development Studies),Architecture,Mathematics & Statistics,Law,History, Philosophy & Theology,Agriculture & Forestry,Communication & Media Studies,Accounting & Finance,Other Health,Sport Science,Languages, Literature & Linguistics,Chemical Engineering,Business & Management,Medicine & Dentistry,Physics & Astronomy,Education,Art, Performing Arts & Design,Civil Engineering,Psychology,Electrical & Electronic Engineering,Geology, Environmental, Earth & Marine Sciences,Mechanical & Aerospace Engineering,Sociology,Economics & Econometrics",False,False,False,
350-400,NOVA University of Lisbon,-,278,18.0,362,10.9,391,28.3,351,38.3,186,48.3,211,master_account,0,/world-university-rankings/nova-university-lisbon,846,Portugal,,,,,NOVA University of Lisbon,"Politics & International Studies (incl Development Studies),Computer Science,Communication & Media Studies,Mechanical & Aerospace Engineering,Law,Civil Engineering,Languages, Literature & Linguistics,History, Philosophy & Theology,Agriculture & Forestry,Other Health,Medicine & Dentistry,General Engineering,Mathematics & Statistics,Archaeology,Accounting & Finance,Geography,Physics & Astronomy,Biological Sciences,Art, Performing Arts & Design,Sociology,Geology, Environmental, Earth & Marine Sciences,Business & Management,Economics & Econometrics,Electrical & Electronic Engineering,Chemistry,Chemical Engineering,Education",False,False,False,
350-400,Yuan Ze University,-,401,10.8,401,9.6,397,58.3,180,29.2,303,12.8,401,master_account,0,/world-university-rankings/yuan-ze-university,865,Taiwan,,,,,Yuan Ze University,"Languages, Literature & Linguistics,Sociology,Art, Performing Arts & Design,Communication & Media Studies,Chemical Engineering,Computer Science,General Engineering,Accounting & Finance,Mechanical & Aerospace Engineering,Other Health,Business & Management,Electrical & Electronic Engineering,Biological Sciences",False,False,False,
350-400,La Trobe University,-,252,19.0,351,19.5,297,13.6,395,28.9,307,71.3,96,master_account,0,/world-university-rankings/la-trobe-university,835,Australia,,,,,La Trobe University,"Archaeology,Chemistry,Economics & Econometrics,History, Philosophy & Theology,Mathematics & Statistics,Accounting & Finance,Mechanical & Aerospace Engineering,Education,Law,Computer Science,Sport Science,Other Health,Geology, Environmental, Earth & Marine Sciences,Art, Performing Arts & Design,Medicine & Dentistry,Civil Engineering,Communication & Media Studies,General Engineering,Biological Sciences,Sociology,Electrical & Electronic Engineering,Politics & International Studies (incl Development Studies),Physics & Astronomy,Business & Management,Languages, Literature & Linguistics,Agriculture & Forestry,Veterinary Science,Psychology",False,False,False,https://www.timeshighereducation.com/student/register-interest/aecc?utm_medium=thewebsite&utm_campaign=cta-link&utm_source=rankings&iid=i-05999552
350-400,Georgia State University,-,232,19.6,344,20.2,287,34.4,326,39.1,180,27.9,316,public,0,/world-university-rankings/georgia-state-university,824,United States,,,,,Georgia State University,"Business & Management,Languages, Literature & Linguistics,Mathematics & Statistics,Politics & International Studies (incl Development Studies),Economics & Econometrics,Art, Performing Arts & Design,Other Health,Medicine & Dentistry,Accounting & Finance,Biological Sciences,Geology, Environmental, Earth & Marine Sciences,Chemistry,Geography,Computer Science,Communication & Media Studies,Education,Physics & Astronomy,Psychology,Sociology,Sport Science,Law,History, Philosophy & Theology",False,False,False,https://www.timeshighereducation.com/student/register-interest/shorelight?utm_medium=thewebsite&utm_campaign=cta-link&utm_source=rankings&iid=i-29042203
350-400,Old Dominion University,-,279,17.1,374,12.5,378,46.9,253,-,383,27.3,319,public,0,/world-university-rankings/old-dominion-university,847,United States,,,,,Old Dominion University,"Art, Performing Arts & Design,Civil Engineering,Electrical & Electronic Engineering,Biological Sciences,Communication & Media Studies,Education,Medicine & Dentistry,Chemistry,Physics & Astronomy,History, Philosophy & Theology,General Engineering,Economics & Econometrics,Accounting & Finance,Geography,Politics & International Studies (incl Development Studies),Sport Science,Languages, Literature & Linguistics,Psychology,Business & Management,Other Health,Computer Science,Mathematics & Statistics,Sociology,Geology, Environmental, Earth & Marine Sciences,Mechanical & Aerospace Engineering",False,False,False,https://www.timeshighereducation.com/student/register-interest/shorelight?utm_medium=thewebsite&utm_campaign=cta-link&utm_source=rankings&iid=i-38583381
350-400,University of Zaragoza,-,389,14.5,392,9.3,399,38.4,303,42.9,142,28.8,312,master_account,0,/world-university-rankings/university-zaragoza,866,Spain,,,,,University of Zaragoza,"Law,Biological Sciences,Business & Management,Sport Science,History, Philosophy & Theology,Mechanical & Aerospace Engineering,Accounting & Finance,Other Health,Art, Performing Arts & Design,Education,Communication & Media Studies,Civil Engineering,Geology, Environmental, Earth & Marine Sciences,General Engineering,Electrical & Electronic Engineering,Geography,Veterinary Science,Mathematics & Statistics,Economics & Econometrics,Physics & Astronomy,Languages, Literature & Linguistics,Medicine & Dentistry,Sociology,Chemistry,Computer Science,Architecture,Psychology,Agriculture & Forestry,Chemical Engineering",False,False,False,
350-400,University of Galway,-,273,17.9,363,12.2,384,31.3,337,32.7,254,72.6,89,master_account,0,/world-university-rankings/university-galway,842,Ireland,,,,,University of Galway nui nui galway,"Archaeology,Civil Engineering,Agriculture & Forestry,Geography,Economics & Econometrics,Electrical & Electronic Engineering,Politics & International Studies (incl Development Studies),Sociology,Psychology,Accounting & Finance,Art, Performing Arts & Design,Communication & Media Studies,Languages, Literature & Linguistics,Mathematics & Statistics,General Engineering,Geology, Environmental, Earth & Marine Sciences,Computer Science,Mechanical & Aerospace Engineering,Education,Medicine & Dentistry,Law,Business & Management,Other Health,Chemistry,History, Philosophy & Theology,Biological Sciences,Physics & Astronomy",False,False,False,
350-400,Leibniz University Hannover,-,254,28.2,255,15.9,345,21.7,377,38.9,181,51.4,192,master_account,0,/world-university-rankings/leibniz-university-hannover,826,Germany,,,,,Leibniz University Hannover,"Civil Engineering,Education,Physics & Astronomy,Mathematics & Statistics,Architecture,Chemistry,Electrical & Electronic Engineering,History, Philosophy & Theology,Sociology,Geography,Economics & Econometrics,Biological Sciences,Agriculture & Forestry,Sport Science,Computer Science,Politics & International Studies (incl Development Studies),Accounting & Finance,Geology, Environmental, Earth & Marine Sciences,Business & Management,Law,General Engineering,Languages, Literature & Linguistics",False,False,False,
350-400,Université Sorbonne Paris Nord,-,360,13.4,394,11.8,386,39.4,296,24.2,368,59.9,151,master_account,0,/world-university-rankings/universite-sorbonne-paris-nord-0,848,France,,,,,Université Sorbonne Paris Nord,,False,False,False,
350-400,Deakin University,-,227,17.7,365,16.8,332,26.2,358,27.9,320,56.3,169,master_account,0,/world-university-rankings/deakin-university,822,Australia,,,,,Deakin University,"Architecture,Agriculture & Forestry,Geography,Languages, Literature & Linguistics,Chemistry,Civil Engineering,Art, Performing Arts & Design,Geology, Environmental, Earth & Marine Sciences,Sport Science,Sociology,Other Health,Education,Computer Science,Psychology,Electrical & Electronic Engineering,Mechanical & Aerospace Engineering,Biological Sciences,Medicine & Dentistry,Politics & International Studies (incl Development Studies),Accounting & Finance,Mathematics & Statistics,Communication & Media Studies,History, Philosophy & Theology,Law,General Engineering,Business & Management,Economics & Econometrics",False,False,False,https://www.timeshighereducation.com/student/register-interest/aecc?utm_medium=thewebsite&utm_campaign=cta-link&utm_source=rankings&iid=i-92679623
350-400,University of South Australia,-,364,20.6,337,18.0,318,19.4,386,87.7,35,81.8,51,master_account,0,/world-university-rankings/university-south-australia,855,Australia,,,,,University of South Australia,"History, Philosophy & Theology,Biological Sciences,Accounting & Finance,Electrical & Electronic Engineering,Sociology,Computer Science,Business & Management,Languages, Literature & Linguistics,Sport Science,General Engineering,Civil Engineering,Law,Medicine & Dentistry,Mathematics & Statistics,Economics & Econometrics,Art, Performing Arts & Design,Architecture,Mechanical & Aerospace Engineering,Education,Communication & Media Studies,Geology, Environmental, Earth & Marine Sciences,Other Health,Psychology",False,False,False,https://www.timeshighereducation.com/student/register-interest/aecc?utm_medium=thewebsite&utm_campaign=cta-link&utm_source=rankings&iid=i-71919185
350-400,Harbin Institute of Technology,-,234,29.0,240,12.5,377,21.0,380,97.2,25,21.0,371,master_account,11,/world-university-rankings/harbin-institute-technology,827,China,,,,,Harbin Institute of Technology,"Law,Biological Sciences,Languages, Literature & Linguistics,Business & Management,Computer Science,Chemical Engineering,Chemistry,Civil Engineering,Accounting & Finance,Physics & Astronomy,Mechanical & Aerospace Engineering,Economics & Econometrics,Electrical & Electronic Engineering,Geology, Environmental, Earth & Marine Sciences,General Engineering,Mathematics & Statistics",False,False,False,
350-400,Universitat Politècnica de Catalunya,-,281,23.0,317,12.5,379,23.3,372,44.6,131,42.0,238,master_account,0,/world-university-rankings/universitat-politecnica-de-catalunya,849,Spain,,,,,Universitat Politècnica de Catalunya,"Agriculture & Forestry,Business & Management,Electrical & Electronic Engineering,Chemical Engineering,Communication & Media Studies,General Engineering,Physics & Astronomy,Mathematics & Statistics,Biological Sciences,Other Health,Art, Performing Arts & Design,Civil Engineering,Chemistry,Computer Science,Geology, Environmental, Earth & Marine Sciences,Architecture,Mechanical & Aerospace Engineering",False,False,False,
350-400,Flinders University,-,229,18.2,358,19.1,300,20.3,382,36.2,207,59.9,149,master_account,0,/world-university-rankings/flinders-university,823,Australia,,,,,Flinders University,"Biological Sciences,Computer Science,Politics & International Studies (incl Development Studies),Electrical & Electronic Engineering,Law,Agriculture & Forestry,Archaeology,Civil Engineering,General Engineering,Chemistry,Medicine & Dentistry,Art, Performing Arts & Design,Physics & Astronomy,Geography,Chemical Engineering,Mechanical & Aerospace Engineering,History, Philosophy & Theology,Sport Science,Mathematics & Statistics,Psychology,Languages, Literature & Linguistics,Other Health,Sociology,Economics & Econometrics,Geology, Environmental, Earth & Marine Sciences,Business & Management,Accounting & Finance,Communication & Media Studies,Education",False,False,False,
350-400,Swansea University,-,299,17.6,367,18.1,317,25.6,360,28.8,309,63.3,139,master_account,0,/world-university-rankings/swansea-university,857,United Kingdom,,,,,Swansea University,"Medicine & Dentistry,Physics & Astronomy,Sociology,Accounting & Finance,Geography,Law,Chemical Engineering,Biological Sciences,Other Health,Mechanical & Aerospace Engineering,Languages, Literature & Linguistics,Archaeology,Electrical & Electronic Engineering,Communication & Media Studies,Psychology,General Engineering,Mathematics & Statistics,Sport Science,Education,History, Philosophy & Theology,Geology, Environmental, Earth & Marine Sciences,Economics & Econometrics,Computer Science,Civil Engineering,Politics & International Studies (incl Development Studies),Chemistry,Business & Management",False,False,False,https://www.timeshighereducation.com/student/register-interest/siuk?utm_medium=thewebsite&utm_campaign=cta-link&utm_source=rankings&iid=i-33335862
350-400,Hiroshima University,-,236,27.7,263,16.3,336,20.1,384,39.4,177,18.8,382,master_account,0,/world-university-rankings/hiroshima-university,829,Japan,,,,,Hiroshima University,"Civil Engineering,Sociology,Architecture,Archaeology,Psychology,Electrical & Electronic Engineering,Accounting & Finance,Mathematics & Statistics,Biological Sciences,Law,Physics & Astronomy,Art, Performing Arts & Design,Business & Management,Languages, Literature & Linguistics,Other Health,Mechanical & Aerospace Engineering,Veterinary Science,Geology, Environmental, Earth & Marine Sciences,Geography,Computer Science,General Engineering,Sport Science,Communication & Media Studies,Politics & International Studies (incl Development Studies),Medicine & Dentistry,Chemical Engineering,Agriculture & Forestry,History, Philosophy & Theology,Chemistry,Education,Economics & Econometrics",False,False,False,
350-400,Polytechnic University of Turin,-,283,19.3,348,12.1,385,29.1,348,67.6,65,32.4,288,master_account,0,/world-university-rankings/polytechnic-university-turin,850,Italy,,,,,Polytechnic University of Turin,"Computer Science,Geology, Environmental, Earth & Marine Sciences,Civil Engineering,Architecture,Chemistry,Chemical Engineering,Art, Performing Arts & Design,Physics & Astronomy,Mechanical & Aerospace Engineering,Business & Management,General Engineering,Electrical & Electronic Engineering,Mathematics & Statistics,Biological Sciences",False,False,False,
350-400,Massey University,-,261,17.4,370,17.2,329,24.5,365,-,382,77.8,67,master_account,0,/world-university-rankings/massey-university,839,New Zealand,,,,,Massey University,"Economics & Econometrics,Accounting & Finance,History, Philosophy & Theology,Chemistry,Art, Performing Arts & Design,Politics & International Studies (incl Development Studies),Other Health,Architecture,Geography,Geology, Environmental, Earth & Marine Sciences,Biological Sciences,Veterinary Science,Archaeology,Sport Science,Psychology,Communication & Media Studies,General Engineering,Physics & Astronomy,Mechanical & Aerospace Engineering,Languages, Literature & Linguistics,Sociology,Chemical Engineering,Computer Science,Business & Management,Electrical & Electronic Engineering,Education,Agriculture & Forestry,Mathematics & Statistics,Civil Engineering",False,False,False,https://www.timeshighereducation.com/student/register-interest/aecc?utm_medium=thewebsite&utm_campaign=cta-link&utm_source=rankings&iid=i-92906672
350-400,University of Idaho,-,341,29.4,236,16.2,340,24.0,368,25.5,353,27.4,318,public,0,/world-university-rankings/university-idaho,830,United States,,,,,University of Idaho,"Computer Science,Chemistry,Sociology,General Engineering,Sport Science,Communication & Media Studies,Medicine & Dentistry,Physics & Astronomy,Languages, Literature & Linguistics,Biological Sciences,Business & Management,Economics & Econometrics,Archaeology,Veterinary Science,Law,Mechanical & Aerospace Engineering,Geography,Art, Performing Arts & Design,Agriculture & Forestry,Geology, Environmental, Earth & Marine Sciences,Accounting & Finance,Architecture,Civil Engineering,Education,Electrical & Electronic Engineering,Mathematics & Statistics,Politics & International Studies (incl Development Studies),History, Philosophy & Theology,Chemical Engineering,Psychology",False,False,False,https://www.timeshighereducation.com/student/register-interest/shorelight?utm_medium=thewebsite&utm_campaign=cta-link&utm_source=rankings&iid=i-15279282
350-400,Polytechnic University of Valencia,-,284,19.6,346,9.8,396,45.3,260,36.6,201,23.6,354,master_account,0,/world-university-rankings/polytechnic-university-valencia,851,Spain,,,,,Polytechnic University of Valencia,"Mechanical & Aerospace Engineering,Politics & International Studies (incl Development Studies),Computer Science,Mathematics & Statistics,Economics & Econometrics,Electrical & Electronic Engineering,Sociology,Biological Sciences,Architecture,General Engineering,Accounting & Finance,Civil Engineering,Art, Performing Arts & Design,Languages, Literature & Linguistics,Other Health,Chemistry,Communication & Media Studies,Business & Management,Chemical Engineering,History, Philosophy & Theology,Agriculture & Forestry,Geology, Environmental, Earth & Marine Sciences,Physics & Astronomy",False,False,False,
350-400,Wuhan University,-,398,31.3,222,12.9,375,25.3,362,66.7,67,21.7,367,master_account,0,/world-university-rankings/wuhan-university,863,China,,,,,Wuhan University,"History, Philosophy & Theology,Mathematics & Statistics,Geography,Physics & Astronomy,Medicine & Dentistry,Biological Sciences,Languages, Literature & Linguistics,Communication & Media Studies,Law,Psychology,Business & Management,Other Health,Mechanical & Aerospace Engineering,Chemical Engineering,Accounting & Finance,Civil Engineering,Archaeology,Politics & International Studies (incl Development Studies),Electrical & Electronic Engineering,Art, Performing Arts & Design,Veterinary Science,Architecture,Sociology,Economics & Econometrics,Geology, Environmental, Earth & Marine Sciences,General Engineering,Chemistry,Computer Science",False,False,False,
350-400,Kansas State University,-,244,20.9,331,13.8,368,33.9,330,36.0,209,23.6,353,public,0,/world-university-rankings/kansas-state-university,831,United States,,,,,Kansas State University,"Electrical & Electronic Engineering,Other Health,Sport Science,Art, Performing Arts & Design,Economics & Econometrics,Geology, Environmental, Earth & Marine Sciences,Chemical Engineering,Politics & International Studies (incl Development Studies),Education,Architecture,Agriculture & Forestry,Biological Sciences,History, Philosophy & Theology,Civil Engineering,General Engineering,Geography,Languages, Literature & Linguistics,Accounting & Finance,Psychology,Sociology,Physics & Astronomy,Communication & Media Studies,Business & Management,Computer Science,Mathematics & Statistics,Chemistry,Law,Veterinary Science,Mechanical & Aerospace Engineering",False,False,False,https://www.timeshighereducation.com/student/register-interest/shorelight?utm_medium=thewebsite&utm_campaign=cta-link&utm_source=rankings&iid=i-29439461
350-400,Pontificia Universidad Católica de Chile,-,285,17.1,375,16.3,337,30.1,344,29.7,294,45.5,226,master_account,0,/world-university-rankings/pontificia-universidad-catolica-de-chile,852,Chile,,,,,Pontificia Universidad Católica de Chile,"Chemistry,General Engineering,Art, Performing Arts & Design,Medicine & Dentistry,Veterinary Science,Education,Other Health,Architecture,Sport Science,Geography,History, Philosophy & Theology,Civil Engineering,Physics & Astronomy,Languages, Literature & Linguistics,Chemical Engineering,Sociology,Archaeology,Biological Sciences,Law,Communication & Media Studies,Psychology,Agriculture & Forestry,Politics & International Studies (incl Development Studies),Computer Science,Economics & Econometrics,Electrical & Electronic Engineering,Geology, Environmental, Earth & Marine Sciences,Business & Management,Mechanical & Aerospace Engineering,Mathematics & Statistics,Accounting & Finance",False,False,False,
350-400,Kobe University,-,248,28.3,253,15.5,352,24.3,366,33.5,244,18.1,387,master_account,0,/world-university-rankings/kobe-university,833,Japan,,,,,Kobe University,"Chemical Engineering,Art, Performing Arts & Design,Geology, Environmental, Earth & Marine Sciences,Medicine & Dentistry,Sociology,Biological Sciences,History, Philosophy & Theology,Education,Mathematics & Statistics,Sport Science,Physics & Astronomy,Archaeology,Veterinary Science,Civil Engineering,Economics & Econometrics,Communication & Media Studies,Computer Science,Languages, Literature & Linguistics,Geography,Accounting & Finance,Psychology,Other Health,Politics & International Studies (incl Development Studies),General Engineering,Chemistry,Law,Mechanical & Aerospace Engineering,Electrical & Electronic Engineering,Business & Management,Agriculture & Forestry,Architecture",False,False,False,
350-400,Saint Petersburg State University,-,289,37.6,164,19.7,295,3.1,402,26.0,347,38.1,257,master_account,0,/world-university-rankings/saint-petersburg-state-university,853,Russian Federation,,,,,Saint Petersburg State University,"General Engineering,Languages, Literature & Linguistics,Sport Science,Psychology,Chemical Engineering,Sociology,Computer Science,Communication & Media Studies,History, Philosophy & Theology,Mathematics & Statistics,Business & Management,Art, Performing Arts & Design,Biological Sciences,Law,Other Health,Geology, Environmental, Earth & Marine Sciences,Archaeology,Physics & Astronomy,Accounting & Finance,Geography,Medicine & Dentistry,Chemistry,Economics & Econometrics,Politics & International Studies (incl Development Studies)",False,False,True,
350-400,Liverpool John Moores University,-,256,12.3,399,9.3,398,48.4,246,26.9,336,52.6,185,master_account,0,/world-university-rankings/liverpool-john-moores-university,836,United Kingdom,,,,,Liverpool John Moores University,"Sport Science,Biological Sciences,Politics & International Studies (incl Development Studies),Mechanical & Aerospace Engineering,Law,Mathematics & Statistics,Languages, Literature & Linguistics,Education,Other Health,Veterinary Science,General Engineering,Electrical & Electronic Engineering,Civil Engineering,Psychology,Geology, Environmental, Earth & Marine Sciences,Chemistry,Accounting & Finance,Communication & Media Studies,Computer Science,History, Philosophy & Theology,Sociology,Physics & Astronomy,Art, Performing Arts & Design,Architecture,Geography,Business & Management",False,False,False,https://www.timeshighereducation.com/student/register-interest/siuk?utm_medium=thewebsite&utm_campaign=cta-link&utm_source=rankings&iid=i-61631603
350-400,University of Salento,-,363,26.5,275,19.1,301,27.2,354,73.1,57,24.4,348,master_account,0,/world-university-rankings/university-salento,854,Italy,,,,,University of Salento,"Computer Science,Communication & Media Studies,Civil Engineering,Sociology,Business & Management,Agriculture & Forestry,Education,Languages, Literature & Linguistics,Sport Science,Law,Art, Performing Arts & Design,General Engineering,Physics & Astronomy,Biological Sciences,Psychology,Mechanical & Aerospace Engineering,Mathematics & Statistics,Accounting & Finance,Archaeology,Politics & International Studies (incl Development Studies),History, Philosophy & Theology,Geography,Medicine & Dentistry,Geology, Environmental, Earth & Marine Sciences",False,False,False,
350-400,Loughborough University,-,258,27.9,260,25.7,240,9.2,400,39.4,178,66.7,119,master_account,0,/world-university-rankings/loughborough-university,837,United Kingdom,,,,,Loughborough University,"Accounting & Finance,Geology, Environmental, Earth & Marine Sciences,Mathematics & Statistics,Law,Education,Architecture,Politics & International Studies (incl Development Studies),Electrical & Electronic Engineering,Geography,History, Philosophy & Theology,General Engineering,Sport Science,Business & Management,Economics & Econometrics,Chemical Engineering,Civil Engineering,Computer Science,Physics & Astronomy,Chemistry,Other Health,Art, Performing Arts & Design,Mechanical & Aerospace Engineering,Communication & Media Studies,Biological Sciences,Sociology,Languages, Literature & Linguistics,Psychology",False,False,False,https://www.timeshighereducation.com/student/register-interest/siuk?utm_medium=thewebsite&utm_campaign=cta-link&utm_source=rankings&iid=i-89667825
350-400,University of Strathclyde,-,370,24.4,302,17.7,323,19.3,388,33.1,249,63.0,140,master_account,0,/world-university-rankings/university-strathclyde,856,United Kingdom,,,,,University of Strathclyde,"Education,General Engineering,Physics & Astronomy,Chemical Engineering,Psychology,Biological Sciences,Other Health,Politics & International Studies (incl Development Studies),Sport Science,Sociology,Communication & Media Studies,Law,Mechanical & Aerospace Engineering,Civil Engineering,History, Philosophy & Theology,Electrical & Electronic Engineering,Geology, Environmental, Earth & Marine Sciences,Art, Performing Arts & Design,Business & Management,Mathematics & Statistics,Chemistry,Computer Science,Economics & Econometrics,Languages, Literature & Linguistics,Accounting & Finance",False,False,False,https://www.timeshighereducation.com/student/register-interest/siuk?utm_medium=thewebsite&utm_campaign=cta-link&utm_source=rankings&iid=i-30420621
350-400,Mahidol University,-,260,29.9,233,14.7,356,20.9,381,29.0,305,45.0,229,master_account,0,/world-university-rankings/mahidol-university,838,Thailand,,,,,Mahidol University,"Electrical & Electronic Engineering,Physics & Astronomy,Economics & Econometrics,Chemical Engineering,Politics & International Studies (incl Development Studies),General Engineering,Mathematics & Statistics,Geography,Languages, Literature & Linguistics,Civil Engineering,Communication & Media Studies,Business & Management,Medicine & Dentistry,Sport Science,Education,Other Health,Veterinary Science,Psychology,Computer Science,Agriculture & Forestry,Sociology,Biological Sciences,Accounting & Finance,Art, Performing Arts & Design,Mechanical & Aerospace Engineering,Chemistry,History, Philosophy & Theology,Geology, Environmental, Earth & Marine Sciences",False,False,False,
350-400,Swinburne University of Technology,-,301,15.5,388,11.3,388,35.6,319,40.3,171,64.6,132,master_account,11,/world-university-rankings/swinburne-university-technology,858,Australia,,,,,Swinburne University of Technology Swinburne University of Technology Swinburne SUT,"Civil Engineering,Medicine & Dentistry,Computer Science,General Engineering,Languages, Literature & Linguistics,Agriculture & Forestry,Art, Performing Arts & Design,Chemical Engineering,Economics & Econometrics,Business & Management,Communication & Media Studies,Other Health,Mathematics & Statistics,Sport Science,Chemistry,Accounting & Finance,History, Philosophy & Theology,Mechanical & Aerospace Engineering,Architecture,Education,Politics & International Studies (incl Development Studies),Electrical & Electronic Engineering,Psychology,Sociology,Law,Physics & Astronomy,Biological Sciences",False,False,False,https://www.timeshighereducation.com/student/register-interest/aecc?utm_medium=thewebsite&utm_campaign=cta-link&utm_source=rankings&iid=i-90741515
350-400,Aston University,-,205,16.2,382,19.9,292,11.7,397,26.8,337,84.5,42,master_account,0,/world-university-rankings/aston-university,816,United Kingdom,,,,,Aston University,"Economics & Econometrics,Biological Sciences,Languages, Literature & Linguistics,Mechanical & Aerospace Engineering,Computer Science,Politics & International Studies (incl Development Studies),Other Health,Law,Chemical Engineering,Mathematics & Statistics,Sociology,Civil Engineering,Chemistry,Psychology,Business & Management,Medicine & Dentistry,History, Philosophy & Theology,Accounting & Finance,Electrical & Electronic Engineering,General Engineering",False,False,False,https://www.timeshighereducation.com/student/register-interest/siuk?utm_medium=thewebsite&utm_campaign=cta-link&utm_source=rankings&iid=i-95141863
350-400,Michigan Technological University,-,262,21.2,329,13.8,369,24.8,364,41.9,151,32.3,290,public,0,/world-university-rankings/michigan-technological-university,840,United States,,,,,Michigan Technological University,"Accounting & Finance,Agriculture & Forestry,Archaeology,Architecture,Art, Performing Arts & Design,Biological Sciences,Business & Management,Chemical Engineering,Chemistry,Civil Engineering,Communication & Media Studies,Computer Science,Economics & Econometrics,Electrical & Electronic Engineering,General Engineering,Geography,Geology, Environmental, Earth & Marine Sciences,History, Philosophy & Theology,Languages, Literature & Linguistics,Mathematics & Statistics,Mechanical & Aerospace Engineering,Other Health,Physics & Astronomy,Politics & International Studies (incl Development Studies),Psychology,Sociology,Sport Science",False,False,False,https://www.timeshighereducation.com/student/register-interest/shorelight?utm_medium=thewebsite&utm_campaign=cta-link&utm_source=rankings&iid=i-02770614
350-400,University of Tartu,-,373,17.8,364,17.8,321,34.4,327,26.3,345,42.0,240,master_account,6,/world-university-rankings/university-tartu,859,Estonia,,,,,University of Tartu,"Archaeology,Geography,Languages, Literature & Linguistics,Agriculture & Forestry,Communication & Media Studies,History, Philosophy & Theology,Politics & International Studies (incl Development Studies),Sport Science,Education,Medicine & Dentistry,Mathematics & Statistics,Psychology,Computer Science,Chemistry,Accounting & Finance,Biological Sciences,Sociology,Veterinary Science,Law,Other Health,Physics & Astronomy,Business & Management,Art, Performing Arts & Design,Electrical & Electronic Engineering,Geology, Environmental, Earth & Marine Sciences,Economics & Econometrics",False,False,False,
350-400,Auburn University,-,206,33.7,199,18.7,307,10.3,399,47.3,121,22.5,363,public,0,/world-university-rankings/auburn-university,817,United States,,,,,Auburn University,"History, Philosophy & Theology,Biological Sciences,Geology, Environmental, Earth & Marine Sciences,Mechanical & Aerospace Engineering,Law,Architecture,Agriculture & Forestry,Education,Electrical & Electronic Engineering,Physics & Astronomy,Psychology,Medicine & Dentistry,Mathematics & Statistics,Business & Management,Art, Performing Arts & Design,Chemical Engineering,Chemistry,Economics & Econometrics,Languages, Literature & Linguistics,Civil Engineering,Geography,Computer Science,Communication & Media Studies,Accounting & Finance,Other Health,Veterinary Science,Sociology,General Engineering,Sport Science,Politics & International Studies (incl Development Studies)",False,False,False,https://www.timeshighereducation.com/student/register-interest/shorelight?utm_medium=thewebsite&utm_campaign=cta-link&utm_source=rankings&iid=i-23882234
350-400,National Central University,-,267,24.7,296,21.4,279,27.1,356,78.6,48,22.2,364,master_account,0,/world-university-rankings/national-central-university,841,Taiwan,,,,,National Central University,"Psychology,Chemical Engineering,General Engineering,Chemistry,Civil Engineering,Art, Performing Arts & Design,Agriculture & Forestry,Archaeology,Communication & Media Studies,Architecture,Law,Medicine & Dentistry,Geography,Politics & International Studies (incl Development Studies),Biological Sciences,Mathematics & Statistics,Economics & Econometrics,Other Health,Languages, Literature & Linguistics,Geology, Environmental, Earth & Marine Sciences,Electrical & Electronic Engineering,Education,Veterinary Science,Accounting & Finance,Sociology,Mechanical & Aerospace Engineering,History, Philosophy & Theology,Computer Science,Physics & Astronomy,Business & Management",False,False,False,
350-400,Tokyo University of Agriculture and Technology,-,306,26.5,273,15.8,347,21.7,378,41.5,157,18.0,389,master_account,0,/world-university-rankings/tokyo-university-agriculture-and-technology,860,Japan,,,,,Tokyo University of Agriculture and Technology,"Chemistry,Agriculture & Forestry,Communication & Media Studies,Sport Science,Physics & Astronomy,Computer Science,Mechanical & Aerospace Engineering,Politics & International Studies (incl Development Studies),Mathematics & Statistics,Civil Engineering,General Engineering,Geology, Environmental, Earth & Marine Sciences,Electrical & Electronic Engineering,Biological Sciences,Chemical Engineering,Veterinary Science",False,False,False,
350-400,Griffith University,-,233,15.7,386,16.2,338,20.3,383,30.7,285,79.0,64,master_account,0,/world-university-rankings/griffith-university,825,Australia,,,,,Griffith University,"Accounting & Finance,Mathematics & Statistics,Other Health,Mechanical & Aerospace Engineering,Languages, Literature & Linguistics,Agriculture & Forestry,Business & Management,Archaeology,Electrical & Electronic Engineering,History, Philosophy & Theology,Sport Science,Chemistry,Politics & International Studies (incl Development Studies),Biological Sciences,Civil Engineering,Communication & Media Studies,General Engineering,Physics & Astronomy,Sociology,Art, Performing Arts & Design,Law,Geography,Psychology,Computer Science,Geology, Environmental, Earth & Marine Sciences,Economics & Econometrics,Education,Medicine & Dentistry,Architecture",False,False,False,
350-400,University of Bari Aldo Moro,-,320,23.1,315,17.4,325,35.1,323,30.6,287,30.5,301,master_account,0,/world-university-rankings/university-bari-aldo-moro,818,Italy,,,,,University of Bari Aldo Moro,"Computer Science,Politics & International Studies (incl Development Studies),History, Philosophy & Theology,Physics & Astronomy,Accounting & Finance,Sociology,Agriculture & Forestry,Biological Sciences,Education,Sport Science,Psychology,Veterinary Science,Law,Archaeology,Chemistry,Economics & Econometrics,Languages, Literature & Linguistics,Mathematics & Statistics,Business & Management,Medicine & Dentistry,Geology, Environmental, Earth & Marine Sciences,Other Health,Communication & Media Studies",False,False,False,
350-400,Maynooth University,-,274,22.9,318,18.6,310,22.1,376,27.1,333,74.8,80,master_account,0,/world-university-rankings/maynooth-university,843,Ireland,,,,,Maynooth University,"Law,Electrical & Electronic Engineering,Languages, Literature & Linguistics,Mathematics & Statistics,Psychology,Biological Sciences,History, Philosophy & Theology,Communication & Media Studies,Education,General Engineering,Economics & Econometrics,Geology, Environmental, Earth & Marine Sciences,Accounting & Finance,Chemistry,Business & Management,Geography,Computer Science,Sociology,Physics & Astronomy,Politics & International Studies (incl Development Studies)",False,False,False,
350-400,University of Turku,-,381,20.4,338,21.5,275,28.9,349,32.3,263,41.4,242,master_account,6,/world-university-rankings/university-turku,861,Finland,,,,,University of Turku,"Civil Engineering,Business & Management,Geography,Other Health,Mathematics & Statistics,Medicine & Dentistry,Geology, Environmental, Earth & Marine Sciences,Accounting & Finance,General Engineering,History, Philosophy & Theology,Communication & Media Studies,Sociology,Mechanical & Aerospace Engineering,Computer Science,Languages, Literature & Linguistics,Law,Biological Sciences,Archaeology,Economics & Econometrics,Psychology,Physics & Astronomy,Chemical Engineering,Chemistry,Education,Politics & International Studies (incl Development Studies)",False,False,False,
350-400,Heriot-Watt University,-,235,21.5,326,16.2,339,18.8,391,41.1,160,82.6,45,master_account,0,/world-university-rankings/heriot-watt-university,828,United Kingdom,,,,,Heriot-Watt University,"Chemical Engineering,Psychology,Electrical & Electronic Engineering,Physics & Astronomy,Art, Performing Arts & Design,Sport Science,Geography,Mechanical & Aerospace Engineering,Chemistry,Economics & Econometrics,Computer Science,Business & Management,Civil Engineering,Geology, Environmental, Earth & Marine Sciences,General Engineering,Agriculture & Forestry,Accounting & Finance,Architecture,Mathematics & Statistics,Languages, Literature & Linguistics,Biological Sciences",False,False,False,https://www.timeshighereducation.com/student/register-interest/siuk?utm_medium=thewebsite&utm_campaign=cta-link&utm_source=rankings&iid=i-23564362
