rank,name,scores_overall,scores_overall_rank,scores_teaching,scores_teaching_rank,scores_research,scores_research_rank,scores_citations,scores_citations_rank,scores_industry_income,scores_industry_income_rank,scores_international_outlook,scores_international_outlook_rank,record_type,member_level,url,nid,location,stats_number_students,stats_student_staff_ratio,stats_pc_intl_students,stats_female_male_ratio,aliases,subjects_offered,closed,unaccredited,disabled,website_url
1,California Institute of Technology,95.5,1,96.3,1,99.4,1,99.7,6,95.6,29,59.8,145,private,0,/world-university-rankings/california-institute-technology,128779,United States,,,,,California Institute of Technology caltech,"Biological Sciences,History, Philosophy & Theology,Mathematics & Statistics,Languages, Literature & Linguistics,Economics & Econometrics,General Engineering,Politics & International Studies (incl Development Studies),Electrical & Electronic Engineering,Chemistry,Chemical Engineering,Computer Science,Geology, Environmental, Earth & Marine Sciences,Mechanical & Aerospace Engineering,Business & Management,Physics & Astronomy,Civil Engineering",False,False,False,https://www.timeshighereducation.com/student/register-interest/shorelight?utm_medium=thewebsite&utm_campaign=cta-link&utm_source=rankings&iid=i-20537945
2,Stanford University,93.7,2,95.0,2,98.8,4,99.3,8,62.4,88,56.6,170,private,0,/world-university-rankings/stanford-university,467,United States,,,,,Stanford University,"Civil Engineering,Politics & International Studies (incl Development Studies),General Engineering,Sociology,Other Health,Computer Science,Chemical Engineering,Mathematics & Statistics,Art, Performing Arts & Design,Biological Sciences,Mechanical & Aerospace Engineering,Business & Management,Medicine & Dentistry,Geology, Environmental, Earth & Marine Sciences,Veterinary Science,History, Philosophy & Theology,Electrical & Electronic Engineering,Psychology,Accounting & Finance,Agriculture & Forestry,Archaeology,Education,Languages, Literature & Linguistics,Communication & Media Studies,Physics & Astronomy,Law,Economics & Econometrics,Chemistry",False,False,False,
2,University of Oxford,93.7,3,89.7,9,98.1,6,95.6,23,79.8,46,88.7,13,master_account,0,/world-university-rankings/university-oxford,468,United Kingdom,,,,,University of Oxford,"Computer Science,Languages, Literature & Linguistics,Mathematics & Statistics,Economics & Econometrics,Law,Accounting & Finance,Chemical Engineering,Archaeology,Communication & Media Studies,Civil Engineering,Education,Mechanical & Aerospace Engineering,Geology, Environmental, Earth & Marine Sciences,Psychology,Biological Sciences,Geography,Politics & International Studies (incl Development Studies),Other Health,General Engineering,Business & Management,Chemistry,Medicine & Dentistry,Art, Performing Arts & Design,Electrical & Electronic Engineering,Physics & Astronomy,History, Philosophy & Theology,Sociology",False,False,False,https://www.timeshighereducation.com/student/register-interest/siuk?utm_medium=thewebsite&utm_campaign=cta-link&utm_source=rankings&iid=i-92611101
4,Harvard University,93.6,4,94.9,3,98.6,5,99.2,10,39.9,212,63.7,128,private,0,/world-university-rankings/harvard-university,466,United States,,,,,Harvard University,"Archaeology,Mathematics & Statistics,Art, Performing Arts & Design,Psychology,Other Health,Chemistry,Economics & Econometrics,Biological Sciences,Accounting & Finance,Physics & Astronomy,Medicine & Dentistry,Communication & Media Studies,Civil Engineering,Mechanical & Aerospace Engineering,Law,History, Philosophy & Theology,Geography,Education,Computer Science,General Engineering,Politics & International Studies (incl Development Studies),Languages, Literature & Linguistics,Business & Management,Architecture,Sociology,Geology, Environmental, Earth & Marine Sciences,Electrical & Electronic Engineering,Agriculture & Forestry",False,False,False,https://www.timeshighereducation.com/student/register-interest/shorelight?utm_medium=thewebsite&utm_campaign=cta-link&utm_source=rankings&iid=i-48698023
5,Massachusetts Institute of Technology,93.1,5,92.9,5,89.2,18,99.9,3,92.9,32,81.6,46,private,0,/world-university-rankings/massachusetts-institute-technology,471,United States,,,,,Massachusetts Institute of Technology,"Biological Sciences,Electrical & Electronic Engineering,Languages, Literature & Linguistics,Economics & Econometrics,Psychology,Art, Performing Arts & Design,Physics & Astronomy,Mechanical & Aerospace Engineering,Sociology,Communication & Media Studies,Mathematics & Statistics,Architecture,General Engineering,Civil Engineering,Chemical Engineering,History, Philosophy & Theology,Geology, Environmental, Earth & Marine Sciences,Archaeology,Other Health,Chemistry,Politics & International Studies (incl Development Studies),Computer Science,Business & Management",False,False,False,https://www.timeshighereducation.com/student/register-interest/shorelight?utm_medium=thewebsite&utm_campaign=cta-link&utm_source=rankings&iid=i-68334672
6,Princeton University,92.7,6,89.5,11,99.4,2,99.8,5,79.5,48,54.5,184,private,0,/world-university-rankings/princeton-university,469,United States,,,,,Princeton University,"Chemistry,Languages, Literature & Linguistics,Mechanical & Aerospace Engineering,Sociology,Chemical Engineering,Economics & Econometrics,General Engineering,Geology, Environmental, Earth & Marine Sciences,Computer Science,Mathematics & Statistics,Other Health,Biological Sciences,History, Philosophy & Theology,Agriculture & Forestry,Electrical & Electronic Engineering,Politics & International Studies (incl Development Studies),Art, Performing Arts & Design,Physics & Astronomy,Architecture,Civil Engineering,Psychology",False,False,False,https://www.timeshighereducation.com/student/register-interest/shorelight?utm_medium=thewebsite&utm_campaign=cta-link&utm_source=rankings&iid=i-20795402
7,University of Cambridge,92.6,7,91.2,6,95.6,7,96.2,19,59.1,95,83.6,37,master_account,0,/world-university-rankings/university-cambridge,470,United Kingdom,,,,,University of Cambridge,"History, Philosophy & Theology,Biological Sciences,Geology, Environmental, Earth & Marine Sciences,Law,Electrical & Electronic Engineering,Architecture,Psychology,Veterinary Science,Politics & International Studies (incl Development Studies),Physics & Astronomy,General Engineering,Archaeology,Medicine & Dentistry,Chemistry,Mechanical & Aerospace Engineering,Geography,Economics & Econometrics,Languages, Literature & Linguistics,Computer Science,Mathematics & Statistics,Civil Engineering,Sociology,Business & Management,Chemical Engineering,Art, Performing Arts & Design,Education",False,False,False,https://www.timeshighereducation.com/student/register-interest/siuk?utm_medium=thewebsite&utm_campaign=cta-link&utm_source=rankings&iid=i-67516113
8,Imperial College London,90.6,8,88.0,12,90.9,14,93.0,35,87.5,34,91.4,6,master_account,0,/world-university-rankings/imperial-college-london,472,United Kingdom,,,,,Imperial College London,"Computer Science,Business & Management,Chemical Engineering,Accounting & Finance,Chemistry,Economics & Econometrics,Geology, Environmental, Earth & Marine Sciences,General Engineering,Electrical & Electronic Engineering,Physics & Astronomy,Medicine & Dentistry,Mechanical & Aerospace Engineering,Other Health,Mathematics & Statistics,Biological Sciences,Civil Engineering",False,False,False,https://www.timeshighereducation.com/student/register-interest/siuk?utm_medium=thewebsite&utm_campaign=cta-link&utm_source=rankings&iid=i-67704114
9,"University of California, Berkeley",90.5,9,85.1,15,99.3,3,99.3,9,65.4,78,49.7,215,public,0,/world-university-rankings/university-california-berkeley,474,United States,,,,,"University of California, Berkeley","Languages, Literature & Linguistics,Civil Engineering,Politics & International Studies (incl Development Studies),Agriculture & Forestry,Art, Performing Arts & Design,Geography,General Engineering,Chemical Engineering,Physics & Astronomy,Economics & Econometrics,Biological Sciences,Electrical & Electronic Engineering,Computer Science,Education,Other Health,Geology, Environmental, Earth & Marine Sciences,Sociology,History, Philosophy & Theology,Chemistry,Law,Psychology,Business & Management,Architecture,Mathematics & Statistics,Mechanical & Aerospace Engineering,Communication & Media Studies,Archaeology",False,False,False,https://www.timeshighereducation.com/student/register-interest/shorelight?utm_medium=thewebsite&utm_campaign=cta-link&utm_source=rankings&iid=i-50018853
10,The University of Chicago,90.4,10,89.6,10,92.9,9,98.7,12,-,387,55.3,178,private,0,/world-university-rankings/university-chicago,473,United States,,,,,The University of Chicago,"Accounting & Finance,Medicine & Dentistry,History, Philosophy & Theology,Psychology,Law,Archaeology,Physics & Astronomy,Languages, Literature & Linguistics,Chemistry,Politics & International Studies (incl Development Studies),Economics & Econometrics,Business & Management,Geology, Environmental, Earth & Marine Sciences,Mathematics & Statistics,Biological Sciences,Chemical Engineering,Art, Performing Arts & Design,Sociology,Computer Science",False,False,False,
11,Yale University,89.2,11,93.2,4,92.5,11,94.8,29,38.2,241,54.7,183,private,0,/world-university-rankings/yale-university,475,United States,,,,,Yale University,"Languages, Literature & Linguistics,Other Health,Geology, Environmental, Earth & Marine Sciences,Archaeology,Agriculture & Forestry,Psychology,Mathematics & Statistics,Law,Computer Science,Politics & International Studies (incl Development Studies),General Engineering,History, Philosophy & Theology,Electrical & Electronic Engineering,Accounting & Finance,Art, Performing Arts & Design,Mechanical & Aerospace Engineering,Sociology,Medicine & Dentistry,Physics & Astronomy,Chemical Engineering,Business & Management,Chemistry,Architecture,Biological Sciences,Economics & Econometrics",False,False,False,https://www.timeshighereducation.com/student/register-interest/shorelight?utm_medium=thewebsite&utm_campaign=cta-link&utm_source=rankings&iid=i-73583889
12,ETH Zurich,87.8,12,82.5,17,92.7,10,86.6,63,-,372,95.7,2,master_account,0,/world-university-rankings/eth-zurich,479,Switzerland,,,,,ETH Zurich,"Electrical & Electronic Engineering,Education,Civil Engineering,Business & Management,Chemical Engineering,Computer Science,Politics & International Studies (incl Development Studies),General Engineering,Economics & Econometrics,Chemistry,Other Health,Mathematics & Statistics,Sport Science,Mechanical & Aerospace Engineering,Geology, Environmental, Earth & Marine Sciences,Agriculture & Forestry,Biological Sciences,Architecture,Physics & Astronomy,Medicine & Dentistry,Accounting & Finance",False,False,False,
13,"University of California, Los Angeles",87.7,13,87.3,14,93.8,8,95.9,22,-,385,42.3,255,public,0,/world-university-rankings/university-california-los-angeles,477,United States,,,,,"University of California, Los Angeles","History, Philosophy & Theology,Mathematics & Statistics,Geography,Other Health,Biological Sciences,Law,Physics & Astronomy,Chemistry,Sport Science,Business & Management,Accounting & Finance,General Engineering,Geology, Environmental, Earth & Marine Sciences,Education,Languages, Literature & Linguistics,Psychology,Electrical & Electronic Engineering,Chemical Engineering,Art, Performing Arts & Design,Agriculture & Forestry,Medicine & Dentistry,Civil Engineering,Architecture,Archaeology,Mechanical & Aerospace Engineering,Veterinary Science,Economics & Econometrics,Computer Science,Politics & International Studies (incl Development Studies),Sociology,Communication & Media Studies",False,False,False,https://www.timeshighereducation.com/student/register-interest/shorelight?utm_medium=thewebsite&utm_campaign=cta-link&utm_source=rankings&iid=i-95508882
14,Columbia University,87.0,14,89.7,8,82.0,28,96.1,21,-,370,66.1,112,private,0,/world-university-rankings/columbia-university,476,United States,,,,,Columbia University,"Architecture,Sport Science,Electrical & Electronic Engineering,Communication & Media Studies,Law,Chemistry,Archaeology,Agriculture & Forestry,Sociology,History, Philosophy & Theology,Business & Management,Other Health,Psychology,Biological Sciences,Mechanical & Aerospace Engineering,Languages, Literature & Linguistics,Politics & International Studies (incl Development Studies),Art, Performing Arts & Design,Chemical Engineering,Civil Engineering,Accounting & Finance,Mathematics & Statistics,Physics & Astronomy,General Engineering,Medicine & Dentistry,Computer Science,Economics & Econometrics,Geology, Environmental, Earth & Marine Sciences",False,False,False,https://www.timeshighereducation.com/student/register-interest/shorelight?utm_medium=thewebsite&utm_campaign=cta-link&utm_source=rankings&iid=i-62830784
15,University of Pennsylvania,86.6,15,90.0,7,89.4,16,96.2,20,43.7,167,38.1,276,private,0,/world-university-rankings/university-pennsylvania,480,United States,,,,,University of Pennsylvania,"Business & Management,Other Health,Languages, Literature & Linguistics,Economics & Econometrics,Psychology,Mechanical & Aerospace Engineering,Education,Mathematics & Statistics,Medicine & Dentistry,Communication & Media Studies,Computer Science,Biological Sciences,Accounting & Finance,Geology, Environmental, Earth & Marine Sciences,General Engineering,Archaeology,Politics & International Studies (incl Development Studies),Sociology,Veterinary Science,Chemistry,History, Philosophy & Theology,Art, Performing Arts & Design,Electrical & Electronic Engineering,Geography,Physics & Astronomy,Chemical Engineering,Architecture,Law",False,False,False,https://www.timeshighereducation.com/student/register-interest/shorelight?utm_medium=thewebsite&utm_campaign=cta-link&utm_source=rankings&iid=i-31733092
16,Johns Hopkins University,85.6,16,81.8,18,85.5,24,95.3,25,100.0,3,57.3,165,private,0,/world-university-rankings/johns-hopkins-university,478,United States,,,,,Johns Hopkins University,"Mathematics & Statistics,Economics & Econometrics,Civil Engineering,General Engineering,Sociology,Medicine & Dentistry,Physics & Astronomy,Education,Archaeology,Business & Management,Accounting & Finance,Computer Science,History, Philosophy & Theology,Psychology,Chemistry,Electrical & Electronic Engineering,Mechanical & Aerospace Engineering,Geology, Environmental, Earth & Marine Sciences,Biological Sciences,Languages, Literature & Linguistics,Politics & International Studies (incl Development Studies),Other Health,Art, Performing Arts & Design,Chemical Engineering",False,False,False,https://www.timeshighereducation.com/student/register-interest/shorelight?utm_medium=thewebsite&utm_campaign=cta-link&utm_source=rankings&iid=i-44788493
17,UCL,85.5,17,83.5,16,88.8,19,86.8,62,45.1,151,89.0,11,master_account,0,/world-university-rankings/ucl,481,United Kingdom,,,,,UCL ucl UCL,"General Engineering,Medicine & Dentistry,Sport Science,Art, Performing Arts & Design,Biological Sciences,Law,Mechanical & Aerospace Engineering,Physics & Astronomy,Education,Architecture,Electrical & Electronic Engineering,Geology, Environmental, Earth & Marine Sciences,Business & Management,History, Philosophy & Theology,Chemical Engineering,Geography,Archaeology,Mathematics & Statistics,Computer Science,Politics & International Studies (incl Development Studies),Other Health,Communication & Media Studies,Economics & Econometrics,Languages, Literature & Linguistics,Civil Engineering,Sociology,Chemistry,Psychology",False,False,False,https://www.timeshighereducation.com/student/register-interest/siuk?utm_medium=thewebsite&utm_campaign=cta-link&utm_source=rankings&iid=i-15171793
18,Cornell University,83.3,18,77.0,24,92.1,12,91.8,40,39.5,218,53.8,190,private,0,/world-university-rankings/cornell-university,484,United States,,,,,Cornell University,"History, Philosophy & Theology,Archaeology,Veterinary Science,Agriculture & Forestry,Law,Biological Sciences,Chemical Engineering,Politics & International Studies (incl Development Studies),Civil Engineering,Mathematics & Statistics,Mechanical & Aerospace Engineering,Architecture,Art, Performing Arts & Design,Languages, Literature & Linguistics,Sociology,Communication & Media Studies,Geology, Environmental, Earth & Marine Sciences,Electrical & Electronic Engineering,Computer Science,General Engineering,Chemistry,Economics & Econometrics,Physics & Astronomy,Business & Management,Psychology,Other Health",False,False,False,https://www.timeshighereducation.com/student/register-interest/shorelight?utm_medium=thewebsite&utm_campaign=cta-link&utm_source=rankings&iid=i-48987672
19,Northwestern University,83.1,19,77.6,22,87.3,20,98.2,13,64.4,81,33.8,304,private,0,/world-university-rankings/northwestern-university,490,United States,,,,,Northwestern University,"Education,Computer Science,Biological Sciences,Psychology,Archaeology,Physics & Astronomy,History, Philosophy & Theology,Art, Performing Arts & Design,Business & Management,Economics & Econometrics,Mechanical & Aerospace Engineering,Languages, Literature & Linguistics,Communication & Media Studies,Medicine & Dentistry,Accounting & Finance,Chemistry,Chemical Engineering,Mathematics & Statistics,Geography,Sociology,Civil Engineering,Other Health,Electrical & Electronic Engineering,Sport Science,Law,Politics & International Studies (incl Development Studies),General Engineering,Architecture,Geology, Environmental, Earth & Marine Sciences",False,False,False,https://www.timeshighereducation.com/student/register-interest/shorelight?utm_medium=thewebsite&utm_campaign=cta-link&utm_source=rankings&iid=i-44947751
20,University of Michigan-Ann Arbor,82.6,20,76.1,26,91.4,13,91.6,41,53.9,111,47.6,230,public,0,/world-university-rankings/university-michigan-ann-arbor,482,United States,,,,,University of Michigan-Ann Arbor,"Geology, Environmental, Earth & Marine Sciences,Communication & Media Studies,Physics & Astronomy,Computer Science,General Engineering,Chemical Engineering,Agriculture & Forestry,History, Philosophy & Theology,Mechanical & Aerospace Engineering,Art, Performing Arts & Design,Mathematics & Statistics,Sociology,Electrical & Electronic Engineering,Law,Business & Management,Education,Civil Engineering,Medicine & Dentistry,Economics & Econometrics,Psychology,Architecture,Accounting & Finance,Other Health,Politics & International Studies (incl Development Studies),Biological Sciences,Chemistry,Sport Science,Languages, Literature & Linguistics",False,False,False,https://www.timeshighereducation.com/student/register-interest/shorelight?utm_medium=thewebsite&utm_campaign=cta-link&utm_source=rankings&iid=i-98611775
21,University of Toronto,82.2,21,79.6,20,89.4,17,85.1,71,42.9,176,65.1,117,master_account,0,/world-university-rankings/university-toronto,483,Canada,,,,,University of Toronto,"Art, Performing Arts & Design,Accounting & Finance,Archaeology,Communication & Media Studies,Sport Science,Politics & International Studies (incl Development Studies),Physics & Astronomy,History, Philosophy & Theology,Mechanical & Aerospace Engineering,Other Health,Computer Science,Architecture,Psychology,Mathematics & Statistics,General Engineering,Chemistry,Economics & Econometrics,Law,Chemical Engineering,Geology, Environmental, Earth & Marine Sciences,Biological Sciences,Agriculture & Forestry,Education,Geography,Business & Management,Sociology,Electrical & Electronic Engineering,Medicine & Dentistry,Civil Engineering,Languages, Literature & Linguistics",False,False,False,https://www.timeshighereducation.com/student/register-interest/applyboard?utm_medium=thewebsite&utm_campaign=cta-link&utm_source=rankings&iid=i-67051171
22,Carnegie Mellon University,81.5,22,71.8,36,87.0,22,95.5,24,55.9,102,51.4,200,private,0,/world-university-rankings/carnegie-mellon-university,485,United States,,,,,Carnegie Mellon University,"Biological Sciences,Economics & Econometrics,Civil Engineering,Business & Management,Architecture,Communication & Media Studies,Art, Performing Arts & Design,Computer Science,Politics & International Studies (incl Development Studies),Languages, Literature & Linguistics,Electrical & Electronic Engineering,Psychology,Chemical Engineering,Accounting & Finance,Mathematics & Statistics,Physics & Astronomy,History, Philosophy & Theology,Mechanical & Aerospace Engineering,Chemistry",False,False,False,https://www.timeshighereducation.com/student/register-interest/shorelight?utm_medium=thewebsite&utm_campaign=cta-link&utm_source=rankings&iid=i-14763812
23,Duke University,81.2,23,72.3,35,81.5,29,97.0,16,100.0,1,45.8,241,private,0,/world-university-rankings/duke-university,487,United States,,,,,Duke University,"Computer Science,Physics & Astronomy,Agriculture & Forestry,Law,General Engineering,Geology, Environmental, Earth & Marine Sciences,Mechanical & Aerospace Engineering,Sociology,Geography,Languages, Literature & Linguistics,Chemical Engineering,Business & Management,Other Health,Chemistry,Communication & Media Studies,Medicine & Dentistry,Mathematics & Statistics,Economics & Econometrics,Art, Performing Arts & Design,Civil Engineering,Psychology,History, Philosophy & Theology,Biological Sciences,Accounting & Finance,Electrical & Electronic Engineering,Politics & International Studies (incl Development Studies)",False,False,False,https://www.timeshighereducation.com/student/register-interest/shorelight?utm_medium=thewebsite&utm_campaign=cta-link&utm_source=rankings&iid=i-10310643
24,University of Washington,79.9,24,74.7,29,81.3,31,97.0,17,41.3,195,39.1,270,public,0,/world-university-rankings/university-washington,489,United States,,,,,University of Washington,"Languages, Literature & Linguistics,Civil Engineering,Geography,Electrical & Electronic Engineering,Mathematics & Statistics,General Engineering,Chemical Engineering,Accounting & Finance,Architecture,Physics & Astronomy,Computer Science,Chemistry,Psychology,History, Philosophy & Theology,Art, Performing Arts & Design,Law,Other Health,Geology, Environmental, Earth & Marine Sciences,Business & Management,Agriculture & Forestry,Communication & Media Studies,Archaeology,Biological Sciences,Sociology,Mechanical & Aerospace Engineering,Sport Science,Education,Medicine & Dentistry,Politics & International Studies (incl Development Studies),Economics & Econometrics",False,False,False,https://www.timeshighereducation.com/student/register-interest/shorelight?utm_medium=thewebsite&utm_campaign=cta-link&utm_source=rankings&iid=i-79008396
25,University of Texas at Austin,78.8,26,75.5,28,80.7,33,91.0,43,57.9,99,42.1,256,public,0,/world-university-rankings/university-texas-austin,493,United States,,,,,University of Texas at Austin,"Medicine & Dentistry,Geography,General Engineering,Economics & Econometrics,History, Philosophy & Theology,Biological Sciences,Other Health,Politics & International Studies (incl Development Studies),Education,Law,Sport Science,Chemistry,Computer Science,Accounting & Finance,Geology, Environmental, Earth & Marine Sciences,Chemical Engineering,Art, Performing Arts & Design,Communication & Media Studies,Civil Engineering,Architecture,Mathematics & Statistics,Mechanical & Aerospace Engineering,Languages, Literature & Linguistics,Sociology,Electrical & Electronic Engineering,Psychology,Physics & Astronomy,Business & Management",False,False,False,https://www.timeshighereducation.com/student/register-interest/shorelight?utm_medium=thewebsite&utm_campaign=cta-link&utm_source=rankings&iid=i-33268802
25,Georgia Institute of Technology,78.8,25,70.2,39,79.5,37,90.3,47,74.9,58,66.3,110,public,0,/world-university-rankings/georgia-institute-technology,488,United States,,,,,Georgia Institute of Technology,"Chemistry,General Engineering,Biological Sciences,Mathematics & Statistics,Sociology,Other Health,Politics & International Studies (incl Development Studies),Electrical & Electronic Engineering,Agriculture & Forestry,History, Philosophy & Theology,Geology, Environmental, Earth & Marine Sciences,Geography,Mechanical & Aerospace Engineering,Economics & Econometrics,Computer Science,Psychology,Business & Management,Architecture,Civil Engineering,Chemical Engineering,Communication & Media Studies,Physics & Astronomy,Languages, Literature & Linguistics",False,False,False,https://www.timeshighereducation.com/student/register-interest/shorelight?utm_medium=thewebsite&utm_campaign=cta-link&utm_source=rankings&iid=i-55860137
27,The University of Tokyo,78.3,27,87.9,13,89.9,15,71.3,159,59.0,96,27.6,355,master_account,0,/world-university-rankings/university-tokyo,494,Japan,,,,,The University of Tokyo,"Art, Performing Arts & Design,General Engineering,Mathematics & Statistics,Psychology,Computer Science,Biological Sciences,Geography,Electrical & Electronic Engineering,Communication & Media Studies,Economics & Econometrics,Medicine & Dentistry,Veterinary Science,Law,Languages, Literature & Linguistics,Chemical Engineering,Politics & International Studies (incl Development Studies),History, Philosophy & Theology,Geology, Environmental, Earth & Marine Sciences,Business & Management,Other Health,Chemistry,Architecture,Civil Engineering,Sport Science,Education,Mechanical & Aerospace Engineering,Physics & Astronomy,Accounting & Finance,Archaeology,Agriculture & Forestry,Sociology",False,False,False,
28,University of Melbourne,77.9,28,68.4,44,82.5,27,83.7,76,67.6,73,77.2,60,master_account,0,/world-university-rankings/university-melbourne,501,Australia,,,,,University of Melbourne UniMelb Australia,"Communication & Media Studies,Medicine & Dentistry,Computer Science,Economics & Econometrics,Civil Engineering,Physics & Astronomy,History, Philosophy & Theology,Architecture,Chemical Engineering,Accounting & Finance,Sociology,Politics & International Studies (incl Development Studies),Art, Performing Arts & Design,Biological Sciences,Agriculture & Forestry,Archaeology,Mathematics & Statistics,Mechanical & Aerospace Engineering,Geology, Environmental, Earth & Marine Sciences,Other Health,Veterinary Science,Geography,Languages, Literature & Linguistics,Law,Education,Sport Science,Electrical & Electronic Engineering,Chemistry,Psychology,General Engineering,Business & Management",False,False,False,https://www.timeshighereducation.com/student/register-interest/aecc?utm_medium=thewebsite&utm_campaign=cta-link&utm_source=rankings&iid=i-84190491
29,National University of Singapore,77.5,29,74.4,32,87.2,21,67.2,178,77.4,50,92.3,5,master_account,11,/world-university-rankings/national-university-singapore,504,Singapore,,,,,National University of Singapore nus,"Computer Science,Chemistry,Economics & Econometrics,General Engineering,Geology, Environmental, Earth & Marine Sciences,Architecture,Chemical Engineering,Geography,Medicine & Dentistry,Mathematics & Statistics,Psychology,Electrical & Electronic Engineering,Communication & Media Studies,Art, Performing Arts & Design,Mechanical & Aerospace Engineering,Politics & International Studies (incl Development Studies),History, Philosophy & Theology,Biological Sciences,Law,Other Health,Physics & Astronomy,Accounting & Finance,Languages, Literature & Linguistics,Civil Engineering,Sociology,Archaeology,Agriculture & Forestry,Business & Management",False,False,False,
30,University of British Columbia,77.3,30,69.1,41,80.4,35,84.0,74,42.4,182,82.1,44,master_account,11,/world-university-rankings/university-british-columbia,486,Canada,,,,,University of British Columbia,"Accounting & Finance,Mechanical & Aerospace Engineering,History, Philosophy & Theology,Other Health,Medicine & Dentistry,Sociology,Computer Science,Art, Performing Arts & Design,Education,Mathematics & Statistics,Economics & Econometrics,Law,Chemical Engineering,Biological Sciences,Languages, Literature & Linguistics,Sport Science,Politics & International Studies (incl Development Studies),Architecture,General Engineering,Business & Management,Psychology,Physics & Astronomy,Geography,Agriculture & Forestry,Archaeology,Electrical & Electronic Engineering,Civil Engineering,Geology, Environmental, Earth & Marine Sciences,Communication & Media Studies,Chemistry",False,False,False,https://www.timeshighereducation.com/student/register-interest/applyboard?utm_medium=thewebsite&utm_campaign=cta-link&utm_source=rankings&iid=i-91511981
31,University of Wisconsin-Madison,76.9,31,76.1,27,80.1,36,88.2,56,54.8,108,29.8,334,public,0,/world-university-rankings/university-wisconsin-madison,491,United States,,,,,University of Wisconsin-Madison,"Politics & International Studies (incl Development Studies),Agriculture & Forestry,Electrical & Electronic Engineering,Other Health,Business & Management,Computer Science,Communication & Media Studies,Education,Mathematics & Statistics,Languages, Literature & Linguistics,Physics & Astronomy,Law,Architecture,Geography,Sport Science,Medicine & Dentistry,Art, Performing Arts & Design,Sociology,Accounting & Finance,Chemical Engineering,Chemistry,Veterinary Science,History, Philosophy & Theology,Mechanical & Aerospace Engineering,Geology, Environmental, Earth & Marine Sciences,General Engineering,Economics & Econometrics,Civil Engineering,Biological Sciences,Psychology",False,False,False,https://www.timeshighereducation.com/student/register-interest/shorelight?utm_medium=thewebsite&utm_campaign=cta-link&utm_source=rankings&iid=i-96030823
32,University of Edinburgh,76.1,32,68.4,43,71.3,47,90.8,45,43.8,166,78.9,51,master_account,0,/world-university-rankings/university-edinburgh,500,United Kingdom,,,,,University of Edinburgh,"History, Philosophy & Theology,Civil Engineering,Politics & International Studies (incl Development Studies),Computer Science,Psychology,Archaeology,Art, Performing Arts & Design,Biological Sciences,Business & Management,Medicine & Dentistry,Economics & Econometrics,Mathematics & Statistics,Geology, Environmental, Earth & Marine Sciences,Communication & Media Studies,General Engineering,Law,Chemistry,Architecture,Agriculture & Forestry,Languages, Literature & Linguistics,Physics & Astronomy,Electrical & Electronic Engineering,Mechanical & Aerospace Engineering,Sociology,Chemical Engineering,Accounting & Finance,Education,Other Health,Veterinary Science,Sport Science,Geography",False,False,False,https://www.timeshighereducation.com/student/register-interest/siuk?utm_medium=thewebsite&utm_campaign=cta-link&utm_source=rankings&iid=i-61465682
33,University of Illinois at Urbana-Champaign,75.8,33,74.2,33,84.9,25,80.8,92,-,391,36.0,291,public,0,/world-university-rankings/university-illinois-urbana-champaign,495,United States,,,,,University of Illinois at Urbana-Champaign,"Languages, Literature & Linguistics,General Engineering,Business & Management,Mechanical & Aerospace Engineering,Mathematics & Statistics,Education,Other Health,Chemical Engineering,Psychology,Electrical & Electronic Engineering,Chemistry,Communication & Media Studies,History, Philosophy & Theology,Veterinary Science,Geography,Archaeology,Physics & Astronomy,Law,Architecture,Biological Sciences,Sociology,Computer Science,Agriculture & Forestry,Politics & International Studies (incl Development Studies),Art, Performing Arts & Design,Civil Engineering,Accounting & Finance,Medicine & Dentistry,Sport Science,Geology, Environmental, Earth & Marine Sciences,Economics & Econometrics",False,False,False,https://www.timeshighereducation.com/student/register-interest/shorelight?utm_medium=thewebsite&utm_campaign=cta-link&utm_source=rankings&iid=i-24020534
34,McGill University,75.7,34,74.4,31,80.4,34,75.2,125,40.3,205,75.9,65,master_account,11,/world-university-rankings/mcgill-university,492,Canada,,,,,McGill University,"Civil Engineering,Languages, Literature & Linguistics,Politics & International Studies (incl Development Studies),Architecture,Agriculture & Forestry,Sociology,Computer Science,Physics & Astronomy,Business & Management,Mechanical & Aerospace Engineering,Geology, Environmental, Earth & Marine Sciences,Accounting & Finance,Sport Science,Other Health,Psychology,General Engineering,Chemistry,Economics & Econometrics,History, Philosophy & Theology,Chemical Engineering,Geography,Biological Sciences,Archaeology,Law,Medicine & Dentistry,Mathematics & Statistics,Education,Art, Performing Arts & Design,Electrical & Electronic Engineering,Communication & Media Studies",False,False,False,https://www.timeshighereducation.com/student/register-interest/applyboard?utm_medium=thewebsite&utm_campaign=cta-link&utm_source=rankings&iid=i-09910272
35,"University of California, Santa Barbara",75.6,35,56.1,77,73.5,44,99.4,7,100.0,8,58.3,156,public,0,/world-university-rankings/university-california-santa-barbara,499,United States,,,,,"University of California, Santa Barbara","Communication & Media Studies,Electrical & Electronic Engineering,Geology, Environmental, Earth & Marine Sciences,Biological Sciences,Education,Computer Science,Art, Performing Arts & Design,Politics & International Studies (incl Development Studies),Agriculture & Forestry,Sociology,Archaeology,History, Philosophy & Theology,Chemistry,Mechanical & Aerospace Engineering,Physics & Astronomy,Economics & Econometrics,Chemical Engineering,Accounting & Finance,Architecture,Languages, Literature & Linguistics,Mathematics & Statistics,Psychology,Veterinary Science,Geography",False,False,False,https://www.timeshighereducation.com/student/register-interest/shorelight?utm_medium=thewebsite&utm_campaign=cta-link&utm_source=rankings&iid=i-69587594
35,University of Hong Kong,75.6,36,78.4,21,85.9,23,62.1,220,62.5,87,81.7,45,master_account,11,/world-university-rankings/university-hong-kong,498,Hong Kong,,,,,University of Hong Kong,"Physics & Astronomy,Education,Mathematics & Statistics,Languages, Literature & Linguistics,Business & Management,Biological Sciences,Accounting & Finance,Civil Engineering,Communication & Media Studies,Law,History, Philosophy & Theology,Electrical & Electronic Engineering,Mechanical & Aerospace Engineering,Other Health,Geology, Environmental, Earth & Marine Sciences,Psychology,Chemistry,Politics & International Studies (incl Development Studies),Computer Science,General Engineering,Economics & Econometrics,Art, Performing Arts & Design,Sociology,Geography,Agriculture & Forestry,Medicine & Dentistry,Architecture",False,False,False,
37,Australian National University,75.4,37,68.6,42,83.5,26,73.5,138,39.6,216,90.0,8,master_account,11,/world-university-rankings/australian-national-university,502,Australia,,,,,Australian National University anu,"Art, Performing Arts & Design,Electrical & Electronic Engineering,Politics & International Studies (incl Development Studies),Chemistry,Accounting & Finance,General Engineering,History, Philosophy & Theology,Civil Engineering,Psychology,Mechanical & Aerospace Engineering,Sociology,Mathematics & Statistics,Archaeology,Agriculture & Forestry,Geology, Environmental, Earth & Marine Sciences,Biological Sciences,Economics & Econometrics,Computer Science,Business & Management,Communication & Media Studies,Medicine & Dentistry,Geography,Other Health,Physics & Astronomy,Languages, Literature & Linguistics,Law",False,False,False,https://www.timeshighereducation.com/student/register-interest/aecc?utm_medium=thewebsite&utm_campaign=cta-link&utm_source=rankings&iid=i-78601931
38,"University of California, San Diego",75.2,38,63.4,57,79.0,38,96.2,18,43.9,165,34.2,302,public,0,/world-university-rankings/university-california-san-diego,497,United States,,,,,"University of California, San Diego","Physics & Astronomy,Accounting & Finance,Electrical & Electronic Engineering,Medicine & Dentistry,Art, Performing Arts & Design,Education,Communication & Media Studies,General Engineering,Mechanical & Aerospace Engineering,Computer Science,Psychology,Geology, Environmental, Earth & Marine Sciences,Business & Management,Chemical Engineering,Languages, Literature & Linguistics,Chemistry,Other Health,Biological Sciences,History, Philosophy & Theology,Politics & International Studies (incl Development Studies),Civil Engineering,Sociology,Economics & Econometrics,Mathematics & Statistics",False,False,False,https://www.timeshighereducation.com/student/register-interest/shorelight?utm_medium=thewebsite&utm_campaign=cta-link&utm_source=rankings&iid=i-62118223
39,London School of Economics and Political Science,73.1,39,70.8,37,80.8,32,66.5,180,42.9,175,87.2,17,master_account,0,/world-university-rankings/london-school-economics-and-political-science,511,United Kingdom,,,,,London School of Economics and Political Science,"Mathematics & Statistics,Accounting & Finance,Geography,Law,Sociology,Politics & International Studies (incl Development Studies),Communication & Media Studies,Psychology,Languages, Literature & Linguistics,Business & Management,Economics & Econometrics,Geology, Environmental, Earth & Marine Sciences,History, Philosophy & Theology",False,False,False,https://www.timeshighereducation.com/student/register-interest/siuk?utm_medium=thewebsite&utm_campaign=cta-link&utm_source=rankings&iid=i-89868061
40,École Polytechnique Fédérale de Lausanne,73.0,40,62.4,59,57.0,85,95.0,27,49.8,125,98.8,1,master_account,0,/world-university-rankings/ecole-polytechnique-federale-de-lausanne,510,Switzerland,,,,,École Polytechnique Fédérale de Lausanne,"Sport Science,Biological Sciences,Chemistry,Electrical & Electronic Engineering,Accounting & Finance,Civil Engineering,Computer Science,Geology, Environmental, Earth & Marine Sciences,Chemical Engineering,Architecture,Mathematics & Statistics,General Engineering,Physics & Astronomy,Mechanical & Aerospace Engineering,Business & Management",False,False,False,
41,New York University,72.8,41,73.8,34,67.4,55,89.2,52,29.5,346,38.7,272,private,0,/world-university-rankings/new-york-university,508,United States,,,,,New York University,"Psychology,Politics & International Studies (incl Development Studies),Medicine & Dentistry,Education,Law,Civil Engineering,Geology, Environmental, Earth & Marine Sciences,Archaeology,Architecture,History, Philosophy & Theology,Electrical & Electronic Engineering,Computer Science,Biological Sciences,Economics & Econometrics,Chemical Engineering,Communication & Media Studies,Art, Performing Arts & Design,Chemistry,General Engineering,Business & Management,Mathematics & Statistics,Other Health,Languages, Literature & Linguistics,Accounting & Finance,Sociology,Physics & Astronomy,Mechanical & Aerospace Engineering",False,False,False,https://www.timeshighereducation.com/student/register-interest/shorelight?utm_medium=thewebsite&utm_campaign=cta-link&utm_source=rankings&iid=i-53177321
42,Karolinska Institute,72.4,42,66.3,48,75.7,40,77.3,112,71.4,64,64.5,119,master_account,0,/world-university-rankings/karolinska-institute,496,Sweden,,,,,Karolinska Institute,"Education,Business & Management,Psychology,Chemical Engineering,Sociology,Medicine & Dentistry,Biological Sciences,Languages, Literature & Linguistics,Geology, Environmental, Earth & Marine Sciences,Other Health,Mathematics & Statistics",False,False,False,
42,University of North Carolina at Chapel Hill,72.4,43,70.4,38,69.3,50,90.1,50,40.0,208,32.9,311,public,0,/world-university-rankings/university-north-carolina-chapel-hill,507,United States,,,,,University of North Carolina at Chapel Hill,"Business & Management,Politics & International Studies (incl Development Studies),History, Philosophy & Theology,Other Health,Law,Agriculture & Forestry,Biological Sciences,Computer Science,Physics & Astronomy,Geography,Archaeology,Communication & Media Studies,Education,Accounting & Finance,Languages, Literature & Linguistics,Geology, Environmental, Earth & Marine Sciences,Medicine & Dentistry,Sport Science,Chemistry,Mathematics & Statistics,Art, Performing Arts & Design,Economics & Econometrics,Psychology,Sociology,General Engineering",False,False,False,https://www.timeshighereducation.com/student/register-interest/shorelight?utm_medium=thewebsite&utm_campaign=cta-link&utm_source=rankings&iid=i-95855921
44,"University of California, Davis",71.8,44,67.9,46,71.6,46,82.7,82,52.5,116,51.7,199,public,0,/world-university-rankings/university-california-davis,503,United States,,,,,"University of California, Davis","Education,Chemistry,Civil Engineering,Veterinary Science,Economics & Econometrics,Business & Management,History, Philosophy & Theology,Medicine & Dentistry,Chemical Engineering,Biological Sciences,Architecture,Agriculture & Forestry,Accounting & Finance,Mechanical & Aerospace Engineering,Geology, Environmental, Earth & Marine Sciences,Languages, Literature & Linguistics,Sociology,Art, Performing Arts & Design,Politics & International Studies (incl Development Studies),Sport Science,Mathematics & Statistics,Archaeology,Psychology,Other Health,Communication & Media Studies,Physics & Astronomy,Geography,Law,Computer Science,General Engineering,Electrical & Electronic Engineering",False,False,False,https://www.timeshighereducation.com/student/register-interest/shorelight?utm_medium=thewebsite&utm_campaign=cta-link&utm_source=rankings&iid=i-62049829
44,Washington University in St Louis,71.8,45,66.0,50,62.8,70,95.2,26,-,398,44.3,249,private,0,/world-university-rankings/washington-university-st-louis,505,United States,,,,,Washington University in St Louis,"Mechanical & Aerospace Engineering,Biological Sciences,Sociology,Art, Performing Arts & Design,Computer Science,Chemical Engineering,Electrical & Electronic Engineering,Law,Medicine & Dentistry,General Engineering,Accounting & Finance,Mathematics & Statistics,Economics & Econometrics,Education,Architecture,Politics & International Studies (incl Development Studies),Psychology,Geology, Environmental, Earth & Marine Sciences,Other Health,Business & Management,History, Philosophy & Theology,Chemistry,Languages, Literature & Linguistics,Archaeology,Physics & Astronomy,Communication & Media Studies",False,False,False,
46,Peking University,70.7,46,81.5,19,67.9,53,64.3,196,99.9,12,54.1,187,master_account,0,/world-university-rankings/peking-university,514,China,,,,,Peking University,"Chemistry,Mechanical & Aerospace Engineering,History, Philosophy & Theology,Law,Accounting & Finance,Art, Performing Arts & Design,Economics & Econometrics,Mathematics & Statistics,Psychology,Computer Science,Geography,Business & Management,Geology, Environmental, Earth & Marine Sciences,Politics & International Studies (incl Development Studies),Physics & Astronomy,General Engineering,Other Health,Archaeology,Sociology,Electrical & Electronic Engineering,Biological Sciences,Education,Medicine & Dentistry,Communication & Media Studies,Languages, Literature & Linguistics",False,False,False,
47,University of Minnesota,70.5,47,66.1,49,74.0,43,84.7,73,-,395,28.7,341,public,0,/world-university-rankings/university-minnesota,506,United States,,,,,University of Minnesota,"Geography,Computer Science,Veterinary Science,Architecture,Agriculture & Forestry,Economics & Econometrics,General Engineering,Mathematics & Statistics,Psychology,Languages, Literature & Linguistics,Mechanical & Aerospace Engineering,Geology, Environmental, Earth & Marine Sciences,History, Philosophy & Theology,Chemical Engineering,Politics & International Studies (incl Development Studies),Physics & Astronomy,Business & Management,Art, Performing Arts & Design,Civil Engineering,Communication & Media Studies,Sociology,Electrical & Electronic Engineering,Chemistry,Accounting & Finance,Medicine & Dentistry,Biological Sciences,Law,Other Health,Sport Science,Education",False,False,False,https://www.timeshighereducation.com/student/register-interest/shorelight?utm_medium=thewebsite&utm_campaign=cta-link&utm_source=rankings&iid=i-25162572
48,LMU Munich,70.4,48,65.4,53,66.5,58,85.5,64,42.0,185,54.7,182,master_account,6,/world-university-rankings/lmu-munich,509,Germany,,,,,LMU Munich Ludwig-Maximilians-Universität München,"Biological Sciences,Art, Performing Arts & Design,Psychology,Communication & Media Studies,Languages, Literature & Linguistics,Politics & International Studies (incl Development Studies),Chemistry,Computer Science,Other Health,Law,Sociology,Education,Business & Management,Medicine & Dentistry,Mathematics & Statistics,Veterinary Science,History, Philosophy & Theology,Geography,Physics & Astronomy,Economics & Econometrics,Archaeology,Geology, Environmental, Earth & Marine Sciences",False,False,False,
49,University of Manchester,70.1,49,65.9,51,67.7,54,76.9,117,43.2,171,77.9,54,master_account,11,/world-university-rankings/university-manchester,512,United Kingdom,,,,,University of Manchester,"Geology, Environmental, Earth & Marine Sciences,Architecture,Geography,Economics & Econometrics,Education,Chemical Engineering,Archaeology,Languages, Literature & Linguistics,Politics & International Studies (incl Development Studies),Electrical & Electronic Engineering,Biological Sciences,Art, Performing Arts & Design,Medicine & Dentistry,Communication & Media Studies,Civil Engineering,Sociology,Accounting & Finance,Chemistry,General Engineering,Psychology,Mathematics & Statistics,Computer Science,Mechanical & Aerospace Engineering,History, Philosophy & Theology,Law,Other Health,Business & Management,Physics & Astronomy",False,False,False,https://www.timeshighereducation.com/student/register-interest/siuk?utm_medium=thewebsite&utm_campaign=cta-link&utm_source=rankings&iid=i-29944014
50,Pohang University of Science and Technology (POSTECH),69.4,50,63.9,54,63.9,65,88.2,55,100.0,6,28.8,340,master_account,0,/world-university-rankings/pohang-university-science-and-technology-postech,517,South Korea,,,,,Pohang University of Science and Technology (POSTECH) postech,"General Engineering,Chemical Engineering,Chemistry,Business & Management,Electrical & Electronic Engineering,Computer Science,Mathematics & Statistics,Geology, Environmental, Earth & Marine Sciences,Other Health,Biological Sciences,Physics & Astronomy,Mechanical & Aerospace Engineering",False,False,False,
51,Brown University,68.9,51,63.7,55,60.3,78,94.1,32,29.9,339,36.9,281,private,0,/world-university-rankings/brown-university,513,United States,,,,,Brown University,"Geology, Environmental, Earth & Marine Sciences,History, Philosophy & Theology,Electrical & Electronic Engineering,Sociology,Medicine & Dentistry,Business & Management,Mechanical & Aerospace Engineering,Communication & Media Studies,Psychology,Art, Performing Arts & Design,General Engineering,Education,Archaeology,Politics & International Studies (incl Development Studies),Mathematics & Statistics,Architecture,Computer Science,Biological Sciences,Chemistry,Physics & Astronomy,Other Health,Chemical Engineering,Economics & Econometrics,Languages, Literature & Linguistics",False,False,False,https://www.timeshighereducation.com/student/register-interest/shorelight?utm_medium=thewebsite&utm_campaign=cta-link&utm_source=rankings&iid=i-47263781
52,Tsinghua University,67.1,52,74.5,30,76.4,39,55.2,266,99.2,17,37.2,279,master_account,0,/world-university-rankings/tsinghua-university,535,China,,,,,Tsinghua University Qinghua University Tsing hua University Qing hua University,"Art, Performing Arts & Design,Medicine & Dentistry,Sport Science,Economics & Econometrics,Architecture,Mechanical & Aerospace Engineering,Geography,Accounting & Finance,Electrical & Electronic Engineering,Physics & Astronomy,Education,Other Health,Communication & Media Studies,Chemical Engineering,Sociology,Business & Management,General Engineering,Geology, Environmental, Earth & Marine Sciences,Psychology,Languages, Literature & Linguistics,Archaeology,Mathematics & Statistics,Civil Engineering,Politics & International Studies (incl Development Studies),Computer Science,Chemistry,History, Philosophy & Theology,Biological Sciences,Law",False,False,False,
53,Ohio State University (Main campus),67.0,53,66.7,47,60.9,76,80.1,98,49.5,128,46.3,238,public,0,/world-university-rankings/ohio-state-university-main-campus,521,United States,,,,,Ohio State University (Main campus),"Electrical & Electronic Engineering,Veterinary Science,Communication & Media Studies,Civil Engineering,Computer Science,Archaeology,Education,Accounting & Finance,Geology, Environmental, Earth & Marine Sciences,Medicine & Dentistry,Economics & Econometrics,Geography,Sociology,Biological Sciences,Sport Science,Architecture,Art, Performing Arts & Design,Mathematics & Statistics,Business & Management,Other Health,Politics & International Studies (incl Development Studies),Chemical Engineering,Physics & Astronomy,Psychology,Law,Mechanical & Aerospace Engineering,Chemistry,Languages, Literature & Linguistics,Agriculture & Forestry,History, Philosophy & Theology,General Engineering",False,False,False,https://www.timeshighereducation.com/student/register-interest/shorelight?utm_medium=thewebsite&utm_campaign=cta-link&utm_source=rankings&iid=i-88908463
54,Kyoto University,66.8,55,77.1,23,74.8,42,57.8,249,76.4,54,26.3,363,master_account,0,/world-university-rankings/kyoto-university,516,Japan,,,,,Kyoto University,"Architecture,Geography,Biological Sciences,Psychology,Mechanical & Aerospace Engineering,Law,Communication & Media Studies,Archaeology,Education,Electrical & Electronic Engineering,Sociology,Business & Management,Civil Engineering,Agriculture & Forestry,Economics & Econometrics,Physics & Astronomy,Chemistry,Computer Science,Medicine & Dentistry,Mathematics & Statistics,History, Philosophy & Theology,Chemical Engineering,Languages, Literature & Linguistics,Politics & International Studies (incl Development Studies),General Engineering,Accounting & Finance,Art, Performing Arts & Design,Geology, Environmental, Earth & Marine Sciences,Other Health,Sport Science",False,False,False,
54,Boston University,66.8,54,65.4,52,50.9,107,94.2,31,30.6,333,39.2,269,private,0,/world-university-rankings/boston-university,518,United States,,,,,Boston University,"Other Health,Politics & International Studies (incl Development Studies),Sociology,Mechanical & Aerospace Engineering,Education,Languages, Literature & Linguistics,Geography,Psychology,General Engineering,Geology, Environmental, Earth & Marine Sciences,Accounting & Finance,Chemistry,Computer Science,Art, Performing Arts & Design,Mathematics & Statistics,Biological Sciences,Medicine & Dentistry,History, Philosophy & Theology,Physics & Astronomy,Architecture,Electrical & Electronic Engineering,Business & Management,Economics & Econometrics,Archaeology,Communication & Media Studies,Law",False,False,False,https://www.timeshighereducation.com/student/register-interest/shorelight?utm_medium=thewebsite&utm_campaign=cta-link&utm_source=rankings&iid=i-74571941
56,University of Southern California,66.3,56,68.4,45,57.1,84,81.9,86,33.5,292,43.4,251,private,0,/world-university-rankings/university-southern-california,519,United States,,,,,University of Southern California,"General Engineering,Education,Physics & Astronomy,Biological Sciences,Art, Performing Arts & Design,Agriculture & Forestry,Chemical Engineering,Politics & International Studies (incl Development Studies),Computer Science,Chemistry,Psychology,Medicine & Dentistry,Economics & Econometrics,Architecture,Electrical & Electronic Engineering,Sociology,History, Philosophy & Theology,Mechanical & Aerospace Engineering,Communication & Media Studies,Languages, Literature & Linguistics,Civil Engineering,Geology, Environmental, Earth & Marine Sciences,Business & Management,Archaeology,Sport Science,Accounting & Finance,Other Health,Mathematics & Statistics,Law,Geography",False,False,False,https://www.timeshighereducation.com/student/register-interest/shorelight?utm_medium=thewebsite&utm_campaign=cta-link&utm_source=rankings&iid=i-74975443
57,King’s College London,66.2,57,53.5,88,59.3,80,82.8,81,42.4,180,86.0,25,master_account,0,/world-university-rankings/kings-college-london,520,United Kingdom,,,,,King’s College London,"Sport Science,History, Philosophy & Theology,Education,Sociology,Business & Management,Biological Sciences,Chemistry,Mechanical & Aerospace Engineering,Economics & Econometrics,Law,Medicine & Dentistry,Art, Performing Arts & Design,Geology, Environmental, Earth & Marine Sciences,Other Health,Communication & Media Studies,Geography,Physics & Astronomy,Languages, Literature & Linguistics,Computer Science,Psychology,Accounting & Finance,General Engineering,Politics & International Studies (incl Development Studies),Archaeology,Mathematics & Statistics,Electrical & Electronic Engineering",False,False,False,
58,KU Leuven,66.1,58,59.7,64,71.0,48,67.2,177,99.7,14,56.6,169,master_account,11,/world-university-rankings/ku-leuven,531,Belgium,,,,,KU Leuven,"Art, Performing Arts & Design,Chemical Engineering,Electrical & Electronic Engineering,Communication & Media Studies,Medicine & Dentistry,Mathematics & Statistics,Accounting & Finance,General Engineering,Geology, Environmental, Earth & Marine Sciences,Other Health,Physics & Astronomy,Business & Management,Languages, Literature & Linguistics,Mechanical & Aerospace Engineering,Politics & International Studies (incl Development Studies),Architecture,Sport Science,Education,Archaeology,Biological Sciences,Psychology,History, Philosophy & Theology,Agriculture & Forestry,Law,Computer Science,Chemistry,Economics & Econometrics,Civil Engineering,Sociology,Geography",False,False,False,
59,Seoul National University,65.9,60,76.7,25,81.4,30,48.0,327,81.7,43,27.0,360,master_account,0,/world-university-rankings/seoul-national-university,588,South Korea,,,,,Seoul National University,"Geography,Business & Management,Politics & International Studies (incl Development Studies),Communication & Media Studies,Veterinary Science,Agriculture & Forestry,Civil Engineering,Chemistry,Art, Performing Arts & Design,Economics & Econometrics,Psychology,Archaeology,History, Philosophy & Theology,Sociology,Medicine & Dentistry,Mathematics & Statistics,Mechanical & Aerospace Engineering,Chemical Engineering,General Engineering,Computer Science,Languages, Literature & Linguistics,Other Health,Sport Science,Biological Sciences,Law,Accounting & Finance,Physics & Astronomy,Electrical & Electronic Engineering,Education,Geology, Environmental, Earth & Marine Sciences,Architecture",False,False,False,
59,École Normale Supérieure,65.9,59,61.6,60,46.9,120,90.3,46,47.2,139,67.3,101,master_account,0,/world-university-rankings/ecole-normale-superieure,523,France,,,,,École Normale Supérieure,"Art, Performing Arts & Design,Biological Sciences,Chemical Engineering,Chemistry,Computer Science,Economics & Econometrics,Geography,Geology, Environmental, Earth & Marine Sciences,History, Philosophy & Theology,Languages, Literature & Linguistics,Law,Mathematics & Statistics,Mechanical & Aerospace Engineering,Sociology",False,False,False,
61,Penn State (Main campus),65.8,61,55.0,80,69.2,51,81.4,89,59.7,93,34.9,297,public,0,/world-university-rankings/penn-state-main-campus,515,United States,,,,,Penn State (Main campus),"Business & Management,Geology, Environmental, Earth & Marine Sciences,Mechanical & Aerospace Engineering,Mathematics & Statistics,General Engineering,Law,Medicine & Dentistry,Architecture,Veterinary Science,Politics & International Studies (incl Development Studies),Civil Engineering,Archaeology,Chemistry,Chemical Engineering,Education,Computer Science,Languages, Literature & Linguistics,Psychology,Accounting & Finance,Communication & Media Studies,Other Health,Sport Science,Art, Performing Arts & Design,Physics & Astronomy,History, Philosophy & Theology,Electrical & Electronic Engineering,Sociology,Economics & Econometrics,Biological Sciences,Geography,Agriculture & Forestry",False,False,False,https://www.timeshighereducation.com/student/register-interest/shorelight?utm_medium=thewebsite&utm_campaign=cta-link&utm_source=rankings&iid=i-63396649
62,The University of Sydney,65.7,63,59.5,66,70.1,49,62.9,212,69.2,71,83.0,41,master_account,1,/world-university-rankings/university-sydney,522,Australia,,,,,The University of Sydney UniSyd,"Electrical & Electronic Engineering,Law,General Engineering,Business & Management,Accounting & Finance,Mathematics & Statistics,Veterinary Science,Other Health,Communication & Media Studies,Psychology,Biological Sciences,Chemical Engineering,Medicine & Dentistry,Politics & International Studies (incl Development Studies),Architecture,Mechanical & Aerospace Engineering,Physics & Astronomy,Computer Science,Education,Geology, Environmental, Earth & Marine Sciences,Sport Science,History, Philosophy & Theology,Economics & Econometrics,Archaeology,Chemistry,Art, Performing Arts & Design,Civil Engineering,Geography,Agriculture & Forestry,Sociology,Languages, Literature & Linguistics",False,False,False,
62,École Polytechnique – Institut Polytechnique de Paris,65.7,62,56.5,74,54.7,94,80.7,93,75.8,56,83.0,40,master_account,0,/world-university-rankings/ecole-polytechnique-institut-polytechnique-de-paris,527,France,,,,,École Polytechnique – Institut Polytechnique de Paris,"Physics & Astronomy,General Engineering,Education,Computer Science,Geology, Environmental, Earth & Marine Sciences,Languages, Literature & Linguistics,Mathematics & Statistics,History, Philosophy & Theology,Chemistry,Civil Engineering,Mechanical & Aerospace Engineering,Economics & Econometrics,Electrical & Electronic Engineering,Business & Management,Biological Sciences,Chemical Engineering",False,False,False,
64,Leiden University,65.1,64,54.0,84,67.1,56,78.4,106,46.1,143,54.8,180,master_account,6,/world-university-rankings/leiden-university,543,Netherlands,,,,,Leiden University,"Biological Sciences,Psychology,Mathematics & Statistics,Languages, Literature & Linguistics,Chemistry,Computer Science,Education,History, Philosophy & Theology,Geology, Environmental, Earth & Marine Sciences,Art, Performing Arts & Design,Physics & Astronomy,Architecture,Communication & Media Studies,Other Health,Law,Archaeology,Politics & International Studies (incl Development Studies),Medicine & Dentistry,Sociology",False,False,False,
65,The University of Queensland,64.4,66,54.4,83,66.1,59,69.6,166,64.0,83,77.8,55,master_account,11,/world-university-rankings/university-queensland,538,Australia,,,,,The University of Queensland UQ UOQ,"Geography,History, Philosophy & Theology,Geology, Environmental, Earth & Marine Sciences,Biological Sciences,Electrical & Electronic Engineering,General Engineering,Law,Agriculture & Forestry,Art, Performing Arts & Design,Archaeology,Other Health,Languages, Literature & Linguistics,Medicine & Dentistry,Sport Science,Education,Communication & Media Studies,Economics & Econometrics,Politics & International Studies (incl Development Studies),Business & Management,Chemical Engineering,Physics & Astronomy,Mechanical & Aerospace Engineering,Veterinary Science,Architecture,Sociology,Accounting & Finance,Chemistry,Civil Engineering,Computer Science,Mathematics & Statistics,Psychology",False,False,False,
65,The Hong Kong University of Science and Technology,64.4,65,56.9,71,64.6,63,68.9,170,55.6,105,78.1,53,master_account,11,/world-university-rankings/hong-kong-university-science-and-technology,526,Hong Kong,,,,,The Hong Kong University of Science and Technology hkust,"Other Health,Physics & Astronomy,Chemical Engineering,Business & Management,Geology, Environmental, Earth & Marine Sciences,Chemistry,General Engineering,Sociology,Computer Science,Politics & International Studies (incl Development Studies),Mathematics & Statistics,Biological Sciences,Economics & Econometrics,Electrical & Electronic Engineering,Mechanical & Aerospace Engineering,Civil Engineering,Accounting & Finance",False,False,False,
67,Utrecht University,64.1,67,48.0,120,64.7,62,82.4,84,82.6,42,47.3,232,master_account,0,/world-university-rankings/utrecht-university,532,Netherlands,,,,,Utrecht University utrecht  utrecht university,"Communication & Media Studies,Accounting & Finance,Geology, Environmental, Earth & Marine Sciences,Economics & Econometrics,Computer Science,Law,Biological Sciences,Education,Art, Performing Arts & Design,Physics & Astronomy,Business & Management,Chemistry,Languages, Literature & Linguistics,Other Health,Geography,Psychology,History, Philosophy & Theology,Mathematics & Statistics,Veterinary Science,Politics & International Studies (incl Development Studies),Sociology,Medicine & Dentistry",False,False,False,
68,Korea Advanced Institute of Science and Technology (KAIST),64.0,68,69.9,40,68.9,52,58.4,244,100.0,4,31.1,324,master_account,0,/world-university-rankings/korea-advanced-institute-science-and-technology-kaist,558,South Korea,,,,,Korea Advanced Institute of Science and Technology (KAIST),"History, Philosophy & Theology,Electrical & Electronic Engineering,Sport Science,Languages, Literature & Linguistics,Chemical Engineering,Sociology,Computer Science,Mathematics & Statistics,Education,Archaeology,Veterinary Science,Law,Art, Performing Arts & Design,Mechanical & Aerospace Engineering,Communication & Media Studies,Architecture,Chemistry,Medicine & Dentistry,Biological Sciences,Psychology,Civil Engineering,Politics & International Studies (incl Development Studies),Business & Management,General Engineering,Geology, Environmental, Earth & Marine Sciences,Accounting & Finance,Other Health,Physics & Astronomy,Economics & Econometrics",False,False,False,
69,Purdue University West Lafayette,63.8,69,59.8,63,71.9,45,63.1,209,-,379,54.8,181,public,0,/world-university-rankings/purdue-university-west-lafayette,562,United States,,,,,Purdue University West Lafayette,"Physics & Astronomy,Biological Sciences,Art, Performing Arts & Design,Architecture,Sport Science,Computer Science,Accounting & Finance,Languages, Literature & Linguistics,Sociology,Economics & Econometrics,Medicine & Dentistry,Chemical Engineering,Veterinary Science,Agriculture & Forestry,History, Philosophy & Theology,Other Health,Electrical & Electronic Engineering,Geology, Environmental, Earth & Marine Sciences,Politics & International Studies (incl Development Studies),Education,Chemistry,Communication & Media Studies,Psychology,General Engineering,Civil Engineering,Mechanical & Aerospace Engineering,Archaeology,Business & Management,Mathematics & Statistics",False,False,False,https://www.timeshighereducation.com/student/register-interest/shorelight?utm_medium=thewebsite&utm_campaign=cta-link&utm_source=rankings&iid=i-32236813
70,University of Göttingen,63.2,70,50.0,103,52.5,103,92.5,38,34.4,280,51.0,204,master_account,0,/world-university-rankings/university-gottingen,533,Germany,,,,,University of Göttingen,"Biological Sciences,Geography,Education,Veterinary Science,Law,Art, Performing Arts & Design,Mathematics & Statistics,Accounting & Finance,Languages, Literature & Linguistics,Sport Science,Psychology,Medicine & Dentistry,Chemistry,Business & Management,History, Philosophy & Theology,Agriculture & Forestry,Politics & International Studies (incl Development Studies),Archaeology,Geology, Environmental, Earth & Marine Sciences,Economics & Econometrics,Computer Science,Sociology,Other Health,Communication & Media Studies,Physics & Astronomy",False,False,False,
70,Wageningen University & Research,63.2,71,54.9,81,53.7,100,73.8,137,100.0,9,79.2,50,master_account,11,/world-university-rankings/wageningen-university-research,540,Netherlands,,,,,Wageningen University & Research,"Chemistry,Geology, Environmental, Earth & Marine Sciences,Business & Management,Communication & Media Studies,Other Health,Veterinary Science,Economics & Econometrics,Biological Sciences,Computer Science,Agriculture & Forestry,Chemical Engineering,Politics & International Studies (incl Development Studies),Sociology",False,False,False,
72,Erasmus University Rotterdam,62.9,72,44.5,146,64.1,64,80.2,97,62.0,89,62.8,132,master_account,1,/world-university-rankings/erasmus-university-rotterdam,621,Netherlands,,,,,Erasmus University Rotterdam,"Communication & Media Studies,Economics & Econometrics,Medicine & Dentistry,Accounting & Finance,History, Philosophy & Theology,Other Health,Biological Sciences,Education,Mathematics & Statistics,Business & Management,Art, Performing Arts & Design,Psychology,Politics & International Studies (incl Development Studies),Law,Sociology",False,False,False,
72,University of Massachusetts,62.9,73,57.1,70,62.6,71,77.8,109,52.8,114,31.7,318,master_account,0,/world-university-rankings/university-massachusetts,528,United States,,,,,University of Massachusetts,"Law,Business & Management,Politics & International Studies (incl Development Studies),Art, Performing Arts & Design,Computer Science,Medicine & Dentistry,Electrical & Electronic Engineering,Languages, Literature & Linguistics,Geography,Architecture,Economics & Econometrics,Chemistry,Geology, Environmental, Earth & Marine Sciences,Mechanical & Aerospace Engineering,Sport Science,History, Philosophy & Theology,Civil Engineering,Other Health,Sociology,Communication & Media Studies,Veterinary Science,Accounting & Finance,Mathematics & Statistics,Physics & Astronomy,General Engineering,Psychology,Archaeology,Biological Sciences,Agriculture & Forestry,Education,Chemical Engineering",False,False,False,https://www.timeshighereducation.com/student/register-interest/shorelight?utm_medium=thewebsite&utm_campaign=cta-link&utm_source=rankings&iid=i-88328014
74,University of Bristol,62.5,74,50.1,102,51.7,105,85.4,67,38.7,229,71.9,76,master_account,0,/world-university-rankings/university-bristol,530,United Kingdom,,,,,University of Bristol,"Computer Science,Geology, Environmental, Earth & Marine Sciences,Economics & Econometrics,Electrical & Electronic Engineering,Politics & International Studies (incl Development Studies),Other Health,Mathematics & Statistics,Psychology,Art, Performing Arts & Design,Chemistry,Accounting & Finance,Languages, Literature & Linguistics,Mechanical & Aerospace Engineering,Geography,General Engineering,Communication & Media Studies,Medicine & Dentistry,Veterinary Science,Sociology,Archaeology,Civil Engineering,Education,History, Philosophy & Theology,Biological Sciences,Law,Physics & Astronomy,Business & Management",False,False,False,
75,Rice University,62.0,75,49.5,105,39.3,182,100.0,2,36.5,254,59.0,151,private,0,/world-university-rankings/rice-university,536,United States,,,,,Rice University,"Physics & Astronomy,Art, Performing Arts & Design,Civil Engineering,Business & Management,Education,Computer Science,Chemistry,Architecture,Economics & Econometrics,General Engineering,History, Philosophy & Theology,Politics & International Studies (incl Development Studies),Mechanical & Aerospace Engineering,Accounting & Finance,Psychology,Sport Science,Languages, Literature & Linguistics,Sociology,Chemical Engineering,Geology, Environmental, Earth & Marine Sciences,Electrical & Electronic Engineering,Mathematics & Statistics,Biological Sciences",False,False,False,https://www.timeshighereducation.com/student/register-interest/shorelight?utm_medium=thewebsite&utm_campaign=cta-link&utm_source=rankings&iid=i-26979505
76,University of Pittsburgh-Pittsburgh campus,61.7,76,54.6,82,55.1,93,85.2,69,39.3,223,29.4,337,public,0,/world-university-rankings/university-pittsburgh-pittsburgh-campus,524,United States,,,,,University of Pittsburgh-Pittsburgh campus,"Electrical & Electronic Engineering,Politics & International Studies (incl Development Studies),Mechanical & Aerospace Engineering,Geography,Medicine & Dentistry,Sport Science,Law,Architecture,Languages, Literature & Linguistics,Mathematics & Statistics,Accounting & Finance,Chemical Engineering,History, Philosophy & Theology,Civil Engineering,Chemistry,Computer Science,Communication & Media Studies,Biological Sciences,Psychology,Economics & Econometrics,Sociology,Business & Management,Art, Performing Arts & Design,Physics & Astronomy,Other Health,General Engineering,Geology, Environmental, Earth & Marine Sciences,Education",False,False,False,https://www.timeshighereducation.com/student/register-interest/shorelight?utm_medium=thewebsite&utm_campaign=cta-link&utm_source=rankings&iid=i-73524078
77,Delft University of Technology,61.6,77,59.9,62,75.1,41,45.1,349,99.9,10,67.7,99,master_account,0,/world-university-rankings/delft-university-technology,568,Netherlands,,,,,Delft University of Technology,"Computer Science,Sport Science,Mechanical & Aerospace Engineering,Communication & Media Studies,Chemical Engineering,Geography,General Engineering,Mathematics & Statistics,Architecture,Biological Sciences,History, Philosophy & Theology,Chemistry,Economics & Econometrics,Art, Performing Arts & Design,Agriculture & Forestry,Education,Electrical & Electronic Engineering,Physics & Astronomy,Business & Management,Other Health,Geology, Environmental, Earth & Marine Sciences,Civil Engineering,Politics & International Studies (incl Development Studies)",False,False,False,
78,Universität Heidelberg,61.4,78,61.4,61,49.0,114,75.5,124,40.7,200,61.3,141,master_account,11,/world-university-rankings/universitat-heidelberg,537,Germany,,,,,Universität Heidelberg,"Mathematics & Statistics,Economics & Econometrics,Archaeology,Politics & International Studies (incl Development Studies),Art, Performing Arts & Design,Computer Science,Law,Biological Sciences,Psychology,Medicine & Dentistry,Sociology,Languages, Literature & Linguistics,Geology, Environmental, Earth & Marine Sciences,Physics & Astronomy,Other Health,Geography,Sport Science,Education,History, Philosophy & Theology,Chemistry",False,False,False,
79,Emory University,61.3,79,56.7,72,44.4,135,90.9,44,38.3,235,36.6,285,private,0,/world-university-rankings/emory-university,539,United States,,,,,Emory University,"Other Health,Sociology,Medicine & Dentistry,Politics & International Studies (incl Development Studies),General Engineering,Law,Computer Science,Business & Management,Mathematics & Statistics,Accounting & Finance,Biological Sciences,Psychology,Physics & Astronomy,Economics & Econometrics,Art, Performing Arts & Design,Chemistry,History, Philosophy & Theology,Communication & Media Studies,Languages, Literature & Linguistics,Geology, Environmental, Earth & Marine Sciences",False,False,False,https://www.timeshighereducation.com/student/register-interest/shorelight?utm_medium=thewebsite&utm_campaign=cta-link&utm_source=rankings&iid=i-20903556
80,Durham University,60.7,80,42.3,163,44.5,134,93.3,34,34.3,281,77.7,56,master_account,0,/world-university-rankings/durham-university,547,United Kingdom,,,,,Durham University united kingdom UK  England,"Electrical & Electronic Engineering,General Engineering,Sociology,History, Philosophy & Theology,Communication & Media Studies,Mechanical & Aerospace Engineering,Physics & Astronomy,Other Health,Politics & International Studies (incl Development Studies),Education,Civil Engineering,Computer Science,Geography,Sport Science,Law,Biological Sciences,Art, Performing Arts & Design,Languages, Literature & Linguistics,Mathematics & Statistics,Geology, Environmental, Earth & Marine Sciences,Business & Management,Economics & Econometrics,Accounting & Finance,Chemistry,Archaeology,Psychology",False,False,False,https://www.timeshighereducation.com/student/register-interest/siuk?utm_medium=thewebsite&utm_campaign=cta-link&utm_source=rankings&iid=i-56154151
81,Pierre and Marie Curie University,60.5,81,59.2,67,43.5,145,80.6,94,28.6,356,64.4,121,master_account,0,/world-university-rankings/pierre-and-marie-curie-university,548,France,,,,,Pierre and Marie Curie University,"Biological Sciences,Medicine & Dentistry,Chemical Engineering,Civil Engineering,Mechanical & Aerospace Engineering,Economics & Econometrics,General Engineering,Geology, Environmental, Earth & Marine Sciences,Mathematics & Statistics,Other Health,Veterinary Science,Physics & Astronomy,Electrical & Electronic Engineering,Computer Science,Chemistry",False,False,False,
82,Lund University,60.3,82,43.6,154,61.3,72,77.1,114,34.2,282,64.4,120,master_account,0,/world-university-rankings/lund-university,544,Sweden,,,,,Lund University,"Electrical & Electronic Engineering,Communication & Media Studies,Art, Performing Arts & Design,Mechanical & Aerospace Engineering,Politics & International Studies (incl Development Studies),Other Health,Physics & Astronomy,Business & Management,Civil Engineering,Sociology,Languages, Literature & Linguistics,Architecture,Agriculture & Forestry,Law,Archaeology,Biological Sciences,Education,History, Philosophy & Theology,Chemical Engineering,Geography,Computer Science,Chemistry,Accounting & Finance,Psychology,Medicine & Dentistry,Mathematics & Statistics,General Engineering,Geology, Environmental, Earth & Marine Sciences,Economics & Econometrics",False,False,False,
83,University of Amsterdam,60.1,83,45.6,135,61.3,74,75.1,127,49.0,131,57.0,167,master_account,1,/world-university-rankings/university-amsterdam,556,Netherlands,,,,,University of Amsterdam uva,"Politics & International Studies (incl Development Studies),History, Philosophy & Theology,Sociology,Medicine & Dentistry,Psychology,Other Health,Biological Sciences,Chemistry,Law,Accounting & Finance,Archaeology,Physics & Astronomy,Languages, Literature & Linguistics,Computer Science,Business & Management,Geography,Mathematics & Statistics,Communication & Media Studies,Art, Performing Arts & Design,Geology, Environmental, Earth & Marine Sciences,Economics & Econometrics,Education",False,False,False,
84,Université de Montréal,59.8,84,54.0,85,57.9,83,60.9,229,95.0,30,74.6,69,master_account,0,/world-university-rankings/universite-de-montreal,569,Canada,,,,,Université de Montréal Université de Montréal Universite de Montreal,"Communication & Media Studies,Languages, Literature & Linguistics,Electrical & Electronic Engineering,Geography,Sport Science,Mathematics & Statistics,Architecture,History, Philosophy & Theology,Mechanical & Aerospace Engineering,Art, Performing Arts & Design,Chemistry,Civil Engineering,Biological Sciences,Psychology,Computer Science,Veterinary Science,Chemical Engineering,Business & Management,Sociology,Archaeology,General Engineering,Education,Accounting & Finance,Other Health,Politics & International Studies (incl Development Studies),Medicine & Dentistry,Physics & Astronomy,Economics & Econometrics,Law",False,False,False,
85,UNSW Sydney,59.6,85,52.6,91,63.8,67,56.7,255,50.5,122,84.8,29,master_account,6,/world-university-rankings/unsw-sydney,638,Australia,,,,,UNSW Sydney unsw australia unsw,"Medicine & Dentistry,Other Health,Chemistry,General Engineering,History, Philosophy & Theology,Architecture,Psychology,Sport Science,Education,Biological Sciences,Languages, Literature & Linguistics,Mechanical & Aerospace Engineering,Sociology,Mathematics & Statistics,Geology, Environmental, Earth & Marine Sciences,Economics & Econometrics,Chemical Engineering,Electrical & Electronic Engineering,Art, Performing Arts & Design,Politics & International Studies (incl Development Studies),Accounting & Finance,Geography,Communication & Media Studies,Computer Science,Law,Civil Engineering,Business & Management,Physics & Astronomy",False,False,False,
86,"Nanyang Technological University, Singapore",59.4,86,45.7,134,66.9,57,54.5,272,99.5,15,90.5,7,master_account,11,/world-university-rankings/nanyang-technological-university-singapore,634,Singapore,,,,,"Nanyang Technological University, Singapore NTU Nan yang","Psychology,Geology, Environmental, Earth & Marine Sciences,Chemical Engineering,Politics & International Studies (incl Development Studies),Computer Science,Biological Sciences,General Engineering,History, Philosophy & Theology,Communication & Media Studies,Electrical & Electronic Engineering,Accounting & Finance,Mathematics & Statistics,Sport Science,Medicine & Dentistry,Chemistry,Sociology,Civil Engineering,Art, Performing Arts & Design,Economics & Econometrics,Business & Management,Languages, Literature & Linguistics,Mechanical & Aerospace Engineering,Other Health,Physics & Astronomy,Education",False,False,False,
87,Tufts University,59.1,87,52.6,90,36.4,194,94.8,28,39.4,219,39.6,266,private,0,/world-university-rankings/tufts-university,542,United States,,,,,Tufts University,"Languages, Literature & Linguistics,Agriculture & Forestry,Sociology,History, Philosophy & Theology,Chemical Engineering,Law,General Engineering,Civil Engineering,Geology, Environmental, Earth & Marine Sciences,Architecture,Biological Sciences,Business & Management,Other Health,Chemistry,Economics & Econometrics,Archaeology,Veterinary Science,Psychology,Art, Performing Arts & Design,Mechanical & Aerospace Engineering,Physics & Astronomy,Medicine & Dentistry,Mathematics & Statistics,Education,Computer Science,Communication & Media Studies,Electrical & Electronic Engineering,Politics & International Studies (incl Development Studies)",False,False,False,https://www.timeshighereducation.com/student/register-interest/shorelight?utm_medium=thewebsite&utm_campaign=cta-link&utm_source=rankings&iid=i-14091951
88,McMaster University,59.0,88,42.3,164,47.9,118,81.7,88,98.0,25,66.9,104,master_account,11,/world-university-rankings/mcmaster-university,529,Canada,,,,,McMaster University,"Medicine & Dentistry,Biological Sciences,History, Philosophy & Theology,Politics & International Studies (incl Development Studies),Civil Engineering,Archaeology,Chemical Engineering,Sociology,Chemistry,Accounting & Finance,Languages, Literature & Linguistics,Mechanical & Aerospace Engineering,General Engineering,Geology, Environmental, Earth & Marine Sciences,Economics & Econometrics,Art, Performing Arts & Design,Electrical & Electronic Engineering,Communication & Media Studies,Computer Science,Sport Science,Business & Management,Other Health,Mathematics & Statistics,Psychology,Physics & Astronomy,Geography",False,False,False,
89,University of Groningen,58.8,89,43.8,153,61.0,75,71.6,154,85.2,36,49.8,214,master_account,0,/world-university-rankings/university-groningen,598,Netherlands,,,,,University of Groningen,"Sociology,Other Health,Physics & Astronomy,Geology, Environmental, Earth & Marine Sciences,Economics & Econometrics,Archaeology,Medicine & Dentistry,Geography,Law,Psychology,Mathematics & Statistics,Chemistry,History, Philosophy & Theology,Accounting & Finance,Politics & International Studies (incl Development Studies),General Engineering,Chemical Engineering,Languages, Literature & Linguistics,Education,Computer Science,Biological Sciences,Communication & Media Studies,Business & Management",False,False,False,
89,University of Zurich,58.8,90,50.0,104,41.6,158,80.0,99,38.3,237,84.1,34,master_account,0,/world-university-rankings/university-zurich,525,Switzerland,,,,,University of Zurich,"Veterinary Science,Accounting & Finance,Languages, Literature & Linguistics,Art, Performing Arts & Design,Psychology,Law,Mathematics & Statistics,Physics & Astronomy,Business & Management,Medicine & Dentistry,Geology, Environmental, Earth & Marine Sciences,Other Health,Computer Science,History, Philosophy & Theology,Geography,Education,Politics & International Studies (incl Development Studies),Communication & Media Studies,Sociology,Agriculture & Forestry,Biological Sciences,Economics & Econometrics,Archaeology,Chemistry",False,False,False,
91,University of Colorado Boulder,58.7,91,42.3,165,44.4,136,97.1,15,-,388,34.7,298,public,0,/world-university-rankings/university-colorado-boulder,541,United States,,,,,University of Colorado Boulder,"Electrical & Electronic Engineering,Communication & Media Studies,Accounting & Finance,Physics & Astronomy,Civil Engineering,Chemical Engineering,Business & Management,Law,Mechanical & Aerospace Engineering,Psychology,Mathematics & Statistics,History, Philosophy & Theology,Education,Architecture,Biological Sciences,General Engineering,Economics & Econometrics,Languages, Literature & Linguistics,Chemistry,Computer Science,Geography,Politics & International Studies (incl Development Studies),Art, Performing Arts & Design,Sociology,Geology, Environmental, Earth & Marine Sciences",False,False,False,https://www.timeshighereducation.com/student/register-interest/shorelight?utm_medium=thewebsite&utm_campaign=cta-link&utm_source=rankings&iid=i-73893083
92,Paris-Sud University,58.6,92,48.0,119,45.9,127,82.9,79,28.4,358,63.9,127,master_account,0,/world-university-rankings/paris-sud-university,867,France,,,,,Paris-Sud University,"Geology, Environmental, Earth & Marine Sciences,Economics & Econometrics,Civil Engineering,Other Health,Chemical Engineering,Sport Science,Education,Medicine & Dentistry,General Engineering,Electrical & Electronic Engineering,Mathematics & Statistics,Biological Sciences,Business & Management,Computer Science,Mechanical & Aerospace Engineering,Physics & Astronomy,Accounting & Finance,Chemistry,Law",False,False,False,
93,Ghent University,58.4,93,46.4,128,56.7,87,71.3,158,95.9,28,49.1,217,master_account,0,/world-university-rankings/ghent-university,570,Belgium,,,,,Ghent University,"Art, Performing Arts & Design,General Engineering,Physics & Astronomy,Business & Management,Archaeology,Chemical Engineering,Communication & Media Studies,History, Philosophy & Theology,Civil Engineering,Geology, Environmental, Earth & Marine Sciences,Economics & Econometrics,Computer Science,Mathematics & Statistics,Psychology,Biological Sciences,Sociology,Electrical & Electronic Engineering,Geography,Languages, Literature & Linguistics,Mechanical & Aerospace Engineering,Chemistry,Accounting & Finance,Other Health,Sport Science,Education,Medicine & Dentistry,Agriculture & Forestry,Politics & International Studies (incl Development Studies),Veterinary Science,Law",False,False,False,
94,University of Notre Dame,58.3,95,48.3,115,39.6,179,93.5,33,29.8,341,41.6,259,private,0,/world-university-rankings/university-notre-dame,553,United States,,,,,University of Notre Dame,"Chemistry,Biological Sciences,Computer Science,History, Philosophy & Theology,Accounting & Finance,Art, Performing Arts & Design,Psychology,Mathematics & Statistics,Languages, Literature & Linguistics,Chemical Engineering,Economics & Econometrics,Physics & Astronomy,Politics & International Studies (incl Development Studies),Architecture,Law,General Engineering,Mechanical & Aerospace Engineering,Civil Engineering,Sociology,Business & Management,Education,Electrical & Electronic Engineering,Geology, Environmental, Earth & Marine Sciences,Communication & Media Studies",False,False,False,https://www.timeshighereducation.com/student/register-interest/shorelight?utm_medium=thewebsite&utm_campaign=cta-link&utm_source=rankings&iid=i-46645881
94,Michigan State University,58.3,94,51.8,93,56.8,86,73.8,134,32.6,300,36.8,282,public,0,/world-university-rankings/michigan-state-university,560,United States,,,,,Michigan State University,"Business & Management,Other Health,History, Philosophy & Theology,Chemistry,Law,General Engineering,Agriculture & Forestry,Art, Performing Arts & Design,Sociology,Sport Science,Computer Science,Economics & Econometrics,Architecture,Geology, Environmental, Earth & Marine Sciences,Psychology,Politics & International Studies (incl Development Studies),Electrical & Electronic Engineering,Chemical Engineering,Biological Sciences,Languages, Literature & Linguistics,Civil Engineering,Education,Mathematics & Statistics,Communication & Media Studies,Geography,Archaeology,Medicine & Dentistry,Veterinary Science,Physics & Astronomy,Accounting & Finance,Mechanical & Aerospace Engineering",False,False,False,https://www.timeshighereducation.com/student/register-interest/shorelight?utm_medium=thewebsite&utm_campaign=cta-link&utm_source=rankings&iid=i-58650993
96,"University of California, Irvine",58.2,96,44.0,152,47.2,119,90.3,48,42.1,184,35.2,294,public,0,/world-university-rankings/university-california-irvine,550,United States,,,,,"University of California, Irvine","Medicine & Dentistry,Business & Management,Chemistry,Civil Engineering,Languages, Literature & Linguistics,Accounting & Finance,General Engineering,Chemical Engineering,Education,Architecture,Mathematics & Statistics,Art, Performing Arts & Design,Sociology,Economics & Econometrics,Electrical & Electronic Engineering,Psychology,Mechanical & Aerospace Engineering,History, Philosophy & Theology,Biological Sciences,Computer Science,Law,Geology, Environmental, Earth & Marine Sciences,Politics & International Studies (incl Development Studies),Other Health,Physics & Astronomy",False,False,False,https://www.timeshighereducation.com/student/register-interest/shorelight?utm_medium=thewebsite&utm_campaign=cta-link&utm_source=rankings&iid=i-49530901
97,"University of Maryland, College Park",57.9,97,44.9,141,51.4,106,83.9,75,32.1,309,40.4,264,public,0,/world-university-rankings/university-maryland-college-park,559,United States,,,,,"University of Maryland, College Park","Chemistry,Biological Sciences,Accounting & Finance,Languages, Literature & Linguistics,Computer Science,Mathematics & Statistics,Business & Management,Architecture,General Engineering,Physics & Astronomy,Economics & Econometrics,Art, Performing Arts & Design,Mechanical & Aerospace Engineering,Geology, Environmental, Earth & Marine Sciences,Archaeology,Sport Science,Geography,Agriculture & Forestry,Politics & International Studies (incl Development Studies),Electrical & Electronic Engineering,History, Philosophy & Theology,Sociology,Civil Engineering,Education,Other Health,Veterinary Science,Chemical Engineering,Communication & Media Studies",False,False,False,https://www.timeshighereducation.com/student/register-interest/shorelight?utm_medium=thewebsite&utm_campaign=cta-link&utm_source=rankings&iid=i-76110123
98,University of Arizona,57.7,98,47.0,127,53.7,99,76.9,116,83.9,39,31.3,320,public,0,/world-university-rankings/university-arizona,561,United States,,,,,University of Arizona,"Geology, Environmental, Earth & Marine Sciences,Communication & Media Studies,Civil Engineering,Business & Management,Veterinary Science,Psychology,Sociology,Other Health,Physics & Astronomy,Accounting & Finance,Languages, Literature & Linguistics,Chemical Engineering,Computer Science,Mathematics & Statistics,Electrical & Electronic Engineering,Economics & Econometrics,Biological Sciences,Chemistry,Art, Performing Arts & Design,History, Philosophy & Theology,Geography,Agriculture & Forestry,Law,Architecture,Education,General Engineering,Sport Science,Mechanical & Aerospace Engineering,Medicine & Dentistry,Politics & International Studies (incl Development Studies),Archaeology",False,False,False,https://www.timeshighereducation.com/student/into-university-partnerships?utm_medium=thewebsite&utm_campaign=cta-link&utm_source=rankings&iid=i-84754683
99,Humboldt University of Berlin,57.5,99,55.4,79,58.7,81,59.5,236,-,374,57.5,163,master_account,0,/world-university-rankings/humboldt-university-berlin,573,Germany,,,,,Humboldt University of Berlin,"Politics & International Studies (incl Development Studies),Geography,Sociology,Geology, Environmental, Earth & Marine Sciences,Biological Sciences,Sport Science,Physics & Astronomy,Medicine & Dentistry,Other Health,Art, Performing Arts & Design,Economics & Econometrics,Mathematics & Statistics,Law,Chemistry,History, Philosophy & Theology,Education,Agriculture & Forestry,Psychology,Business & Management,Languages, Literature & Linguistics,Computer Science,Accounting & Finance,Archaeology,Communication & Media Studies",False,False,False,
99,Monash University,57.5,100,47.8,121,60.6,77,60.9,228,70.0,68,66.4,109,master_account,0,/world-university-rankings/monash-university,581,Australia,,,,,Monash University,"Civil Engineering,History, Philosophy & Theology,Geology, Environmental, Earth & Marine Sciences,Law,Medicine & Dentistry,Biological Sciences,Electrical & Electronic Engineering,Chemistry,Geography,Economics & Econometrics,Computer Science,Mechanical & Aerospace Engineering,Accounting & Finance,Languages, Literature & Linguistics,Sociology,Mathematics & Statistics,Architecture,General Engineering,Chemical Engineering,Other Health,Art, Performing Arts & Design,Communication & Media Studies,Psychology,Politics & International Studies (incl Development Studies),Archaeology,Education,Sport Science,Business & Management,Physics & Astronomy",False,False,False,https://www.timeshighereducation.com/student/register-interest/aecc?utm_medium=thewebsite&utm_campaign=cta-link&utm_source=rankings&iid=i-45738353
99,Rutgers University–New Brunswick,57.5,101,50.9,98,61.3,73,69.5,167,35.8,260,27.9,350,public,0,/world-university-rankings/rutgers-university-new-brunswick-0,546,United States,,,,,Rutgers University–New Brunswick,"Other Health,Sport Science,Psychology,Agriculture & Forestry,Architecture,Communication & Media Studies,Physics & Astronomy,Medicine & Dentistry,Geography,Civil Engineering,Politics & International Studies (incl Development Studies),Art, Performing Arts & Design,Electrical & Electronic Engineering,Chemistry,Business & Management,General Engineering,Geology, Environmental, Earth & Marine Sciences,Languages, Literature & Linguistics,Education,Computer Science,Chemical Engineering,History, Philosophy & Theology,Biological Sciences,Economics & Econometrics,Mechanical & Aerospace Engineering,Sociology,Archaeology,Accounting & Finance,Mathematics & Statistics",False,False,False,https://www.timeshighereducation.com/student/register-interest/shorelight?utm_medium=thewebsite&utm_campaign=cta-link&utm_source=rankings&iid=i-70313321
102,University of Rochester,57.2,102,46.0,133,37.8,190,92.3,39,39.6,217,45.9,240,private,0,/world-university-rankings/university-rochester,545,United States,,,,,University of Rochester,"Electrical & Electronic Engineering,Mechanical & Aerospace Engineering,Psychology,Biological Sciences,Medicine & Dentistry,Chemical Engineering,Mathematics & Statistics,Languages, Literature & Linguistics,Education,Politics & International Studies (incl Development Studies),Art, Performing Arts & Design,Geography,General Engineering,Geology, Environmental, Earth & Marine Sciences,Computer Science,Economics & Econometrics,Physics & Astronomy,Accounting & Finance,Veterinary Science,Agriculture & Forestry,Business & Management,Communication & Media Studies,Archaeology,History, Philosophy & Theology,Sociology,Chemistry,Architecture,Other Health",False,False,False,https://www.timeshighereducation.com/student/register-interest/shorelight?utm_medium=thewebsite&utm_campaign=cta-link&utm_source=rankings&iid=i-49369082
103,University of York,57.1,103,41.9,168,43.9,140,83.4,77,38.4,234,71.9,77,master_account,0,/world-university-rankings/university-york,586,United Kingdom,,,,,University of York,"Archaeology,Physics & Astronomy,Law,Computer Science,Chemistry,Education,Electrical & Electronic Engineering,Politics & International Studies (incl Development Studies),Accounting & Finance,Mechanical & Aerospace Engineering,Other Health,Art, Performing Arts & Design,Medicine & Dentistry,Mathematics & Statistics,Economics & Econometrics,Languages, Literature & Linguistics,Communication & Media Studies,Business & Management,General Engineering,Geology, Environmental, Earth & Marine Sciences,Psychology,Sociology,Geography,Biological Sciences,History, Philosophy & Theology,Architecture",False,False,False,https://www.timeshighereducation.com/student/register-interest/siuk?utm_medium=thewebsite&utm_campaign=cta-link&utm_source=rankings&iid=i-82568163
104,Case Western Reserve University,56.9,104,56.5,73,42.0,153,80.4,95,-,367,34.2,300,private,0,/world-university-rankings/case-western-reserve-university,557,United States,,,,,Case Western Reserve University,"Computer Science,Agriculture & Forestry,Psychology,Civil Engineering,Geology, Environmental, Earth & Marine Sciences,History, Philosophy & Theology,Economics & Econometrics,Chemistry,Mechanical & Aerospace Engineering,Art, Performing Arts & Design,Politics & International Studies (incl Development Studies),Business & Management,General Engineering,Education,Accounting & Finance,Chemical Engineering,Other Health,Sociology,Electrical & Electronic Engineering,Communication & Media Studies,Languages, Literature & Linguistics,Law,Physics & Astronomy,Mathematics & Statistics,Architecture,Medicine & Dentistry,Biological Sciences",False,False,False,https://www.timeshighereducation.com/student/register-interest/shorelight?utm_medium=thewebsite&utm_campaign=cta-link&utm_source=rankings&iid=i-36123924
105,Technical University of Munich,56.8,105,51.2,97,42.4,151,76.5,120,49.7,127,61.5,139,master_account,6,/world-university-rankings/technical-university-munich,552,Germany,,,,,Technical University of Munich,"Medicine & Dentistry,Politics & International Studies (incl Development Studies),General Engineering,Accounting & Finance,Chemistry,Electrical & Electronic Engineering,Other Health,Biological Sciences,Geology, Environmental, Earth & Marine Sciences,Sport Science,Mathematics & Statistics,Architecture,Physics & Astronomy,Civil Engineering,Business & Management,Agriculture & Forestry,Education,Chemical Engineering,Computer Science,Sociology,Mechanical & Aerospace Engineering",False,False,False,
106,Uppsala University,56.6,106,48.6,112,63.9,66,58.2,247,44.1,159,56.3,174,master_account,0,/world-university-rankings/uppsala-university,551,Sweden,,,,,Uppsala University,"Economics & Econometrics,History, Philosophy & Theology,Education,Physics & Astronomy,Communication & Media Studies,Chemistry,Medicine & Dentistry,Electrical & Electronic Engineering,Computer Science,Languages, Literature & Linguistics,Chemical Engineering,Archaeology,Accounting & Finance,Sociology,Civil Engineering,Biological Sciences,Politics & International Studies (incl Development Studies),Mathematics & Statistics,Business & Management,General Engineering,Geology, Environmental, Earth & Marine Sciences,Geography,Law,Psychology,Other Health",False,False,False,
106,Vanderbilt University,56.6,107,51.5,96,40.9,167,85.0,72,53.0,113,27.5,356,private,0,/world-university-rankings/vanderbilt-university,534,United States,,,,,Vanderbilt University,"Mathematics & Statistics,Business & Management,General Engineering,Art, Performing Arts & Design,Chemical Engineering,Psychology,Accounting & Finance,Computer Science,Communication & Media Studies,Archaeology,Geology, Environmental, Earth & Marine Sciences,Economics & Econometrics,Chemistry,Medicine & Dentistry,Law,Electrical & Electronic Engineering,Civil Engineering,Geography,Other Health,Languages, Literature & Linguistics,Education,Physics & Astronomy,Mechanical & Aerospace Engineering,Sociology,History, Philosophy & Theology,Biological Sciences,Politics & International Studies (incl Development Studies)",False,False,False,https://www.timeshighereducation.com/student/register-interest/shorelight?utm_medium=thewebsite&utm_campaign=cta-link&utm_source=rankings&iid=i-72359222
108,University of St Andrews,56.5,108,43.2,157,43.8,142,76.6,119,38.9,227,86.3,22,master_account,0,/world-university-rankings/university-st-andrews,549,United Kingdom,,,,,University of St Andrews,"Geography,Medicine & Dentistry,Sociology,Archaeology,Languages, Literature & Linguistics,Physics & Astronomy,Computer Science,Psychology,Chemistry,Business & Management,Biological Sciences,History, Philosophy & Theology,Other Health,Politics & International Studies (incl Development Studies),Geology, Environmental, Earth & Marine Sciences,Communication & Media Studies,Economics & Econometrics,Mathematics & Statistics",False,False,False,https://www.timeshighereducation.com/student/register-interest/siuk?utm_medium=thewebsite&utm_campaign=cta-link&utm_source=rankings&iid=i-44428293
109,University of Helsinki,56.4,109,42.8,160,53.0,102,77.7,110,31.1,323,48.3,226,master_account,0,/world-university-rankings/university-helsinki,555,Finland,,,,,University of Helsinki,"Law,Economics & Econometrics,Communication & Media Studies,Civil Engineering,Biological Sciences,Chemical Engineering,Sociology,Chemistry,Business & Management,Computer Science,Agriculture & Forestry,Geography,Art, Performing Arts & Design,Politics & International Studies (incl Development Studies),Mechanical & Aerospace Engineering,General Engineering,Physics & Astronomy,Sport Science,Mathematics & Statistics,Education,Psychology,Archaeology,History, Philosophy & Theology,Electrical & Electronic Engineering,Veterinary Science,Geology, Environmental, Earth & Marine Sciences,Languages, Literature & Linguistics,Accounting & Finance,Medicine & Dentistry,Architecture,Other Health",False,False,False,
110,University of Sussex,56.2,112,34.9,232,39.5,181,91.1,42,32.1,310,76.7,62,master_account,0,/world-university-rankings/university-sussex,563,United Kingdom,,,,,University of Sussex,"History, Philosophy & Theology,Chemistry,Economics & Econometrics,Geography,Art, Performing Arts & Design,Mathematics & Statistics,Electrical & Electronic Engineering,Sociology,Education,Computer Science,Mechanical & Aerospace Engineering,Psychology,Architecture,Medicine & Dentistry,Geology, Environmental, Earth & Marine Sciences,Communication & Media Studies,Accounting & Finance,Other Health,Politics & International Studies (incl Development Studies),Physics & Astronomy,Biological Sciences,Law,Business & Management,General Engineering,Languages, Literature & Linguistics",False,False,False,https://www.timeshighereducation.com/student/register-interest/siuk?utm_medium=thewebsite&utm_campaign=cta-link&utm_source=rankings&iid=i-64911343
110,Trinity College Dublin,56.2,110,41.9,167,33.5,213,88.1,57,32.8,299,84.5,31,master_account,0,/world-university-rankings/trinity-college-dublin,582,Ireland,,,,,Trinity College Dublin,"Art, Performing Arts & Design,General Engineering,Sociology,Languages, Literature & Linguistics,History, Philosophy & Theology,Physics & Astronomy,Business & Management,Computer Science,Politics & International Studies (incl Development Studies),Electrical & Electronic Engineering,Law,Mechanical & Aerospace Engineering,Geography,Other Health,Geology, Environmental, Earth & Marine Sciences,Economics & Econometrics,Biological Sciences,Psychology,Medicine & Dentistry,Chemistry,Accounting & Finance,Civil Engineering,Education,Mathematics & Statistics",False,False,False,
110,University of Sheffield,56.2,111,49.5,106,46.2,125,71.0,161,41.5,191,68.1,97,master_account,0,/world-university-rankings/university-sheffield,565,United Kingdom,,,,,University of Sheffield united kingdom UK Sheffield,"Business & Management,Chemical Engineering,Languages, Literature & Linguistics,Medicine & Dentistry,Accounting & Finance,Geology, Environmental, Earth & Marine Sciences,Archaeology,General Engineering,Civil Engineering,Physics & Astronomy,Geography,Politics & International Studies (incl Development Studies),Computer Science,Electrical & Electronic Engineering,Other Health,Law,Architecture,Education,Economics & Econometrics,Chemistry,Psychology,Communication & Media Studies,History, Philosophy & Theology,Biological Sciences,Mathematics & Statistics,Mechanical & Aerospace Engineering,Sociology",False,False,False,https://www.timeshighereducation.com/student/register-interest/siuk?utm_medium=thewebsite&utm_campaign=cta-link&utm_source=rankings&iid=i-51616042
113,University of Cape Town,55.8,113,34.7,237,45.5,129,79.7,101,87.3,35,75.1,67,master_account,11,/world-university-rankings/university-cape-town,567,South Africa,,,,,University of Cape Town UCT,"Politics & International Studies (incl Development Studies),Sport Science,Education,Art, Performing Arts & Design,Mechanical & Aerospace Engineering,General Engineering,Electrical & Electronic Engineering,Geology, Environmental, Earth & Marine Sciences,Architecture,Chemical Engineering,Sociology,Medicine & Dentistry,Biological Sciences,Law,Languages, Literature & Linguistics,Civil Engineering,Geography,Accounting & Finance,Other Health,Communication & Media Studies,Archaeology,Chemistry,Business & Management,Computer Science,Physics & Astronomy,Economics & Econometrics,History, Philosophy & Theology,Mathematics & Statistics,Psychology",False,False,False,
114,Eindhoven University of Technology,55.6,114,44.1,150,51.8,104,63.8,201,100.0,2,69.8,86,master_account,0,/world-university-rankings/eindhoven-university-technology,579,Netherlands,,,,,Eindhoven University of Technology,"Electrical & Electronic Engineering,Civil Engineering,Architecture,Chemistry,Art, Performing Arts & Design,General Engineering,Physics & Astronomy,Computer Science,Archaeology,Geology, Environmental, Earth & Marine Sciences,Mechanical & Aerospace Engineering,Chemical Engineering,Languages, Literature & Linguistics,History, Philosophy & Theology,Mathematics & Statistics",False,False,False,
115,Maastricht University,55.5,115,39.7,180,53.2,101,62.5,217,99.1,18,85.2,28,master_account,6,/world-university-rankings/maastricht-university,663,Netherlands,,,,,Maastricht University,"Biological Sciences,Business & Management,Communication & Media Studies,Other Health,Sociology,Chemistry,Computer Science,Law,History, Philosophy & Theology,Politics & International Studies (incl Development Studies),Medicine & Dentistry,Education,Art, Performing Arts & Design,Economics & Econometrics,Languages, Literature & Linguistics,Psychology",False,False,False,
116,Aarhus University,55.3,116,35.7,222,54.6,95,71.6,153,69.7,69,66.4,108,master_account,0,/world-university-rankings/aarhus-university,589,Denmark,,,,,Aarhus University,"Electrical & Electronic Engineering,Geology, Environmental, Earth & Marine Sciences,Medicine & Dentistry,Veterinary Science,Accounting & Finance,Art, Performing Arts & Design,Mathematics & Statistics,Law,History, Philosophy & Theology,Agriculture & Forestry,Geography,Other Health,Sport Science,Psychology,Archaeology,Biological Sciences,Business & Management,Computer Science,Chemical Engineering,Politics & International Studies (incl Development Studies),Mechanical & Aerospace Engineering,Communication & Media Studies,Languages, Literature & Linguistics,Physics & Astronomy,Education,Civil Engineering,Chemistry,Economics & Econometrics",False,False,False,
117,Stockholm University,55.2,117,31.3,274,43.8,141,93.0,36,32.0,311,52.2,197,master_account,0,/world-university-rankings/stockholm-university,596,Sweden,,,,,Stockholm University,"History, Philosophy & Theology,Geography,Law,Education,Mathematics & Statistics,Physics & Astronomy,Biological Sciences,Chemistry,Sociology,Business & Management,Communication & Media Studies,Art, Performing Arts & Design,Computer Science,Geology, Environmental, Earth & Marine Sciences,Languages, Literature & Linguistics,Accounting & Finance,Politics & International Studies (incl Development Studies),Archaeology,Psychology,Economics & Econometrics,Veterinary Science",False,False,False,
118,University of Virginia (Main campus),55.0,118,55.9,78,43.0,146,73.5,139,48.6,133,27.9,351,public,0,/world-university-rankings/university-virginia-main-campus,601,United States,,,,,University of Virginia (Main campus),"General Engineering,Chemistry,Geography,Physics & Astronomy,Sociology,Other Health,Biological Sciences,Education,Art, Performing Arts & Design,Mathematics & Statistics,Business & Management,Languages, Literature & Linguistics,Electrical & Electronic Engineering,Economics & Econometrics,Archaeology,Chemical Engineering,Accounting & Finance,History, Philosophy & Theology,Geology, Environmental, Earth & Marine Sciences,Psychology,Medicine & Dentistry,Mechanical & Aerospace Engineering,Communication & Media Studies,Architecture,Civil Engineering,Politics & International Studies (incl Development Studies),Computer Science,Sport Science,Law",False,False,False,https://www.timeshighereducation.com/student/register-interest/shorelight?utm_medium=thewebsite&utm_campaign=cta-link&utm_source=rankings&iid=i-21442282
119,"Royal Holloway, University of London",54.9,119,30.5,279,27.7,262,99.0,11,31.9,312,92.5,4,master_account,0,/world-university-rankings/royal-holloway-university-london,571,United Kingdom,,,,,"Royal Holloway, University of London","Electrical & Electronic Engineering,Physics & Astronomy,Business & Management,Chemistry,Accounting & Finance,History, Philosophy & Theology,Politics & International Studies (incl Development Studies),Agriculture & Forestry,Psychology,Art, Performing Arts & Design,Biological Sciences,Communication & Media Studies,Languages, Literature & Linguistics,Geography,Archaeology,Law,Mathematics & Statistics,Computer Science,Sociology,Geology, Environmental, Earth & Marine Sciences,Economics & Econometrics",False,False,False,https://www.timeshighereducation.com/student/register-interest/siuk?utm_medium=thewebsite&utm_campaign=cta-link&utm_source=rankings&iid=i-17688201
120,University of Nottingham,54.8,120,48.1,118,50.8,108,62.8,214,38.3,236,70.1,85,master_account,0,/world-university-rankings/university-nottingham,604,United Kingdom,,,,,University of Nottingham,"Other Health,Sport Science,Psychology,Art, Performing Arts & Design,Civil Engineering,Politics & International Studies (incl Development Studies),General Engineering,Physics & Astronomy,Accounting & Finance,Medicine & Dentistry,Veterinary Science,Education,History, Philosophy & Theology,Chemical Engineering,Communication & Media Studies,Languages, Literature & Linguistics,Mechanical & Aerospace Engineering,Geology, Environmental, Earth & Marine Sciences,Computer Science,Mathematics & Statistics,Business & Management,Electrical & Electronic Engineering,Chemistry,Sociology,Economics & Econometrics,Archaeology,Biological Sciences,Law,Architecture,Agriculture & Forestry,Geography",False,False,False,https://www.timeshighereducation.com/student/register-interest/siuk?utm_medium=thewebsite&utm_campaign=cta-link&utm_source=rankings&iid=i-18193873
121,University of Alberta,54.7,121,50.9,99,53.9,98,56.6,256,50.6,121,67.6,100,master_account,11,/world-university-rankings/university-alberta,564,Canada,,,,,University of Alberta,"Civil Engineering,Sociology,Other Health,Electrical & Electronic Engineering,Mathematics & Statistics,Law,Languages, Literature & Linguistics,Agriculture & Forestry,Politics & International Studies (incl Development Studies),Economics & Econometrics,Art, Performing Arts & Design,Mechanical & Aerospace Engineering,Geography,Medicine & Dentistry,Sport Science,Geology, Environmental, Earth & Marine Sciences,Business & Management,Computer Science,Chemistry,General Engineering,Physics & Astronomy,Accounting & Finance,History, Philosophy & Theology,Chemical Engineering,Psychology,Archaeology,Veterinary Science,Communication & Media Studies,Biological Sciences,Education",False,False,False,https://www.timeshighereducation.com/student/register-interest/applyboard?utm_medium=thewebsite&utm_campaign=cta-link&utm_source=rankings&iid=i-20147712
122,University of Florida,54.5,123,52.0,92,62.9,69,56.0,260,-,389,31.2,323,public,0,/world-university-rankings/university-florida,590,United States,,,,,University of Florida,"History, Philosophy & Theology,Electrical & Electronic Engineering,Sociology,Medicine & Dentistry,Civil Engineering,Geology, Environmental, Earth & Marine Sciences,Economics & Econometrics,Archaeology,Agriculture & Forestry,Politics & International Studies (incl Development Studies),Mechanical & Aerospace Engineering,Law,Computer Science,Mathematics & Statistics,Education,Art, Performing Arts & Design,Biological Sciences,Communication & Media Studies,Architecture,Sport Science,Psychology,Other Health,Chemical Engineering,Chemistry,Accounting & Finance,General Engineering,Physics & Astronomy,Business & Management,Languages, Literature & Linguistics,Veterinary Science,Geography",False,False,False,https://www.timeshighereducation.com/student/register-interest/shorelight?utm_medium=thewebsite&utm_campaign=cta-link&utm_source=rankings&iid=i-25479123
122,"University of California, Santa Cruz",54.5,122,32.1,266,39.6,178,99.9,4,-,386,32.5,316,public,0,/world-university-rankings/university-california-santa-cruz,574,United States,,,,,"University of California, Santa Cruz","Economics & Econometrics,Biological Sciences,Business & Management,Agriculture & Forestry,Other Health,Physics & Astronomy,Communication & Media Studies,Art, Performing Arts & Design,Languages, Literature & Linguistics,Chemistry,Geology, Environmental, Earth & Marine Sciences,Archaeology,Psychology,Politics & International Studies (incl Development Studies),Education,General Engineering,Computer Science,Sociology,Electrical & Electronic Engineering,History, Philosophy & Theology,Mathematics & Statistics",False,False,False,https://www.timeshighereducation.com/student/register-interest/shorelight?utm_medium=thewebsite&utm_campaign=cta-link&utm_source=rankings&iid=i-68567521
124,Dartmouth College,54.4,125,47.5,122,35.9,196,87.0,61,38.6,230,31.5,319,private,0,/world-university-rankings/dartmouth-college,554,United States,,,,,Dartmouth College,"Sociology,Mathematics & Statistics,General Engineering,History, Philosophy & Theology,Computer Science,Biological Sciences,Geography,Art, Performing Arts & Design,Languages, Literature & Linguistics,Electrical & Electronic Engineering,Psychology,Geology, Environmental, Earth & Marine Sciences,Politics & International Studies (incl Development Studies),Mechanical & Aerospace Engineering,Economics & Econometrics,Other Health,Business & Management,Physics & Astronomy,Archaeology,Medicine & Dentistry,Chemistry,Chemical Engineering,Accounting & Finance",False,False,False,https://www.timeshighereducation.com/student/register-interest/shorelight?utm_medium=thewebsite&utm_campaign=cta-link&utm_source=rankings&iid=i-46262331
124,University of Warwick,54.4,126,48.9,109,50.5,110,58.8,240,35.3,269,80.9,48,master_account,0,/world-university-rankings/university-warwick,622,United Kingdom,,,,,University of Warwick,"Economics & Econometrics,Chemistry,Medicine & Dentistry,Politics & International Studies (incl Development Studies),Art, Performing Arts & Design,Business & Management,Psychology,Education,Communication & Media Studies,Geography,Computer Science,Mathematics & Statistics,Languages, Literature & Linguistics,Biological Sciences,History, Philosophy & Theology,Physics & Astronomy,Accounting & Finance,Electrical & Electronic Engineering,General Engineering,Sociology,Mechanical & Aerospace Engineering,Law,Other Health,Civil Engineering",False,False,False,https://www.timeshighereducation.com/student/register-interest/siuk?utm_medium=thewebsite&utm_campaign=cta-link&utm_source=rankings&iid=i-26364423
124,The Chinese University of Hong Kong,54.4,124,53.7,87,63.1,68,45.1,348,44.5,155,62.6,134,master_account,11,/world-university-rankings/chinese-university-hong-kong,662356,Hong Kong,,,,,The Chinese University of Hong Kong CUHK Chinese University of Hong Kong Chinese U,"Computer Science,Law,Geography,Education,Architecture,Sport Science,History, Philosophy & Theology,General Engineering,Art, Performing Arts & Design,Chemistry,Economics & Econometrics,Physics & Astronomy,Communication & Media Studies,Medicine & Dentistry,Geology, Environmental, Earth & Marine Sciences,Accounting & Finance,Sociology,Other Health,Psychology,Mathematics & Statistics,Languages, Literature & Linguistics,Business & Management,Politics & International Studies (incl Development Studies),Biological Sciences,Mechanical & Aerospace Engineering,Electrical & Electronic Engineering",False,False,False,
127,Radboud University Nijmegen,54.0,127,35.7,224,54.3,97,73.3,140,41.7,189,53.4,191,master_account,11,/world-university-rankings/radboud-university-nijmegen,624,Netherlands,,,,,Radboud University Nijmegen,"Other Health,Psychology,History, Philosophy & Theology,Chemistry,Sociology,Geology, Environmental, Earth & Marine Sciences,Business & Management,Accounting & Finance,Medicine & Dentistry,Law,Communication & Media Studies,Economics & Econometrics,Mathematics & Statistics,Computer Science,Geography,Languages, Literature & Linguistics,Politics & International Studies (incl Development Studies),Physics & Astronomy,Biological Sciences,Education",False,False,False,
128,Tokyo Institute of Technology,53.7,129,58.0,68,56.1,89,52.0,292,65.3,79,29.6,335,master_account,0,/world-university-rankings/tokyo-institute-technology,572,Japan,,,,,Tokyo Institute of Technology,"Politics & International Studies (incl Development Studies),Civil Engineering,Chemistry,Architecture,Physics & Astronomy,Sport Science,Mechanical & Aerospace Engineering,Communication & Media Studies,General Engineering,Biological Sciences,Chemical Engineering,Business & Management,Computer Science,Geology, Environmental, Earth & Marine Sciences,Mathematics & Statistics,Electrical & Electronic Engineering,Sociology",False,False,False,
128,Free University of Berlin,53.7,128,53.1,89,56.5,88,51.5,296,32.8,297,60.9,143,master_account,0,/world-university-rankings/free-university-berlin,617,Germany,,,,,Free University of Berlin,"Communication & Media Studies,Computer Science,Chemistry,Mathematics & Statistics,Economics & Econometrics,Languages, Literature & Linguistics,Sociology,Biological Sciences,Accounting & Finance,Psychology,Geography,Geology, Environmental, Earth & Marine Sciences,History, Philosophy & Theology,Business & Management,Veterinary Science,Physics & Astronomy,Law,Education,Politics & International Studies (incl Development Studies)",False,False,False,
130,University of Southampton,53.6,132,37.9,197,38.9,185,79.2,104,41.8,188,77.4,57,master_account,0,/world-university-rankings/university-southampton,593,United Kingdom,,,,,University of Southampton,"Electrical & Electronic Engineering,Languages, Literature & Linguistics,Geology, Environmental, Earth & Marine Sciences,Politics & International Studies (incl Development Studies),Computer Science,Art, Performing Arts & Design,History, Philosophy & Theology,Civil Engineering,Education,Physics & Astronomy,Geography,Accounting & Finance,Medicine & Dentistry,Chemical Engineering,Law,Biological Sciences,Economics & Econometrics,Mathematics & Statistics,Mechanical & Aerospace Engineering,Psychology,General Engineering,Other Health,Communication & Media Studies,Chemistry,Sociology,Business & Management,Archaeology",False,False,False,https://www.timeshighereducation.com/student/register-interest/siuk?utm_medium=thewebsite&utm_campaign=cta-link&utm_source=rankings&iid=i-58225932
130,University of Lausanne,53.6,131,33.0,256,44.8,133,76.2,122,45.8,144,82.7,42,master_account,0,/world-university-rankings/university-lausanne,580,Switzerland,,,,,University of Lausanne,"Languages, Literature & Linguistics,Politics & International Studies (incl Development Studies),Biological Sciences,Sociology,History, Philosophy & Theology,Business & Management,Law,Geology, Environmental, Earth & Marine Sciences,Other Health,Medicine & Dentistry,Accounting & Finance,Economics & Econometrics,Computer Science,Geography,Archaeology,Psychology,Communication & Media Studies,Sport Science,Education",False,False,False,
130,University of Copenhagen,53.6,130,42.2,166,40.4,170,74.3,131,39.7,215,73.5,73,master_account,0,/world-university-rankings/university-copenhagen,599,Denmark,,,,,University of Copenhagen,"Politics & International Studies (incl Development Studies),Other Health,Psychology,Archaeology,Biological Sciences,Communication & Media Studies,History, Philosophy & Theology,Law,Sport Science,Geology, Environmental, Earth & Marine Sciences,Medicine & Dentistry,Computer Science,Economics & Econometrics,Mathematics & Statistics,Physics & Astronomy,Languages, Literature & Linguistics,Chemistry,Veterinary Science,Agriculture & Forestry,Geography,Sociology",False,False,False,
133,University of Geneva,53.5,133,36.2,217,42.5,150,73.1,142,32.4,305,95.3,3,master_account,0,/world-university-rankings/university-geneva,594,Switzerland,,,,,University of Geneva,"Economics & Econometrics,Geography,Chemistry,Computer Science,Accounting & Finance,Business & Management,Communication & Media Studies,Psychology,History, Philosophy & Theology,Physics & Astronomy,Other Health,Geology, Environmental, Earth & Marine Sciences,Archaeology,Medicine & Dentistry,Biological Sciences,Mathematics & Statistics,Law,Politics & International Studies (incl Development Studies),Education,Languages, Literature & Linguistics,Sociology",False,False,False,
134,University of Utah,53.2,136,43.3,156,41.3,161,81.0,91,63.3,84,25.2,368,public,0,/world-university-rankings/university-utah,577,United States,,,,,University of Utah,"Agriculture & Forestry,Geography,History, Philosophy & Theology,Architecture,Biological Sciences,Law,General Engineering,Chemistry,Accounting & Finance,Art, Performing Arts & Design,Mechanical & Aerospace Engineering,Politics & International Studies (incl Development Studies),Medicine & Dentistry,Sport Science,Education,Other Health,Mathematics & Statistics,Psychology,Geology, Environmental, Earth & Marine Sciences,Economics & Econometrics,Electrical & Electronic Engineering,Languages, Literature & Linguistics,Chemical Engineering,Sociology,Computer Science,Physics & Astronomy,Business & Management,Civil Engineering,Communication & Media Studies",False,False,False,https://www.timeshighereducation.com/student/register-interest/shorelight?utm_medium=thewebsite&utm_campaign=cta-link&utm_source=rankings&iid=i-02638481
134,National Taiwan University (NTU),53.2,135,56.4,76,65.7,60,45.5,344,44.0,161,24.6,371,master_account,0,/world-university-rankings/national-taiwan-university-ntu,618,Taiwan,,,,,National Taiwan University (NTU),"Languages, Literature & Linguistics,Chemical Engineering,Communication & Media Studies,Civil Engineering,Archaeology,Computer Science,Geography,Veterinary Science,Physics & Astronomy,Business & Management,Medicine & Dentistry,Sport Science,Art, Performing Arts & Design,Law,Mechanical & Aerospace Engineering,Other Health,Electrical & Electronic Engineering,Economics & Econometrics,Politics & International Studies (incl Development Studies),Architecture,Mathematics & Statistics,Chemistry,Psychology,Geology, Environmental, Earth & Marine Sciences,Biological Sciences,Education,Agriculture & Forestry,Accounting & Finance,Sociology,History, Philosophy & Theology,General Engineering",False,False,False,
134,Indiana University,53.2,134,48.3,113,44.2,138,72.5,146,-,375,36.0,290,public,0,/world-university-rankings/indiana-university,587,United States,,,,,Indiana University,"Computer Science,Mathematics & Statistics,Education,Art, Performing Arts & Design,Physics & Astronomy,Psychology,Architecture,Electrical & Electronic Engineering,Politics & International Studies (incl Development Studies),Medicine & Dentistry,Civil Engineering,Economics & Econometrics,Other Health,Biological Sciences,Law,History, Philosophy & Theology,Sport Science,Geography,General Engineering,Communication & Media Studies,Accounting & Finance,Languages, Literature & Linguistics,Mechanical & Aerospace Engineering,Sociology,Geology, Environmental, Earth & Marine Sciences,Agriculture & Forestry,Chemistry,Business & Management",False,False,False,https://www.timeshighereducation.com/student/register-interest/shorelight?utm_medium=thewebsite&utm_campaign=cta-link&utm_source=rankings&iid=i-17534252
137,Tohoku University,53.1,138,57.7,69,55.6,92,48.9,318,80.7,45,32.0,317,master_account,0,/world-university-rankings/tohoku-university,584,Japan,,,,,Tohoku University,"Computer Science,Sport Science,Education,Economics & Econometrics,Electrical & Electronic Engineering,Geology, Environmental, Earth & Marine Sciences,Art, Performing Arts & Design,Civil Engineering,Politics & International Studies (incl Development Studies),History, Philosophy & Theology,Other Health,Mathematics & Statistics,Business & Management,Medicine & Dentistry,Biological Sciences,Chemistry,General Engineering,Physics & Astronomy,Psychology,Mechanical & Aerospace Engineering,Geography,Accounting & Finance,Archaeology,Agriculture & Forestry,Law,Architecture,Veterinary Science,Sociology,Languages, Literature & Linguistics,Chemical Engineering,Communication & Media Studies",False,False,False,
137,Hebrew University of Jerusalem,53.1,137,48.8,110,55.8,90,57.0,254,33.6,289,50.3,209,master_account,0,/world-university-rankings/hebrew-university-jerusalem,585,Israel,,,,,Hebrew University of Jerusalem,"Veterinary Science,Other Health,Medicine & Dentistry,Agriculture & Forestry,Languages, Literature & Linguistics,Electrical & Electronic Engineering,Politics & International Studies (incl Development Studies),Communication & Media Studies,History, Philosophy & Theology,Economics & Econometrics,Computer Science,Physics & Astronomy,Geography,Psychology,Law,Education,Mathematics & Statistics,Chemistry,Business & Management,Biological Sciences,Art, Performing Arts & Design,Geology, Environmental, Earth & Marine Sciences,Archaeology,Sociology,Accounting & Finance",False,False,False,
139,University of Glasgow,53.0,139,37.3,205,40.2,173,78.1,108,44.1,158,69.7,88,master_account,11,/world-university-rankings/university-glasgow,566,United Kingdom,,,,,University of Glasgow,"General Engineering,Agriculture & Forestry,Sociology,Architecture,Physics & Astronomy,Business & Management,Art, Performing Arts & Design,Electrical & Electronic Engineering,Biological Sciences,Geography,Computer Science,Mechanical & Aerospace Engineering,Politics & International Studies (incl Development Studies),History, Philosophy & Theology,Mathematics & Statistics,Psychology,Languages, Literature & Linguistics,Sport Science,Education,Archaeology,Chemistry,Accounting & Finance,Medicine & Dentistry,Geology, Environmental, Earth & Marine Sciences,Economics & Econometrics,Veterinary Science,Law,Other Health,Civil Engineering,Communication & Media Studies",False,False,False,
140,KTH Royal Institute of Technology,52.9,140,47.5,123,49.7,112,49.1,315,100.0,5,86.1,24,master_account,6,/world-university-rankings/kth-royal-institute-technology,651,Sweden,,,,,KTH Royal Institute of Technology,"Education,History, Philosophy & Theology,General Engineering,Business & Management,Mechanical & Aerospace Engineering,Mathematics & Statistics,Computer Science,Biological Sciences,Architecture,Chemical Engineering,Economics & Econometrics,Geology, Environmental, Earth & Marine Sciences,Electrical & Electronic Engineering,Chemistry,Physics & Astronomy,Civil Engineering",False,False,False,
140,Vrije Universiteit Amsterdam,52.9,141,40.5,175,45.1,132,74.2,132,58.5,98,47.1,235,master_account,0,/world-university-rankings/vrije-universiteit-amsterdam,625,Netherlands,,,,,Vrije Universiteit Amsterdam,"Geology, Environmental, Earth & Marine Sciences,History, Philosophy & Theology,Art, Performing Arts & Design,Chemistry,Physics & Astronomy,Politics & International Studies (incl Development Studies),Law,Biological Sciences,Business & Management,Other Health,Economics & Econometrics,Languages, Literature & Linguistics,Mathematics & Statistics,Mechanical & Aerospace Engineering,Medicine & Dentistry,Sociology,Archaeology,Education,Communication & Media Studies,Computer Science,Architecture,Geography,Sport Science,Accounting & Finance,Agriculture & Forestry,Psychology",False,False,False,
142,University of Basel,52.8,142,37.1,207,23.2,308,87.8,59,64.2,82,89.8,9,master_account,0,/world-university-rankings/university-basel,575,Switzerland,,,,,University of Basel,"Psychology,Art, Performing Arts & Design,Archaeology,Physics & Astronomy,Chemistry,Business & Management,History, Philosophy & Theology,Sport Science,Law,Medicine & Dentistry,Other Health,Sociology,Languages, Literature & Linguistics,Accounting & Finance,Communication & Media Studies,Politics & International Studies (incl Development Studies),Education,Biological Sciences,Geology, Environmental, Earth & Marine Sciences,Computer Science,Economics & Econometrics,Mathematics & Statistics,Geography",False,False,False,
142,University of Leeds,52.8,143,41.5,169,48.6,116,65.8,186,41.3,194,66.6,107,master_account,0,/world-university-rankings/university-leeds,597,United Kingdom,,,,,University of Leeds,"General Engineering,Mechanical & Aerospace Engineering,Economics & Econometrics,Chemistry,Chemical Engineering,Physics & Astronomy,Communication & Media Studies,Languages, Literature & Linguistics,Biological Sciences,Geology, Environmental, Earth & Marine Sciences,Business & Management,Architecture,Electrical & Electronic Engineering,Geography,Medicine & Dentistry,Computer Science,Education,History, Philosophy & Theology,Accounting & Finance,Psychology,Law,Sociology,Politics & International Studies (incl Development Studies),Sport Science,Agriculture & Forestry,Mathematics & Statistics,Civil Engineering,Other Health,Art, Performing Arts & Design",False,False,False,https://www.timeshighereducation.com/student/register-interest/siuk?utm_medium=thewebsite&utm_campaign=cta-link&utm_source=rankings&iid=i-90575012
144,University of Freiburg,52.3,144,48.3,114,33.0,217,72.4,147,81.1,44,54.9,179,master_account,0,/world-university-rankings/university-freiburg,653,Germany,,,,,University of Freiburg,"Mathematics & Statistics,Art, Performing Arts & Design,Politics & International Studies (incl Development Studies),History, Philosophy & Theology,Business & Management,Sport Science,Communication & Media Studies,Languages, Literature & Linguistics,Medicine & Dentistry,Sociology,Archaeology,Physics & Astronomy,Economics & Econometrics,Other Health,Geology, Environmental, Earth & Marine Sciences,Agriculture & Forestry,Electrical & Electronic Engineering,Law,Education,Geography,Psychology,Computer Science,Biological Sciences,Chemistry",False,False,False,
145,Queen Mary University of London,52.1,146,33.1,254,30.0,241,85.4,66,42.7,179,87.0,19,master_account,0,/world-university-rankings/queen-mary-university-london,131678,United Kingdom,,,,,Queen Mary University of London,"Mechanical & Aerospace Engineering,Communication & Media Studies,Accounting & Finance,Chemical Engineering,Geography,Chemistry,Business & Management,History, Philosophy & Theology,Economics & Econometrics,Electrical & Electronic Engineering,General Engineering,Geology, Environmental, Earth & Marine Sciences,Art, Performing Arts & Design,Sport Science,Law,Other Health,Sociology,Computer Science,Mathematics & Statistics,Languages, Literature & Linguistics,Biological Sciences,Psychology,Medicine & Dentistry,Physics & Astronomy,Politics & International Studies (incl Development Studies)",False,False,False,
145,Lancaster University,52.1,145,37.7,199,40.9,164,73.2,141,31.8,314,76.2,64,master_account,0,/world-university-rankings/lancaster-university,595,United Kingdom,,,,,Lancaster University,"Computer Science,Art, Performing Arts & Design,Business & Management,Biological Sciences,Politics & International Studies (incl Development Studies),Chemistry,Architecture,Chemical Engineering,Languages, Literature & Linguistics,Economics & Econometrics,Education,Physics & Astronomy,Geology, Environmental, Earth & Marine Sciences,Sport Science,General Engineering,Accounting & Finance,Sociology,Electrical & Electronic Engineering,History, Philosophy & Theology,Psychology,Medicine & Dentistry,Law,Geography,Mechanical & Aerospace Engineering,Communication & Media Studies,Other Health,Mathematics & Statistics",False,False,False,https://www.timeshighereducation.com/student/register-interest/siuk?utm_medium=thewebsite&utm_campaign=cta-link&utm_source=rankings&iid=i-49618222
147,The University of Osaka,52.0,147,59.5,65,55.7,91,46.4,341,69.6,70,23.6,378,master_account,0,/world-university-rankings/university-osaka,583,Japan,,,,,The University of Osaka Handai OU,"Chemistry,Computer Science,Languages, Literature & Linguistics,Chemical Engineering,Communication & Media Studies,Education,Architecture,Politics & International Studies (incl Development Studies),Electrical & Electronic Engineering,History, Philosophy & Theology,Sociology,Biological Sciences,General Engineering,Mechanical & Aerospace Engineering,Art, Performing Arts & Design,Economics & Econometrics,Psychology,Business & Management,Physics & Astronomy,Medicine & Dentistry,Archaeology,Sport Science,Geology, Environmental, Earth & Marine Sciences,Mathematics & Statistics,Geography,Accounting & Finance,Law,Civil Engineering,Other Health",False,False,False,
148,Arizona State University (Tempe),51.9,148,38.4,193,45.2,131,79.9,100,31.8,313,27.4,357,public,11,/world-university-rankings/arizona-state-university-tempe,591,United States,,,,,Arizona State University (Tempe),"General Engineering,Business & Management,Architecture,Psychology,Art, Performing Arts & Design,Other Health,Communication & Media Studies,Civil Engineering,Computer Science,Law,Chemical Engineering,Electrical & Electronic Engineering,Geology, Environmental, Earth & Marine Sciences,Physics & Astronomy,History, Philosophy & Theology,Chemistry,Mechanical & Aerospace Engineering,Politics & International Studies (incl Development Studies),Archaeology,Biological Sciences,Education,Languages, Literature & Linguistics,Sociology,Accounting & Finance,Sport Science,Geography,Economics & Econometrics,Mathematics & Statistics",False,False,False,
149,Technical University of Denmark,51.7,149,37.9,196,30.0,243,76.9,115,98.7,22,77.0,61,master_account,0,/world-university-rankings/technical-university-denmark,643,Denmark,,,,,Technical University of Denmark,"Chemical Engineering,Biological Sciences,Agriculture & Forestry,Physics & Astronomy,Other Health,Electrical & Electronic Engineering,Mechanical & Aerospace Engineering,Geology, Environmental, Earth & Marine Sciences,Computer Science,General Engineering,Civil Engineering,Mathematics & Statistics,Chemistry,Veterinary Science",False,False,False,
150,Boston College,51.6,150,34.5,240,33.2,215,88.7,54,-,365,52.4,195,private,0,/world-university-rankings/boston-college,659,United States,,,,,Boston College,"Geology, Environmental, Earth & Marine Sciences,Languages, Literature & Linguistics,Sociology,History, Philosophy & Theology,Business & Management,Accounting & Finance,Mathematics & Statistics,Education,Computer Science,Biological Sciences,Physics & Astronomy,Law,Economics & Econometrics,Medicine & Dentistry,Art, Performing Arts & Design,Communication & Media Studies,Psychology,General Engineering,Chemistry,Politics & International Studies (incl Development Studies)",False,False,False,https://www.timeshighereducation.com/student/register-interest/shorelight?utm_medium=thewebsite&utm_campaign=cta-link&utm_source=rankings&iid=i-48283681
151,University of Bern,51.5,152,43.0,158,36.0,195,69.7,164,42.0,186,77.3,58,master_account,0,/world-university-rankings/university-bern,576,Switzerland,,,,,University of Bern,"Art, Performing Arts & Design,Biological Sciences,Geography,Languages, Literature & Linguistics,Sport Science,Psychology,History, Philosophy & Theology,Physics & Astronomy,Education,Computer Science,Communication & Media Studies,Medicine & Dentistry,Chemistry,Business & Management,Archaeology,Mathematics & Statistics,Accounting & Finance,General Engineering,Sociology,Agriculture & Forestry,Politics & International Studies (incl Development Studies),Veterinary Science,Law,Other Health,Geology, Environmental, Earth & Marine Sciences,Economics & Econometrics",False,False,False,
151,Karlsruhe Institute of Technology,51.5,151,46.3,130,38.9,184,63.4,207,82.9,41,64.5,118,master_account,0,/world-university-rankings/karlsruhe-institute-technology,660,Germany,,,,,Karlsruhe Institute of Technology,"Economics & Econometrics,General Engineering,Communication & Media Studies,Education,Electrical & Electronic Engineering,Civil Engineering,Geography,Sport Science,Chemistry,Computer Science,Chemical Engineering,Mathematics & Statistics,Geology, Environmental, Earth & Marine Sciences,Accounting & Finance,Agriculture & Forestry,Art, Performing Arts & Design,Architecture,Biological Sciences,Physics & Astronomy,Mechanical & Aerospace Engineering,History, Philosophy & Theology,Business & Management",False,False,False,
153,University of Exeter,51.3,153,33.2,252,38.1,188,78.1,107,37.1,251,74.1,71,master_account,11,/world-university-rankings/university-exeter,620,United Kingdom,,,,,University of Exeter,"Architecture,Biological Sciences,Law,Languages, Literature & Linguistics,Computer Science,Politics & International Studies (incl Development Studies),Accounting & Finance,General Engineering,Physics & Astronomy,Art, Performing Arts & Design,Medicine & Dentistry,Sport Science,Mechanical & Aerospace Engineering,Sociology,Psychology,Civil Engineering,Geology, Environmental, Earth & Marine Sciences,Business & Management,Archaeology,Veterinary Science,Education,History, Philosophy & Theology,Agriculture & Forestry,Geography,Other Health,Mathematics & Statistics,Electrical & Electronic Engineering,Communication & Media Studies,Economics & Econometrics",False,False,False,
154,"University of California, Riverside",51.1,155,29.1,289,32.5,221,90.3,49,33.5,291,62.8,133,public,0,/world-university-rankings/university-california-riverside,607,United States,,,,,"University of California, Riverside","Biological Sciences,General Engineering,Languages, Literature & Linguistics,Communication & Media Studies,Education,History, Philosophy & Theology,Chemical Engineering,Computer Science,Chemistry,Psychology,Economics & Econometrics,Physics & Astronomy,Medicine & Dentistry,Business & Management,Other Health,Mathematics & Statistics,Geology, Environmental, Earth & Marine Sciences,Electrical & Electronic Engineering,Mechanical & Aerospace Engineering,Politics & International Studies (incl Development Studies),Art, Performing Arts & Design,Accounting & Finance,Sociology,Agriculture & Forestry",False,False,False,https://www.timeshighereducation.com/student/register-interest/shorelight?utm_medium=thewebsite&utm_campaign=cta-link&utm_source=rankings&iid=i-48621253
154,RWTH Aachen University,51.1,154,45.3,139,32.4,223,73.8,135,63.1,86,53.9,189,master_account,0,/world-university-rankings/rwth-aachen-university,632,Germany,,,,,RWTH Aachen University,"Languages, Literature & Linguistics,Politics & International Studies (incl Development Studies),Accounting & Finance,Business & Management,Chemical Engineering,Sociology,Biological Sciences,History, Philosophy & Theology,Mathematics & Statistics,General Engineering,Electrical & Electronic Engineering,Other Health,Physics & Astronomy,Medicine & Dentistry,Chemistry,Computer Science,Psychology,Economics & Econometrics,Geology, Environmental, Earth & Marine Sciences,Communication & Media Studies,Mechanical & Aerospace Engineering,Geography,Education,Architecture,Civil Engineering",False,False,False,
156,Texas A&M University,50.9,156,46.4,129,58.3,82,49.3,314,45.5,145,47.2,233,public,0,/world-university-rankings/texas-am-university,629,United States,,,,,Texas A&M University,"Computer Science,Geography,Other Health,Agriculture & Forestry,Sociology,History, Philosophy & Theology,General Engineering,Geology, Environmental, Earth & Marine Sciences,Archaeology,Chemical Engineering,Chemistry,Mechanical & Aerospace Engineering,Politics & International Studies (incl Development Studies),Languages, Literature & Linguistics,Veterinary Science,Physics & Astronomy,Business & Management,Art, Performing Arts & Design,Biological Sciences,Communication & Media Studies,Accounting & Finance,Medicine & Dentistry,Mathematics & Statistics,Education,Economics & Econometrics,Civil Engineering,Sport Science,Law,Architecture,Electrical & Electronic Engineering,Psychology",False,False,False,
156,Yeshiva University,50.9,157,51.7,95,30.1,239,78.8,105,-,400,28.4,344,private,0,/world-university-rankings/yeshiva-university,619,United States,,,,,Yeshiva University,"Accounting & Finance,Art, Performing Arts & Design,Biological Sciences,Business & Management,Chemistry,Computer Science,Economics & Econometrics,Education,History, Philosophy & Theology,Languages, Literature & Linguistics,Mathematics & Statistics,Other Health,Physics & Astronomy,Politics & International Studies (incl Development Studies),Psychology,Sociology",False,False,False,https://www.timeshighereducation.com/student/register-interest/shorelight?utm_medium=thewebsite&utm_campaign=cta-link&utm_source=rankings&iid=i-22876811
158,Tel Aviv University,50.5,158,50.7,101,59.8,79,43.7,357,49.2,130,39.5,267,master_account,0,/world-university-rankings/tel-aviv-university,630,Israel,,,,,Tel Aviv University,"Electrical & Electronic Engineering,Sociology,Art, Performing Arts & Design,Computer Science,Politics & International Studies (incl Development Studies),Economics & Econometrics,Languages, Literature & Linguistics,Mathematics & Statistics,Education,Architecture,Geology, Environmental, Earth & Marine Sciences,Other Health,Agriculture & Forestry,History, Philosophy & Theology,Mechanical & Aerospace Engineering,Geography,Archaeology,Physics & Astronomy,Accounting & Finance,Law,General Engineering,Psychology,Biological Sciences,Chemistry,Business & Management,Medicine & Dentistry,Communication & Media Studies,Sport Science",False,False,False,
158,University of Birmingham,50.5,159,44.8,143,46.7,122,56.3,258,38.4,233,69.7,87,master_account,0,/world-university-rankings/university-birmingham,612,United Kingdom,,,,,University of Birmingham,"General Engineering,Communication & Media Studies,Accounting & Finance,History, Philosophy & Theology,Biological Sciences,Business & Management,Medicine & Dentistry,Mathematics & Statistics,Geography,Architecture,Chemical Engineering,Sociology,Archaeology,Sport Science,Education,Art, Performing Arts & Design,Mechanical & Aerospace Engineering,Law,Languages, Literature & Linguistics,Civil Engineering,Electrical & Electronic Engineering,Politics & International Studies (incl Development Studies),Economics & Econometrics,Computer Science,Physics & Astronomy,Psychology,Other Health,Chemistry,Geology, Environmental, Earth & Marine Sciences",False,False,False,https://www.timeshighereducation.com/student/register-interest/siuk?utm_medium=thewebsite&utm_campaign=cta-link&utm_source=rankings&iid=i-24885315
158,University of São Paulo,50.5,160,63.0,58,65.7,61,30.2,394,40.0,209,24.5,372,master_account,0,/world-university-rankings/university-sao-paulo,642,Brazil,,,,,University of São Paulo,"Politics & International Studies (incl Development Studies),General Engineering,Art, Performing Arts & Design,Biological Sciences,Chemistry,Geography,Architecture,Law,Medicine & Dentistry,Communication & Media Studies,Civil Engineering,Mechanical & Aerospace Engineering,Accounting & Finance,Languages, Literature & Linguistics,Chemical Engineering,Economics & Econometrics,Education,Sociology,Computer Science,Archaeology,Other Health,Psychology,Electrical & Electronic Engineering,Business & Management,Mathematics & Statistics,Geology, Environmental, Earth & Marine Sciences,History, Philosophy & Theology,Agriculture & Forestry,Veterinary Science,Physics & Astronomy,Sport Science",False,False,False,
161,University of Auckland,50.3,161,34.0,245,40.9,165,64.2,197,76.6,53,88.0,15,master_account,0,/world-university-rankings/university-auckland,637,New Zealand,,,,,University of Auckland UOA Auckland University,"Accounting & Finance,Communication & Media Studies,Geography,Politics & International Studies (incl Development Studies),Psychology,Civil Engineering,Art, Performing Arts & Design,Mathematics & Statistics,Archaeology,History, Philosophy & Theology,General Engineering,Mechanical & Aerospace Engineering,Medicine & Dentistry,Computer Science,Law,Sociology,Architecture,Other Health,Physics & Astronomy,Business & Management,Electrical & Electronic Engineering,Education,Languages, Literature & Linguistics,Sport Science,Chemistry,Biological Sciences,Geology, Environmental, Earth & Marine Sciences,Chemical Engineering,Economics & Econometrics",False,False,False,
162,Stony Brook University,50.2,162,38.8,189,29.9,244,82.9,80,31.6,318,52.8,194,public,0,/world-university-rankings/stony-brook-university,578,United States,,,,,Stony Brook University,"Mechanical & Aerospace Engineering,Sociology,Other Health,Chemistry,Accounting & Finance,Archaeology,Biological Sciences,Psychology,Art, Performing Arts & Design,Civil Engineering,Geography,General Engineering,Communication & Media Studies,Education,Electrical & Electronic Engineering,Chemical Engineering,Languages, Literature & Linguistics,Business & Management,Computer Science,Geology, Environmental, Earth & Marine Sciences,Politics & International Studies (incl Development Studies),History, Philosophy & Theology,Mathematics & Statistics,Medicine & Dentistry,Physics & Astronomy,Economics & Econometrics",False,False,False,https://www.timeshighereducation.com/student/register-interest/shorelight?utm_medium=thewebsite&utm_campaign=cta-link&utm_source=rankings&iid=i-10396992
162,University of Vienna,50.2,163,44.3,147,46.7,123,52.4,287,29.1,352,86.3,23,master_account,0,/world-university-rankings/university-vienna,603,Austria,,,,,University of Vienna,"Physics & Astronomy,Computer Science,Geography,Geology, Environmental, Earth & Marine Sciences,Chemistry,Economics & Econometrics,History, Philosophy & Theology,Politics & International Studies (incl Development Studies),Mathematics & Statistics,Business & Management,Biological Sciences,Psychology,Archaeology,Sociology,Education,Sport Science,Law,Languages, Literature & Linguistics,Communication & Media Studies,Accounting & Finance",False,False,False,
164,Université Catholique de Louvain,50.0,164,38.6,191,40.5,169,68.8,171,34.5,278,64.3,123,master_account,0,/world-university-rankings/universite-catholique-de-louvain,633,Belgium,,,,,Université Catholique de Louvain,"General Engineering,Physics & Astronomy,Business & Management,Electrical & Electronic Engineering,Chemistry,Accounting & Finance,Architecture,Agriculture & Forestry,Sociology,Other Health,Sport Science,Education,Art, Performing Arts & Design,Mechanical & Aerospace Engineering,Geology, Environmental, Earth & Marine Sciences,Economics & Econometrics,Languages, Literature & Linguistics,Civil Engineering,Communication & Media Studies,Archaeology,Biological Sciences,Geography,Computer Science,Mathematics & Statistics,Psychology,History, Philosophy & Theology,Chemical Engineering,Politics & International Studies (incl Development Studies),Medicine & Dentistry,Veterinary Science,Law",False,False,False,
165,University of Delaware,49.7,165,30.0,283,41.6,157,76.6,118,97.7,26,37.3,278,public,0,/world-university-rankings/university-delaware,644,United States,,,,,University of Delaware,"Communication & Media Studies,General Engineering,Sport Science,History, Philosophy & Theology,Accounting & Finance,Veterinary Science,Business & Management,Sociology,Other Health,Physics & Astronomy,Chemical Engineering,Art, Performing Arts & Design,Languages, Literature & Linguistics,Mechanical & Aerospace Engineering,Geography,Politics & International Studies (incl Development Studies),Psychology,Mathematics & Statistics,Agriculture & Forestry,Architecture,Chemistry,Civil Engineering,Economics & Econometrics,Biological Sciences,Education,Geology, Environmental, Earth & Marine Sciences,Computer Science,Electrical & Electronic Engineering",False,False,False,https://www.timeshighereducation.com/student/register-interest/shorelight?utm_medium=thewebsite&utm_campaign=cta-link&utm_source=rankings&iid=i-60250683
166,Paris Diderot University – Paris 7,49.6,166,31.9,269,27.1,269,87.9,58,-,378,66.8,105,master_account,0,/world-university-rankings/paris-diderot-university-paris-7,635,France,,,,,Paris Diderot University – Paris 7,,False,False,False,
167,University of Texas at Dallas,49.5,167,32.6,262,32.2,226,85.2,70,40.0,210,46.8,237,public,0,/world-university-rankings/university-texas-dallas,733,United States,,,,,University of Texas at Dallas utd,"General Engineering,Sociology,Computer Science,Biological Sciences,Politics & International Studies (incl Development Studies),Other Health,Psychology,Geography,Chemistry,Education,Accounting & Finance,Art, Performing Arts & Design,Electrical & Electronic Engineering,Mechanical & Aerospace Engineering,History, Philosophy & Theology,Geology, Environmental, Earth & Marine Sciences,Economics & Econometrics,Mathematics & Statistics,Languages, Literature & Linguistics,Physics & Astronomy,Business & Management",False,False,False,
168,George Washington University,49.4,168,48.1,117,28.0,255,77.1,113,30.0,338,36.6,286,private,0,/world-university-rankings/george-washington-university,600,United States,,,,,George Washington University,"Electrical & Electronic Engineering,Art, Performing Arts & Design,Physics & Astronomy,Archaeology,Sport Science,Economics & Econometrics,Mathematics & Statistics,Biological Sciences,Geology, Environmental, Earth & Marine Sciences,Civil Engineering,Mechanical & Aerospace Engineering,Sociology,History, Philosophy & Theology,Computer Science,Geography,Law,Accounting & Finance,Architecture,Communication & Media Studies,Languages, Literature & Linguistics,Medicine & Dentistry,General Engineering,Education,Politics & International Studies (incl Development Studies),Chemistry,Psychology,Business & Management,Other Health",False,False,False,https://www.timeshighereducation.com/student/register-interest/shorelight?utm_medium=thewebsite&utm_campaign=cta-link&utm_source=rankings&iid=i-83678132
169,University of Iowa,49.3,169,49.0,108,40.9,166,65.7,187,-,392,26.4,362,public,0,/world-university-rankings/university-iowa,606,United States,,,,,University of Iowa,"Chemistry,Psychology,Geography,Education,Civil Engineering,Computer Science,Business & Management,Mechanical & Aerospace Engineering,Politics & International Studies (incl Development Studies),Art, Performing Arts & Design,Mathematics & Statistics,Chemical Engineering,Sport Science,Other Health,Languages, Literature & Linguistics,Geology, Environmental, Earth & Marine Sciences,Biological Sciences,Accounting & Finance,History, Philosophy & Theology,Economics & Econometrics,Sociology,General Engineering,Medicine & Dentistry,Communication & Media Studies,Law,Electrical & Electronic Engineering,Physics & Astronomy",False,False,False,https://www.timeshighereducation.com/student/register-interest/shorelight?utm_medium=thewebsite&utm_campaign=cta-link&utm_source=rankings&iid=i-88616472
170,École Normale Supérieure de Lyon,49.2,170,40.8,173,25.9,283,79.6,102,28.9,353,61.0,142,master_account,0,/world-university-rankings/ecole-normale-superieure-de-lyon,605,France,,,,,École Normale Supérieure de Lyon,"Politics & International Studies (incl Development Studies),Physics & Astronomy,History, Philosophy & Theology,Biological Sciences,Mathematics & Statistics,Education,Languages, Literature & Linguistics,Chemistry,Economics & Econometrics,Geography,Computer Science,Sociology,Art, Performing Arts & Design,Geology, Environmental, Earth & Marine Sciences",False,False,False,
171,University of Ottawa,49.0,173,40.8,174,41.4,160,63.1,211,43.0,173,58.1,158,master_account,0,/world-university-rankings/university-ottawa,649,Canada,,,,,University of Ottawa,"Medicine & Dentistry,Mathematics & Statistics,Politics & International Studies (incl Development Studies),Geology, Environmental, Earth & Marine Sciences,Chemistry,Communication & Media Studies,Mechanical & Aerospace Engineering,Languages, Literature & Linguistics,Education,Sport Science,Business & Management,Computer Science,General Engineering,Electrical & Electronic Engineering,Sociology,Accounting & Finance,Civil Engineering,Chemical Engineering,Art, Performing Arts & Design,Psychology,Geography,Biological Sciences,Physics & Astronomy,Law,Other Health,History, Philosophy & Theology,Economics & Econometrics",False,False,False,https://www.timeshighereducation.com/student/register-interest/applyboard?utm_medium=thewebsite&utm_campaign=cta-link&utm_source=rankings&iid=i-65998905
171,University of Liverpool,49.0,172,38.7,190,37.5,191,64.8,191,46.4,141,73.7,72,master_account,11,/world-university-rankings/university-liverpool,646,United Kingdom,,,,,University of Liverpool,"Communication & Media Studies,Medicine & Dentistry,Physics & Astronomy,Accounting & Finance,Biological Sciences,Geography,Archaeology,Architecture,Politics & International Studies (incl Development Studies),Mathematics & Statistics,Economics & Econometrics,Civil Engineering,Business & Management,Law,Computer Science,Geology, Environmental, Earth & Marine Sciences,Languages, Literature & Linguistics,Sociology,Psychology,Veterinary Science,Mechanical & Aerospace Engineering,Chemistry,Electrical & Electronic Engineering,Other Health,General Engineering,History, Philosophy & Theology",False,False,False,https://www.timeshighereducation.com/student/register-interest/siuk?utm_medium=thewebsite&utm_campaign=cta-link&utm_source=rankings&iid=i-48205864
171,University of Bonn,49.0,171,40.9,172,26.1,282,80.4,96,-,384,54.0,188,master_account,0,/world-university-rankings/university-bonn,868,Germany,,,,,University of Bonn,"Physics & Astronomy,Politics & International Studies (incl Development Studies),Medicine & Dentistry,Communication & Media Studies,Languages, Literature & Linguistics,Computer Science,Chemistry,Agriculture & Forestry,Archaeology,Biological Sciences,History, Philosophy & Theology,Business & Management,Geology, Environmental, Earth & Marine Sciences,Economics & Econometrics,Law,Geography,Sociology,Mathematics & Statistics,Other Health,Psychology",False,False,False,
174,Rensselaer Polytechnic Institute,48.9,175,36.2,216,40.2,172,73.0,143,66.8,74,32.9,310,private,0,/world-university-rankings/rensselaer-polytechnic-institute,608,United States,,,,,Rensselaer Polytechnic Institute,"Chemical Engineering,Geology, Environmental, Earth & Marine Sciences,Communication & Media Studies,Art, Performing Arts & Design,Computer Science,Electrical & Electronic Engineering,Architecture,Business & Management,Chemistry,Biological Sciences,General Engineering,Economics & Econometrics,Mechanical & Aerospace Engineering,History, Philosophy & Theology,Law,Psychology,Agriculture & Forestry,Civil Engineering,Other Health,Mathematics & Statistics,Physics & Astronomy",False,False,False,https://www.timeshighereducation.com/student/register-interest/shorelight?utm_medium=thewebsite&utm_campaign=cta-link&utm_source=rankings&iid=i-85269072
174,Georgetown University,48.9,174,56.4,75,35.6,199,59.8,232,-,373,32.9,309,private,0,/world-university-rankings/georgetown-university,602,United States,,,,,Georgetown University,"History, Philosophy & Theology,Economics & Econometrics,Languages, Literature & Linguistics,General Engineering,Psychology,Sociology,Medicine & Dentistry,Law,Mathematics & Statistics,Computer Science,Physics & Astronomy,Accounting & Finance,Architecture,Politics & International Studies (incl Development Studies),Art, Performing Arts & Design,Education,Agriculture & Forestry,Other Health,Sport Science,Business & Management,Geology, Environmental, Earth & Marine Sciences,Communication & Media Studies,Chemistry,Biological Sciences",False,False,False,https://www.timeshighereducation.com/student/register-interest/shorelight?utm_medium=thewebsite&utm_campaign=cta-link&utm_source=rankings&iid=i-26274852
176,University of East Anglia,48.8,178,29.6,288,27.7,263,85.5,65,30.7,332,68.9,92,master_account,11,/world-university-rankings/university-east-anglia,609,United Kingdom,,,,,University of East Anglia,"Communication & Media Studies,Other Health,Art, Performing Arts & Design,Mathematics & Statistics,Psychology,Economics & Econometrics,Medicine & Dentistry,Geology, Environmental, Earth & Marine Sciences,Computer Science,Politics & International Studies (incl Development Studies),General Engineering,Sociology,Languages, Literature & Linguistics,Chemistry,Business & Management,Biological Sciences,Law,History, Philosophy & Theology,Physics & Astronomy,Accounting & Finance,Agriculture & Forestry,Geography,Sport Science,Education",False,False,False,
176,University of Aberdeen,48.8,176,31.9,270,34.3,209,71.5,156,48.9,132,84.1,33,master_account,0,/world-university-rankings/university-aberdeen,615,United Kingdom,,,,,University of Aberdeen,"Archaeology,Biological Sciences,Languages, Literature & Linguistics,Other Health,Physics & Astronomy,History, Philosophy & Theology,Chemical Engineering,Psychology,Business & Management,Law,Chemistry,Economics & Econometrics,Geology, Environmental, Earth & Marine Sciences,General Engineering,Politics & International Studies (incl Development Studies),Mechanical & Aerospace Engineering,Electrical & Electronic Engineering,Sociology,Medicine & Dentistry,Geography,Sport Science,Accounting & Finance,Mathematics & Statistics,Civil Engineering,Art, Performing Arts & Design,Education,Computer Science",False,False,False,https://www.timeshighereducation.com/student/register-interest/siuk?utm_medium=thewebsite&utm_campaign=cta-link&utm_source=rankings&iid=i-57429768
176,University of Reading,48.8,179,39.3,185,41.1,163,61.3,224,35.2,270,72.4,75,master_account,0,/world-university-rankings/university-reading,628,United Kingdom,,,,,University of Reading,"Veterinary Science,Communication & Media Studies,Accounting & Finance,Languages, Literature & Linguistics,Politics & International Studies (incl Development Studies),Chemistry,Mathematics & Statistics,Physics & Astronomy,Archaeology,Business & Management,Education,Chemical Engineering,Economics & Econometrics,Law,Architecture,Psychology,Other Health,Biological Sciences,History, Philosophy & Theology,Civil Engineering,Computer Science,Art, Performing Arts & Design,Geology, Environmental, Earth & Marine Sciences,Agriculture & Forestry,General Engineering,Geography",False,False,False,https://www.timeshighereducation.com/student/register-interest/siuk?utm_medium=thewebsite&utm_campaign=cta-link&utm_source=rankings&iid=i-33306644
176,University of Adelaide,48.8,177,37.3,203,43.7,144,55.9,261,63.2,85,82.2,43,master_account,0,/world-university-rankings/university-adelaide,665,Australia,,,,,University of Adelaide Adelaide University,"Electrical & Electronic Engineering,Geology, Environmental, Earth & Marine Sciences,Agriculture & Forestry,Medicine & Dentistry,History, Philosophy & Theology,Chemical Engineering,Politics & International Studies (incl Development Studies),Civil Engineering,Sociology,Chemistry,Languages, Literature & Linguistics,Law,Mathematics & Statistics,Physics & Astronomy,Veterinary Science,Education,Psychology,Other Health,Computer Science,Biological Sciences,Economics & Econometrics,Business & Management,Architecture,Accounting & Finance,General Engineering,Communication & Media Studies,Mechanical & Aerospace Engineering,Geography,Art, Performing Arts & Design",False,False,False,
180,Joseph Fourier University,48.6,180,36.6,210,26.5,277,81.8,87,36.3,255,56.3,172,master_account,0,/world-university-rankings/universite-joseph-fourier-grenoble,869,France,,,,,Joseph Fourier University,,False,False,False,
180,Newcastle University,48.6,181,37.9,195,30.5,238,72.1,150,37.4,247,74.4,70,master_account,11,/world-university-rankings/newcastle-university,610,United Kingdom,,,,,Newcastle University,"Chemistry,General Engineering,History, Philosophy & Theology,Chemical Engineering,Politics & International Studies (incl Development Studies),Archaeology,Agriculture & Forestry,Sociology,Computer Science,Mathematics & Statistics,Business & Management,Art, Performing Arts & Design,Mechanical & Aerospace Engineering,Geology, Environmental, Earth & Marine Sciences,Architecture,Biological Sciences,Geography,Medicine & Dentistry,Veterinary Science,Law,Electrical & Electronic Engineering,Physics & Astronomy,Psychology,Languages, Literature & Linguistics,Civil Engineering,Communication & Media Studies,Accounting & Finance,Other Health,Sport Science,Education,Economics & Econometrics",False,False,False,https://www.timeshighereducation.com/student/register-interest/siuk?utm_medium=thewebsite&utm_campaign=cta-link&utm_source=rankings&iid=i-02421202
182,City University of Hong Kong,48.5,182,35.2,227,41.8,156,64.1,198,53.6,112,64.0,125,master_account,11,/world-university-rankings/city-university-hong-kong,657,Hong Kong,,,,,City University of Hong Kong CityU HK,"History, Philosophy & Theology,Other Health,Geology, Environmental, Earth & Marine Sciences,Civil Engineering,Veterinary Science,Physics & Astronomy,Psychology,Art, Performing Arts & Design,Chemistry,General Engineering,Sociology,Mathematics & Statistics,Biological Sciences,Medicine & Dentistry,Business & Management,Computer Science,Mechanical & Aerospace Engineering,Accounting & Finance,Economics & Econometrics,Law,Communication & Media Studies,Politics & International Studies (incl Development Studies),Languages, Literature & Linguistics,Architecture,Electrical & Electronic Engineering,Chemical Engineering",False,False,False,
183,Yonsei University,48.2,183,48.3,116,50.6,109,48.6,319,56.1,101,33.4,305,master_account,0,/world-university-rankings/yonsei-university,714,South Korea,,,,,Yonsei University,"Architecture,Biological Sciences,Business & Management,Chemical Engineering,Chemistry,Civil Engineering,Computer Science,Economics & Econometrics,Education,Electrical & Electronic Engineering,General Engineering,History, Philosophy & Theology,Languages, Literature & Linguistics,Law,Mathematics & Statistics,Mechanical & Aerospace Engineering,Medicine & Dentistry,Other Health,Physics & Astronomy,Sociology",False,False,False,
184,University of Illinois Chicago,48.0,185,53.9,86,42.6,148,52.9,285,40.4,202,29.1,339,public,0,/world-university-rankings/university-illinois-chicago,631,United States,,,,,University of Illinois Chicago,"Medicine & Dentistry,Mathematics & Statistics,Psychology,Art, Performing Arts & Design,Mechanical & Aerospace Engineering,Sociology,Architecture,Biological Sciences,Law,Other Health,Physics & Astronomy,Accounting & Finance,Computer Science,Chemistry,Business & Management,Archaeology,Sport Science,Education,General Engineering,Geology, Environmental, Earth & Marine Sciences,Economics & Econometrics,Languages, Literature & Linguistics,Civil Engineering,Politics & International Studies (incl Development Studies),Electrical & Electronic Engineering,Communication & Media Studies,History, Philosophy & Theology,Chemical Engineering,Geography",False,False,False,https://www.timeshighereducation.com/student/register-interest/shorelight?utm_medium=thewebsite&utm_campaign=cta-link&utm_source=rankings&iid=i-05828861
184,William & Mary,48.0,186,41.3,171,22.6,313,87.1,60,29.9,340,25.8,366,public,0,/world-university-rankings/william-mary,611,United States,,,,,William & Mary,"Sport Science,Politics & International Studies (incl Development Studies),Computer Science,Geography,Economics & Econometrics,Psychology,Chemistry,Business & Management,Languages, Literature & Linguistics,Education,Mathematics & Statistics,History, Philosophy & Theology,Art, Performing Arts & Design,Physics & Astronomy,Biological Sciences,Sociology,Geology, Environmental, Earth & Marine Sciences,Law,Accounting & Finance",False,False,False,https://www.timeshighereducation.com/student/register-interest/shorelight?utm_medium=thewebsite&utm_campaign=cta-link&utm_source=rankings&iid=i-84416933
184,Colorado School of Mines,48.0,184,24.9,327,22.5,314,94.3,30,66.0,75,51.2,202,public,0,/world-university-rankings/colorado-school-mines,673,United States,,,,,Colorado School of Mines,"Geography,Mathematics & Statistics,General Engineering,Computer Science,Physics & Astronomy,Chemical Engineering,Mechanical & Aerospace Engineering,Chemistry,Geology, Environmental, Earth & Marine Sciences,Electrical & Electronic Engineering,Business & Management,Civil Engineering,Economics & Econometrics",False,False,False,https://www.timeshighereducation.com/student/register-interest/shorelight?utm_medium=thewebsite&utm_campaign=cta-link&utm_source=rankings&iid=i-08832472
187,University College Dublin,47.9,187,31.1,275,31.8,229,74.9,129,35.3,268,76.5,63,master_account,1,/world-university-rankings/university-college-dublin,623,Ireland,,,,,University College Dublin,"Electrical & Electronic Engineering,Chemistry,Sociology,Mechanical & Aerospace Engineering,Biological Sciences,Psychology,Civil Engineering,History, Philosophy & Theology,Chemical Engineering,Law,Accounting & Finance,Mathematics & Statistics,Medicine & Dentistry,Veterinary Science,Art, Performing Arts & Design,Architecture,Economics & Econometrics,Physics & Astronomy,Politics & International Studies (incl Development Studies),Computer Science,Education,Business & Management,Geology, Environmental, Earth & Marine Sciences,Other Health,Languages, Literature & Linguistics,Agriculture & Forestry,Communication & Media Studies,Archaeology,Sport Science,Geography",False,False,False,
187,University of Twente,47.9,188,35.8,221,46.4,124,55.6,264,79.7,47,61.5,140,master_account,0,/world-university-rankings/university-twente,664,Netherlands,,,,,University of Twente,"General Engineering,Geology, Environmental, Earth & Marine Sciences,Economics & Econometrics,Computer Science,Mathematics & Statistics,Business & Management,History, Philosophy & Theology,Agriculture & Forestry,Politics & International Studies (incl Development Studies),Electrical & Electronic Engineering,Chemistry,Civil Engineering,Geography,Other Health,Communication & Media Studies,Medicine & Dentistry,Physics & Astronomy,Education,Chemical Engineering,Law,Biological Sciences,Psychology,Mechanical & Aerospace Engineering,Sociology",False,False,False,
189,Medical University of South Carolina,47.7,189,46.2,132,39.6,177,59.7,233,77.1,52,27.7,354,master_account,0,/world-university-rankings/medical-university-south-carolina,626,United States,,,,,Medical University of South Carolina,,False,False,False,https://www.timeshighereducation.com/student/register-interest/shorelight?utm_medium=thewebsite&utm_campaign=cta-link&utm_source=rankings&iid=i-65660051
190,The University of Western Australia,47.3,190,35.0,229,39.9,175,55.7,263,60.0,92,88.4,14,master_account,0,/world-university-rankings/university-western-australia,654,Australia,,,,,The University of Western Australia,"General Engineering,Mathematics & Statistics,Politics & International Studies (incl Development Studies),Computer Science,Languages, Literature & Linguistics,Agriculture & Forestry,Psychology,Communication & Media Studies,Business & Management,Electrical & Electronic Engineering,Sport Science,Medicine & Dentistry,Chemistry,Accounting & Finance,Art, Performing Arts & Design,Education,Other Health,Physics & Astronomy,Economics & Econometrics,Biological Sciences,Geography,Geology, Environmental, Earth & Marine Sciences,History, Philosophy & Theology,Civil Engineering,Architecture,Chemical Engineering,Archaeology,Sociology,Law,Mechanical & Aerospace Engineering,Veterinary Science",False,False,False,https://www.timeshighereducation.com/student/register-interest/aecc?utm_medium=thewebsite&utm_campaign=cta-link&utm_source=rankings&iid=i-74036713
190,Wake Forest University,47.3,191,37.5,202,22.4,315,89.1,53,48.0,137,19.0,395,private,0,/world-university-rankings/wake-forest-university,627,United States,,,,,Wake Forest University,"Mechanical & Aerospace Engineering,Law,Agriculture & Forestry,Education,Languages, Literature & Linguistics,Other Health,Sociology,Biological Sciences,Psychology,Art, Performing Arts & Design,Sport Science,Business & Management,Medicine & Dentistry,Geology, Environmental, Earth & Marine Sciences,General Engineering,Communication & Media Studies,History, Philosophy & Theology,Mathematics & Statistics,Economics & Econometrics,Computer Science,Chemistry,Physics & Astronomy,Accounting & Finance",False,False,False,https://www.timeshighereducation.com/student/register-interest/shorelight?utm_medium=thewebsite&utm_campaign=cta-link&utm_source=rankings&iid=i-03430941
192,University of Antwerp,47.1,192,33.8,246,35.5,201,64.8,190,100.0,7,58.5,153,master_account,0,/world-university-rankings/university-antwerp,742,Belgium,,,,,University of Antwerp,"Veterinary Science,Chemistry,Education,Languages, Literature & Linguistics,Chemical Engineering,Law,Geology, Environmental, Earth & Marine Sciences,Mechanical & Aerospace Engineering,Computer Science,History, Philosophy & Theology,Sociology,Art, Performing Arts & Design,Biological Sciences,Mathematics & Statistics,Politics & International Studies (incl Development Studies),Business & Management,Architecture,Medicine & Dentistry,Electrical & Electronic Engineering,Physics & Astronomy,Economics & Econometrics,Other Health,Communication & Media Studies,General Engineering",False,False,False,
193,University of Miami,46.9,195,48.7,111,27.0,272,69.7,165,-,394,33.1,308,private,0,/world-university-rankings/university-miami,636,United States,,,,,University of Miami,"Other Health,Physics & Astronomy,Business & Management,Computer Science,Chemistry,Accounting & Finance,Civil Engineering,Sociology,Languages, Literature & Linguistics,Biological Sciences,Education,General Engineering,Communication & Media Studies,Economics & Econometrics,Electrical & Electronic Engineering,Geology, Environmental, Earth & Marine Sciences,Medicine & Dentistry,Art, Performing Arts & Design,Chemical Engineering,Geography,Architecture,Mathematics & Statistics,Psychology,Mechanical & Aerospace Engineering,Politics & International Studies (incl Development Studies),History, Philosophy & Theology,Sport Science,Law",False,False,False,https://www.timeshighereducation.com/student/register-interest/shorelight?utm_medium=thewebsite&utm_campaign=cta-link&utm_source=rankings&iid=i-02632503
193,Technion Israel Institute of Technology,46.9,194,44.8,142,50.2,111,44.0,356,40.8,199,55.9,176,master_account,0,/world-university-rankings/technion-israel-institute-technology,685,Israel,,,,,Technion Israel Institute of Technology,"Physics & Astronomy,Biological Sciences,Other Health,Chemical Engineering,Electrical & Electronic Engineering,Chemistry,Education,Architecture,Mechanical & Aerospace Engineering,Computer Science,Geology, Environmental, Earth & Marine Sciences,Business & Management,General Engineering,Civil Engineering,Sociology,Mathematics & Statistics",False,False,False,
193,Iowa State University,46.9,193,35.7,223,34.3,208,74.9,128,44.0,160,30.5,329,public,0,/world-university-rankings/iowa-state-university,648,United States,,,,,Iowa State University,"History, Philosophy & Theology,Communication & Media Studies,Geology, Environmental, Earth & Marine Sciences,Education,Languages, Literature & Linguistics,Chemical Engineering,Veterinary Science,Mathematics & Statistics,Sociology,Computer Science,Agriculture & Forestry,Electrical & Electronic Engineering,Other Health,Sport Science,Psychology,Civil Engineering,Art, Performing Arts & Design,Geography,General Engineering,Architecture,Business & Management,Economics & Econometrics,Physics & Astronomy,Chemistry,Accounting & Finance,Politics & International Studies (incl Development Studies),Mechanical & Aerospace Engineering,Biological Sciences",False,False,False,https://www.timeshighereducation.com/student/register-interest/shorelight?utm_medium=thewebsite&utm_campaign=cta-link&utm_source=rankings&iid=i-66451983
196,University of Victoria,46.7,197,20.2,367,33.7,212,82.7,83,30.6,334,65.9,113,master_account,11,/world-university-rankings/university-victoria,641,Canada,,,,,University of Victoria,"Communication & Media Studies,Mechanical & Aerospace Engineering,General Engineering,Sport Science,History, Philosophy & Theology,Languages, Literature & Linguistics,Business & Management,Archaeology,Chemistry,Accounting & Finance,Mathematics & Statistics,Law,Other Health,Computer Science,Politics & International Studies (incl Development Studies),Geography,Sociology,Education,Physics & Astronomy,Economics & Econometrics,Electrical & Electronic Engineering,Geology, Environmental, Earth & Marine Sciences,Civil Engineering,Art, Performing Arts & Design,Biological Sciences,Psychology",False,False,False,https://www.timeshighereducation.com/student/register-interest/applyboard?utm_medium=thewebsite&utm_campaign=cta-link&utm_source=rankings&iid=i-84469642
196,University of Leicester,46.7,196,33.0,257,32.5,222,66.5,181,34.9,274,83.7,35,master_account,0,/world-university-rankings/university-leicester,662,United Kingdom,,,,,University of Leicester uk united kingdom leicester,"Civil Engineering,Sociology,Mechanical & Aerospace Engineering,Economics & Econometrics,Art, Performing Arts & Design,Languages, Literature & Linguistics,Electrical & Electronic Engineering,Medicine & Dentistry,Business & Management,History, Philosophy & Theology,Mathematics & Statistics,Psychology,General Engineering,Chemistry,Agriculture & Forestry,Education,Communication & Media Studies,Chemical Engineering,Politics & International Studies (incl Development Studies),Biological Sciences,Law,Archaeology,Veterinary Science,Geology, Environmental, Earth & Marine Sciences,Accounting & Finance,Computer Science,Geography,Sport Science,Other Health,Physics & Astronomy",False,False,False,https://www.timeshighereducation.com/student/register-interest/siuk?utm_medium=thewebsite&utm_campaign=cta-link&utm_source=rankings&iid=i-37055783
198,University at Buffalo,46.6,198,46.3,131,40.6,168,52.1,291,42.4,181,50.7,205,public,0,/world-university-rankings/university-buffalo,670,United States,,,,,University at Buffalo,"Archaeology,Chemical Engineering,Politics & International Studies (incl Development Studies),Biological Sciences,Communication & Media Studies,Art, Performing Arts & Design,Computer Science,Medicine & Dentistry,Civil Engineering,Law,Languages, Literature & Linguistics,Business & Management,Economics & Econometrics,Mechanical & Aerospace Engineering,Chemistry,Sociology,Sport Science,Accounting & Finance,History, Philosophy & Theology,Education,Physics & Astronomy,Geology, Environmental, Earth & Marine Sciences,General Engineering,Mathematics & Statistics,Other Health,Geography,Psychology,Architecture,Agriculture & Forestry,Electrical & Electronic Engineering",False,False,False,https://www.timeshighereducation.com/student/register-interest/shorelight?utm_medium=thewebsite&utm_campaign=cta-link&utm_source=rankings&iid=i-57536803
199,Goethe University Frankfurt,46.4,199,33.3,251,29.7,246,73.9,133,41.4,192,57.6,161,master_account,0,/world-university-rankings/goethe-university-frankfurt,645,Germany,,,,,Goethe University Frankfurt,"History, Philosophy & Theology,Physics & Astronomy,Accounting & Finance,Languages, Literature & Linguistics,Geology, Environmental, Earth & Marine Sciences,Economics & Econometrics,Computer Science,Psychology,Sport Science,Law,Art, Performing Arts & Design,Mathematics & Statistics,Business & Management,Politics & International Studies (incl Development Studies),Archaeology,Chemistry,Agriculture & Forestry,Biological Sciences,Education,Medicine & Dentistry,Sociology,Other Health,Geography",False,False,False,
200,"Birkbeck, University of London",46.2,200,27.6,305,30.5,237,72.8,144,29.4,348,83.2,39,master_account,0,/world-university-rankings/birkbeck-university-london,613,United Kingdom,,,,,"Birkbeck, University of London","Biological Sciences,Accounting & Finance,Physics & Astronomy,Politics & International Studies (incl Development Studies),Psychology,History, Philosophy & Theology,Sociology,Mathematics & Statistics,Geography,Economics & Econometrics,Art, Performing Arts & Design,Communication & Media Studies,Geology, Environmental, Earth & Marine Sciences,Law,Business & Management,Computer Science,Education,Archaeology,Languages, Literature & Linguistics",False,False,False,https://www.timeshighereducation.com/student/register-interest/siuk?utm_medium=thewebsite&utm_campaign=cta-link&utm_source=rankings&iid=i-55980062
201-225,Pompeu Fabra University,-,280,27.3,309,23.2,307,77.5,111,34.2,283,49.9,213,master_account,0,/world-university-rankings/pompeu-fabra-university,650,Spain,,,,,Pompeu Fabra University,"Languages, Literature & Linguistics,Sociology,Communication & Media Studies,Computer Science,History, Philosophy & Theology,Economics & Econometrics,Medicine & Dentistry,Biological Sciences,General Engineering,Accounting & Finance,Business & Management,Education,Politics & International Studies (incl Development Studies),Law,Art, Performing Arts & Design",False,False,False,
201-225,University of Erlangen-Nuremberg,-,322,35.0,228,18.7,354,74.6,130,45.2,150,49.0,218,master_account,6,/world-university-rankings/university-erlangen-nuremberg,870,Germany,,,,,University of Erlangen-Nuremberg,"History, Philosophy & Theology,Archaeology,Mathematics & Statistics,Chemical Engineering,Sociology,Biological Sciences,Physics & Astronomy,Mechanical & Aerospace Engineering,Electrical & Electronic Engineering,Law,Chemistry,Medicine & Dentistry,Geography,Sport Science,Other Health,Business & Management,Languages, Literature & Linguistics,Politics & International Studies (incl Development Studies),Education,Psychology,Geology, Environmental, Earth & Marine Sciences,Economics & Econometrics,Communication & Media Studies,Accounting & Finance,Computer Science,General Engineering",False,False,False,
201-225,Cardiff University,-,214,32.5,263,38.2,187,60.2,230,39.8,214,68.1,96,master_account,11,/world-university-rankings/cardiff-university,671,United Kingdom,,,,,Cardiff University,"Education,Accounting & Finance,Chemical Engineering,Chemistry,Psychology,Geography,Biological Sciences,Law,Other Health,Mathematics & Statistics,General Engineering,Medicine & Dentistry,Communication & Media Studies,Economics & Econometrics,Languages, Literature & Linguistics,Electrical & Electronic Engineering,History, Philosophy & Theology,Mechanical & Aerospace Engineering,Business & Management,Computer Science,Politics & International Studies (incl Development Studies),Geology, Environmental, Earth & Marine Sciences,Architecture,Civil Engineering,Sociology,Art, Performing Arts & Design,Physics & Astronomy,Archaeology",False,False,False,https://www.timeshighereducation.com/student/register-interest/siuk?utm_medium=thewebsite&utm_campaign=cta-link&utm_source=rankings&iid=i-50330553
201-225,Johannes Gutenberg University of Mainz,-,239,33.5,248,18.4,355,85.2,68,-,376,57.0,166,master_account,0,/world-university-rankings/johannes-gutenberg-university-mainz,871,Germany,,,,,Johannes Gutenberg University of Mainz,"Sociology,Mathematics & Statistics,Economics & Econometrics,Archaeology,Other Health,Languages, Literature & Linguistics,Communication & Media Studies,Medicine & Dentistry,Physics & Astronomy,Business & Management,Law,Art, Performing Arts & Design,Computer Science,Sport Science,History, Philosophy & Theology,Biological Sciences,Education,Politics & International Studies (incl Development Studies),Geology, Environmental, Earth & Marine Sciences,Psychology,Accounting & Finance,Geography,Chemistry",False,False,False,
201-225,University of Tübingen,-,380,36.3,215,25.1,290,73.8,136,31.6,319,56.3,173,master_account,0,/world-university-rankings/university-tubingen,652,Germany,,,,,University of Tübingen,"Archaeology,Politics & International Studies (incl Development Studies),Languages, Literature & Linguistics,Sport Science,History, Philosophy & Theology,Psychology,Medicine & Dentistry,Physics & Astronomy,Mathematics & Statistics,Chemistry,Sociology,Biological Sciences,Education,Communication & Media Studies,Business & Management,Computer Science,Accounting & Finance,Other Health,Geography,Economics & Econometrics,Law,Geology, Environmental, Earth & Marine Sciences",False,False,False,
201-225,Tilburg University,-,299,38.2,194,54.5,96,33.7,385,54.8,107,56.6,171,master_account,0,/world-university-rankings/tilburg-university,734,Netherlands,,,,,Tilburg University,"Sociology,Other Health,History, Philosophy & Theology,Communication & Media Studies,Education,Law,Psychology,Business & Management,Languages, Literature & Linguistics,Accounting & Finance,Computer Science,Economics & Econometrics",False,False,False,
201-225,Lomonosov Moscow State University,-,252,63.5,56,48.1,117,19.7,400,70.1,67,50.3,210,master_account,0,/world-university-rankings/lomonosov-moscow-state-university,753,Russian Federation,,,,,Lomonosov Moscow State University,"Education,History, Philosophy & Theology,Sport Science,Communication & Media Studies,Computer Science,Economics & Econometrics,Mathematics & Statistics,Languages, Literature & Linguistics,Politics & International Studies (incl Development Studies),Mechanical & Aerospace Engineering,Art, Performing Arts & Design,Chemical Engineering,Business & Management,Chemistry,Other Health,Agriculture & Forestry,Sociology,Geography,Medicine & Dentistry,Biological Sciences,Law,Archaeology,Accounting & Finance,Electrical & Electronic Engineering,Physics & Astronomy,Geology, Environmental, Earth & Marine Sciences,Psychology",False,False,True,
201-225,"St George’s, University of London",-,291,20.0,369,22.6,311,89.7,51,44.1,157,57.9,160,master_account,0,/world-university-rankings/st-georges-university-london,872,United Kingdom,,,,,"St George’s, University of London","Other Health,Medicine & Dentistry",False,False,False,https://www.timeshighereducation.com/student/register-interest/siuk?utm_medium=thewebsite&utm_campaign=cta-link&utm_source=rankings&iid=i-09230679
201-225,Middle East Technical University,-,257,50.8,100,46.0,126,44.6,351,50.6,120,28.0,348,master_account,0,/world-university-rankings/middle-east-technical-university,754,Turkey,,,,,Middle East Technical University,"Mathematics & Statistics,Languages, Literature & Linguistics,Computer Science,Education,Biological Sciences,Sociology,Communication & Media Studies,Chemistry,Business & Management,Physics & Astronomy,Architecture,Archaeology,Sport Science,History, Philosophy & Theology,Economics & Econometrics,Chemical Engineering,Politics & International Studies (incl Development Studies),Civil Engineering,Mechanical & Aerospace Engineering,General Engineering,Electrical & Electronic Engineering,Geology, Environmental, Earth & Marine Sciences,Art, Performing Arts & Design,Psychology",False,False,False,
201-225,University of Georgia (USA),-,326,45.4,137,40.1,174,46.8,340,31.3,321,36.2,288,public,0,/world-university-rankings/university-georgia-usa,675,United States,,,,,University of Georgia (USA),"Art, Performing Arts & Design,Computer Science,Sport Science,Education,Medicine & Dentistry,Veterinary Science,Geography,Languages, Literature & Linguistics,Mechanical & Aerospace Engineering,Communication & Media Studies,Economics & Econometrics,History, Philosophy & Theology,Civil Engineering,Geology, Environmental, Earth & Marine Sciences,Archaeology,Chemical Engineering,Politics & International Studies (incl Development Studies),Other Health,Biological Sciences,Law,Mathematics & Statistics,Psychology,General Engineering,Physics & Astronomy,Business & Management,Architecture,Agriculture & Forestry,Sociology,Electrical & Electronic Engineering,Chemistry,Accounting & Finance",False,False,False,https://www.timeshighereducation.com/student/register-interest/shorelight?utm_medium=thewebsite&utm_campaign=cta-link&utm_source=rankings&iid=i-14747593
201-225,University of Gothenburg,-,327,28.3,300,41.9,155,63.8,202,38.6,231,48.4,223,master_account,0,/world-university-rankings/university-gothenburg,676,Sweden,,,,,University of Gothenburg,"Economics & Econometrics,Biological Sciences,Medicine & Dentistry,Veterinary Science,Law,Communication & Media Studies,Other Health,Archaeology,History, Philosophy & Theology,Chemistry,Languages, Literature & Linguistics,Art, Performing Arts & Design,Accounting & Finance,Business & Management,Geology, Environmental, Earth & Marine Sciences,Politics & International Studies (incl Development Studies),Mathematics & Statistics,Sport Science,Geography,Computer Science,Physics & Astronomy,Education,Psychology,Sociology",False,False,False,
201-225,Brandeis University,-,212,27.3,308,27.9,259,83.1,78,37.4,246,45.3,244,private,0,/world-university-rankings/brandeis-university,614,United States,,,,,Brandeis University,"Physics & Astronomy,Art, Performing Arts & Design,Chemistry,Psychology,Education,Accounting & Finance,Mathematics & Statistics,History, Philosophy & Theology,Sociology,Languages, Literature & Linguistics,Biological Sciences,Business & Management,Economics & Econometrics,Computer Science,Politics & International Studies (incl Development Studies)",False,False,False,https://www.timeshighereducation.com/student/register-interest/shorelight?utm_medium=thewebsite&utm_campaign=cta-link&utm_source=rankings&iid=i-49167174
201-225,Queen’s University,-,283,39.5,183,35.4,202,51.2,298,77.3,51,58.0,159,master_account,11,/world-university-rankings/queens-university,639,Canada,,,,,Queen’s University Canadian University Research Student Experience,"Mechanical & Aerospace Engineering,Sport Science,Electrical & Electronic Engineering,Accounting & Finance,Education,Geography,Mathematics & Statistics,History, Philosophy & Theology,Politics & International Studies (incl Development Studies),Chemical Engineering,Business & Management,Psychology,Other Health,Civil Engineering,Chemistry,Physics & Astronomy,Geology, Environmental, Earth & Marine Sciences,Medicine & Dentistry,Economics & Econometrics,Law,Art, Performing Arts & Design,Biological Sciences,Sociology,Languages, Literature & Linguistics,General Engineering,Computer Science,Communication & Media Studies,Agriculture & Forestry",False,False,False,https://www.timeshighereducation.com/student/register-interest/applyboard?utm_medium=thewebsite&utm_campaign=cta-link&utm_source=rankings&iid=i-38060122
201-225,University of Science and Technology of China,-,361,39.2,186,27.7,264,72.7,145,50.1,123,22.0,381,master_account,11,/world-university-rankings/university-science-and-technology-china,656,China,,,,,University of Science and Technology of China USTC China University of Science and Technology,"Computer Science,Biological Sciences,Geology, Environmental, Earth & Marine Sciences,Languages, Literature & Linguistics,Chemistry,Other Health,Physics & Astronomy,Chemical Engineering,Business & Management,History, Philosophy & Theology,Accounting & Finance,Economics & Econometrics,Mathematics & Statistics,Law,Communication & Media Studies,Electrical & Electronic Engineering,General Engineering,Archaeology",False,False,False,
201-225,University of Innsbruck,-,333,36.6,212,17.9,358,71.6,155,38.2,238,88.7,12,master_account,0,/world-university-rankings/university-innsbruck,677,Austria,,,,,University of Innsbruck,"Accounting & Finance,Civil Engineering,Law,Electrical & Electronic Engineering,Other Health,Business & Management,Chemistry,History, Philosophy & Theology,Psychology,Physics & Astronomy,Chemical Engineering,Geology, Environmental, Earth & Marine Sciences,Archaeology,Education,Politics & International Studies (incl Development Studies),Architecture,Biological Sciences,Economics & Econometrics,Sociology,Languages, Literature & Linguistics,Sport Science,Mathematics & Statistics,Communication & Media Studies,General Engineering,Computer Science,Geography",False,False,False,
201-225,Nagoya University,-,261,44.2,149,39.2,183,53.3,280,35.5,266,25.3,367,master_account,0,/world-university-rankings/nagoya-university,679,Japan,,,,,Nagoya University,"Other Health,Mathematics & Statistics,Education,Electrical & Electronic Engineering,Physics & Astronomy,Business & Management,Computer Science,Agriculture & Forestry,Sociology,History, Philosophy & Theology,Geology, Environmental, Earth & Marine Sciences,Economics & Econometrics,Archaeology,Civil Engineering,Communication & Media Studies,Biological Sciences,Geography,Medicine & Dentistry,Chemical Engineering,Politics & International Studies (incl Development Studies),Architecture,Mechanical & Aerospace Engineering,Psychology,Sport Science,Law,Languages, Literature & Linguistics,General Engineering,Chemistry,Accounting & Finance",False,False,False,
201-225,University of Konstanz,-,338,32.6,260,35.6,200,64.5,192,51.9,118,58.5,154,master_account,0,/world-university-rankings/university-konstanz,658,Germany,,,,,University of Konstanz,"Languages, Literature & Linguistics,Sociology,Sport Science,Accounting & Finance,Biological Sciences,Psychology,Communication & Media Studies,Physics & Astronomy,Economics & Econometrics,History, Philosophy & Theology,Law,Computer Science,Education,Art, Performing Arts & Design,Politics & International Studies (incl Development Studies),Chemistry,Mathematics & Statistics,Business & Management",False,False,False,
201-225,University of Dundee,-,320,24.8,328,23.2,309,81.1,90,49.9,124,66.6,106,master_account,0,/world-university-rankings/university-dundee,640,United Kingdom,,,,,University of Dundee,"Geography,Law,Communication & Media Studies,Economics & Econometrics,Architecture,Mathematics & Statistics,Computer Science,Art, Performing Arts & Design,Physics & Astronomy,History, Philosophy & Theology,Electrical & Electronic Engineering,Other Health,Business & Management,Civil Engineering,Education,Mechanical & Aerospace Engineering,Politics & International Studies (incl Development Studies),Medicine & Dentistry,Psychology,Geology, Environmental, Earth & Marine Sciences,Languages, Literature & Linguistics,Biological Sciences,Accounting & Finance",False,False,False,
201-225,"Northeastern University, US",-,274,40.1,178,21.2,329,76.4,121,33.8,288,41.0,261,private,0,/world-university-rankings/northeastern-university-us,681,United States,,,,,"Northeastern University, US","General Engineering,History, Philosophy & Theology,Education,Sport Science,Chemical Engineering,Chemistry,Business & Management,Biological Sciences,Computer Science,Mechanical & Aerospace Engineering,Medicine & Dentistry,Politics & International Studies (incl Development Studies),Art, Performing Arts & Design,Law,Economics & Econometrics,Sociology,Civil Engineering,Physics & Astronomy,Communication & Media Studies,Other Health,Mathematics & Statistics,Geography,Architecture,Psychology,Electrical & Electronic Engineering,Geology, Environmental, Earth & Marine Sciences,Languages, Literature & Linguistics,Accounting & Finance,Veterinary Science",False,False,False,https://www.timeshighereducation.com/student/register-interest/shorelight?utm_medium=thewebsite&utm_campaign=cta-link&utm_source=rankings&iid=i-63575831
201-225,Fudan University,-,227,45.3,138,39.5,180,51.3,297,46.3,142,38.6,273,master_account,0,/world-university-rankings/fudan-university,700,China,,,,,Fudan University,"Mechanical & Aerospace Engineering,Medicine & Dentistry,Chemistry,Archaeology,Computer Science,Communication & Media Studies,History, Philosophy & Theology,Geology, Environmental, Earth & Marine Sciences,Economics & Econometrics,Languages, Literature & Linguistics,Biological Sciences,Education,Physics & Astronomy,Business & Management,General Engineering,Politics & International Studies (incl Development Studies),Electrical & Electronic Engineering,Sociology,Mathematics & Statistics,Psychology,Other Health,Chemical Engineering,Law,Accounting & Finance",False,False,False,
201-225,Universitat Autònoma de Barcelona (UAB),-,204,39.0,188,35.7,198,62.8,213,37.3,248,47.1,234,master_account,1,/world-university-rankings/universitat-autonoma-de-barcelona-uab,666,Spain,,,,,Universitat Autònoma de Barcelona (UAB) uab,"Economics & Econometrics,Languages, Literature & Linguistics,Electrical & Electronic Engineering,Geology, Environmental, Earth & Marine Sciences,Computer Science,Business & Management,Mathematics & Statistics,Veterinary Science,Politics & International Studies (incl Development Studies),Sociology,Mechanical & Aerospace Engineering,History, Philosophy & Theology,Geography,Accounting & Finance,Sport Science,Other Health,Art, Performing Arts & Design,Physics & Astronomy,Chemical Engineering,Psychology,General Engineering,Medicine & Dentistry,Chemistry,Communication & Media Studies,Archaeology,Law,Agriculture & Forestry,Education,Biological Sciences",False,False,False,
201-225,University of Strasbourg,-,367,29.7,287,29.2,249,72.0,152,34.8,275,68.3,95,master_account,0,/world-university-rankings/university-strasbourg,684,France,,,,,University of Strasbourg,"Education,Biological Sciences,Business & Management,Psychology,Sport Science,Computer Science,Other Health,Politics & International Studies (incl Development Studies),Civil Engineering,Mechanical & Aerospace Engineering,Accounting & Finance,Chemistry,Geology, Environmental, Earth & Marine Sciences,Sociology,Languages, Literature & Linguistics,Art, Performing Arts & Design,Electrical & Electronic Engineering,Geography,History, Philosophy & Theology,Archaeology,Physics & Astronomy,General Engineering,Mathematics & Statistics,Medicine & Dentistry,Law,Chemical Engineering,Economics & Econometrics,Communication & Media Studies",False,False,False,
201-225,University of Barcelona,-,310,32.5,265,33.4,214,71.4,157,30.9,327,46.0,239,master_account,11,/world-university-rankings/university-barcelona,667,Spain,,,,,University of Barcelona,"Chemistry,History, Philosophy & Theology,Accounting & Finance,Art, Performing Arts & Design,General Engineering,Sociology,Biological Sciences,Sport Science,Other Health,Mathematics & Statistics,Economics & Econometrics,Medicine & Dentistry,Business & Management,Law,Electrical & Electronic Engineering,Computer Science,Education,Communication & Media Studies,Chemical Engineering,Physics & Astronomy,Politics & International Studies (incl Development Studies),Geology, Environmental, Earth & Marine Sciences,Languages, Literature & Linguistics,Geography,Agriculture & Forestry,Archaeology,Psychology",False,False,False,
201-225,Sungkyunkwan University (SKKU),-,296,47.1,126,48.7,115,39.3,371,98.7,21,30.9,325,master_account,11,/world-university-rankings/sungkyunkwan-university-skku,805,South Korea,,,,,Sungkyunkwan University (SKKU),"Medicine & Dentistry,Communication & Media Studies,Electrical & Electronic Engineering,Psychology,Sociology,Architecture,Agriculture & Forestry,Sport Science,Law,General Engineering,Chemistry,History, Philosophy & Theology,Chemical Engineering,Physics & Astronomy,Economics & Econometrics,Languages, Literature & Linguistics,Civil Engineering,Geography,Archaeology,Biological Sciences,Mathematics & Statistics,Business & Management,Computer Science,Geology, Environmental, Earth & Marine Sciences,Accounting & Finance,Other Health,Veterinary Science,Education,Mechanical & Aerospace Engineering,Politics & International Studies (incl Development Studies),Art, Performing Arts & Design",False,False,False,
201-225,University of Oslo,-,353,33.5,249,39.8,176,62.3,219,31.4,320,59.0,152,master_account,0,/world-university-rankings/university-oslo,647,Norway,,,,,University of Oslo,"Geology, Environmental, Earth & Marine Sciences,Sociology,Communication & Media Studies,Politics & International Studies (incl Development Studies),Archaeology,Art, Performing Arts & Design,History, Philosophy & Theology,Geography,Education,Psychology,Physics & Astronomy,Agriculture & Forestry,Computer Science,Other Health,Languages, Literature & Linguistics,Mathematics & Statistics,Law,Medicine & Dentistry,Chemistry,Economics & Econometrics,Biological Sciences",False,False,False,
226-250,Université Libre de Bruxelles,-,307,25.6,322,30.6,234,59.3,239,54.9,106,78.2,52,master_account,0,/world-university-rankings/universite-libre-de-bruxelles,669,Belgium,,,,,Université Libre de Bruxelles,"Architecture,Psychology,Art, Performing Arts & Design,Computer Science,Geography,Veterinary Science,Civil Engineering,Sociology,Mathematics & Statistics,Chemistry,Accounting & Finance,General Engineering,Other Health,Geology, Environmental, Earth & Marine Sciences,Agriculture & Forestry,Sport Science,Business & Management,Languages, Literature & Linguistics,Physics & Astronomy,Education,Electrical & Electronic Engineering,Chemical Engineering,Politics & International Studies (incl Development Studies),History, Philosophy & Theology,Economics & Econometrics,Law,Archaeology,Mechanical & Aerospace Engineering,Medicine & Dentistry,Communication & Media Studies,Biological Sciences",False,False,False,
226-250,Western University,-,398,39.4,184,37.2,192,44.8,350,44.6,154,51.3,201,master_account,11,/world-university-rankings/western-university,690,Canada,,,,,Western University,"Mechanical & Aerospace Engineering,Sport Science,Physics & Astronomy,Chemistry,Business & Management,Communication & Media Studies,Computer Science,Civil Engineering,Law,Mathematics & Statistics,Politics & International Studies (incl Development Studies),Geography,Sociology,Education,Psychology,Other Health,Languages, Literature & Linguistics,General Engineering,Electrical & Electronic Engineering,Economics & Econometrics,Chemical Engineering,Archaeology,History, Philosophy & Theology,Accounting & Finance,Medicine & Dentistry,Biological Sciences,Art, Performing Arts & Design,Geology, Environmental, Earth & Marine Sciences",False,False,False,https://www.timeshighereducation.com/student/register-interest/applyboard?utm_medium=thewebsite&utm_campaign=cta-link&utm_source=rankings&iid=i-91582771
226-250,Simon Fraser University,-,289,24.0,332,35.3,203,61.0,226,41.6,190,55.6,177,master_account,11,/world-university-rankings/simon-fraser-university,709,Canada,,,,,Simon Fraser University,"Physics & Astronomy,Psychology,Biological Sciences,Communication & Media Studies,Economics & Econometrics,History, Philosophy & Theology,Chemistry,Sociology,Other Health,Geography,Mathematics & Statistics,Languages, Literature & Linguistics,Politics & International Studies (incl Development Studies),Electrical & Electronic Engineering,Accounting & Finance,Archaeology,Law,Computer Science,Education,Art, Performing Arts & Design,Sport Science,Geology, Environmental, Earth & Marine Sciences,General Engineering,Business & Management",False,False,False,
226-250,University of Würzburg,-,389,33.0,258,19.4,347,70.9,162,30.4,335,44.8,245,master_account,0,/world-university-rankings/university-wurzburg,691,Germany,,,,,University of Würzburg,"Geography,Psychology,History, Philosophy & Theology,Sociology,Education,Art, Performing Arts & Design,Computer Science,Other Health,Politics & International Studies (incl Development Studies),Medicine & Dentistry,Sport Science,Business & Management,Languages, Literature & Linguistics,Veterinary Science,Archaeology,Mathematics & Statistics,Economics & Econometrics,Communication & Media Studies,Biological Sciences,Law,Chemistry,Accounting & Finance,Mechanical & Aerospace Engineering,Geology, Environmental, Earth & Marine Sciences,Agriculture & Forestry,Chemical Engineering,Physics & Astronomy",False,False,False,
226-250,Florida Institute of Technology,-,226,16.2,395,11.9,389,92.5,37,28.7,355,58.4,155,private,0,/world-university-rankings/florida-institute-technology,873,United States,,,,,Florida Institute of Technology,"Geology, Environmental, Earth & Marine Sciences,Mechanical & Aerospace Engineering,Electrical & Electronic Engineering,Mathematics & Statistics,Languages, Literature & Linguistics,Civil Engineering,Psychology,Chemical Engineering,Business & Management,Accounting & Finance,Chemistry,Computer Science,Education,Biological Sciences,Physics & Astronomy,Communication & Media Studies,General Engineering,History, Philosophy & Theology",False,False,False,https://www.timeshighereducation.com/student/register-interest/shorelight?utm_medium=thewebsite&utm_campaign=cta-link&utm_source=rankings&iid=i-81668434
226-250,Koç University,-,245,20.4,366,22.3,316,79.2,103,37.9,243,52.8,193,master_account,0,/world-university-rankings/koc-university,875,Turkey,,,,,Koç University koc,"Archaeology,Other Health,General Engineering,Art, Performing Arts & Design,Mathematics & Statistics,Computer Science,Communication & Media Studies,Biological Sciences,Languages, Literature & Linguistics,Sociology,Politics & International Studies (incl Development Studies),Electrical & Electronic Engineering,Business & Management,Chemistry,Mechanical & Aerospace Engineering,Medicine & Dentistry,Economics & Econometrics,Law,History, Philosophy & Theology,Physics & Astronomy,Accounting & Finance,Chemical Engineering,Psychology",False,False,False,
226-250,University of Cincinnati – Uptown,-,316,34.9,231,26.5,279,69.5,168,35.8,261,23.9,376,public,0,/world-university-rankings/university-cincinnati-uptown,672,United States,,,,,University of Cincinnati – Uptown,"Mathematics & Statistics,Architecture,Business & Management,Medicine & Dentistry,General Engineering,Law,Geography,Psychology,Art, Performing Arts & Design,History, Philosophy & Theology,Biological Sciences,Communication & Media Studies,Accounting & Finance,Mechanical & Aerospace Engineering,Civil Engineering,Sociology,Geology, Environmental, Earth & Marine Sciences,Chemical Engineering,Languages, Literature & Linguistics,Archaeology,Education,Agriculture & Forestry,Other Health,Economics & Econometrics,Electrical & Electronic Engineering,Chemistry,Politics & International Studies (incl Development Studies),Physics & Astronomy,Computer Science",False,False,False,https://www.timeshighereducation.com/student/register-interest/shorelight?utm_medium=thewebsite&utm_campaign=cta-link&utm_source=rankings&iid=i-56367118
226-250,University of Calgary,-,314,37.3,204,35.8,197,47.1,337,42.8,178,62.2,136,master_account,11,/world-university-rankings/university-calgary,693,Canada,,,,,University of Calgary,"Economics & Econometrics,Medicine & Dentistry,Communication & Media Studies,Mathematics & Statistics,History, Philosophy & Theology,Accounting & Finance,Art, Performing Arts & Design,General Engineering,Business & Management,Computer Science,Geology, Environmental, Earth & Marine Sciences,Mechanical & Aerospace Engineering,Chemical Engineering,Sociology,Law,Other Health,Electrical & Electronic Engineering,Geography,Languages, Literature & Linguistics,Sport Science,Psychology,Veterinary Science,Chemistry,Physics & Astronomy,Politics & International Studies (incl Development Studies),Archaeology,Biological Sciences,Civil Engineering,Agriculture & Forestry,Education,Architecture",False,False,False,https://www.timeshighereducation.com/student/register-interest/applyboard?utm_medium=thewebsite&utm_campaign=cta-link&utm_source=rankings&iid=i-81953893
226-250,Carleton University,-,215,18.3,385,26.7,276,75.1,126,-,366,56.8,168,master_account,11,/world-university-rankings/carleton-university,694,Canada,,,,,Carleton University,"Electrical & Electronic Engineering,Veterinary Science,Accounting & Finance,Languages, Literature & Linguistics,Communication & Media Studies,Civil Engineering,Computer Science,Physics & Astronomy,Business & Management,Art, Performing Arts & Design,General Engineering,Sport Science,Law,History, Philosophy & Theology,Biological Sciences,Geography,Architecture,Mathematics & Statistics,Psychology,Agriculture & Forestry,Politics & International Studies (incl Development Studies),Mechanical & Aerospace Engineering,Geology, Environmental, Earth & Marine Sciences,Chemistry,Archaeology,Economics & Econometrics,Chemical Engineering,Sociology",False,False,False,https://www.timeshighereducation.com/student/register-interest/applyboard?utm_medium=thewebsite&utm_campaign=cta-link&utm_source=rankings&iid=i-70245253
226-250,Indian Institute of Technology Kharagpur,-,235,44.2,148,45.3,130,39.0,373,72.4,63,16.1,399,master_account,0,/world-university-rankings/indian-institute-technology-kharagpur,874,India,,,,,Indian Institute of Technology Kharagpur,"Civil Engineering,Chemical Engineering,Chemistry,Computer Science,Architecture,Law,Mechanical & Aerospace Engineering,Electrical & Electronic Engineering,Physics & Astronomy,General Engineering,Mathematics & Statistics,Agriculture & Forestry,Geology, Environmental, Earth & Marine Sciences,Biological Sciences,Business & Management",False,False,False,
226-250,Chalmers University of Technology,-,216,29.9,284,41.5,159,47.7,328,78.5,49,65.3,115,master_account,0,/world-university-rankings/chalmers-university-technology,695,Sweden,,,,,Chalmers University of Technology,"Chemistry,Other Health,Chemical Engineering,Economics & Econometrics,Mathematics & Statistics,General Engineering,Business & Management,Civil Engineering,Education,Mechanical & Aerospace Engineering,Geology, Environmental, Earth & Marine Sciences,Computer Science,Physics & Astronomy,Accounting & Finance,Electrical & Electronic Engineering,Architecture,Sport Science,Biological Sciences",False,False,False,
226-250,Université Laval,-,248,36.4,213,27.3,267,57.5,251,56.6,100,54.4,185,master_account,0,/world-university-rankings/universite-laval,876,Canada,,,,,Université Laval,"Sport Science,Medicine & Dentistry,Psychology,Geology, Environmental, Earth & Marine Sciences,Electrical & Electronic Engineering,Economics & Econometrics,History, Philosophy & Theology,Agriculture & Forestry,Geography,General Engineering,Chemistry,Business & Management,Architecture,Chemical Engineering,Sociology,Languages, Literature & Linguistics,Civil Engineering,Politics & International Studies (incl Development Studies),Archaeology,Biological Sciences,Law,Computer Science,Physics & Astronomy,Accounting & Finance,Other Health,Mathematics & Statistics,Education,Art, Performing Arts & Design,Mechanical & Aerospace Engineering,Communication & Media Studies",False,False,False,
226-250,University of Bergen,-,312,28.3,299,26.8,274,66.2,182,41.1,197,71.0,81,master_account,0,/world-university-rankings/university-bergen,655,Norway,,,,,University of Bergen,"Chemistry,Other Health,Sociology,Biological Sciences,Education,Mathematics & Statistics,Psychology,History, Philosophy & Theology,Communication & Media Studies,Art, Performing Arts & Design,Geology, Environmental, Earth & Marine Sciences,Geography,Archaeology,Politics & International Studies (incl Development Studies),Computer Science,Law,Medicine & Dentistry,Economics & Econometrics,Languages, Literature & Linguistics,Physics & Astronomy",False,False,False,
226-250,Mines ParisTech,-,258,39.5,182,25.6,286,51.7,295,99.4,16,62.4,135,master_account,0,/world-university-rankings/mines-paristech,877,France,,,,,Mines ParisTech,,False,False,False,
226-250,University of the Witwatersrand,-,376,28.6,295,38.3,186,49.8,312,98.4,23,65.1,116,master_account,0,/world-university-rankings/university-witwatersrand,739,South Africa,,,,,University of the Witwatersrand Wits,"Education,Physics & Astronomy,Other Health,Psychology,Chemical Engineering,Civil Engineering,Electrical & Electronic Engineering,General Engineering,Art, Performing Arts & Design,Geology, Environmental, Earth & Marine Sciences,Business & Management,Communication & Media Studies,Medicine & Dentistry,Sociology,Computer Science,Economics & Econometrics,Chemistry,Mathematics & Statistics,Sport Science,Biological Sciences,Archaeology,Law,Accounting & Finance,Architecture,Mechanical & Aerospace Engineering,History, Philosophy & Theology,Geography,Languages, Literature & Linguistics,Politics & International Studies (incl Development Studies)",False,False,False,
226-250,National Research Nuclear University MEPhI,-,267,20.9,361,10.6,392,100.0,1,59.6,94,18.8,396,master_account,0,/world-university-rankings/national-research-nuclear-university-mephi,878,Russian Federation,,,,,National Research Nuclear University MEPhI,"Psychology,Mechanical & Aerospace Engineering,Geology, Environmental, Earth & Marine Sciences,General Engineering,Biological Sciences,Chemistry,Civil Engineering,Education,History, Philosophy & Theology,Business & Management,Languages, Literature & Linguistics,Chemical Engineering,Computer Science,Law,Sociology,Other Health,Archaeology,Economics & Econometrics,Accounting & Finance,Electrical & Electronic Engineering,Politics & International Studies (incl Development Studies),Mathematics & Statistics,Physics & Astronomy,Medicine & Dentistry",False,False,True,
226-250,National Tsing Hua University,-,270,45.5,136,44.1,139,44.4,353,44.0,162,20.1,388,master_account,0,/world-university-rankings/national-tsing-hua-university,680,Taiwan,,,,,National Tsing Hua University,"Civil Engineering,Politics & International Studies (incl Development Studies),Education,Languages, Literature & Linguistics,Physics & Astronomy,Psychology,Chemical Engineering,Sociology,Business & Management,Accounting & Finance,Electrical & Electronic Engineering,History, Philosophy & Theology,Chemistry,Computer Science,Mechanical & Aerospace Engineering,Art, Performing Arts & Design,Medicine & Dentistry,Other Health,Economics & Econometrics,Archaeology,Law,Sport Science,Mathematics & Statistics,General Engineering,Communication & Media Studies,Biological Sciences",False,False,False,
226-250,University of South Florida (Tampa),-,364,32.6,261,42.0,154,48.4,323,98.9,20,19.7,393,public,0,/world-university-rankings/university-south-florida-tampa,803,United States,,,,,University of South Florida (Tampa),"Sociology,Archaeology,Mathematics & Statistics,Biological Sciences,Psychology,Politics & International Studies (incl Development Studies),Veterinary Science,Electrical & Electronic Engineering,General Engineering,Medicine & Dentistry,Geography,Civil Engineering,Education,Architecture,Agriculture & Forestry,History, Philosophy & Theology,Sport Science,Economics & Econometrics,Computer Science,Communication & Media Studies,Geology, Environmental, Earth & Marine Sciences,Art, Performing Arts & Design,Languages, Literature & Linguistics,Business & Management,Physics & Astronomy,Chemical Engineering,Other Health,Mechanical & Aerospace Engineering,Chemistry,Accounting & Finance",False,False,False,https://www.timeshighereducation.com/student/into-university-partnerships?utm_medium=thewebsite&utm_campaign=cta-link&utm_source=rankings&iid=i-47513011
226-250,Georgia Health Sciences University,-,229,49.4,107,17.5,363,62.0,222,43.6,168,32.6,313,master_account,0,/world-university-rankings/georgia-health-sciences-university,661,United States,,,,,Georgia Health Sciences University,,False,False,False,https://www.timeshighereducation.com/student/register-interest/shorelight?utm_medium=thewebsite&utm_campaign=cta-link&utm_source=rankings&iid=i-08771424
226-250,Technical University of Darmstadt,-,302,37.8,198,31.8,228,44.4,354,84.4,38,64.4,122,master_account,0,/world-university-rankings/technical-university-darmstadt,745,Germany,,,,,Technical University of Darmstadt Technical University of Darmstadt,"Languages, Literature & Linguistics,Sociology,Civil Engineering,Geology, Environmental, Earth & Marine Sciences,History, Philosophy & Theology,Sport Science,Psychology,Chemical Engineering,Politics & International Studies (incl Development Studies),Mechanical & Aerospace Engineering,Chemistry,Computer Science,Economics & Econometrics,Architecture,Education,Other Health,Biological Sciences,Business & Management,General Engineering,Mathematics & Statistics,Electrical & Electronic Engineering,Physics & Astronomy",False,False,False,
226-250,Mizzou – University of Missouri,-,346,40.4,176,45.8,128,45.2,347,31.1,324,30.8,326,public,0,/world-university-rankings/mizzou-university-missouri,706,United States,,,,,Mizzou – University of Missouri,"Electrical & Electronic Engineering,Chemistry,Accounting & Finance,Computer Science,Mathematics & Statistics,Psychology,Art, Performing Arts & Design,Civil Engineering,Communication & Media Studies,Other Health,Sport Science,Education,Mechanical & Aerospace Engineering,Geology, Environmental, Earth & Marine Sciences,Economics & Econometrics,Medicine & Dentistry,Veterinary Science,Law,Languages, Literature & Linguistics,Chemical Engineering,Politics & International Studies (incl Development Studies),Archaeology,Biological Sciences,Geography,General Engineering,Physics & Astronomy,Business & Management,History, Philosophy & Theology,Agriculture & Forestry,Sociology",False,False,False,https://www.timeshighereducation.com/student/register-interest/shorelight?utm_medium=thewebsite&utm_campaign=cta-link&utm_source=rankings&iid=i-11279063
226-250,Tulane University,-,304,42.8,159,22.6,312,66.8,179,-,383,31.2,322,private,0,/world-university-rankings/tulane-university,686,United States,,,,,Tulane University,"Mechanical & Aerospace Engineering,Communication & Media Studies,Civil Engineering,Politics & International Studies (incl Development Studies),Art, Performing Arts & Design,Agriculture & Forestry,Law,Medicine & Dentistry,Mathematics & Statistics,Business & Management,General Engineering,Geology, Environmental, Earth & Marine Sciences,Computer Science,Languages, Literature & Linguistics,History, Philosophy & Theology,Sport Science,Psychology,Architecture,Physics & Astronomy,Accounting & Finance,Biological Sciences,Education,Other Health,Chemistry,Economics & Econometrics,Chemical Engineering,Sociology",False,False,False,https://www.timeshighereducation.com/student/register-interest/shorelight?utm_medium=thewebsite&utm_campaign=cta-link&utm_source=rankings&iid=i-04338708
226-250,Bilkent University,-,209,34.7,234,30.5,236,60.1,231,39.9,211,42.0,257,master_account,0,/world-university-rankings/bilkent-university,668,Turkey,,,,,Bilkent University,"Electrical & Electronic Engineering,Chemistry,Architecture,Communication & Media Studies,Economics & Econometrics,Languages, Literature & Linguistics,Physics & Astronomy,Art, Performing Arts & Design,Mathematics & Statistics,Business & Management,History, Philosophy & Theology,Psychology,Biological Sciences,Education,Archaeology,Politics & International Studies (incl Development Studies),Mechanical & Aerospace Engineering,Accounting & Finance,Computer Science,Law,Other Health",False,False,False,
226-250,University of Otago,-,354,28.8,293,30.9,232,54.8,269,37.2,250,85.4,27,master_account,0,/world-university-rankings/university-otago,682,New Zealand,,,,,University of Otago,"Chemistry,Mathematics & Statistics,Politics & International Studies (incl Development Studies),Computer Science,Other Health,Business & Management,Medicine & Dentistry,Biological Sciences,Accounting & Finance,Art, Performing Arts & Design,Education,Physics & Astronomy,Languages, Literature & Linguistics,Communication & Media Studies,Law,Geography,Geology, Environmental, Earth & Marine Sciences,Economics & Econometrics,History, Philosophy & Theology,Agriculture & Forestry,Psychology,Archaeology,Sport Science,Sociology",False,False,False,
226-250,University of Waterloo,-,387,34.7,238,42.1,152,41.8,363,39.4,221,58.3,157,master_account,0,/world-university-rankings/university-waterloo,689,Canada,,,,,University of Waterloo,"Communication & Media Studies,Computer Science,Art, Performing Arts & Design,Mechanical & Aerospace Engineering,History, Philosophy & Theology,Mathematics & Statistics,Accounting & Finance,Archaeology,Civil Engineering,Geography,Economics & Econometrics,Chemical Engineering,Psychology,Architecture,Physics & Astronomy,General Engineering,Geology, Environmental, Earth & Marine Sciences,Electrical & Electronic Engineering,Sociology,Languages, Literature & Linguistics,Biological Sciences,Business & Management,Other Health,Chemistry,Politics & International Studies (incl Development Studies)",False,False,False,
226-250,Korea University,-,246,44.7,145,43.7,143,39.4,370,52.1,117,27.3,358,master_account,11,/world-university-rankings/korea-university,702,South Korea,,,,,Korea University,"Chemical Engineering,Chemistry,Psychology,Biological Sciences,History, Philosophy & Theology,Architecture,Geography,Medicine & Dentistry,Archaeology,Geology, Environmental, Earth & Marine Sciences,Physics & Astronomy,Mathematics & Statistics,General Engineering,Accounting & Finance,Civil Engineering,Communication & Media Studies,Law,Art, Performing Arts & Design,Economics & Econometrics,Sociology,Business & Management,Mechanical & Aerospace Engineering,Education,Sport Science,Computer Science,Politics & International Studies (incl Development Studies),Electrical & Electronic Engineering,Languages, Literature & Linguistics,Agriculture & Forestry,Other Health",False,False,False,
251-275,The Hong Kong Polytechnic University,-,233,34.6,239,41.2,162,39.8,367,42.2,183,65.4,114,master_account,11,/world-university-rankings/hong-kong-polytechnic-university,723,Hong Kong,,,,,The Hong Kong Polytechnic University PolyU Poly U HK PolyU,"Chemical Engineering,Psychology,Sociology,Other Health,Art, Performing Arts & Design,Mathematics & Statistics,Mechanical & Aerospace Engineering,Computer Science,Geology, Environmental, Earth & Marine Sciences,Electrical & Electronic Engineering,Business & Management,Chemistry,General Engineering,Physics & Astronomy,Languages, Literature & Linguistics,Civil Engineering,Economics & Econometrics,History, Philosophy & Theology,Accounting & Finance,Communication & Media Studies,Biological Sciences",False,False,False,
251-275,Macquarie University,-,254,22.0,350,29.6,248,54.8,268,37.2,249,86.8,20,master_account,0,/world-university-rankings/macquarie-university,703,Australia,,,,,Macquarie University,"Agriculture & Forestry,Sport Science,Economics & Econometrics,Civil Engineering,Computer Science,Education,Law,Sociology,Geology, Environmental, Earth & Marine Sciences,Communication & Media Studies,General Engineering,Business & Management,Physics & Astronomy,Other Health,Mechanical & Aerospace Engineering,Accounting & Finance,History, Philosophy & Theology,Politics & International Studies (incl Development Studies),Languages, Literature & Linguistics,Art, Performing Arts & Design,Medicine & Dentistry,Mathematics & Statistics,Biological Sciences,Chemistry,Psychology,Architecture,Geography,Archaeology,Electrical & Electronic Engineering",False,False,False,
251-275,Tokyo Metropolitan University,-,301,19.0,380,9.8,396,97.1,14,31.1,322,19.6,394,master_account,6,/world-university-rankings/tokyo-metropolitan-university,712,Japan,,,,,Tokyo Metropolitan University,"Civil Engineering,Politics & International Studies (incl Development Studies),General Engineering,Architecture,Business & Management,Electrical & Electronic Engineering,Sport Science,Communication & Media Studies,Medicine & Dentistry,Mathematics & Statistics,Accounting & Finance,Archaeology,Other Health,Geology, Environmental, Earth & Marine Sciences,History, Philosophy & Theology,Economics & Econometrics,Languages, Literature & Linguistics,Law,Chemistry,Education,Art, Performing Arts & Design,Biological Sciences,Psychology,Mechanical & Aerospace Engineering,Sociology,Geography,Agriculture & Forestry,Physics & Astronomy,Computer Science,Chemical Engineering",False,False,False,
251-275,Stellenbosch University,-,294,31.5,272,35.0,204,48.9,317,96.6,27,47.8,228,master_account,0,/world-university-rankings/stellenbosch-university,732,South Africa,,,,,Stellenbosch University SU South Africa,"Geology, Environmental, Earth & Marine Sciences,Accounting & Finance,Languages, Literature & Linguistics,Civil Engineering,Chemistry,Other Health,Mathematics & Statistics,Education,History, Philosophy & Theology,Chemical Engineering,Communication & Media Studies,Economics & Econometrics,Archaeology,Biological Sciences,General Engineering,Computer Science,Physics & Astronomy,Psychology,Art, Performing Arts & Design,Mechanical & Aerospace Engineering,Law,Medicine & Dentistry,Sport Science,Geography,Architecture,Agriculture & Forestry,Politics & International Studies (incl Development Studies),Electrical & Electronic Engineering,Sociology,Business & Management",False,False,False,
251-275,University of Trieste,-,378,19.6,372,14.3,380,82.2,85,33.6,290,48.5,221,master_account,0,/world-university-rankings/university-trieste,713,Italy,,,,,University of Trieste,"Computer Science,Psychology,Biological Sciences,Accounting & Finance,Medicine & Dentistry,Communication & Media Studies,Geology, Environmental, Earth & Marine Sciences,Physics & Astronomy,General Engineering,Politics & International Studies (incl Development Studies),Chemistry,Business & Management,Civil Engineering,Archaeology,Economics & Econometrics,Geography,Other Health,Mechanical & Aerospace Engineering,Architecture,Languages, Literature & Linguistics,Mathematics & Statistics,Sociology,Chemical Engineering,Electrical & Electronic Engineering,History, Philosophy & Theology,Law,Education",False,False,False,
251-275,Victoria University of Wellington,-,391,22.3,347,29.1,250,55.6,265,43.0,174,84.8,30,master_account,0,/world-university-rankings/victoria-university-wellington,736,New Zealand,,,,,Victoria University of Wellington,"History, Philosophy & Theology,Biological Sciences,Business & Management,Geology, Environmental, Earth & Marine Sciences,Psychology,Communication & Media Studies,Architecture,Mathematics & Statistics,Accounting & Finance,Other Health,Geography,Computer Science,Chemistry,Economics & Econometrics,Electrical & Electronic Engineering,Law,Art, Performing Arts & Design,Politics & International Studies (incl Development Studies),Languages, Literature & Linguistics,Sociology,Physics & Astronomy,Education",False,False,False,https://www.timeshighereducation.com/student/register-interest/aecc?utm_medium=thewebsite&utm_campaign=cta-link&utm_source=rankings&iid=i-06549291
251-275,University of Münster,-,349,35.9,220,20.4,335,63.6,205,38.2,240,43.2,252,master_account,0,/world-university-rankings/university-munster,756,Germany,,,,,University of Münster,"History, Philosophy & Theology,Geology, Environmental, Earth & Marine Sciences,Economics & Econometrics,Archaeology,Communication & Media Studies,Sport Science,Law,Art, Performing Arts & Design,Physics & Astronomy,Accounting & Finance,Medicine & Dentistry,Politics & International Studies (incl Development Studies),Computer Science,Sociology,Biological Sciences,Psychology,Languages, Literature & Linguistics,Chemistry,Business & Management,Other Health,Geography,Mathematics & Statistics,Education",False,False,False,
251-275,University of Campinas,-,292,51.7,94,46.8,121,26.5,396,44.9,152,20.9,385,master_account,0,/world-university-rankings/university-campinas,759,Brazil,,,,,University of Campinas,"Business & Management,Agriculture & Forestry,Computer Science,Chemistry,Sociology,Electrical & Electronic Engineering,Geography,History, Philosophy & Theology,Education,Communication & Media Studies,Politics & International Studies (incl Development Studies),Physics & Astronomy,General Engineering,Biological Sciences,Geology, Environmental, Earth & Marine Sciences,Economics & Econometrics,Other Health,Architecture,Mechanical & Aerospace Engineering,Accounting & Finance,Mathematics & Statistics,Sport Science,Medicine & Dentistry,Civil Engineering,Chemical Engineering,Art, Performing Arts & Design,Languages, Literature & Linguistics",False,False,False,
251-275,Queensland University of Technology,-,281,27.6,306,37.0,193,47.0,339,58.9,97,69.2,91,master_account,6,/world-university-rankings/queensland-university-technology,758,Australia,,,,,Queensland University of Technology qut,"Architecture,Politics & International Studies (incl Development Studies),Business & Management,Education,Computer Science,Accounting & Finance,Languages, Literature & Linguistics,Chemical Engineering,Electrical & Electronic Engineering,Chemistry,General Engineering,Other Health,Art, Performing Arts & Design,Sport Science,Geology, Environmental, Earth & Marine Sciences,Biological Sciences,Communication & Media Studies,Psychology,Civil Engineering,Law,Mathematics & Statistics,Economics & Econometrics,Physics & Astronomy,Geography,Mechanical & Aerospace Engineering",False,False,False,
251-275,Dalhousie University,-,222,30.2,281,29.8,245,54.3,273,65.0,80,59.1,149,master_account,11,/world-university-rankings/dalhousie-university,698,Canada,,,,,Dalhousie University,"Civil Engineering,Accounting & Finance,Chemical Engineering,Agriculture & Forestry,Other Health,History, Philosophy & Theology,Art, Performing Arts & Design,Chemistry,Mathematics & Statistics,Sociology,Mechanical & Aerospace Engineering,Geology, Environmental, Earth & Marine Sciences,Electrical & Electronic Engineering,Psychology,Politics & International Studies (incl Development Studies),General Engineering,Architecture,Languages, Literature & Linguistics,Communication & Media Studies,Biological Sciences,Business & Management,Medicine & Dentistry,Economics & Econometrics,Computer Science,Law,Veterinary Science,Sport Science,Physics & Astronomy",False,False,False,https://www.timeshighereducation.com/student/register-interest/applyboard?utm_medium=thewebsite&utm_campaign=cta-link&utm_source=rankings&iid=i-91697003
251-275,Indian Institute of Technology Bombay,-,234,47.3,125,33.1,216,45.6,343,52.7,115,19.9,391,master_account,0,/world-university-rankings/indian-institute-technology-bombay,782,India,,,,,Indian Institute of Technology Bombay,"Mechanical & Aerospace Engineering,Education,Electrical & Electronic Engineering,Geography,Civil Engineering,General Engineering,Politics & International Studies (incl Development Studies),Chemistry,Computer Science,Communication & Media Studies,Chemical Engineering,Business & Management,Art, Performing Arts & Design,Geology, Environmental, Earth & Marine Sciences,Physics & Astronomy,Mathematics & Statistics,Economics & Econometrics",False,False,False,
251-275,University of Connecticut,-,317,42.5,161,29.7,247,50.0,310,32.6,301,40.5,263,public,0,/world-university-rankings/university-connecticut,879,United States,,,,,University of Connecticut,"Physics & Astronomy,General Engineering,Other Health,Sport Science,Geography,Electrical & Electronic Engineering,Communication & Media Studies,Civil Engineering,Geology, Environmental, Earth & Marine Sciences,Accounting & Finance,Mechanical & Aerospace Engineering,Chemistry,Art, Performing Arts & Design,Agriculture & Forestry,Politics & International Studies (incl Development Studies),Languages, Literature & Linguistics,Chemical Engineering,Sociology,Medicine & Dentistry,Veterinary Science,Education,Computer Science,Mathematics & Statistics,Psychology,History, Philosophy & Theology,Biological Sciences,Law,Business & Management,Economics & Econometrics",False,False,False,https://www.timeshighereducation.com/student/register-interest/shorelight?utm_medium=thewebsite&utm_campaign=cta-link&utm_source=rankings&iid=i-04748462
251-275,University of Oregon,-,352,31.5,273,21.7,321,70.4,163,-,396,30.2,331,public,0,/world-university-rankings/university-oregon,880,United States,,,,,University of Oregon,"Architecture,Geography,Archaeology,Law,Economics & Econometrics,Art, Performing Arts & Design,Physics & Astronomy,Business & Management,Mathematics & Statistics,Psychology,Accounting & Finance,Computer Science,Communication & Media Studies,Biological Sciences,Sociology,History, Philosophy & Theology,Geology, Environmental, Earth & Marine Sciences,Languages, Literature & Linguistics,Chemistry,Sport Science,Education,Chemical Engineering,Politics & International Studies (incl Development Studies)",False,False,False,https://www.timeshighereducation.com/student/register-interest/shorelight?utm_medium=thewebsite&utm_campaign=cta-link&utm_source=rankings&iid=i-76164771
251-275,University of Milan,-,344,36.3,214,24.2,297,61.0,227,38.2,239,35.7,292,master_account,0,/world-university-rankings/university-milan,704,Italy,,,,,University of Milan,"Medicine & Dentistry,Psychology,Agriculture & Forestry,Physics & Astronomy,Art, Performing Arts & Design,Geography,Computer Science,Archaeology,Chemical Engineering,Politics & International Studies (incl Development Studies),Veterinary Science,Biological Sciences,Sociology,Accounting & Finance,History, Philosophy & Theology,Other Health,Mathematics & Statistics,Chemistry,Economics & Econometrics,Geology, Environmental, Earth & Marine Sciences,Business & Management,Communication & Media Studies,Law,Sport Science,Languages, Literature & Linguistics",False,False,False,
251-275,University of Kiel,-,337,32.1,267,27.0,271,62.5,218,35.6,265,44.6,246,master_account,0,/world-university-rankings/university-kiel,724,Germany,,,,,University of Kiel,"Art, Performing Arts & Design,Civil Engineering,Sociology,Other Health,Biological Sciences,Education,Electrical & Electronic Engineering,Mathematics & Statistics,Business & Management,History, Philosophy & Theology,Mechanical & Aerospace Engineering,Communication & Media Studies,Medicine & Dentistry,Physics & Astronomy,Psychology,Archaeology,Sport Science,Law,Agriculture & Forestry,Politics & International Studies (incl Development Studies),Chemical Engineering,Geography,General Engineering,Chemistry,Accounting & Finance,Languages, Literature & Linguistics,Computer Science,Geology, Environmental, Earth & Marine Sciences,Economics & Econometrics",False,False,False,
251-275,University of Milan-Bicocca,-,343,26.1,318,21.1,331,76.0,123,39.0,226,36.2,289,master_account,0,/world-university-rankings/university-milan-bicocca,705,Italy,,,,,University of Milan-Bicocca,"Computer Science,Psychology,Accounting & Finance,Physics & Astronomy,Economics & Econometrics,History, Philosophy & Theology,Biological Sciences,Languages, Literature & Linguistics,Politics & International Studies (incl Development Studies),Chemistry,Business & Management,Education,Other Health,Sociology,Geology, Environmental, Earth & Marine Sciences,Communication & Media Studies,Mathematics & Statistics,Law,Medicine & Dentistry",False,False,False,
251-275,Aalto University,-,202,34.4,241,26.8,273,50.1,309,73.7,60,52.0,198,master_account,0,/world-university-rankings/aalto-university,767,Finland,,,,,Aalto University,"Physics & Astronomy,Business & Management,Mathematics & Statistics,Civil Engineering,Economics & Econometrics,Accounting & Finance,Computer Science,Art, Performing Arts & Design,Electrical & Electronic Engineering,Chemistry,Architecture,Psychology,Chemical Engineering,General Engineering,Mechanical & Aerospace Engineering,Communication & Media Studies,Education",False,False,False,
251-275,Nanjing University,-,262,41.3,170,25.3,288,52.1,290,47.7,138,48.4,222,master_account,0,/world-university-rankings/nanjing-university,727,China,,,,,Nanjing University,"History, Philosophy & Theology,Psychology,Mathematics & Statistics,Archaeology,Languages, Literature & Linguistics,Education,Chemical Engineering,Art, Performing Arts & Design,Economics & Econometrics,Biological Sciences,Physics & Astronomy,Business & Management,Communication & Media Studies,Electrical & Electronic Engineering,Sociology,Politics & International Studies (incl Development Studies),Medicine & Dentistry,Chemistry,Other Health,Computer Science,Law,General Engineering,Geography,Architecture,Geology, Environmental, Earth & Marine Sciences,Accounting & Finance",False,False,False,
251-275,University of Essex,-,323,33.7,247,34.6,205,39.6,369,31.0,326,86.4,21,master_account,0,/world-university-rankings/university-essex,674,United Kingdom,,,,,University of Essex,"Computer Science,Psychology,Art, Performing Arts & Design,Law,Electrical & Electronic Engineering,Business & Management,Communication & Media Studies,Languages, Literature & Linguistics,Mathematics & Statistics,History, Philosophy & Theology,Economics & Econometrics,Biological Sciences,Accounting & Finance,Sport Science,Other Health,Sociology,General Engineering,Politics & International Studies (incl Development Studies)",False,False,False,https://www.timeshighereducation.com/student/register-interest/siuk?utm_medium=thewebsite&utm_campaign=cta-link&utm_source=rankings&iid=i-74984323
251-275,National Chiao Tung University,-,266,39.6,181,49.6,113,31.5,390,99.0,19,27.2,359,master_account,0,/world-university-rankings/national-chiao-tung-university,707,Taiwan,,,,,National Chiao Tung University,"Mechanical & Aerospace Engineering,Architecture,Physics & Astronomy,Languages, Literature & Linguistics,Biological Sciences,Education,Law,Chemistry,Civil Engineering,Art, Performing Arts & Design,Mathematics & Statistics,General Engineering,Computer Science,Business & Management,Electrical & Electronic Engineering,Accounting & Finance,Communication & Media Studies,Geology, Environmental, Earth & Marine Sciences,Chemical Engineering",False,False,False,
251-275,Umeå University,-,306,23.5,336,34.5,206,59.6,235,29.7,343,52.4,196,master_account,0,/world-university-rankings/umea-university,688,Sweden,,,,,Umeå University,"Medicine & Dentistry,Geology, Environmental, Earth & Marine Sciences,Law,Computer Science,Communication & Media Studies,Psychology,Other Health,Accounting & Finance,Languages, Literature & Linguistics,Electrical & Electronic Engineering,Physics & Astronomy,Business & Management,Art, Performing Arts & Design,General Engineering,Chemistry,Education,Architecture,Civil Engineering,Mathematics & Statistics,Chemical Engineering,Economics & Econometrics,Archaeology,Biological Sciences,Politics & International Studies (incl Development Studies),Agriculture & Forestry,Sociology,History, Philosophy & Theology,Mechanical & Aerospace Engineering,Sport Science,Geography",False,False,False,
251-275,Norwegian University of Science and Technology,-,275,34.2,244,27.7,261,50.8,302,45.2,149,57.5,164,master_account,0,/world-university-rankings/norwegian-university-science-and-technology,729,Norway,,,,,Norwegian University of Science and Technology,"History, Philosophy & Theology,Chemical Engineering,Art, Performing Arts & Design,Other Health,Physics & Astronomy,Archaeology,Sport Science,Economics & Econometrics,Computer Science,Chemistry,Medicine & Dentistry,Mathematics & Statistics,Architecture,Biological Sciences,Accounting & Finance,Mechanical & Aerospace Engineering,Politics & International Studies (incl Development Studies),Education,General Engineering,Geology, Environmental, Earth & Marine Sciences,Languages, Literature & Linguistics,Electrical & Electronic Engineering,Communication & Media Studies,Geography,Civil Engineering,Sociology,Psychology,Business & Management",False,False,False,
251-275,University of Iceland,-,332,11.4,399,28.0,257,71.0,160,74.4,59,59.9,144,master_account,0,/world-university-rankings/university-iceland,749,Iceland,,,,,University of Iceland,"Computer Science,Chemistry,Economics & Econometrics,Business & Management,Electrical & Electronic Engineering,Geography,Archaeology,Chemical Engineering,Law,Civil Engineering,Politics & International Studies (incl Development Studies),Biological Sciences,General Engineering,Geology, Environmental, Earth & Marine Sciences,Psychology,Other Health,Physics & Astronomy,Communication & Media Studies,Medicine & Dentistry,Sport Science,Education,Languages, Literature & Linguistics,Mechanical & Aerospace Engineering,Sociology,History, Philosophy & Theology,Mathematics & Statistics,Accounting & Finance",False,False,False,
251-275,TU Wien,-,392,44.8,144,32.4,225,34.2,383,65.5,77,71.4,79,master_account,0,/world-university-rankings/tu-wien,810,Austria,,,,,TU Wien,"General Engineering,Geology, Environmental, Earth & Marine Sciences,Physics & Astronomy,Computer Science,Mathematics & Statistics,Architecture,Chemistry,Chemical Engineering,Civil Engineering,Electrical & Electronic Engineering",False,False,False,
276-300,Queen’s University Belfast,-,282,28.0,301,23.8,304,52.2,288,48.1,135,87.1,18,master_account,11,/world-university-rankings/queens-university-belfast,730,United Kingdom,,,,,Queen’s University Belfast qub queen&#039;s,"Economics & Econometrics,Architecture,Chemical Engineering,Communication & Media Studies,Sociology,Mechanical & Aerospace Engineering,Agriculture & Forestry,Accounting & Finance,Business & Management,Civil Engineering,Chemistry,Other Health,Geography,Archaeology,Psychology,Education,Medicine & Dentistry,Electrical & Electronic Engineering,Computer Science,Physics & Astronomy,History, Philosophy & Theology,Law,Biological Sciences,Mathematics & Statistics,Geology, Environmental, Earth & Marine Sciences,Languages, Literature & Linguistics,Politics & International Studies (incl Development Studies),Art, Performing Arts & Design",False,False,False,
276-300,Istanbul Technical University,-,237,34.9,230,25.5,287,52.9,283,98.0,24,20.8,386,master_account,0,/world-university-rankings/istanbul-technical-university,750,Turkey,,,,,Istanbul Technical University,"Archaeology,Civil Engineering,Business & Management,Economics & Econometrics,Geology, Environmental, Earth & Marine Sciences,Mechanical & Aerospace Engineering,Chemistry,Computer Science,Biological Sciences,General Engineering,Physics & Astronomy,Communication & Media Studies,Architecture,Chemical Engineering,Electrical & Electronic Engineering,Mathematics & Statistics,Politics & International Studies (incl Development Studies),Art, Performing Arts & Design,Sociology,Accounting & Finance",False,False,False,
276-300,University of Southern Denmark,-,365,18.6,382,19.6,344,67.3,176,75.5,57,67.3,102,master_account,0,/world-university-rankings/university-southern-denmark,731,Denmark,,,,,University of Southern Denmark,"Civil Engineering,Law,History, Philosophy & Theology,Mechanical & Aerospace Engineering,Politics & International Studies (incl Development Studies),Computer Science,Geology, Environmental, Earth & Marine Sciences,Economics & Econometrics,Chemical Engineering,Business & Management,Other Health,Electrical & Electronic Engineering,Communication & Media Studies,Medicine & Dentistry,General Engineering,Chemistry,Physics & Astronomy,Accounting & Finance,Art, Performing Arts & Design,Biological Sciences,Psychology,Sport Science,Sociology,Languages, Literature & Linguistics,Mathematics & Statistics,Education",False,False,False,
276-300,University of Kansas,-,335,36.1,219,20.5,334,57.2,253,34.5,279,28.1,345,public,0,/world-university-rankings/university-kansas,751,United States,,,,,University of Kansas,"Architecture,Sport Science,Law,Art, Performing Arts & Design,Electrical & Electronic Engineering,Politics & International Studies (incl Development Studies),Computer Science,Geology, Environmental, Earth & Marine Sciences,Languages, Literature & Linguistics,Chemical Engineering,Geography,Economics & Econometrics,General Engineering,Chemistry,Accounting & Finance,History, Philosophy & Theology,Civil Engineering,Sociology,Agriculture & Forestry,Other Health,Physics & Astronomy,Psychology,Biological Sciences,Archaeology,Education,Medicine & Dentistry,Mathematics & Statistics,Business & Management,Communication & Media Studies,Mechanical & Aerospace Engineering",False,False,False,https://www.timeshighereducation.com/student/register-interest/shorelight?utm_medium=thewebsite&utm_campaign=cta-link&utm_source=rankings&iid=i-11245372
276-300,University of Newcastle,-,350,21.1,357,29.0,251,49.8,311,72.9,62,70.5,82,master_account,0,/world-university-rankings/university-newcastle,757,Australia,,,,,University of Newcastle Australia Newcastle,"Law,Psychology,Communication & Media Studies,Mathematics & Statistics,Biological Sciences,Civil Engineering,Economics & Econometrics,Electrical & Electronic Engineering,Geology, Environmental, Earth & Marine Sciences,Business & Management,Accounting & Finance,Other Health,Mechanical & Aerospace Engineering,Computer Science,Medicine & Dentistry,Architecture,Chemistry,Physics & Astronomy,Politics & International Studies (incl Development Studies),General Engineering,Sociology,Geography,Chemical Engineering,Languages, Literature & Linguistics,Art, Performing Arts & Design,Sport Science,Education,History, Philosophy & Theology,Agriculture & Forestry",False,False,False,https://www.timeshighereducation.com/student/register-interest/aecc?utm_medium=thewebsite&utm_campaign=cta-link&utm_source=rankings&iid=i-35453247
276-300,University of Bologna,-,313,34.4,242,27.4,265,53.9,275,35.1,272,37.6,277,master_account,11,/world-university-rankings/university-bologna,692,Italy,,,,,University of Bologna,"Sport Science,Veterinary Science,Communication & Media Studies,Chemical Engineering,Other Health,History, Philosophy & Theology,Mathematics & Statistics,Business & Management,Computer Science,Mechanical & Aerospace Engineering,Politics & International Studies (incl Development Studies),Economics & Econometrics,Civil Engineering,Languages, Literature & Linguistics,Medicine & Dentistry,Geology, Environmental, Earth & Marine Sciences,Sociology,Biological Sciences,Archaeology,Law,Art, Performing Arts & Design,Accounting & Finance,Education,Electrical & Electronic Engineering,Physics & Astronomy,Chemistry,General Engineering,Psychology,Architecture,Agriculture & Forestry,Geography",False,False,False,
276-300,Swedish University of Agricultural Sciences,-,297,28.4,297,25.3,289,54.6,271,99.8,13,46.8,236,master_account,0,/world-university-rankings/swedish-university-agricultural-sciences,711,Sweden,,,,,Swedish University of Agricultural Sciences,"Biological Sciences,Architecture,Geology, Environmental, Earth & Marine Sciences,Civil Engineering,Veterinary Science,Economics & Econometrics,Communication & Media Studies,Chemistry,Agriculture & Forestry,Business & Management,Politics & International Studies (incl Development Studies)",False,False,False,
276-300,Bielefeld University,-,208,27.4,307,20.3,336,63.5,206,35.1,271,47.5,231,master_account,0,/world-university-rankings/bielefeld-university,717,Germany,,,,,Bielefeld University,"Languages, Literature & Linguistics,Chemistry,Accounting & Finance,Physics & Astronomy,Biological Sciences,Mathematics & Statistics,Education,Economics & Econometrics,Sport Science,Other Health,Communication & Media Studies,History, Philosophy & Theology,Chemical Engineering,Geology, Environmental, Earth & Marine Sciences,Psychology,Art, Performing Arts & Design,Medicine & Dentistry,Business & Management,Politics & International Studies (incl Development Studies),Sociology,Law,Computer Science",False,False,False,
276-300,Bangor University,-,206,27.6,304,25.7,285,53.8,276,31.6,317,70.3,83,master_account,0,/world-university-rankings/bangor-university,715,United Kingdom,,,,,Bangor University,"Economics & Econometrics,Accounting & Finance,Geology, Environmental, Earth & Marine Sciences,Law,Art, Performing Arts & Design,Archaeology,Politics & International Studies (incl Development Studies),Education,Electrical & Electronic Engineering,Business & Management,Computer Science,Communication & Media Studies,Languages, Literature & Linguistics,History, Philosophy & Theology,Psychology,Biological Sciences,Geography,Sport Science,Sociology,Other Health,Agriculture & Forestry",False,False,False,https://www.timeshighereducation.com/student/register-interest/siuk?utm_medium=thewebsite&utm_campaign=cta-link&utm_source=rankings&iid=i-57489761
276-300,Virginia Polytechnic Institute and State University,-,393,38.5,192,44.4,137,37.2,378,27.9,364,27.8,353,public,11,/world-university-rankings/virginia-polytechnic-institute-and-state-university,737,United States,,,,,Virginia Polytechnic Institute and State University virginia tech virginia,"Languages, Literature & Linguistics,Agriculture & Forestry,General Engineering,Mathematics & Statistics,Other Health,Psychology,Accounting & Finance,Architecture,Chemical Engineering,Biological Sciences,Sociology,Sport Science,Mechanical & Aerospace Engineering,History, Philosophy & Theology,Physics & Astronomy,Art, Performing Arts & Design,Medicine & Dentistry,Veterinary Science,Business & Management,Electrical & Electronic Engineering,Civil Engineering,Geography,Archaeology,Education,Communication & Media Studies,Chemistry,Geology, Environmental, Earth & Marine Sciences,Politics & International Studies (incl Development Studies),Economics & Econometrics,Computer Science",False,False,False,
276-300,Montpellier University,-,259,22.2,348,25.8,284,64.4,194,32.8,298,54.2,186,master_account,0,/world-university-rankings/montpellier-university,755,France,,,,,Montpellier University,"Geology, Environmental, Earth & Marine Sciences,Agriculture & Forestry,Accounting & Finance,Biological Sciences,Law,Other Health,Mechanical & Aerospace Engineering,Veterinary Science,General Engineering,Business & Management,Economics & Econometrics,Computer Science,Electrical & Electronic Engineering,Civil Engineering,Chemical Engineering,Physics & Astronomy,Medicine & Dentistry,Mathematics & Statistics,Politics & International Studies (incl Development Studies),Chemistry,Education,Sport Science",False,False,False,
276-300,"Colorado State University, Fort Collins",-,220,30.8,278,32.0,227,55.8,262,-,369,29.8,333,public,0,/world-university-rankings/colorado-state-university-fort-collins-0,696,United States,,,,,"Colorado State University, Fort Collins","Education,Archaeology,Veterinary Science,Other Health,Geography,Civil Engineering,Computer Science,Sociology,History, Philosophy & Theology,Electrical & Electronic Engineering,Biological Sciences,Art, Performing Arts & Design,Psychology,Agriculture & Forestry,Languages, Literature & Linguistics,Accounting & Finance,Chemistry,Physics & Astronomy,Economics & Econometrics,Geology, Environmental, Earth & Marine Sciences,Chemical Engineering,Communication & Media Studies,Mechanical & Aerospace Engineering,Politics & International Studies (incl Development Studies),General Engineering,Sport Science,Business & Management,Mathematics & Statistics",False,False,False,https://www.timeshighereducation.com/student/into-university-partnerships?utm_medium=thewebsite&utm_campaign=cta-link&utm_source=rankings&iid=i-29201174
276-300,University of Bath,-,311,28.0,302,28.8,254,50.2,307,42.8,177,75.9,66,master_account,11,/world-university-rankings/university-bath,716,United Kingdom,,,,,University of Bath,"Languages, Literature & Linguistics,Mathematics & Statistics,Accounting & Finance,Education,Civil Engineering,Architecture,Physics & Astronomy,Business & Management,General Engineering,Geology, Environmental, Earth & Marine Sciences,Mechanical & Aerospace Engineering,Psychology,Economics & Econometrics,Sport Science,Chemical Engineering,Politics & International Studies (incl Development Studies),Other Health,Biological Sciences,Computer Science,Sociology,Electrical & Electronic Engineering,Chemistry",False,False,False,https://www.timeshighereducation.com/student/register-interest/siuk?utm_medium=thewebsite&utm_campaign=cta-link&utm_source=rankings&iid=i-70346313
276-300,Ruhr University Bochum,-,285,36.7,209,32.9,218,42.4,360,54.3,109,48.3,225,master_account,0,/world-university-rankings/ruhr-university-bochum,718,Germany,,,,,Ruhr University Bochum,"Education,Art, Performing Arts & Design,Biological Sciences,Law,Accounting & Finance,Electrical & Electronic Engineering,General Engineering,Mathematics & Statistics,Psychology,Other Health,Agriculture & Forestry,Geography,Business & Management,Computer Science,Sport Science,History, Philosophy & Theology,Communication & Media Studies,Languages, Literature & Linguistics,Civil Engineering,Geology, Environmental, Earth & Marine Sciences,Mechanical & Aerospace Engineering,Chemistry,Medicine & Dentistry,Sociology,Archaeology,Politics & International Studies (incl Development Studies),Physics & Astronomy,Economics & Econometrics",False,False,False,
276-300,Aberystwyth University,-,203,23.8,333,21.7,320,64.3,195,34.9,273,63.1,130,master_account,0,/world-university-rankings/aberystwyth-university,741,United Kingdom,,,,,Aberystwyth University,"Other Health,Agriculture & Forestry,Geology, Environmental, Earth & Marine Sciences,Electrical & Electronic Engineering,Languages, Literature & Linguistics,Psychology,Mathematics & Statistics,Sport Science,Economics & Econometrics,Education,Sociology,Veterinary Science,Law,Business & Management,Politics & International Studies (incl Development Studies),Biological Sciences,History, Philosophy & Theology,Computer Science,Communication & Media Studies,Physics & Astronomy,Accounting & Finance,Art, Performing Arts & Design,Geography",False,False,False,https://www.timeshighereducation.com/student/register-interest/siuk?utm_medium=thewebsite&utm_campaign=cta-link&utm_source=rankings&iid=i-97330263
276-300,Shanghai Jiao Tong University,-,287,43.4,155,37.9,189,31.3,391,76.1,55,20.7,387,master_account,0,/world-university-rankings/shanghai-jiao-tong-university,801,China,,,,,Shanghai Jiao Tong University SJTU,"Geology, Environmental, Earth & Marine Sciences,General Engineering,Politics & International Studies (incl Development Studies),Sociology,Medicine & Dentistry,Biological Sciences,Communication & Media Studies,Chemical Engineering,Veterinary Science,Business & Management,Architecture,Psychology,Law,Mechanical & Aerospace Engineering,Art, Performing Arts & Design,Education,Agriculture & Forestry,Languages, Literature & Linguistics,Sport Science,Economics & Econometrics,Accounting & Finance,Mathematics & Statistics,Electrical & Electronic Engineering,Civil Engineering,Computer Science,Other Health,Physics & Astronomy,History, Philosophy & Theology,Chemistry",False,False,False,
276-300,Drexel University,-,224,34.7,236,14.9,376,65.1,189,34.7,277,36.6,284,private,0,/world-university-rankings/drexel-university,699,United States,,,,,Drexel University,"Communication & Media Studies,Languages, Literature & Linguistics,Mechanical & Aerospace Engineering,History, Philosophy & Theology,Biological Sciences,Education,Sociology,Politics & International Studies (incl Development Studies),Economics & Econometrics,Business & Management,Chemical Engineering,Civil Engineering,Mathematics & Statistics,Agriculture & Forestry,Architecture,Accounting & Finance,General Engineering,Psychology,Veterinary Science,Physics & Astronomy,Other Health,Computer Science,Geology, Environmental, Earth & Marine Sciences,Sport Science,Chemistry,Law,Electrical & Electronic Engineering,Art, Performing Arts & Design,Medicine & Dentistry",False,False,False,https://www.timeshighereducation.com/student/register-interest/shorelight?utm_medium=thewebsite&utm_campaign=cta-link&utm_source=rankings&iid=i-39843311
276-300,TU Dresden,-,303,29.7,286,15.6,372,63.9,200,36.1,257,48.9,219,master_account,0,/world-university-rankings/tu-dresden,720,Germany,,,,,TU Dresden,"Civil Engineering,Biological Sciences,General Engineering,History, Philosophy & Theology,Geography,Education,Agriculture & Forestry,Physics & Astronomy,Communication & Media Studies,Sociology,Psychology,Electrical & Electronic Engineering,Medicine & Dentistry,Economics & Econometrics,Business & Management,Chemical Engineering,Mechanical & Aerospace Engineering,Geology, Environmental, Earth & Marine Sciences,Chemistry,Architecture,Accounting & Finance,Computer Science,Politics & International Studies (incl Development Studies),Languages, Literature & Linguistics,Other Health,Mathematics & Statistics",False,False,False,
276-300,Tokyo Medical and Dental University (TMDU),-,300,47.5,124,21.6,322,47.1,336,45.4,146,21.9,382,master_account,0,/world-university-rankings/tokyo-medical-and-dental-university-tmdu,762,Japan,,,,,Tokyo Medical and Dental University (TMDU),"Geology, Environmental, Earth & Marine Sciences,Medicine & Dentistry,Politics & International Studies (incl Development Studies),History, Philosophy & Theology,Education,Communication & Media Studies,Agriculture & Forestry,Veterinary Science,Art, Performing Arts & Design,Civil Engineering,Chemical Engineering,Electrical & Electronic Engineering,Biological Sciences,Physics & Astronomy,Accounting & Finance,Economics & Econometrics,Business & Management,Archaeology,Chemistry,Mechanical & Aerospace Engineering,Architecture,Computer Science,Psychology,Sport Science,Law,Mathematics & Statistics,General Engineering,Other Health,Sociology,Languages, Literature & Linguistics,Geography",False,False,False,
276-300,University of Trento,-,377,28.7,294,21.9,319,62.1,221,45.3,148,51.2,203,master_account,0,/world-university-rankings/university-trento,763,Italy,,,,,University of Trento,"Archaeology,Sport Science,Mathematics & Statistics,Business & Management,Physics & Astronomy,Chemical Engineering,Law,Economics & Econometrics,Accounting & Finance,Politics & International Studies (incl Development Studies),Languages, Literature & Linguistics,Architecture,Computer Science,Sociology,History, Philosophy & Theology,Civil Engineering,Biological Sciences,Psychology,Electrical & Electronic Engineering,Mechanical & Aerospace Engineering,Geology, Environmental, Earth & Marine Sciences,Agriculture & Forestry,Medicine & Dentistry,Art, Performing Arts & Design",False,False,False,
276-300,University of Bayreuth,-,207,25.6,321,14.9,375,72.1,149,35.4,267,50.4,207,master_account,0,/world-university-rankings/university-bayreuth,881,Germany,,,,,University of Bayreuth,"Economics & Econometrics,Languages, Literature & Linguistics,Mathematics & Statistics,Other Health,Education,Politics & International Studies (incl Development Studies),Chemical Engineering,Communication & Media Studies,Computer Science,Mechanical & Aerospace Engineering,History, Philosophy & Theology,Electrical & Electronic Engineering,Law,General Engineering,Geology, Environmental, Earth & Marine Sciences,Sport Science,Business & Management,Chemistry,Geography,Sociology,Physics & Astronomy,Biological Sciences,Accounting & Finance,Art, Performing Arts & Design",False,False,False,
276-300,University of South Carolina-Columbia,-,363,37.5,201,28.0,258,53.2,281,30.8,330,31.3,321,public,0,/world-university-rankings/university-south-carolina-columbia,683,United States,,,,,University of South Carolina-Columbia,"General Engineering,Chemistry,Geography,Medicine & Dentistry,Business & Management,Education,Physics & Astronomy,Biological Sciences,Accounting & Finance,Chemical Engineering,Electrical & Electronic Engineering,Sport Science,Law,Languages, Literature & Linguistics,Communication & Media Studies,Mechanical & Aerospace Engineering,Sociology,Computer Science,Other Health,Geology, Environmental, Earth & Marine Sciences,Psychology,History, Philosophy & Theology,Economics & Econometrics,Civil Engineering,Art, Performing Arts & Design,Politics & International Studies (incl Development Studies),Mathematics & Statistics",False,False,False,https://www.timeshighereducation.com/student/register-interest/shorelight?utm_medium=thewebsite&utm_campaign=cta-link&utm_source=rankings&iid=i-43280749
276-300,University of Montana,-,348,28.9,291,14.9,377,72.1,151,34.1,285,24.9,370,public,0,/world-university-rankings/university-montana,882,United States,,,,,University of Montana,"Medicine & Dentistry,Law,Sport Science,Geography,Computer Science,Psychology,History, Philosophy & Theology,Chemistry,Business & Management,Communication & Media Studies,Other Health,Geology, Environmental, Earth & Marine Sciences,Economics & Econometrics,Biological Sciences,Sociology,Agriculture & Forestry,Education,Languages, Literature & Linguistics,Physics & Astronomy,Accounting & Finance,Art, Performing Arts & Design,Mathematics & Statistics,Politics & International Studies (incl Development Studies)",False,False,False,https://www.timeshighereducation.com/student/register-interest/shorelight?utm_medium=thewebsite&utm_campaign=cta-link&utm_source=rankings&iid=i-73004561
276-300,Oregon State University,-,276,27.1,312,24.2,296,64.1,199,31.0,325,34.2,301,public,0,/world-university-rankings/oregon-state-university,883,United States,,,,,Oregon State University,"Mechanical & Aerospace Engineering,Chemistry,Veterinary Science,Computer Science,Geography,Art, Performing Arts & Design,Psychology,Civil Engineering,Agriculture & Forestry,Sport Science,Education,Biological Sciences,Sociology,Economics & Econometrics,Politics & International Studies (incl Development Studies),Electrical & Electronic Engineering,Geology, Environmental, Earth & Marine Sciences,History, Philosophy & Theology,Languages, Literature & Linguistics,Mathematics & Statistics,Chemical Engineering,Business & Management,Other Health,Physics & Astronomy,Accounting & Finance,Communication & Media Studies",False,False,False,https://www.timeshighereducation.com/student/into-university-partnerships?utm_medium=thewebsite&utm_campaign=cta-link&utm_source=rankings&iid=i-42892913
276-300,University of Turin,-,381,22.6,343,23.4,306,66.2,184,40.4,203,36.3,287,master_account,0,/world-university-rankings/university-turin,884,Italy,,,,,University of Turin,"Sport Science,Art, Performing Arts & Design,Geology, Environmental, Earth & Marine Sciences,Psychology,Sociology,Business & Management,Accounting & Finance,Chemistry,Politics & International Studies (incl Development Studies),History, Philosophy & Theology,Veterinary Science,Communication & Media Studies,Other Health,Agriculture & Forestry,Computer Science,Law,Mathematics & Statistics,Languages, Literature & Linguistics,Medicine & Dentistry,Education,Biological Sciences,Physics & Astronomy,Geography,Economics & Econometrics,Archaeology",False,False,False,
276-300,Boğaziçi University,-,211,35.4,225,33.9,211,48.1,326,38.4,232,36.7,283,master_account,0,/world-university-rankings/bogazici-university,772,Turkey,,,,,Boğaziçi University,"General Engineering,Geology, Environmental, Earth & Marine Sciences,Medicine & Dentistry,Mathematics & Statistics,History, Philosophy & Theology,Chemical Engineering,Veterinary Science,Geography,Economics & Econometrics,Archaeology,Biological Sciences,Law,Accounting & Finance,Art, Performing Arts & Design,Mechanical & Aerospace Engineering,Sociology,Languages, Literature & Linguistics,Civil Engineering,Politics & International Studies (incl Development Studies),Psychology,Architecture,Agriculture & Forestry,Sport Science,Education,Electrical & Electronic Engineering,Communication & Media Studies,Other Health,Physics & Astronomy,Computer Science,Chemistry,Business & Management",False,False,False,
301-350,University of Canterbury,-,315,19.9,370,24.0,300,48.4,321,49.8,126,88.0,16,master_account,6,/world-university-rankings/university-canterbury,773,New Zealand,,,,,University of Canterbury,"Biological Sciences,Education,Accounting & Finance,Civil Engineering,Physics & Astronomy,Communication & Media Studies,Sociology,General Engineering,Geography,Veterinary Science,History, Philosophy & Theology,Languages, Literature & Linguistics,Sport Science,Chemistry,Psychology,Architecture,Business & Management,Computer Science,Geology, Environmental, Earth & Marine Sciences,Other Health,Medicine & Dentistry,Chemical Engineering,Mechanical & Aerospace Engineering,Archaeology,Economics & Econometrics,Law,Politics & International Studies (incl Development Studies),Mathematics & Statistics,Agriculture & Forestry,Art, Performing Arts & Design,Electrical & Electronic Engineering",False,False,False,https://www.timeshighereducation.com/student/register-interest/aecc?utm_medium=thewebsite&utm_campaign=cta-link&utm_source=rankings&iid=i-36383713
301-350,"University of Maryland, Baltimore County",-,342,19.4,375,16.4,368,65.2,188,32.6,302,32.6,315,public,0,/world-university-rankings/university-maryland-baltimore-county,791,United States,,,,,"University of Maryland, Baltimore County","Agriculture & Forestry,Sociology,General Engineering,Politics & International Studies (incl Development Studies),Civil Engineering,Education,History, Philosophy & Theology,Chemistry,Business & Management,Mechanical & Aerospace Engineering,Geography,Electrical & Electronic Engineering,Physics & Astronomy,Languages, Literature & Linguistics,Chemical Engineering,Psychology,Other Health,Communication & Media Studies,Computer Science,Mathematics & Statistics,Accounting & Finance,Art, Performing Arts & Design,Biological Sciences,Economics & Econometrics",False,False,False,https://www.timeshighereducation.com/student/register-interest/shorelight?utm_medium=thewebsite&utm_campaign=cta-link&utm_source=rankings&iid=i-79454013
301-350,Vrije Universiteit Brussel,-,394,26.7,315,26.8,275,53.8,277,37.5,245,48.4,224,master_account,0,/world-university-rankings/vrije-universiteit-brussel,811,Belgium,,,,,Vrije Universiteit Brussel,"Architecture,Politics & International Studies (incl Development Studies),Business & Management,Computer Science,History, Philosophy & Theology,Chemistry,Electrical & Electronic Engineering,Education,Other Health,Chemical Engineering,Economics & Econometrics,Physics & Astronomy,Mathematics & Statistics,Geography,Biological Sciences,Sport Science,Sociology,General Engineering,Languages, Literature & Linguistics,Civil Engineering,Communication & Media Studies,Medicine & Dentistry,Mechanical & Aerospace Engineering,Law,Geology, Environmental, Earth & Marine Sciences,Psychology",False,False,False,
301-350,University of Fribourg,-,325,20.8,363,11.0,391,69.4,169,-,390,59.5,148,master_account,0,/world-university-rankings/university-fribourg,887,Switzerland,,,,,University of Fribourg,"Geography,Computer Science,Biological Sciences,Archaeology,Politics & International Studies (incl Development Studies),Physics & Astronomy,Law,Communication & Media Studies,Medicine & Dentistry,Accounting & Finance,Mathematics & Statistics,Chemistry,Education,Sociology,Other Health,Languages, Literature & Linguistics,Geology, Environmental, Earth & Marine Sciences,Sport Science,Business & Management,Economics & Econometrics,History, Philosophy & Theology,Psychology",False,False,False,
301-350,University of South Australia,-,362,28.4,298,25.0,292,34.1,384,83.7,40,81.0,47,master_account,0,/world-university-rankings/university-south-australia,855,Australia,,,,,University of South Australia,"History, Philosophy & Theology,Biological Sciences,Accounting & Finance,Electrical & Electronic Engineering,Sociology,Computer Science,Business & Management,Languages, Literature & Linguistics,Sport Science,General Engineering,Civil Engineering,Law,Medicine & Dentistry,Mathematics & Statistics,Economics & Econometrics,Art, Performing Arts & Design,Architecture,Mechanical & Aerospace Engineering,Education,Communication & Media Studies,Geology, Environmental, Earth & Marine Sciences,Other Health,Psychology",False,False,False,https://www.timeshighereducation.com/student/register-interest/aecc?utm_medium=thewebsite&utm_campaign=cta-link&utm_source=rankings&iid=i-71919185
301-350,SUNY University at Albany,-,293,30.2,282,30.0,242,52.9,284,-,381,27.8,352,public,0,/world-university-rankings/suny-university-albany,710,United States,,,,,SUNY University at Albany,"Business & Management,Sociology,Politics & International Studies (incl Development Studies),Geology, Environmental, Earth & Marine Sciences,Art, Performing Arts & Design,Archaeology,Economics & Econometrics,Other Health,Physics & Astronomy,Electrical & Electronic Engineering,Communication & Media Studies,Languages, Literature & Linguistics,Psychology,Education,Biological Sciences,Computer Science,Accounting & Finance,Geography,Chemistry,Mathematics & Statistics,History, Philosophy & Theology",False,False,False,https://www.timeshighereducation.com/student/register-interest/shorelight?utm_medium=thewebsite&utm_campaign=cta-link&utm_source=rankings&iid=i-55365012
301-350,Medical University of Vienna,-,256,23.7,334,13.4,384,66.0,185,33.2,295,66.2,111,master_account,0,/world-university-rankings/medical-university-vienna,889,Austria,,,,,Medical University of Vienna,"Other Health,Medicine & Dentistry",False,False,False,
301-350,University of Kentucky,-,336,39.1,187,27.8,260,45.5,345,-,393,21.7,384,public,0,/world-university-rankings/university-kentucky,752,United States,,,,,University of Kentucky,"Agriculture & Forestry,Chemistry,Education,Economics & Econometrics,Business & Management,Electrical & Electronic Engineering,Civil Engineering,Computer Science,Communication & Media Studies,Mechanical & Aerospace Engineering,Other Health,Physics & Astronomy,Mathematics & Statistics,General Engineering,Law,Medicine & Dentistry,Sociology,Politics & International Studies (incl Development Studies),Biological Sciences,Art, Performing Arts & Design,History, Philosophy & Theology,Veterinary Science,Sport Science,Architecture,Geology, Environmental, Earth & Marine Sciences,Geography,Psychology,Accounting & Finance,Languages, Literature & Linguistics,Chemical Engineering",False,False,False,https://www.timeshighereducation.com/student/register-interest/shorelight?utm_medium=thewebsite&utm_campaign=cta-link&utm_source=rankings&iid=i-63697822
301-350,University College Cork,-,308,25.3,325,19.5,345,47.4,332,38.8,228,71.5,78,master_account,0,/world-university-rankings/university-college-cork,775,Ireland,,,,,University College Cork ucc,"History, Philosophy & Theology,Archaeology,Chemistry,Chemical Engineering,Languages, Literature & Linguistics,Computer Science,Medicine & Dentistry,Biological Sciences,Accounting & Finance,Politics & International Studies (incl Development Studies),Geography,Psychology,Geology, Environmental, Earth & Marine Sciences,Mathematics & Statistics,Electrical & Electronic Engineering,Education,Other Health,Mechanical & Aerospace Engineering,Sport Science,Civil Engineering,Art, Performing Arts & Design,Sociology,Business & Management,Physics & Astronomy,General Engineering,Law,Economics & Econometrics,Architecture,Agriculture & Forestry",False,False,False,
301-350,Washington State University,-,396,29.9,285,30.6,235,47.1,338,55.8,104,33.9,303,public,0,/world-university-rankings/washington-state-university,814,United States,,,,,Washington State University,"Archaeology,Computer Science,Chemistry,Business & Management,Electrical & Electronic Engineering,Mathematics & Statistics,Accounting & Finance,Languages, Literature & Linguistics,Civil Engineering,Politics & International Studies (incl Development Studies),Economics & Econometrics,Other Health,Chemical Engineering,Communication & Media Studies,General Engineering,Physics & Astronomy,Mechanical & Aerospace Engineering,Art, Performing Arts & Design,Geology, Environmental, Earth & Marine Sciences,History, Philosophy & Theology,Agriculture & Forestry,Sociology,Architecture,Veterinary Science,Psychology,Medicine & Dentistry,Biological Sciences,Geography,Sport Science,Education",False,False,False,https://www.timeshighereducation.com/student/register-interest/shorelight?utm_medium=thewebsite&utm_campaign=cta-link&utm_source=rankings&iid=i-18966292
301-350,Murdoch University,-,260,19.4,374,18.9,351,49.6,313,44.2,156,83.3,38,master_account,0,/world-university-rankings/murdoch-university,890,Australia,,,,,Murdoch University Murdoch,"Chemical Engineering,Agriculture & Forestry,Geology, Environmental, Earth & Marine Sciences,Computer Science,Economics & Econometrics,Politics & International Studies (incl Development Studies),Psychology,Electrical & Electronic Engineering,Languages, Literature & Linguistics,History, Philosophy & Theology,Sociology,Law,Accounting & Finance,Physics & Astronomy,Communication & Media Studies,General Engineering,Sport Science,Art, Performing Arts & Design,Mathematics & Statistics,Business & Management,Other Health,Veterinary Science,Education,Chemistry,Biological Sciences",False,False,False,
301-350,University of Eastern Finland,-,321,22.4,346,19.1,350,58.1,248,36.7,252,39.5,268,master_account,0,/world-university-rankings/university-eastern-finland,776,Finland,,,,,University of Eastern Finland,"Geography,Politics & International Studies (incl Development Studies),Physics & Astronomy,Computer Science,Medicine & Dentistry,Education,Languages, Literature & Linguistics,Mathematics & Statistics,Economics & Econometrics,General Engineering,Agriculture & Forestry,Chemistry,Biological Sciences,Geology, Environmental, Earth & Marine Sciences,Other Health,History, Philosophy & Theology,Business & Management,Law,Psychology,Accounting & Finance,Sociology",False,False,False,
301-350,University of Pisa,-,357,22.6,342,23.2,310,63.8,203,39.4,220,29.6,336,master_account,0,/world-university-rankings/university-pisa,795,Italy,,,,,University of Pisa,"Art, Performing Arts & Design,Civil Engineering,Sport Science,Law,Languages, Literature & Linguistics,Chemical Engineering,Economics & Econometrics,General Engineering,Veterinary Science,Mathematics & Statistics,Electrical & Electronic Engineering,Physics & Astronomy,Psychology,Other Health,Chemistry,Business & Management,Education,Archaeology,Communication & Media Studies,Computer Science,Accounting & Finance,History, Philosophy & Theology,Sociology,Biological Sciences,Politics & International Studies (incl Development Studies),Geology, Environmental, Earth & Marine Sciences,Mechanical & Aerospace Engineering,Agriculture & Forestry,Medicine & Dentistry",False,False,False,
301-350,Zhejiang University,-,400,40.3,177,34.5,207,32.6,388,89.0,33,20.1,390,master_account,0,/world-university-rankings/zhejiang-university,815,China,,,,,Zhejiang University ZJU Zhejiang University China research,"Chemical Engineering,Business & Management,Other Health,Biological Sciences,Politics & International Studies (incl Development Studies),Languages, Literature & Linguistics,Law,Architecture,Geography,Communication & Media Studies,Economics & Econometrics,Physics & Astronomy,Geology, Environmental, Earth & Marine Sciences,Computer Science,Agriculture & Forestry,History, Philosophy & Theology,Civil Engineering,Psychology,Sport Science,Electrical & Electronic Engineering,Mathematics & Statistics,Chemistry,Education,Sociology,General Engineering,Art, Performing Arts & Design,Mechanical & Aerospace Engineering,Veterinary Science,Medicine & Dentistry,Accounting & Finance,Archaeology",False,False,False,
301-350,North Carolina State University,-,273,34.8,233,28.8,253,47.6,330,35.7,263,29.2,338,public,0,/world-university-rankings/north-carolina-state-university,891,United States,,,,,North Carolina State University,"Art, Performing Arts & Design,Computer Science,Sport Science,Mechanical & Aerospace Engineering,Mathematics & Statistics,Business & Management,Archaeology,Biological Sciences,Psychology,Civil Engineering,Politics & International Studies (incl Development Studies),Architecture,Agriculture & Forestry,Education,History, Philosophy & Theology,Physics & Astronomy,Accounting & Finance,General Engineering,Veterinary Science,Communication & Media Studies,Languages, Literature & Linguistics,Chemical Engineering,Sociology,Electrical & Electronic Engineering,Geology, Environmental, Earth & Marine Sciences,Economics & Econometrics,Chemistry",False,False,False,https://www.timeshighereducation.com/student/register-interest/shorelight?utm_medium=thewebsite&utm_campaign=cta-link&utm_source=rankings&iid=i-09500961
301-350,University of Tsukuba,-,379,39.9,179,26.2,281,45.3,346,33.0,296,30.7,328,master_account,0,/world-university-rankings/university-tsukuba,735,Japan,,,,,University of Tsukuba,"Chemical Engineering,Mechanical & Aerospace Engineering,Architecture,Computer Science,Agriculture & Forestry,Chemistry,History, Philosophy & Theology,Politics & International Studies (incl Development Studies),Education,Civil Engineering,Languages, Literature & Linguistics,Art, Performing Arts & Design,Psychology,Other Health,Medicine & Dentistry,Geology, Environmental, Earth & Marine Sciences,Business & Management,Economics & Econometrics,Physics & Astronomy,Communication & Media Studies,Accounting & Finance,Geography,Sociology,Electrical & Electronic Engineering,Biological Sciences,General Engineering,Archaeology,Mathematics & Statistics,Sport Science,Law",False,False,False,
301-350,Politecnico di Milano,-,278,27.2,311,23.8,303,47.7,329,68.1,72,38.1,275,master_account,11,/world-university-rankings/politecnico-di-milano,797,Italy,,,,,Politecnico di Milano,"Civil Engineering,Computer Science,Architecture,Chemical Engineering,Mechanical & Aerospace Engineering,Business & Management,Electrical & Electronic Engineering,Art, Performing Arts & Design,General Engineering",False,False,False,
301-350,University of Pavia,-,356,25.6,323,18.3,357,56.3,259,60.6,90,34.4,299,master_account,0,/world-university-rankings/university-pavia,892,Italy,,,,,University of Pavia,"Medicine & Dentistry,Computer Science,Politics & International Studies (incl Development Studies),Chemistry,Archaeology,Economics & Econometrics,Communication & Media Studies,Sport Science,Mathematics & Statistics,Psychology,Languages, Literature & Linguistics,Physics & Astronomy,Art, Performing Arts & Design,Civil Engineering,Biological Sciences,General Engineering,History, Philosophy & Theology,Other Health,Law,Geology, Environmental, Earth & Marine Sciences,Accounting & Finance,Business & Management,Electrical & Electronic Engineering,Mechanical & Aerospace Engineering,Agriculture & Forestry",False,False,False,
301-350,Kyushu University,-,247,44.0,151,28.8,252,30.7,392,73.1,61,21.7,383,master_account,0,/world-university-rankings/kyushu-university,131724,Japan,,,,,Kyushu University,"Business & Management,Medicine & Dentistry,Agriculture & Forestry,Archaeology,Other Health,Sport Science,Education,Mathematics & Statistics,Biological Sciences,Communication & Media Studies,Civil Engineering,Chemical Engineering,Geography,Languages, Literature & Linguistics,General Engineering,Veterinary Science,Law,Chemistry,Electrical & Electronic Engineering,Physics & Astronomy,History, Philosophy & Theology,Geology, Environmental, Earth & Marine Sciences,Economics & Econometrics,Psychology,Mechanical & Aerospace Engineering,Art, Performing Arts & Design,Sociology,Accounting & Finance,Computer Science,Architecture,Politics & International Studies (incl Development Studies)",False,False,False,
301-350,University of Portsmouth,-,359,12.8,398,10.5,393,72.3,148,29.2,350,70.2,84,master_account,0,/world-university-rankings/university-portsmouth,893,United Kingdom,,,,,University of Portsmouth,"Geology, Environmental, Earth & Marine Sciences,Sociology,Art, Performing Arts & Design,Archaeology,Mathematics & Statistics,Geography,Economics & Econometrics,Architecture,Other Health,Accounting & Finance,Civil Engineering,Business & Management,Psychology,History, Philosophy & Theology,Medicine & Dentistry,Sport Science,General Engineering,Physics & Astronomy,Biological Sciences,Mechanical & Aerospace Engineering,Education,Languages, Literature & Linguistics,Chemical Engineering,Communication & Media Studies,Computer Science,Politics & International Studies (incl Development Studies),Law,Electrical & Electronic Engineering",False,False,False,https://www.timeshighereducation.com/student/register-interest/siuk?utm_medium=thewebsite&utm_campaign=cta-link&utm_source=rankings&iid=i-40952633
301-350,University of Wollongong,-,388,22.5,344,27.3,268,47.4,333,54.0,110,83.7,36,master_account,0,/world-university-rankings/university-wollongong,740,Australia,,,,,University of Wollongong UOW University of Wollongong Australia,"Business & Management,Accounting & Finance,Art, Performing Arts & Design,Archaeology,Sociology,Electrical & Electronic Engineering,History, Philosophy & Theology,Politics & International Studies (incl Development Studies),Civil Engineering,Sport Science,Psychology,Medicine & Dentistry,Law,Communication & Media Studies,Mathematics & Statistics,Geography,Chemistry,Architecture,Languages, Literature & Linguistics,Geology, Environmental, Earth & Marine Sciences,General Engineering,Computer Science,Mechanical & Aerospace Engineering,Agriculture & Forestry,Education,Biological Sciences,Other Health,Physics & Astronomy,Economics & Econometrics",False,False,False,
301-350,Wayne State University,-,397,34.3,243,16.2,370,58.4,245,-,399,28.1,347,public,0,/world-university-rankings/wayne-state-university,738,United States,,,,,Wayne State University,"Accounting & Finance,Electrical & Electronic Engineering,Physics & Astronomy,Business & Management,Other Health,Mathematics & Statistics,Architecture,Civil Engineering,Communication & Media Studies,Education,Law,Biological Sciences,Psychology,Computer Science,History, Philosophy & Theology,Chemistry,Economics & Econometrics,Medicine & Dentistry,Art, Performing Arts & Design,Agriculture & Forestry,Politics & International Studies (incl Development Studies),Sport Science,General Engineering,Languages, Literature & Linguistics,Sociology,Chemical Engineering,Mechanical & Aerospace Engineering,Geology, Environmental, Earth & Marine Sciences",False,False,False,https://www.timeshighereducation.com/student/register-interest/shorelight?utm_medium=thewebsite&utm_campaign=cta-link&utm_source=rankings&iid=i-27884402
301-350,Charles University,-,218,34.7,235,26.2,280,42.0,362,28.1,362,50.3,208,master_account,0,/world-university-rankings/charles-university,799,Czechia,,,,,Charles University,"Sport Science,Sociology,Medicine & Dentistry,Communication & Media Studies,Mathematics & Statistics,Politics & International Studies (incl Development Studies),Art, Performing Arts & Design,History, Philosophy & Theology,Biological Sciences,Economics & Econometrics,Law,Psychology,Business & Management,Physics & Astronomy,Accounting & Finance,Education,Languages, Literature & Linguistics,Computer Science,Chemistry,Geology, Environmental, Earth & Marine Sciences,Other Health,Archaeology,Geography",False,False,False,
301-350,Renmin University of China,-,284,36.1,218,12.0,388,59.6,234,44.0,163,45.8,242,master_account,0,/world-university-rankings/renmin-university-china,894,China,,,,,Renmin University of China,"Agriculture & Forestry,Psychology,Communication & Media Studies,Accounting & Finance,Chemistry,Languages, Literature & Linguistics,Sociology,History, Philosophy & Theology,Geology, Environmental, Earth & Marine Sciences,Mathematics & Statistics,Archaeology,Computer Science,Law,Art, Performing Arts & Design,Education,Physics & Astronomy,Politics & International Studies (incl Development Studies),Business & Management",False,False,False,
301-350,King Abdulaziz University,-,243,19.7,371,10.3,394,63.4,208,40.2,206,71.0,80,master_account,11,/world-university-rankings/king-abdulaziz-university,888,Saudi Arabia,,,,,King Abdulaziz University,"Electrical & Electronic Engineering,Sport Science,Agriculture & Forestry,Geography,Biological Sciences,Law,Psychology,Computer Science,Other Health,General Engineering,Business & Management,Medicine & Dentistry,Geology, Environmental, Earth & Marine Sciences,Mechanical & Aerospace Engineering,Physics & Astronomy,Chemistry,Mathematics & Statistics,Languages, Literature & Linguistics,Accounting & Finance,Communication & Media Studies,Economics & Econometrics,Politics & International Studies (incl Development Studies),Archaeology,Civil Engineering,Sociology,History, Philosophy & Theology,Architecture,Chemical Engineering,Education,Art, Performing Arts & Design,Veterinary Science",False,False,False,
301-350,Hong Kong Baptist University,-,232,22.9,339,15.1,374,57.6,250,29.6,344,62.0,137,master_account,0,/world-university-rankings/hong-kong-baptist-university,748,Hong Kong,,,,,Hong Kong Baptist University hkbu,"Medicine & Dentistry,Business & Management,Computer Science,Sociology,Art, Performing Arts & Design,Biological Sciences,Geography,History, Philosophy & Theology,Languages, Literature & Linguistics,Chemistry,Accounting & Finance,Communication & Media Studies,Education,Politics & International Studies (incl Development Studies),Mathematics & Statistics,Economics & Econometrics,Agriculture & Forestry,Sport Science,Physics & Astronomy,Other Health,Geology, Environmental, Earth & Marine Sciences",False,False,False,
301-350,Creighton University,-,221,42.4,162,9.3,398,61.0,225,-,371,26.0,365,private,0,/world-university-rankings/creighton-university,697,United States,,,,,Creighton University,"Art, Performing Arts & Design,Geography,Mathematics & Statistics,Business & Management,Sport Science,Communication & Media Studies,Chemistry,Accounting & Finance,Computer Science,Law,History, Philosophy & Theology,Politics & International Studies (incl Development Studies),Languages, Literature & Linguistics,Physics & Astronomy,Economics & Econometrics,Other Health,Geology, Environmental, Earth & Marine Sciences,Education,Biological Sciences,Psychology,Medicine & Dentistry,Sociology",False,False,False,https://www.timeshighereducation.com/student/register-interest/shorelight?utm_medium=thewebsite&utm_campaign=cta-link&utm_source=rankings&iid=i-19911524
301-350,Sapienza University of Rome,-,286,35.3,226,30.6,233,39.1,372,36.0,259,33.2,307,master_account,0,/world-university-rankings/sapienza-university-rome,800,Italy,,,,,Sapienza University of Rome,"Art, Performing Arts & Design,Law,Computer Science,Other Health,Civil Engineering,Mathematics & Statistics,Economics & Econometrics,Chemistry,Architecture,Languages, Literature & Linguistics,Chemical Engineering,Sociology,Accounting & Finance,Medicine & Dentistry,Geography,Geology, Environmental, Earth & Marine Sciences,Psychology,Mechanical & Aerospace Engineering,Communication & Media Studies,General Engineering,Business & Management,Biological Sciences,History, Philosophy & Theology,Archaeology,Politics & International Studies (incl Development Studies),Physics & Astronomy,Electrical & Electronic Engineering,Education",False,False,False,
301-350,University of Vermont,-,383,28.5,296,20.6,333,58.6,241,-,397,19.9,392,public,0,/world-university-rankings/university-vermont,895,United States,,,,,University of Vermont UV Vermont USA,"General Engineering,Communication & Media Studies,Computer Science,Sociology,History, Philosophy & Theology,Mathematics & Statistics,Business & Management,Art, Performing Arts & Design,Civil Engineering,Geology, Environmental, Earth & Marine Sciences,Other Health,Sport Science,Economics & Econometrics,Mechanical & Aerospace Engineering,Psychology,Chemistry,Agriculture & Forestry,Geography,Physics & Astronomy,Biological Sciences,Languages, Literature & Linguistics,Veterinary Science,Education,Electrical & Electronic Engineering,Politics & International Studies (incl Development Studies)",False,False,False,https://www.timeshighereducation.com/student/register-interest/shorelight?utm_medium=thewebsite&utm_campaign=cta-link&utm_source=rankings&iid=i-72549341
301-350,Brunel University of London,-,213,19.3,377,20.1,338,58.2,246,33.4,294,89.4,10,master_account,0,/world-university-rankings/brunel-university-london,719,United Kingdom,,,,,Brunel University of London,"Accounting & Finance,Mechanical & Aerospace Engineering,Mathematics & Statistics,Politics & International Studies (incl Development Studies),Psychology,Chemical Engineering,Geography,Geology, Environmental, Earth & Marine Sciences,Sociology,Sport Science,Other Health,Business & Management,Languages, Literature & Linguistics,History, Philosophy & Theology,Art, Performing Arts & Design,Civil Engineering,Economics & Econometrics,Computer Science,Law,Medicine & Dentistry,Education,Communication & Media Studies,General Engineering,Electrical & Electronic Engineering,Biological Sciences",False,False,False,https://www.timeshighereducation.com/student/register-interest/siuk?utm_medium=thewebsite&utm_campaign=cta-link&utm_source=rankings&iid=i-26981023
301-350,Sun Yat-sen University,-,295,33.1,255,17.8,359,52.2,289,43.5,169,24.2,373,master_account,0,/world-university-rankings/sun-yat-sen-university,760,China,,,,,Sun Yat-sen University,"Computer Science,Sport Science,Mechanical & Aerospace Engineering,History, Philosophy & Theology,Sociology,Chemistry,Electrical & Electronic Engineering,Medicine & Dentistry,Art, Performing Arts & Design,Veterinary Science,Accounting & Finance,Education,Biological Sciences,Geology, Environmental, Earth & Marine Sciences,General Engineering,Agriculture & Forestry,Architecture,Psychology,Economics & Econometrics,Physics & Astronomy,Business & Management,Languages, Literature & Linguistics,Law,Communication & Media Studies,Archaeology,Other Health,Chemical Engineering,Mathematics & Statistics,Geography,Politics & International Studies (incl Development Studies),Civil Engineering",False,False,False,
301-350,Sharif University of Technology,-,288,32.9,259,42.8,147,34.2,382,93.0,31,16.7,398,master_account,0,/world-university-rankings/sharif-university-technology,802,Iran,,,,,Sharif University of Technology,"Mathematics & Statistics,Languages, Literature & Linguistics,History, Philosophy & Theology,Business & Management,Electrical & Electronic Engineering,Mechanical & Aerospace Engineering,Chemistry,Civil Engineering,Physics & Astronomy,Computer Science,General Engineering,Chemical Engineering",False,False,False,
301-350,York University,-,399,20.9,362,30.1,240,50.5,305,41.9,187,50.7,206,master_account,11,/world-university-rankings/york-university,765,Canada,,,,,York University,"Sociology,Electrical & Electronic Engineering,Accounting & Finance,Civil Engineering,Sport Science,Mathematics & Statistics,Physics & Astronomy,General Engineering,Business & Management,Mechanical & Aerospace Engineering,Economics & Econometrics,Chemistry,Languages, Literature & Linguistics,Other Health,Geography,Geology, Environmental, Earth & Marine Sciences,History, Philosophy & Theology,Computer Science,Politics & International Studies (incl Development Studies),Biological Sciences,Art, Performing Arts & Design,Agriculture & Forestry,Psychology,Law,Communication & Media Studies,Education",False,False,False,
301-350,University of Graz,-,328,26.9,313,17.6,361,57.4,252,29.5,347,59.7,147,master_account,0,/world-university-rankings/university-graz,721,Austria,,,,,University of Graz,"Psychology,Geology, Environmental, Earth & Marine Sciences,Biological Sciences,Law,History, Philosophy & Theology,Physics & Astronomy,Economics & Econometrics,Architecture,Other Health,Sociology,Chemical Engineering,Sport Science,Languages, Literature & Linguistics,Communication & Media Studies,Archaeology,Mathematics & Statistics,Business & Management,Computer Science,Education,Art, Performing Arts & Design,Chemistry",False,False,False,
301-350,Autonomous University of Madrid,-,205,32.0,268,24.0,299,51.9,293,34.7,276,45.7,243,master_account,0,/world-university-rankings/autonomous-university-madrid,743,Spain,,,,,Autonomous University of Madrid,"Psychology,Medicine & Dentistry,Chemical Engineering,Geology, Environmental, Earth & Marine Sciences,Art, Performing Arts & Design,Physics & Astronomy,Business & Management,Geography,Electrical & Electronic Engineering,Law,Sport Science,Computer Science,Accounting & Finance,Languages, Literature & Linguistics,Economics & Econometrics,Communication & Media Studies,Chemistry,Other Health,History, Philosophy & Theology,Sociology,Mathematics & Statistics,General Engineering,Politics & International Studies (incl Development Studies),Archaeology,Biological Sciences,Education",False,False,False,
301-350,University of Crete,-,318,17.1,393,16.3,369,68.6,172,34.1,284,44.4,247,master_account,0,/world-university-rankings/university-crete,744,Greece,,,,,University of Crete,"History, Philosophy & Theology,Sociology,Computer Science,Psychology,Languages, Literature & Linguistics,Education,Medicine & Dentistry,Economics & Econometrics,Mathematics & Statistics,Geology, Environmental, Earth & Marine Sciences,General Engineering,Chemistry,Archaeology,Business & Management,Biological Sciences,Politics & International Studies (incl Development Studies),Other Health,Physics & Astronomy",False,False,False,
301-350,UiT The Arctic University of Norway,-,305,21.7,355,19.4,346,56.4,257,29.1,351,61.8,138,master_account,0,/world-university-rankings/uit-arctic-university-norway,764,Norway,,,,,UiT The Arctic University of Norway,"Electrical & Electronic Engineering,Mathematics & Statistics,Economics & Econometrics,Languages, Literature & Linguistics,Psychology,Law,Mechanical & Aerospace Engineering,Chemistry,Sociology,Medicine & Dentistry,Accounting & Finance,Chemical Engineering,Politics & International Studies (incl Development Studies),Business & Management,Sport Science,Veterinary Science,Education,Physics & Astronomy,Civil Engineering,Archaeology,Art, Performing Arts & Design,Other Health,General Engineering,Biological Sciences,Agriculture & Forestry,Geography,Architecture,Geology, Environmental, Earth & Marine Sciences,Computer Science,History, Philosophy & Theology,Communication & Media Studies",False,False,False,
301-350,Johannes Kepler University of Linz,-,240,22.0,349,13.8,382,59.3,238,-,377,59.0,150,master_account,0,/world-university-rankings/johannes-kepler-university-linz,726,Austria,,,,,Johannes Kepler University of Linz,"Biological Sciences,Mathematics & Statistics,Politics & International Studies (incl Development Studies),Education,Physics & Astronomy,Mechanical & Aerospace Engineering,Computer Science,General Engineering,Sociology,Psychology,Chemical Engineering,Accounting & Finance,Chemistry,Medicine & Dentistry,Business & Management,Law,Other Health,Economics & Econometrics,Electrical & Electronic Engineering",False,False,False,
301-350,University of Tampere,-,370,25.6,324,23.9,302,51.2,300,49.3,129,35.0,295,master_account,0,/world-university-rankings/university-tampere,807,Finland,,,,,University of Tampere,"Medicine & Dentistry,Business & Management,Sociology,Politics & International Studies (incl Development Studies),Languages, Literature & Linguistics,Education,Computer Science,Other Health,Accounting & Finance,Communication & Media Studies,History, Philosophy & Theology,Psychology,Art, Performing Arts & Design,Law,Mathematics & Statistics,Economics & Econometrics",False,False,False,
301-350,University of Guelph,-,329,24.4,330,31.3,231,48.2,325,48.1,136,39.0,271,master_account,0,/world-university-rankings/university-guelph,746,Canada,,,,,University of Guelph,"Other Health,Veterinary Science,Business & Management,Electrical & Electronic Engineering,Chemistry,Languages, Literature & Linguistics,Agriculture & Forestry,Sociology,Mechanical & Aerospace Engineering,Geology, Environmental, Earth & Marine Sciences,Chemical Engineering,Communication & Media Studies,General Engineering,Geography,History, Philosophy & Theology,Biological Sciences,Architecture,Mathematics & Statistics,Accounting & Finance,Computer Science,Physics & Astronomy,Economics & Econometrics,Art, Performing Arts & Design,Civil Engineering,Politics & International Studies (incl Development Studies),Sport Science,Psychology",False,False,False,https://www.timeshighereducation.com/student/register-interest/applyboard?utm_medium=thewebsite&utm_campaign=cta-link&utm_source=rankings&iid=i-02302013
301-350,University of Waikato,-,385,17.7,387,19.9,339,61.9,223,28.2,361,85.6,26,master_account,0,/world-university-rankings/university-waikato,812,New Zealand,,,,,University of Waikato UoW,"Other Health,Mathematics & Statistics,Psychology,History, Philosophy & Theology,Sport Science,Law,Computer Science,Physics & Astronomy,Business & Management,Civil Engineering,Politics & International Studies (incl Development Studies),Art, Performing Arts & Design,Biological Sciences,Geography,Mechanical & Aerospace Engineering,Communication & Media Studies,Economics & Econometrics,Languages, Literature & Linguistics,Agriculture & Forestry,Education,General Engineering,Chemistry,Electrical & Electronic Engineering,Geology, Environmental, Earth & Marine Sciences,Accounting & Finance,Chemical Engineering,Sociology",False,False,False,https://www.timeshighereducation.com/student/register-interest/aecc?utm_medium=thewebsite&utm_campaign=cta-link&utm_source=rankings&iid=i-22862122
301-350,National Sun Yat-Sen University,-,268,27.9,303,32.5,220,48.5,320,43.9,164,23.9,375,master_account,0,/world-university-rankings/national-sun-yat-sen-university,728,Taiwan,,,,,National Sun Yat-Sen University,"Languages, Literature & Linguistics,Education,Agriculture & Forestry,Art, Performing Arts & Design,Architecture,Chemistry,Medicine & Dentistry,Biological Sciences,Law,Communication & Media Studies,Electrical & Electronic Engineering,History, Philosophy & Theology,Chemical Engineering,Physics & Astronomy,Psychology,Civil Engineering,Sociology,Computer Science,Geology, Environmental, Earth & Marine Sciences,Economics & Econometrics,Mechanical & Aerospace Engineering,Politics & International Studies (incl Development Studies),Accounting & Finance,General Engineering,Geography,Other Health,Mathematics & Statistics,Business & Management",False,False,False,
301-350,Hokkaido University,-,231,45.1,140,34.2,210,32.3,389,41.3,193,24.9,369,master_account,11,/world-university-rankings/hokkaido-university,747,Japan,,,,,Hokkaido University,"Medicine & Dentistry,Chemistry,Mechanical & Aerospace Engineering,Geology, Environmental, Earth & Marine Sciences,Geography,Other Health,Business & Management,Biological Sciences,Accounting & Finance,History, Philosophy & Theology,Civil Engineering,Art, Performing Arts & Design,Veterinary Science,Psychology,Agriculture & Forestry,Sociology,Languages, Literature & Linguistics,Computer Science,Sport Science,Electrical & Electronic Engineering,Physics & Astronomy,Communication & Media Studies,Architecture,Chemical Engineering,Mathematics & Statistics,Law,Economics & Econometrics,Archaeology,General Engineering,Education,Politics & International Studies (incl Development Studies)",False,False,False,
301-350,Linköping University,-,251,21.1,356,27.0,270,53.3,279,38.0,242,47.7,229,master_account,0,/world-university-rankings/linkoping-university,789,Sweden,,,,,Linköping University,"General Engineering,Geology, Environmental, Earth & Marine Sciences,Art, Performing Arts & Design,Civil Engineering,Politics & International Studies (incl Development Studies),Economics & Econometrics,Biological Sciences,Geography,Mechanical & Aerospace Engineering,Chemistry,Accounting & Finance,Computer Science,Veterinary Science,Education,History, Philosophy & Theology,Chemical Engineering,Business & Management,Other Health,Communication & Media Studies,Medicine & Dentistry,Agriculture & Forestry,Sociology,Electrical & Electronic Engineering,Mathematics & Statistics,Psychology,Languages, Literature & Linguistics,Physics & Astronomy",False,False,False,
301-350,National Cheng Kung University (NCKU),-,265,33.1,253,40.3,171,30.4,393,99.9,11,22.9,379,master_account,0,/world-university-rankings/national-cheng-kung-university-ncku,885,Taiwan,,,,,National Cheng Kung University (NCKU),"Archaeology,Agriculture & Forestry,Business & Management,Art, Performing Arts & Design,Civil Engineering,Geology, Environmental, Earth & Marine Sciences,Electrical & Electronic Engineering,Politics & International Studies (incl Development Studies),History, Philosophy & Theology,Chemical Engineering,Education,Other Health,Mathematics & Statistics,Medicine & Dentistry,Sport Science,Economics & Econometrics,General Engineering,Chemistry,Architecture,Biological Sciences,Psychology,Languages, Literature & Linguistics,Mechanical & Aerospace Engineering,Law,Computer Science,Physics & Astronomy,Accounting & Finance",False,False,False,
301-350,University of Padua,-,355,21.0,360,21.4,326,64.5,193,31.7,316,37.0,280,master_account,0,/world-university-rankings/university-padua,708,Italy,,,,,University of Padua,"Art, Performing Arts & Design,Electrical & Electronic Engineering,Chemistry,Business & Management,Languages, Literature & Linguistics,Civil Engineering,Geology, Environmental, Earth & Marine Sciences,Accounting & Finance,History, Philosophy & Theology,Mechanical & Aerospace Engineering,Communication & Media Studies,Agriculture & Forestry,Politics & International Studies (incl Development Studies),Economics & Econometrics,Architecture,Chemical Engineering,Sociology,Other Health,Sport Science,Education,Archaeology,Biological Sciences,Law,Computer Science,Mathematics & Statistics,Psychology,Medicine & Dentistry,Veterinary Science,Geography,General Engineering,Physics & Astronomy",False,False,False,
301-350,University of Manitoba,-,341,31.6,271,32.4,224,44.4,355,43.5,170,38.6,274,master_account,0,/world-university-rankings/university-manitoba,790,Canada,,,,,University of Manitoba,"Computer Science,Archaeology,Mathematics & Statistics,Law,Agriculture & Forestry,Medicine & Dentistry,Business & Management,History, Philosophy & Theology,Sport Science,Geology, Environmental, Earth & Marine Sciences,Chemical Engineering,Electrical & Electronic Engineering,Education,Accounting & Finance,Art, Performing Arts & Design,Economics & Econometrics,Architecture,Physics & Astronomy,Other Health,Chemistry,Politics & International Studies (incl Development Studies),Civil Engineering,Biological Sciences,Geography,General Engineering,Mechanical & Aerospace Engineering,Psychology,Languages, Literature & Linguistics,Sociology",False,False,False,https://www.timeshighereducation.com/student/register-interest/applyboard?utm_medium=thewebsite&utm_campaign=cta-link&utm_source=rankings&iid=i-35304783
301-350,Claude Bernard University Lyon 1,-,219,23.6,335,17.1,365,62.6,216,-,368,50.0,212,master_account,0,/world-university-rankings/claude-bernard-university-lyon-1,886,France,,,,,Claude Bernard University Lyon 1,"Chemical Engineering,Business & Management,Civil Engineering,Education,Electrical & Electronic Engineering,Chemistry,Computer Science,Mathematics & Statistics,Agriculture & Forestry,Economics & Econometrics,Medicine & Dentistry,Veterinary Science,General Engineering,Physics & Astronomy,Other Health,Sport Science,Biological Sciences,Accounting & Finance,Mechanical & Aerospace Engineering,Geology, Environmental, Earth & Marine Sciences",False,False,False,
301-350,University of Galway,-,271,22.6,341,19.8,340,51.9,294,41.1,196,69.3,89,master_account,0,/world-university-rankings/university-galway,842,Ireland,,,,,University of Galway nui nui galway,"Archaeology,Civil Engineering,Agriculture & Forestry,Geography,Economics & Econometrics,Electrical & Electronic Engineering,Politics & International Studies (incl Development Studies),Sociology,Psychology,Accounting & Finance,Art, Performing Arts & Design,Communication & Media Studies,Languages, Literature & Linguistics,Mathematics & Statistics,General Engineering,Geology, Environmental, Earth & Marine Sciences,Computer Science,Mechanical & Aerospace Engineering,Education,Medicine & Dentistry,Law,Business & Management,Other Health,Chemistry,History, Philosophy & Theology,Biological Sciences,Physics & Astronomy",False,False,False,
351-400,University of Technology Sydney,-,373,20.7,365,21.5,324,34.7,381,33.9,287,74.7,68,master_account,0,/world-university-rankings/university-technology-sydney,906,Australia,,,,,University of Technology Sydney UTS,"Business & Management,Psychology,Mathematics & Statistics,Communication & Media Studies,Geography,Electrical & Electronic Engineering,Education,General Engineering,Other Health,Biological Sciences,Computer Science,Sociology,Geology, Environmental, Earth & Marine Sciences,Architecture,Medicine & Dentistry,Law,Sport Science,Art, Performing Arts & Design,Civil Engineering,Accounting & Finance,Politics & International Studies (incl Development Studies),Chemical Engineering,Languages, Literature & Linguistics,Mechanical & Aerospace Engineering,Economics & Econometrics,Physics & Astronomy,History, Philosophy & Theology,Chemistry,Agriculture & Forestry",False,False,False,
351-400,Charles Darwin University,-,217,17.2,391,15.3,373,53.3,278,32.5,303,44.3,248,master_account,0,/world-university-rankings/charles-darwin-university,774,Australia,,,,,Charles Darwin University,"Electrical & Electronic Engineering,Other Health,Economics & Econometrics,History, Philosophy & Theology,Agriculture & Forestry,Politics & International Studies (incl Development Studies),Law,Computer Science,Medicine & Dentistry,Chemical Engineering,Accounting & Finance,Psychology,General Engineering,Chemistry,Business & Management,Languages, Literature & Linguistics,Physics & Astronomy,Education,Art, Performing Arts & Design,Biological Sciences,Communication & Media Studies,Mechanical & Aerospace Engineering,Geology, Environmental, Earth & Marine Sciences,Civil Engineering,Sociology,Geography",False,False,False,https://www.timeshighereducation.com/student/register-interest/aecc?utm_medium=thewebsite&utm_campaign=cta-link&utm_source=rankings&iid=i-76387108
351-400,University of Modena and Reggio Emilia,-,347,17.3,389,16.6,367,58.5,243,32.3,306,30.0,332,master_account,0,/world-university-rankings/university-modena-and-reggio-emilia,792,Italy,,,,,University of Modena and Reggio Emilia,"Accounting & Finance,Computer Science,Agriculture & Forestry,Medicine & Dentistry,Business & Management,Chemical Engineering,Languages, Literature & Linguistics,Electrical & Electronic Engineering,Mathematics & Statistics,Biological Sciences,Chemistry,Physics & Astronomy,History, Philosophy & Theology,Law,Economics & Econometrics,General Engineering,Sociology,Sport Science,Other Health,Communication & Media Studies,Civil Engineering,Psychology,Geology, Environmental, Earth & Marine Sciences,Education,Geography,Mechanical & Aerospace Engineering",False,False,False,
351-400,University of Warsaw,-,386,23.2,338,18.4,356,54.0,274,27.9,363,39.8,265,master_account,0,/world-university-rankings/university-warsaw,813,Poland,,,,,University of Warsaw,"Accounting & Finance,Law,Computer Science,Geography,Chemistry,Medicine & Dentistry,Languages, Literature & Linguistics,Mathematics & Statistics,History, Philosophy & Theology,Archaeology,Sociology,Biological Sciences,Art, Performing Arts & Design,Psychology,Business & Management,Education,Physics & Astronomy,Economics & Econometrics,Communication & Media Studies,Geology, Environmental, Earth & Marine Sciences,Politics & International Studies (incl Development Studies)",False,False,False,
351-400,Temple University,-,298,37.2,206,18.8,353,43.3,358,-,382,20.1,389,public,0,/world-university-rankings/temple-university,907,United States,,,,,Temple University,"Biological Sciences,Art, Performing Arts & Design,History, Philosophy & Theology,Geography,Law,Other Health,Agriculture & Forestry,Geology, Environmental, Earth & Marine Sciences,Economics & Econometrics,Mechanical & Aerospace Engineering,Communication & Media Studies,Civil Engineering,Business & Management,General Engineering,Sport Science,Languages, Literature & Linguistics,Medicine & Dentistry,Sociology,Architecture,Mathematics & Statistics,Education,Psychology,Chemistry,Politics & International Studies (incl Development Studies),Physics & Astronomy,Electrical & Electronic Engineering,Computer Science,Accounting & Finance",False,False,False,https://www.timeshighereducation.com/student/register-interest/shorelight?utm_medium=thewebsite&utm_campaign=cta-link&utm_source=rankings&iid=i-39481752
351-400,University of Oklahoma,-,351,36.8,208,17.8,360,42.9,359,33.9,286,24.2,374,public,0,/world-university-rankings/university-oklahoma,794,United States,,,,,University of Oklahoma,"General Engineering,Physics & Astronomy,Business & Management,Archaeology,Chemical Engineering,Sociology,Architecture,Chemistry,Accounting & Finance,Languages, Literature & Linguistics,Mathematics & Statistics,Psychology,Medicine & Dentistry,Geology, Environmental, Earth & Marine Sciences,Economics & Econometrics,Computer Science,Sport Science,Education,Other Health,Biological Sciences,Law,Art, Performing Arts & Design,Civil Engineering,Communication & Media Studies,Electrical & Electronic Engineering,Politics & International Studies (incl Development Studies),History, Philosophy & Theology,Mechanical & Aerospace Engineering,Geography",False,False,False,https://www.timeshighereducation.com/student/register-interest/shorelight?utm_medium=thewebsite&utm_campaign=cta-link&utm_source=rankings&iid=i-11900483
351-400,University of Vigo,-,384,19.4,376,9.5,397,63.7,204,36.6,253,26.9,361,master_account,0,/world-university-rankings/university-vigo,908,Spain,,,,,University of Vigo,"Mechanical & Aerospace Engineering,Politics & International Studies (incl Development Studies),General Engineering,Chemistry,Economics & Econometrics,Computer Science,Physics & Astronomy,Accounting & Finance,Art, Performing Arts & Design,Chemical Engineering,Sociology,History, Philosophy & Theology,Biological Sciences,Law,Languages, Literature & Linguistics,Agriculture & Forestry,Geography,Electrical & Electronic Engineering,Communication & Media Studies,Other Health,Mathematics & Statistics,Education,Civil Engineering,Geology, Environmental, Earth & Marine Sciences,Archaeology,Sport Science,Business & Management",False,False,False,
351-400,University of Surrey,-,369,31.1,276,25.0,293,21.6,399,45.4,147,80.4,49,master_account,0,/world-university-rankings/university-surrey,806,United Kingdom,,,,,University of Surrey,"Accounting & Finance,Veterinary Science,Computer Science,Communication & Media Studies,Medicine & Dentistry,Agriculture & Forestry,Economics & Econometrics,Chemical Engineering,Biological Sciences,Art, Performing Arts & Design,Mechanical & Aerospace Engineering,Physics & Astronomy,Other Health,Law,Geology, Environmental, Earth & Marine Sciences,Chemistry,Politics & International Studies (incl Development Studies),History, Philosophy & Theology,Sport Science,Languages, Literature & Linguistics,Psychology,Electrical & Electronic Engineering,Business & Management,Mathematics & Statistics,Sociology,Civil Engineering",False,False,False,
351-400,Deakin University,-,223,20.0,368,22.0,317,47.1,335,30.1,336,68.4,93,master_account,0,/world-university-rankings/deakin-university,822,Australia,,,,,Deakin University,"Architecture,Agriculture & Forestry,Geography,Languages, Literature & Linguistics,Chemistry,Civil Engineering,Art, Performing Arts & Design,Geology, Environmental, Earth & Marine Sciences,Sport Science,Sociology,Other Health,Education,Computer Science,Psychology,Electrical & Electronic Engineering,Mechanical & Aerospace Engineering,Biological Sciences,Medicine & Dentistry,Politics & International Studies (incl Development Studies),Accounting & Finance,Mathematics & Statistics,Communication & Media Studies,History, Philosophy & Theology,Law,General Engineering,Business & Management,Economics & Econometrics",False,False,False,https://www.timeshighereducation.com/student/register-interest/aecc?utm_medium=thewebsite&utm_campaign=cta-link&utm_source=rankings&iid=i-92679623
351-400,University of Duisburg-Essen,-,319,24.4,329,14.7,378,54.7,270,41.1,198,50.2,211,master_account,0,/world-university-rankings/university-duisburg-essen,898,Germany,,,,,University of Duisburg-Essen,"Languages, Literature & Linguistics,Electrical & Electronic Engineering,Sport Science,Mathematics & Statistics,Art, Performing Arts & Design,Medicine & Dentistry,Psychology,Business & Management,Politics & International Studies (incl Development Studies),Computer Science,Economics & Econometrics,Other Health,General Engineering,Sociology,Education,History, Philosophy & Theology,Biological Sciences,Chemistry,Accounting & Finance,Civil Engineering,Communication & Media Studies,Physics & Astronomy",False,False,False,
351-400,University of Ferrara,-,324,19.2,379,13.0,385,58.5,242,37.7,244,41.4,260,master_account,0,/world-university-rankings/university-ferrara,777,Italy,,,,,University of Ferrara,"Agriculture & Forestry,Business & Management,Medicine & Dentistry,Physics & Astronomy,Civil Engineering,Education,Electrical & Electronic Engineering,Communication & Media Studies,Languages, Literature & Linguistics,Biological Sciences,Economics & Econometrics,Architecture,Sport Science,Archaeology,Mathematics & Statistics,Mechanical & Aerospace Engineering,Law,Other Health,Chemistry,Computer Science,Geology, Environmental, Earth & Marine Sciences",False,False,False,
351-400,Leibniz University Hannover,-,250,36.6,211,19.1,349,35.1,379,40.3,204,48.2,227,master_account,0,/world-university-rankings/leibniz-university-hannover,826,Germany,,,,,Leibniz University Hannover,"Civil Engineering,Education,Physics & Astronomy,Mathematics & Statistics,Architecture,Chemistry,Electrical & Electronic Engineering,History, Philosophy & Theology,Sociology,Geography,Economics & Econometrics,Biological Sciences,Agriculture & Forestry,Sport Science,Computer Science,Politics & International Studies (incl Development Studies),Accounting & Finance,Geology, Environmental, Earth & Marine Sciences,Business & Management,Law,General Engineering,Languages, Literature & Linguistics",False,False,False,
351-400,Flinders University,-,225,22.4,345,24.2,295,38.4,374,39.1,224,59.8,146,master_account,0,/world-university-rankings/flinders-university,823,Australia,,,,,Flinders University,"Biological Sciences,Computer Science,Politics & International Studies (incl Development Studies),Electrical & Electronic Engineering,Law,Agriculture & Forestry,Archaeology,Civil Engineering,General Engineering,Chemistry,Medicine & Dentistry,Art, Performing Arts & Design,Physics & Astronomy,Geography,Chemical Engineering,Mechanical & Aerospace Engineering,History, Philosophy & Theology,Sport Science,Mathematics & Statistics,Psychology,Languages, Literature & Linguistics,Other Health,Sociology,Economics & Econometrics,Geology, Environmental, Earth & Marine Sciences,Business & Management,Accounting & Finance,Communication & Media Studies,Education",False,False,False,
351-400,George Mason University,-,228,27.2,310,19.7,341,53.0,282,28.2,360,34.9,296,public,0,/world-university-rankings/george-mason-university,778,United States,,,,,George Mason University,"Mathematics & Statistics,Psychology,Geography,Sport Science,Computer Science,Mechanical & Aerospace Engineering,Physics & Astronomy,Law,History, Philosophy & Theology,Other Health,Veterinary Science,Accounting & Finance,Agriculture & Forestry,Art, Performing Arts & Design,Communication & Media Studies,Electrical & Electronic Engineering,Architecture,Civil Engineering,Economics & Econometrics,Languages, Literature & Linguistics,Medicine & Dentistry,Chemistry,Education,Biological Sciences,Sociology,Chemical Engineering,Geology, Environmental, Earth & Marine Sciences,General Engineering,Business & Management,Politics & International Studies (incl Development Studies),Archaeology",False,False,False,https://www.timeshighereducation.com/student/into-university-partnerships?utm_medium=thewebsite&utm_campaign=cta-link&utm_source=rankings&iid=i-27260358
351-400,University of Porto,-,358,26.2,317,21.1,332,50.2,308,36.2,256,43.2,253,master_account,0,/world-university-rankings/university-porto,798,Portugal,,,,,University of Porto,"Computer Science,Sport Science,Accounting & Finance,Other Health,Mathematics & Statistics,Geography,Electrical & Electronic Engineering,Geology, Environmental, Earth & Marine Sciences,Business & Management,Art, Performing Arts & Design,Communication & Media Studies,History, Philosophy & Theology,Biological Sciences,Architecture,Chemistry,Physics & Astronomy,Politics & International Studies (incl Development Studies),Psychology,Law,Sociology,Chemical Engineering,Civil Engineering,Economics & Econometrics,General Engineering,Archaeology,Mechanical & Aerospace Engineering,Medicine & Dentistry,Veterinary Science,Languages, Literature & Linguistics,Agriculture & Forestry,Education",False,False,False,
351-400,Loughborough University,-,253,33.4,250,32.7,219,24.7,397,40.7,201,63.9,126,master_account,0,/world-university-rankings/loughborough-university,837,United Kingdom,,,,,Loughborough University,"Accounting & Finance,Geology, Environmental, Earth & Marine Sciences,Mathematics & Statistics,Law,Education,Architecture,Politics & International Studies (incl Development Studies),Electrical & Electronic Engineering,Geography,History, Philosophy & Theology,General Engineering,Sport Science,Business & Management,Economics & Econometrics,Chemical Engineering,Civil Engineering,Computer Science,Physics & Astronomy,Chemistry,Other Health,Art, Performing Arts & Design,Mechanical & Aerospace Engineering,Communication & Media Studies,Biological Sciences,Sociology,Languages, Literature & Linguistics,Psychology",False,False,False,https://www.timeshighereducation.com/student/register-interest/siuk?utm_medium=thewebsite&utm_campaign=cta-link&utm_source=rankings&iid=i-89667825
351-400,Massey University,-,255,19.2,378,19.2,348,37.6,377,66.0,76,73.3,74,master_account,0,/world-university-rankings/massey-university,839,New Zealand,,,,,Massey University,"Economics & Econometrics,Accounting & Finance,History, Philosophy & Theology,Chemistry,Art, Performing Arts & Design,Politics & International Studies (incl Development Studies),Other Health,Architecture,Geography,Geology, Environmental, Earth & Marine Sciences,Biological Sciences,Veterinary Science,Archaeology,Sport Science,Psychology,Communication & Media Studies,General Engineering,Physics & Astronomy,Mechanical & Aerospace Engineering,Languages, Literature & Linguistics,Sociology,Chemical Engineering,Computer Science,Business & Management,Electrical & Electronic Engineering,Education,Agriculture & Forestry,Mathematics & Statistics,Civil Engineering",False,False,False,https://www.timeshighereducation.com/student/register-interest/aecc?utm_medium=thewebsite&utm_campaign=cta-link&utm_source=rankings&iid=i-92906672
351-400,University of Hertfordshire,-,330,13.4,397,9.1,399,63.1,210,28.9,354,77.2,59,master_account,0,/world-university-rankings/university-hertfordshire,779,United Kingdom,,,,,University of Hertfordshire,"Communication & Media Studies,Electrical & Electronic Engineering,General Engineering,Politics & International Studies (incl Development Studies),Accounting & Finance,Biological Sciences,Physics & Astronomy,Civil Engineering,Art, Performing Arts & Design,Business & Management,Psychology,Other Health,Sport Science,Law,Sociology,Veterinary Science,Mathematics & Statistics,Geology, Environmental, Earth & Marine Sciences,Economics & Econometrics,Education,Computer Science,Geography,Mechanical & Aerospace Engineering,Architecture",False,False,False,https://www.timeshighereducation.com/student/register-interest/siuk?utm_medium=thewebsite&utm_campaign=cta-link&utm_source=rankings&iid=i-38054073
351-400,National Central University,-,264,25.2,326,26.5,278,38.3,375,84.8,37,27.9,349,master_account,0,/world-university-rankings/national-central-university,841,Taiwan,,,,,National Central University,"Psychology,Chemical Engineering,General Engineering,Chemistry,Civil Engineering,Art, Performing Arts & Design,Agriculture & Forestry,Archaeology,Communication & Media Studies,Architecture,Law,Medicine & Dentistry,Geography,Politics & International Studies (incl Development Studies),Biological Sciences,Mathematics & Statistics,Economics & Econometrics,Other Health,Languages, Literature & Linguistics,Geology, Environmental, Earth & Marine Sciences,Electrical & Electronic Engineering,Education,Veterinary Science,Accounting & Finance,Sociology,Mechanical & Aerospace Engineering,History, Philosophy & Theology,Computer Science,Physics & Astronomy,Business & Management",False,False,False,
351-400,University of Houston,-,331,37.5,200,25.0,291,35.0,380,35.7,264,32.6,314,public,0,/world-university-rankings/university-houston,780,United States,,,,,University of Houston,"Mechanical & Aerospace Engineering,Politics & International Studies (incl Development Studies),Electrical & Electronic Engineering,Communication & Media Studies,Art, Performing Arts & Design,Civil Engineering,Sociology,Medicine & Dentistry,Mathematics & Statistics,Psychology,Computer Science,Chemistry,Accounting & Finance,Architecture,Sport Science,Education,General Engineering,Geology, Environmental, Earth & Marine Sciences,Economics & Econometrics,Languages, Literature & Linguistics,Chemical Engineering,Geography,History, Philosophy & Theology,Biological Sciences,Law,Other Health,Physics & Astronomy,Business & Management",False,False,False,https://www.timeshighereducation.com/student/register-interest/shorelight?utm_medium=thewebsite&utm_campaign=cta-link&utm_source=rankings&iid=i-22783831
351-400,Maynooth University,-,272,25.7,320,23.9,301,28.1,395,30.8,329,69.2,90,master_account,0,/world-university-rankings/maynooth-university,843,Ireland,,,,,Maynooth University,"Law,Electrical & Electronic Engineering,Languages, Literature & Linguistics,Mathematics & Statistics,Psychology,Biological Sciences,History, Philosophy & Theology,Communication & Media Studies,Education,General Engineering,Economics & Econometrics,Geology, Environmental, Earth & Marine Sciences,Accounting & Finance,Chemistry,Business & Management,Geography,Computer Science,Sociology,Physics & Astronomy,Politics & International Studies (incl Development Studies)",False,False,False,
351-400,University of KwaZulu-Natal,-,339,21.9,352,20.2,337,40.0,366,28.5,357,56.2,175,master_account,0,/world-university-rankings/university-kwazulu-natal,902,South Africa,,,,,University of KwaZulu-Natal UKZN Kwazulu Natal Kwa zulu,"History, Philosophy & Theology,Languages, Literature & Linguistics,Chemical Engineering,Sociology,Art, Performing Arts & Design,Electrical & Electronic Engineering,Chemistry,Accounting & Finance,Other Health,Physics & Astronomy,Business & Management,Architecture,Sport Science,Civil Engineering,Politics & International Studies (incl Development Studies),Medicine & Dentistry,Mathematics & Statistics,Education,Mechanical & Aerospace Engineering,Communication & Media Studies,Economics & Econometrics,Computer Science,Geology, Environmental, Earth & Marine Sciences,Psychology,Agriculture & Forestry,Geography,Biological Sciences,Law",False,False,False,
351-400,The University of Texas at San Antonio,-,374,17.3,390,17.6,362,66.2,183,32.2,308,28.6,342,public,0,/world-university-rankings/university-texas-san-antonio,761,United States,,,,,The University of Texas at San Antonio,"Mathematics & Statistics,History, Philosophy & Theology,Accounting & Finance,Psychology,Other Health,Economics & Econometrics,Geography,Architecture,Chemistry,Physics & Astronomy,Business & Management,Biological Sciences,General Engineering,Languages, Literature & Linguistics,Civil Engineering,Medicine & Dentistry,Computer Science,Electrical & Electronic Engineering,Agriculture & Forestry,Sport Science,Politics & International Studies (incl Development Studies),Geology, Environmental, Earth & Marine Sciences,Art, Performing Arts & Design,Mechanical & Aerospace Engineering,Sociology,Education,Communication & Media Studies,Chemical Engineering,Law",False,False,False,https://www.timeshighereducation.com/student/register-interest/shorelight?utm_medium=thewebsite&utm_campaign=cta-link&utm_source=rankings&iid=i-33715825
351-400,Polytechnic University of Valencia,-,279,21.0,358,12.1,387,59.4,237,39.3,222,26.1,364,master_account,0,/world-university-rankings/polytechnic-university-valencia,851,Spain,,,,,Polytechnic University of Valencia,"Mechanical & Aerospace Engineering,Politics & International Studies (incl Development Studies),Computer Science,Mathematics & Statistics,Economics & Econometrics,Electrical & Electronic Engineering,Sociology,Biological Sciences,Architecture,General Engineering,Accounting & Finance,Civil Engineering,Art, Performing Arts & Design,Languages, Literature & Linguistics,Other Health,Chemistry,Communication & Media Studies,Business & Management,Chemical Engineering,History, Philosophy & Theology,Agriculture & Forestry,Geology, Environmental, Earth & Marine Sciences,Physics & Astronomy",False,False,False,
351-400,"University of the Andes, Colombia",-,375,15.5,396,11.4,390,68.2,174,28.4,359,53.0,192,master_account,0,/world-university-rankings/university-andes-colombia,896,Colombia,,,,,"University of the Andes, Colombia","Languages, Literature & Linguistics,Electrical & Electronic Engineering,Politics & International Studies (incl Development Studies),Chemistry,Accounting & Finance,Art, Performing Arts & Design,Mechanical & Aerospace Engineering,Sociology,Medicine & Dentistry,Geology, Environmental, Earth & Marine Sciences,Economics & Econometrics,Architecture,Civil Engineering,Geography,Mathematics & Statistics,Education,Biological Sciences,Psychology,General Engineering,Communication & Media Studies,Chemical Engineering,Law,History, Philosophy & Theology,Computer Science,Physics & Astronomy,Business & Management",False,False,False,
351-400,Jagiellonian University,-,238,22.7,340,13.8,381,48.2,324,29.5,345,41.7,258,master_account,0,/world-university-rankings/jagiellonian-university,783,Poland,,,,,Jagiellonian University,"Economics & Econometrics,Computer Science,Geology, Environmental, Earth & Marine Sciences,Psychology,Biological Sciences,Archaeology,Geography,Medicine & Dentistry,Business & Management,History, Philosophy & Theology,Education,Communication & Media Studies,Physics & Astronomy,Other Health,Law,Accounting & Finance,Chemistry,Politics & International Studies (incl Development Studies),Sociology,Languages, Literature & Linguistics,Mathematics & Statistics,Art, Performing Arts & Design",False,False,False,
351-400,University of Salento,-,360,29.1,290,21.3,327,40.6,365,51.3,119,28.4,343,master_account,0,/world-university-rankings/university-salento,854,Italy,,,,,University of Salento,"Computer Science,Communication & Media Studies,Civil Engineering,Sociology,Business & Management,Agriculture & Forestry,Education,Languages, Literature & Linguistics,Sport Science,Law,Art, Performing Arts & Design,General Engineering,Physics & Astronomy,Biological Sciences,Psychology,Mechanical & Aerospace Engineering,Mathematics & Statistics,Accounting & Finance,Archaeology,Politics & International Studies (incl Development Studies),History, Philosophy & Theology,Geography,Medicine & Dentistry,Geology, Environmental, Earth & Marine Sciences",False,False,False,
351-400,National Autonomous University of Mexico,-,263,31.0,277,31.6,230,24.6,398,36.0,258,33.2,306,master_account,0,/world-university-rankings/national-autonomous-university-mexico,897,Mexico,,,,,National Autonomous University of Mexico,"Art, Performing Arts & Design,Civil Engineering,Communication & Media Studies,History, Philosophy & Theology,Languages, Literature & Linguistics,Chemical Engineering,Archaeology,Physics & Astronomy,Accounting & Finance,Other Health,Biological Sciences,Business & Management,General Engineering,Agriculture & Forestry,Education,Architecture,Veterinary Science,Geography,Medicine & Dentistry,Mathematics & Statistics,Economics & Econometrics,Electrical & Electronic Engineering,Geology, Environmental, Earth & Marine Sciences,Computer Science,Mechanical & Aerospace Engineering,Sociology,Law,Chemistry,Psychology,Politics & International Studies (incl Development Studies)",False,False,False,
351-400,Keele University,-,241,16.3,394,18.8,352,55.1,267,31.7,315,64.2,124,master_account,0,/world-university-rankings/keele-university,784,United Kingdom,,,,,Keele University,"Psychology,Education,Mathematics & Statistics,Accounting & Finance,Veterinary Science,Physics & Astronomy,Computer Science,Medicine & Dentistry,Art, Performing Arts & Design,Sociology,Chemistry,Communication & Media Studies,Business & Management,General Engineering,History, Philosophy & Theology,Politics & International Studies (incl Development Studies),Biological Sciences,Other Health,Law,Sport Science,Languages, Literature & Linguistics,Economics & Econometrics,Geography,Geology, Environmental, Earth & Marine Sciences",False,False,False,https://www.timeshighereducation.com/student/register-interest/siuk?utm_medium=thewebsite&utm_campaign=cta-link&utm_source=rankings&iid=i-54705553
351-400,University of Strathclyde,-,368,26.3,316,21.6,323,33.0,387,35.8,262,63.0,131,master_account,0,/world-university-rankings/university-strathclyde,856,United Kingdom,,,,,University of Strathclyde,"Education,General Engineering,Physics & Astronomy,Chemical Engineering,Psychology,Biological Sciences,Other Health,Politics & International Studies (incl Development Studies),Sport Science,Sociology,Communication & Media Studies,Law,Mechanical & Aerospace Engineering,Civil Engineering,History, Philosophy & Theology,Electrical & Electronic Engineering,Geology, Environmental, Earth & Marine Sciences,Art, Performing Arts & Design,Business & Management,Mathematics & Statistics,Chemistry,Computer Science,Economics & Econometrics,Languages, Literature & Linguistics,Accounting & Finance",False,False,False,https://www.timeshighereducation.com/student/register-interest/siuk?utm_medium=thewebsite&utm_campaign=cta-link&utm_source=rankings&iid=i-30420621
351-400,Indian Institute of Technology Roorkee,-,236,30.4,280,13.7,383,45.8,342,70.4,66,15.6,400,master_account,0,/world-university-rankings/indian-institute-technology-roorkee,899,India,,,,,Indian Institute of Technology Roorkee,"Mechanical & Aerospace Engineering,General Engineering,Computer Science,Biological Sciences,Chemistry,Civil Engineering,Chemical Engineering,Physics & Astronomy,Business & Management,Mathematics & Statistics,Architecture,Geology, Environmental, Earth & Marine Sciences,Electrical & Electronic Engineering",False,False,False,
351-400,Aalborg University,-,201,21.7,354,24.9,294,41.0,364,39.0,225,67.2,103,master_account,1,/world-university-rankings/aalborg-university,766,Denmark,,,,,Aalborg University,"Agriculture & Forestry,Geography,History, Philosophy & Theology,Electrical & Electronic Engineering,Geology, Environmental, Earth & Marine Sciences,Economics & Econometrics,Languages, Literature & Linguistics,Chemistry,Accounting & Finance,Civil Engineering,Politics & International Studies (incl Development Studies),Other Health,Sport Science,Education,Medicine & Dentistry,Chemical Engineering,Sociology,Art, Performing Arts & Design,Biological Sciences,Law,General Engineering,Physics & Astronomy,Business & Management,Architecture,Mechanical & Aerospace Engineering,Communication & Media Studies,Computer Science,Mathematics & Statistics,Psychology",False,False,False,
351-400,Keio University,-,242,32.5,264,28.0,256,39.7,368,43.1,172,22.2,380,master_account,0,/world-university-rankings/keio-university,785,Japan,,,,,Keio University,"Sport Science,Education,Archaeology,Biological Sciences,Geography,Economics & Econometrics,History, Philosophy & Theology,Civil Engineering,Law,Other Health,Physics & Astronomy,Psychology,Languages, Literature & Linguistics,Mechanical & Aerospace Engineering,Politics & International Studies (incl Development Studies),Accounting & Finance,Art, Performing Arts & Design,Electrical & Electronic Engineering,Communication & Media Studies,Computer Science,Chemistry,General Engineering,Geology, Environmental, Earth & Marine Sciences,Medicine & Dentistry,Mathematics & Statistics,Business & Management,Architecture,Chemical Engineering,Sociology",False,False,False,
351-400,University of Stirling,-,366,18.2,386,23.7,305,50.3,306,29.8,342,63.7,129,master_account,0,/world-university-rankings/university-stirling,804,United Kingdom,,,,,University of Stirling,"General Engineering,History, Philosophy & Theology,Communication & Media Studies,Other Health,Business & Management,Politics & International Studies (incl Development Studies),Sociology,Accounting & Finance,Economics & Econometrics,Computer Science,Law,Education,Mathematics & Statistics,Sport Science,Psychology,Geology, Environmental, Earth & Marine Sciences,Languages, Literature & Linguistics,Biological Sciences",False,False,False,
351-400,University of Tartu,-,371,18.6,383,27.4,266,52.4,286,30.1,337,42.4,254,master_account,6,/world-university-rankings/university-tartu,859,Estonia,,,,,University of Tartu,"Archaeology,Geography,Languages, Literature & Linguistics,Agriculture & Forestry,Communication & Media Studies,History, Philosophy & Theology,Politics & International Studies (incl Development Studies),Sport Science,Education,Medicine & Dentistry,Mathematics & Statistics,Psychology,Computer Science,Chemistry,Accounting & Finance,Biological Sciences,Sociology,Veterinary Science,Law,Other Health,Physics & Astronomy,Business & Management,Art, Performing Arts & Design,Electrical & Electronic Engineering,Geology, Environmental, Earth & Marine Sciences,Economics & Econometrics",False,False,False,
351-400,University of Jyväskylä,-,334,24.3,331,15.8,371,44.6,352,71.2,65,49.7,216,master_account,0,/world-university-rankings/university-jyvaskyla,900,Finland,,,,,University of Jyväskylä,"Politics & International Studies (incl Development Studies),Sociology,Languages, Literature & Linguistics,Sport Science,Computer Science,Economics & Econometrics,Communication & Media Studies,Education,Biological Sciences,Business & Management,Art, Performing Arts & Design,Other Health,Accounting & Finance,Mathematics & Statistics,Physics & Astronomy,Chemistry,History, Philosophy & Theology,Psychology",False,False,False,
351-400,National Taiwan University of Science and Technology (Taiwan Tech),-,269,26.8,314,42.5,149,33.1,386,46.8,140,18.8,397,master_account,0,/world-university-rankings/national-taiwan-university-science-and-technology-taiwan-tech,793,Taiwan,,,,,National Taiwan University of Science and Technology (Taiwan Tech),"Accounting & Finance,Electrical & Electronic Engineering,Mechanical & Aerospace Engineering,Art, Performing Arts & Design,Civil Engineering,Languages, Literature & Linguistics,Chemical Engineering,Computer Science,General Engineering,Education,Architecture,Business & Management",False,False,False,
351-400,Lehigh University,-,249,26.0,319,19.7,342,50.6,303,40.1,207,30.4,330,private,0,/world-university-rankings/lehigh-university,787,United States,,,,,Lehigh University,"Architecture,Civil Engineering,Education,Biological Sciences,Business & Management,Chemical Engineering,Psychology,History, Philosophy & Theology,Mechanical & Aerospace Engineering,Sociology,Art, Performing Arts & Design,General Engineering,Communication & Media Studies,Computer Science,Physics & Astronomy,Economics & Econometrics,Chemistry,Languages, Literature & Linguistics,Electrical & Electronic Engineering,Politics & International Studies (incl Development Studies),Other Health,Geology, Environmental, Earth & Marine Sciences,Mathematics & Statistics,Accounting & Finance",False,False,False,https://www.timeshighereducation.com/student/register-interest/shorelight?utm_medium=thewebsite&utm_campaign=cta-link&utm_source=rankings&iid=i-16717372
351-400,Waseda University,-,395,28.9,292,21.3,328,37.8,376,30.8,331,32.8,312,master_account,6,/world-university-rankings/waseda-university,862,Japan,,,,,Waseda University Waseda Japan Tokyo,"Electrical & Electronic Engineering,Physics & Astronomy,Education,Architecture,Geology, Environmental, Earth & Marine Sciences,Psychology,Other Health,Sport Science,Economics & Econometrics,Medicine & Dentistry,Politics & International Studies (incl Development Studies),History, Philosophy & Theology,Chemical Engineering,Geography,Languages, Literature & Linguistics,Mechanical & Aerospace Engineering,Chemistry,Law,General Engineering,Mathematics & Statistics,Business & Management,Art, Performing Arts & Design,Civil Engineering,Biological Sciences,Accounting & Finance,Computer Science,Communication & Media Studies,Archaeology,Sociology",False,False,False,
351-400,King Mongkut’s University of Technology Thonburi,-,244,11.3,400,10.2,395,68.4,173,60.2,91,23.8,377,master_account,0,/world-university-rankings/king-mongkuts-university-technology-thonburi,901,Thailand,,,,,King Mongkut’s University of Technology Thonburi,"Education,Computer Science,Civil Engineering,Electrical & Electronic Engineering,Architecture,General Engineering,Chemistry,Business & Management,Accounting & Finance,Agriculture & Forestry,Biological Sciences,Communication & Media Studies,Mathematics & Statistics,Languages, Literature & Linguistics,Chemical Engineering,Mechanical & Aerospace Engineering,Geology, Environmental, Earth & Marine Sciences,Physics & Astronomy",False,False,False,
351-400,University of Aveiro,-,309,21.0,359,21.1,330,49.0,316,39.9,213,48.7,220,master_account,0,/world-university-rankings/university-aveiro,769,Portugal,,,,,University of Aveiro,"Economics & Econometrics,Psychology,Geology, Environmental, Earth & Marine Sciences,Biological Sciences,Accounting & Finance,Communication & Media Studies,Business & Management,Other Health,Education,Electrical & Electronic Engineering,Agriculture & Forestry,Politics & International Studies (incl Development Studies),Physics & Astronomy,Mechanical & Aerospace Engineering,Chemistry,General Engineering,Chemical Engineering,Civil Engineering,Mathematics & Statistics,Languages, Literature & Linguistics,Computer Science,Art, Performing Arts & Design,Sociology",False,False,False,
351-400,University of Liège,-,340,21.9,353,16.9,366,48.4,322,55.9,103,67.8,98,master_account,0,/world-university-rankings/university-liege,788,Belgium,,,,,University of Liège,"Other Health,Civil Engineering,Chemistry,Archaeology,Veterinary Science,Politics & International Studies (incl Development Studies),Accounting & Finance,Mechanical & Aerospace Engineering,Communication & Media Studies,Business & Management,Computer Science,Chemical Engineering,Sociology,Economics & Econometrics,Architecture,Sport Science,Geography,Medicine & Dentistry,Mathematics & Statistics,History, Philosophy & Theology,Biological Sciences,Education,General Engineering,Physics & Astronomy,Electrical & Electronic Engineering,Geology, Environmental, Earth & Marine Sciences,Psychology,Languages, Literature & Linguistics,Agriculture & Forestry,Law",False,False,False,
351-400,University of Tasmania,-,372,19.5,373,17.5,364,47.2,334,44.8,153,68.4,94,master_account,0,/world-university-rankings/university-tasmania,808,Australia,,,,,University of Tasmania,"Education,Art, Performing Arts & Design,Geology, Environmental, Earth & Marine Sciences,Civil Engineering,History, Philosophy & Theology,Sport Science,Psychology,Sociology,Medicine & Dentistry,Chemistry,Computer Science,Mathematics & Statistics,Communication & Media Studies,Politics & International Studies (incl Development Studies),Accounting & Finance,Mechanical & Aerospace Engineering,Business & Management,Physics & Astronomy,Other Health,Electrical & Electronic Engineering,General Engineering,Law,Architecture,Economics & Econometrics,Agriculture & Forestry,Languages, Literature & Linguistics,Geography,Biological Sciences",False,False,False,https://www.timeshighereducation.com/student/register-interest/aecc?utm_medium=thewebsite&utm_campaign=cta-link&utm_source=rankings&iid=i-41097594
351-400,University of Wyoming,-,390,18.6,384,24.2,298,47.5,331,30.9,328,28.1,346,public,0,/world-university-rankings/university-wyoming,864,United States,,,,,University of Wyoming,"Art, Performing Arts & Design,Electrical & Electronic Engineering,Geology, Environmental, Earth & Marine Sciences,Business & Management,Computer Science,Chemical Engineering,Geography,History, Philosophy & Theology,Physics & Astronomy,Accounting & Finance,Sport Science,Psychology,Mechanical & Aerospace Engineering,Politics & International Studies (incl Development Studies),Biological Sciences,Education,Languages, Literature & Linguistics,Mathematics & Statistics,Communication & Media Studies,Medicine & Dentistry,Chemistry,Economics & Econometrics,Agriculture & Forestry,Law,Other Health,Civil Engineering,Sociology",False,False,False,https://www.timeshighereducation.com/student/register-interest/shorelight?utm_medium=thewebsite&utm_campaign=cta-link&utm_source=rankings&iid=i-13001174
351-400,University of Minho,-,345,17.6,388,19.7,343,51.2,299,32.2,307,44.1,250,master_account,0,/world-university-rankings/university-minho,903,Portugal,,,,,University of Minho,"Communication & Media Studies,Psychology,Art, Performing Arts & Design,General Engineering,Geology, Environmental, Earth & Marine Sciences,Mechanical & Aerospace Engineering,Medicine & Dentistry,Mathematics & Statistics,Electrical & Electronic Engineering,Sociology,Other Health,Economics & Econometrics,Civil Engineering,Chemistry,Business & Management,Computer Science,Physics & Astronomy,Archaeology,Education,History, Philosophy & Theology,Law,Accounting & Finance,Languages, Literature & Linguistics,Architecture,Geography,Biological Sciences,Politics & International Studies (incl Development Studies),Chemical Engineering,Agriculture & Forestry",False,False,False,
351-400,SUNY Binghamton University,-,210,23.3,337,21.9,318,51.1,301,33.4,293,30.7,327,public,0,/world-university-rankings/suny-binghamton-university,771,United States,,,,,SUNY Binghamton University,"Geography,Economics & Econometrics,Geology, Environmental, Earth & Marine Sciences,Chemical Engineering,Accounting & Finance,Physics & Astronomy,Languages, Literature & Linguistics,Mechanical & Aerospace Engineering,Archaeology,Chemistry,Biological Sciences,Sociology,History, Philosophy & Theology,Mathematics & Statistics,Psychology,Electrical & Electronic Engineering,Art, Performing Arts & Design,Communication & Media Studies,Business & Management,Other Health,Education,General Engineering,Politics & International Studies (incl Development Studies),Computer Science",False,False,False,https://www.timeshighereducation.com/student/register-interest/shorelight?utm_medium=thewebsite&utm_campaign=cta-link&utm_source=rankings&iid=i-91581071
351-400,University of Valencia,-,382,17.2,392,14.5,379,62.8,215,32.5,304,40.8,262,master_account,0,/world-university-rankings/university-valencia,809,Spain,,,,,University of Valencia,"Chemical Engineering,Psychology,Physics & Astronomy,History, Philosophy & Theology,Mathematics & Statistics,Other Health,Education,Agriculture & Forestry,Art, Performing Arts & Design,Law,Biological Sciences,Computer Science,Sociology,Accounting & Finance,Business & Management,Politics & International Studies (incl Development Studies),Sport Science,Architecture,Geology, Environmental, Earth & Marine Sciences,Medicine & Dentistry,Geography,Communication & Media Studies,Languages, Literature & Linguistics,Economics & Econometrics,Chemistry,Electrical & Electronic Engineering",False,False,False,
351-400,Paris Dauphine University,-,277,22.0,351,12.7,386,50.6,304,29.4,349,57.6,162,master_account,0,/world-university-rankings/paris-dauphine-university,904,France,,,,,Paris Dauphine University,"Business & Management,Computer Science,Economics & Econometrics,Law,Mathematics & Statistics,Other Health,Politics & International Studies (incl Development Studies)",False,False,False,
351-400,Heriot-Watt University,-,230,20.7,364,21.4,325,42.1,361,48.4,134,84.2,32,master_account,0,/world-university-rankings/heriot-watt-university,828,United Kingdom,,,,,Heriot-Watt University,"Chemical Engineering,Psychology,Electrical & Electronic Engineering,Physics & Astronomy,Art, Performing Arts & Design,Sport Science,Geography,Mechanical & Aerospace Engineering,Chemistry,Economics & Econometrics,Computer Science,Business & Management,Civil Engineering,Geology, Environmental, Earth & Marine Sciences,General Engineering,Agriculture & Forestry,Accounting & Finance,Architecture,Mathematics & Statistics,Languages, Literature & Linguistics,Biological Sciences",False,False,False,https://www.timeshighereducation.com/student/register-interest/siuk?utm_medium=thewebsite&utm_campaign=cta-link&utm_source=rankings&iid=i-23564362
351-400,Southern Methodist University,-,290,18.6,381,9.0,400,67.3,175,-,380,35.2,293,private,0,/world-university-rankings/southern-methodist-university,905,United States,,,,,Southern Methodist University,"Accounting & Finance,Archaeology,Architecture,Art, Performing Arts & Design,Biological Sciences,Business & Management,Chemistry,Civil Engineering,Communication & Media Studies,Computer Science,Economics & Econometrics,Education,Electrical & Electronic Engineering,General Engineering,Geography,Geology, Environmental, Earth & Marine Sciences,History, Philosophy & Theology,Languages, Literature & Linguistics,Mathematics & Statistics,Mechanical & Aerospace Engineering,Other Health,Physics & Astronomy,Politics & International Studies (incl Development Studies),Psychology,Sociology",False,False,False,https://www.timeshighereducation.com/student/register-interest/shorelight?utm_medium=thewebsite&utm_campaign=cta-link&utm_source=rankings&iid=i-98840942
