rank,name,scores_overall,scores_overall_rank,scores_teaching,scores_teaching_rank,scores_research,scores_research_rank,scores_citations,scores_citations_rank,scores_industry_income,scores_industry_income_rank,scores_international_outlook,scores_international_outlook_rank,record_type,member_level,url,nid,location,stats_number_students,stats_student_staff_ratio,stats_pc_intl_students,stats_female_male_ratio,aliases,subjects_offered,closed,unaccredited,disabled,website_url
1,University of Oxford,95.0,10,89.6,5,99.1,1,99.2,12,62.5,156,94.5,20,master_account,0,/world-university-rankings/university-oxford,468,United Kingdom,"19,720",10.9,35%,46 : 54,University of Oxford,"Computer Science,Languages, Literature & Linguistics,Mathematics & Statistics,Economics & Econometrics,Law,Accounting & Finance,Chemical Engineering,Archaeology,Communication & Media Studies,Civil Engineering,Education,Mechanical & Aerospace Engineering,Geology, Environmental, Earth & Marine Sciences,Psychology,Biological Sciences,Geography,Politics & International Studies (incl Development Studies),Other Health,General Engineering,Business & Management,Chemistry,Medicine & Dentistry,Art, Performing Arts & Design,Electrical & Electronic Engineering,Physics & Astronomy,History, Philosophy & Theology,Sociology",False,False,False,https://www.timeshighereducation.com/student/register-interest/siuk?utm_medium=thewebsite&utm_campaign=cta-link&utm_source=rankings&iid=i-92611101
2,California Institute of Technology,94.3,20,95.5,1,95.7,6,99.8,4,90.8,47,63.4,261,private,0,/world-university-rankings/california-institute-technology,128779,United States,"2,181",6.7,27%,31 : 69,California Institute of Technology caltech,"Biological Sciences,History, Philosophy & Theology,Mathematics & Statistics,Languages, Literature & Linguistics,Economics & Econometrics,General Engineering,Politics & International Studies (incl Development Studies),Electrical & Electronic Engineering,Chemistry,Chemical Engineering,Computer Science,Geology, Environmental, Earth & Marine Sciences,Mechanical & Aerospace Engineering,Business & Management,Physics & Astronomy,Civil Engineering",False,False,False,https://www.timeshighereducation.com/student/register-interest/shorelight?utm_medium=thewebsite&utm_campaign=cta-link&utm_source=rankings&iid=i-20537945
3,Stanford University,93.8,30,92.6,2,95.9,5,99.9,3,60.9,165,76.5,153,private,0,/world-university-rankings/stanford-university,467,United States,"15,658",7.7,22%,42 : 58,Stanford University,"Civil Engineering,Politics & International Studies (incl Development Studies),General Engineering,Sociology,Other Health,Computer Science,Chemical Engineering,Mathematics & Statistics,Art, Performing Arts & Design,Biological Sciences,Mechanical & Aerospace Engineering,Business & Management,Medicine & Dentistry,Geology, Environmental, Earth & Marine Sciences,Veterinary Science,History, Philosophy & Theology,Electrical & Electronic Engineering,Psychology,Accounting & Finance,Agriculture & Forestry,Archaeology,Education,Languages, Literature & Linguistics,Communication & Media Studies,Physics & Astronomy,Law,Economics & Econometrics,Chemistry",False,False,False,
4,University of Cambridge,93.6,40,90.6,3,97.2,3,96.8,31,50.4,239,92.4,34,master_account,0,/world-university-rankings/university-cambridge,470,United Kingdom,"18,605",11.3,35%,45 : 55,University of Cambridge,"History, Philosophy & Theology,Biological Sciences,Geology, Environmental, Earth & Marine Sciences,Law,Electrical & Electronic Engineering,Architecture,Psychology,Veterinary Science,Politics & International Studies (incl Development Studies),Physics & Astronomy,General Engineering,Archaeology,Medicine & Dentistry,Chemistry,Mechanical & Aerospace Engineering,Geography,Economics & Econometrics,Languages, Literature & Linguistics,Computer Science,Mathematics & Statistics,Civil Engineering,Sociology,Business & Management,Chemical Engineering,Art, Performing Arts & Design,Education",False,False,False,https://www.timeshighereducation.com/student/register-interest/siuk?utm_medium=thewebsite&utm_campaign=cta-link&utm_source=rankings&iid=i-67516113
5,Massachusetts Institute of Technology,93.4,50,90.3,4,92.3,8,99.9,2,88.4,55,85.6,89,private,0,/world-university-rankings/massachusetts-institute-technology,471,United States,"11,192",8.8,33%,37 : 63,Massachusetts Institute of Technology,"Biological Sciences,Electrical & Electronic Engineering,Languages, Literature & Linguistics,Economics & Econometrics,Psychology,Art, Performing Arts & Design,Physics & Astronomy,Mechanical & Aerospace Engineering,Sociology,Communication & Media Studies,Mathematics & Statistics,Architecture,General Engineering,Civil Engineering,Chemical Engineering,History, Philosophy & Theology,Geology, Environmental, Earth & Marine Sciences,Archaeology,Other Health,Chemistry,Politics & International Studies (incl Development Studies),Computer Science,Business & Management",False,False,False,https://www.timeshighereducation.com/student/register-interest/shorelight?utm_medium=thewebsite&utm_campaign=cta-link&utm_source=rankings&iid=i-68334672
6,Harvard University,92.7,60,87.5,9,98.3,2,99.7,8,47.3,287,77.9,139,private,0,/world-university-rankings/harvard-university,466,United States,"19,890",8.8,25%,,Harvard University,"Archaeology,Mathematics & Statistics,Art, Performing Arts & Design,Psychology,Other Health,Chemistry,Economics & Econometrics,Biological Sciences,Accounting & Finance,Physics & Astronomy,Medicine & Dentistry,Communication & Media Studies,Civil Engineering,Mechanical & Aerospace Engineering,Law,History, Philosophy & Theology,Geography,Education,Computer Science,General Engineering,Politics & International Studies (incl Development Studies),Languages, Literature & Linguistics,Business & Management,Architecture,Sociology,Geology, Environmental, Earth & Marine Sciences,Electrical & Electronic Engineering,Agriculture & Forestry",False,False,False,https://www.timeshighereducation.com/student/register-interest/shorelight?utm_medium=thewebsite&utm_campaign=cta-link&utm_source=rankings&iid=i-48698023
7,Princeton University,90.2,70,89.5,6,88.4,15,99.2,13,49.9,250,77.2,148,private,0,/world-university-rankings/princeton-university,469,United States,"7,925",8.4,23%,45 : 55,Princeton University,"Chemistry,Languages, Literature & Linguistics,Mechanical & Aerospace Engineering,Sociology,Chemical Engineering,Economics & Econometrics,General Engineering,Geology, Environmental, Earth & Marine Sciences,Computer Science,Mathematics & Statistics,Other Health,Biological Sciences,History, Philosophy & Theology,Agriculture & Forestry,Electrical & Electronic Engineering,Politics & International Studies (incl Development Studies),Art, Performing Arts & Design,Physics & Astronomy,Architecture,Civil Engineering,Psychology",False,False,False,https://www.timeshighereducation.com/student/register-interest/shorelight?utm_medium=thewebsite&utm_campaign=cta-link&utm_source=rankings&iid=i-20795402
8,Imperial College London,90.0,80,86.4,11,86.6,18,97.3,28,67.5,128,96.5,9,master_account,0,/world-university-rankings/imperial-college-london,472,United Kingdom,"15,235",11.3,52%,37 : 63,Imperial College London,"Computer Science,Business & Management,Chemical Engineering,Accounting & Finance,Chemistry,Economics & Econometrics,Geology, Environmental, Earth & Marine Sciences,General Engineering,Electrical & Electronic Engineering,Physics & Astronomy,Medicine & Dentistry,Mechanical & Aerospace Engineering,Other Health,Mathematics & Statistics,Biological Sciences,Civil Engineering",False,False,False,https://www.timeshighereducation.com/student/register-interest/siuk?utm_medium=thewebsite&utm_campaign=cta-link&utm_source=rankings&iid=i-67704114
9,ETH Zurich,89.3,90,81.5,17,93.7,7,92.5,61,63.7,148,98.1,7,master_account,0,/world-university-rankings/eth-zurich,479,Switzerland,"18,616",14.9,37%,31 : 69,ETH Zurich,"Electrical & Electronic Engineering,Education,Civil Engineering,Business & Management,Chemical Engineering,Computer Science,Politics & International Studies (incl Development Studies),General Engineering,Economics & Econometrics,Chemistry,Other Health,Mathematics & Statistics,Sport Science,Mechanical & Aerospace Engineering,Geology, Environmental, Earth & Marine Sciences,Agriculture & Forestry,Biological Sciences,Architecture,Physics & Astronomy,Medicine & Dentistry,Accounting & Finance",False,False,False,
=10,"University of California, Berkeley",88.9,100,82.4,16,96.1,4,99.8,5,37.6,537,59.6,291,public,0,/world-university-rankings/university-california-berkeley,474,United States,"34,834",12.0,16%,52 : 48,"University of California, Berkeley","Languages, Literature & Linguistics,Civil Engineering,Politics & International Studies (incl Development Studies),Agriculture & Forestry,Art, Performing Arts & Design,Geography,General Engineering,Chemical Engineering,Physics & Astronomy,Economics & Econometrics,Biological Sciences,Electrical & Electronic Engineering,Computer Science,Education,Other Health,Geology, Environmental, Earth & Marine Sciences,Sociology,History, Philosophy & Theology,Chemistry,Law,Psychology,Business & Management,Architecture,Mathematics & Statistics,Mechanical & Aerospace Engineering,Communication & Media Studies,Archaeology",False,False,False,https://www.timeshighereducation.com/student/register-interest/shorelight?utm_medium=thewebsite&utm_campaign=cta-link&utm_source=rankings&iid=i-50018853
=10,The University of Chicago,88.9,110,88.1,8,89.1,12,99.1,14,37.7,535,67.8,220,private,0,/world-university-rankings/university-chicago,473,United States,"13,486",6.2,24%,42 : 58,The University of Chicago,"Accounting & Finance,Medicine & Dentistry,History, Philosophy & Theology,Psychology,Law,Archaeology,Physics & Astronomy,Languages, Literature & Linguistics,Chemistry,Politics & International Studies (incl Development Studies),Economics & Econometrics,Business & Management,Geology, Environmental, Earth & Marine Sciences,Mathematics & Statistics,Biological Sciences,Chemical Engineering,Art, Performing Arts & Design,Sociology,Computer Science",False,False,False,
12,Yale University,88.2,120,88.5,7,87.8,16,97.8,24,44.5,336,64.3,256,private,0,/world-university-rankings/yale-university,475,United States,"11,946",4.4,21%,49 : 51,Yale University,"Languages, Literature & Linguistics,Other Health,Geology, Environmental, Earth & Marine Sciences,Archaeology,Agriculture & Forestry,Psychology,Mathematics & Statistics,Law,Computer Science,Politics & International Studies (incl Development Studies),General Engineering,History, Philosophy & Theology,Electrical & Electronic Engineering,Accounting & Finance,Art, Performing Arts & Design,Mechanical & Aerospace Engineering,Sociology,Medicine & Dentistry,Physics & Astronomy,Chemical Engineering,Business & Management,Chemistry,Architecture,Biological Sciences,Economics & Econometrics",False,False,False,https://www.timeshighereducation.com/student/register-interest/shorelight?utm_medium=thewebsite&utm_campaign=cta-link&utm_source=rankings&iid=i-73583889
13,University of Pennsylvania,87.1,130,85.9,12,88.9,14,98.6,21,49.9,249,50.1,400,private,0,/world-university-rankings/university-pennsylvania,480,United States,"20,367",6.5,20%,51 : 49,University of Pennsylvania,"Business & Management,Other Health,Languages, Literature & Linguistics,Economics & Econometrics,Psychology,Mechanical & Aerospace Engineering,Education,Mathematics & Statistics,Medicine & Dentistry,Communication & Media Studies,Computer Science,Biological Sciences,Accounting & Finance,Geology, Environmental, Earth & Marine Sciences,General Engineering,Archaeology,Politics & International Studies (incl Development Studies),Sociology,Veterinary Science,Chemistry,History, Philosophy & Theology,Art, Performing Arts & Design,Electrical & Electronic Engineering,Geography,Physics & Astronomy,Chemical Engineering,Architecture,Law",False,False,False,https://www.timeshighereducation.com/student/register-interest/shorelight?utm_medium=thewebsite&utm_campaign=cta-link&utm_source=rankings&iid=i-31733092
14,"University of California, Los Angeles",86.6,140,82.9,15,89.0,13,98.4,22,47.1,290,58.0,309,public,0,/world-university-rankings/university-california-los-angeles,477,United States,"38,392",9.9,16%,53 : 47,"University of California, Los Angeles","History, Philosophy & Theology,Mathematics & Statistics,Geography,Other Health,Biological Sciences,Law,Physics & Astronomy,Chemistry,Sport Science,Business & Management,Accounting & Finance,General Engineering,Geology, Environmental, Earth & Marine Sciences,Education,Languages, Literature & Linguistics,Psychology,Electrical & Electronic Engineering,Chemical Engineering,Art, Performing Arts & Design,Agriculture & Forestry,Medicine & Dentistry,Civil Engineering,Architecture,Archaeology,Mechanical & Aerospace Engineering,Veterinary Science,Economics & Econometrics,Computer Science,Politics & International Studies (incl Development Studies),Sociology,Communication & Media Studies",False,False,False,https://www.timeshighereducation.com/student/register-interest/shorelight?utm_medium=thewebsite&utm_campaign=cta-link&utm_source=rankings&iid=i-95508882
15,UCL,86.5,150,77.4,22,90.0,9,94.0,50,41.9,395,94.3,22,master_account,0,/world-university-rankings/ucl,481,United Kingdom,"28,600",10.6,47%,56 : 44,UCL ucl UCL,"General Engineering,Medicine & Dentistry,Sport Science,Art, Performing Arts & Design,Biological Sciences,Law,Mechanical & Aerospace Engineering,Physics & Astronomy,Education,Architecture,Electrical & Electronic Engineering,Geology, Environmental, Earth & Marine Sciences,Business & Management,History, Philosophy & Theology,Chemical Engineering,Geography,Archaeology,Mathematics & Statistics,Computer Science,Politics & International Studies (incl Development Studies),Other Health,Communication & Media Studies,Economics & Econometrics,Languages, Literature & Linguistics,Civil Engineering,Sociology,Chemistry,Psychology",False,False,False,https://www.timeshighereducation.com/student/register-interest/siuk?utm_medium=thewebsite&utm_campaign=cta-link&utm_source=rankings&iid=i-15171793
16,Columbia University,86.1,160,86.9,10,78.9,30,98.6,20,44.9,322,75.3,166,private,0,/world-university-rankings/columbia-university,476,United States,"25,659",6.0,30%,,Columbia University,"Architecture,Sport Science,Electrical & Electronic Engineering,Communication & Media Studies,Law,Chemistry,Archaeology,Agriculture & Forestry,Sociology,History, Philosophy & Theology,Business & Management,Other Health,Psychology,Biological Sciences,Mechanical & Aerospace Engineering,Languages, Literature & Linguistics,Politics & International Studies (incl Development Studies),Art, Performing Arts & Design,Chemical Engineering,Civil Engineering,Accounting & Finance,Mathematics & Statistics,Physics & Astronomy,General Engineering,Medicine & Dentistry,Computer Science,Economics & Econometrics,Geology, Environmental, Earth & Marine Sciences",False,False,False,https://www.timeshighereducation.com/student/register-interest/shorelight?utm_medium=thewebsite&utm_campaign=cta-link&utm_source=rankings&iid=i-62830784
17,Johns Hopkins University,85.9,170,77.4,23,84.3,23,98.4,23,100.0,5,71.1,201,private,0,/world-university-rankings/johns-hopkins-university,478,United States,"15,303",3.5,24%,51 : 49,Johns Hopkins University,"Mathematics & Statistics,Economics & Econometrics,Civil Engineering,General Engineering,Sociology,Medicine & Dentistry,Physics & Astronomy,Education,Archaeology,Business & Management,Accounting & Finance,Computer Science,History, Philosophy & Theology,Psychology,Chemistry,Electrical & Electronic Engineering,Mechanical & Aerospace Engineering,Geology, Environmental, Earth & Marine Sciences,Biological Sciences,Languages, Literature & Linguistics,Politics & International Studies (incl Development Studies),Other Health,Art, Performing Arts & Design,Chemical Engineering",False,False,False,https://www.timeshighereducation.com/student/register-interest/shorelight?utm_medium=thewebsite&utm_campaign=cta-link&utm_source=rankings&iid=i-44788493
18,Duke University,84.7,180,80.7,18,80.0,28,98.8,18,100.0,2,58.2,307,private,0,/world-university-rankings/duke-university,487,United States,"15,204",4.8,17%,49 : 51,Duke University,"Computer Science,Physics & Astronomy,Agriculture & Forestry,Law,General Engineering,Geology, Environmental, Earth & Marine Sciences,Mechanical & Aerospace Engineering,Sociology,Geography,Languages, Literature & Linguistics,Chemical Engineering,Business & Management,Other Health,Chemistry,Communication & Media Studies,Medicine & Dentistry,Mathematics & Statistics,Economics & Econometrics,Art, Performing Arts & Design,Civil Engineering,Psychology,History, Philosophy & Theology,Biological Sciences,Accounting & Finance,Electrical & Electronic Engineering,Politics & International Studies (incl Development Studies)",False,False,False,https://www.timeshighereducation.com/student/register-interest/shorelight?utm_medium=thewebsite&utm_campaign=cta-link&utm_source=rankings&iid=i-10310643
19,Cornell University,84.6,190,79.7,19,86.5,19,97.2,29,36.0,619,62.2,274,private,0,/world-university-rankings/cornell-university,484,United States,"21,593",9.9,19%,49 : 51,Cornell University,"History, Philosophy & Theology,Archaeology,Veterinary Science,Agriculture & Forestry,Law,Biological Sciences,Chemical Engineering,Politics & International Studies (incl Development Studies),Civil Engineering,Mathematics & Statistics,Mechanical & Aerospace Engineering,Architecture,Art, Performing Arts & Design,Languages, Literature & Linguistics,Sociology,Communication & Media Studies,Geology, Environmental, Earth & Marine Sciences,Electrical & Electronic Engineering,Computer Science,General Engineering,Chemistry,Economics & Econometrics,Physics & Astronomy,Business & Management,Psychology,Other Health",False,False,False,https://www.timeshighereducation.com/student/register-interest/shorelight?utm_medium=thewebsite&utm_campaign=cta-link&utm_source=rankings&iid=i-48987672
20,Northwestern University,83.7,200,75.8,25,85.0,22,97.0,30,85.8,58,56.1,325,private,0,/world-university-rankings/northwestern-university,490,United States,"18,570",14.0,16%,48 : 52,Northwestern University,"Education,Computer Science,Biological Sciences,Psychology,Archaeology,Physics & Astronomy,History, Philosophy & Theology,Art, Performing Arts & Design,Business & Management,Economics & Econometrics,Mechanical & Aerospace Engineering,Languages, Literature & Linguistics,Communication & Media Studies,Medicine & Dentistry,Accounting & Finance,Chemistry,Chemical Engineering,Mathematics & Statistics,Geography,Sociology,Civil Engineering,Other Health,Electrical & Electronic Engineering,Sport Science,Law,Politics & International Studies (incl Development Studies),General Engineering,Architecture,Geology, Environmental, Earth & Marine Sciences",False,False,False,https://www.timeshighereducation.com/student/register-interest/shorelight?utm_medium=thewebsite&utm_campaign=cta-link&utm_source=rankings&iid=i-44947751
21,University of Michigan-Ann Arbor,83.6,210,79.4,20,86.1,21,95.8,41,43.9,353,54.6,350,public,0,/world-university-rankings/university-michigan-ann-arbor,482,United States,"41,912",8.8,16%,48 : 52,University of Michigan-Ann Arbor,"Geology, Environmental, Earth & Marine Sciences,Communication & Media Studies,Physics & Astronomy,Computer Science,General Engineering,Chemical Engineering,Agriculture & Forestry,History, Philosophy & Theology,Mechanical & Aerospace Engineering,Art, Performing Arts & Design,Mathematics & Statistics,Sociology,Electrical & Electronic Engineering,Law,Business & Management,Education,Civil Engineering,Medicine & Dentistry,Economics & Econometrics,Psychology,Architecture,Accounting & Finance,Other Health,Politics & International Studies (incl Development Studies),Biological Sciences,Chemistry,Sport Science,Languages, Literature & Linguistics",False,False,False,https://www.timeshighereducation.com/student/register-interest/shorelight?utm_medium=thewebsite&utm_campaign=cta-link&utm_source=rankings&iid=i-98611775
22,University of Toronto,83.0,220,74.6,28,86.3,20,91.9,67,48.8,263,78.3,134,master_account,0,/world-university-rankings/university-toronto,483,Canada,"68,093",18.8,16%,,University of Toronto,"Art, Performing Arts & Design,Accounting & Finance,Archaeology,Communication & Media Studies,Sport Science,Politics & International Studies (incl Development Studies),Physics & Astronomy,History, Philosophy & Theology,Mechanical & Aerospace Engineering,Other Health,Computer Science,Architecture,Psychology,Mathematics & Statistics,General Engineering,Chemistry,Economics & Econometrics,Law,Chemical Engineering,Geology, Environmental, Earth & Marine Sciences,Biological Sciences,Agriculture & Forestry,Education,Geography,Business & Management,Sociology,Electrical & Electronic Engineering,Medicine & Dentistry,Civil Engineering,Languages, Literature & Linguistics",False,False,False,https://www.timeshighereducation.com/student/register-interest/applyboard?utm_medium=thewebsite&utm_campaign=cta-link&utm_source=rankings&iid=i-67051171
23,Carnegie Mellon University,81.8,230,70.2,31,84.0,24,99.3,9,51.8,224,59.6,292,private,0,/world-university-rankings/carnegie-mellon-university,485,United States,"12,311",13.2,38%,38 : 62,Carnegie Mellon University,"Biological Sciences,Economics & Econometrics,Civil Engineering,Business & Management,Architecture,Communication & Media Studies,Art, Performing Arts & Design,Computer Science,Politics & International Studies (incl Development Studies),Languages, Literature & Linguistics,Electrical & Electronic Engineering,Psychology,Chemical Engineering,Accounting & Finance,Mathematics & Statistics,Physics & Astronomy,History, Philosophy & Theology,Mechanical & Aerospace Engineering,Chemistry",False,False,False,https://www.timeshighereducation.com/student/register-interest/shorelight?utm_medium=thewebsite&utm_campaign=cta-link&utm_source=rankings&iid=i-14763812
24,National University of Singapore,81.7,240,76.7,24,86.9,17,79.7,187,61.3,164,96.0,14,master_account,11,/world-university-rankings/national-university-singapore,504,Singapore,"31,111",16.7,32%,50 : 50,National University of Singapore nus,"Computer Science,Chemistry,Economics & Econometrics,General Engineering,Geology, Environmental, Earth & Marine Sciences,Architecture,Chemical Engineering,Geography,Medicine & Dentistry,Mathematics & Statistics,Psychology,Electrical & Electronic Engineering,Communication & Media Studies,Art, Performing Arts & Design,Mechanical & Aerospace Engineering,Politics & International Studies (incl Development Studies),History, Philosophy & Theology,Biological Sciences,Law,Other Health,Physics & Astronomy,Accounting & Finance,Languages, Literature & Linguistics,Civil Engineering,Sociology,Archaeology,Agriculture & Forestry,Business & Management",False,False,False,
=25,London School of Economics and Political Science,80.2,250,70.8,29,74.7,33,96.3,35,34.8,703,91.0,48,master_account,0,/world-university-rankings/london-school-economics-and-political-science,511,United Kingdom,"9,400",11.8,70%,53 : 47,London School of Economics and Political Science,"Mathematics & Statistics,Accounting & Finance,Geography,Law,Sociology,Politics & International Studies (incl Development Studies),Communication & Media Studies,Psychology,Languages, Literature & Linguistics,Business & Management,Economics & Econometrics,Geology, Environmental, Earth & Marine Sciences,History, Philosophy & Theology",False,False,False,https://www.timeshighereducation.com/student/register-interest/siuk?utm_medium=thewebsite&utm_campaign=cta-link&utm_source=rankings&iid=i-89868061
=25,University of Washington,80.2,260,70.2,34,80.4,26,98.8,19,49.8,251,55.0,343,public,0,/world-university-rankings/university-washington,489,United States,"45,162",11.9,15%,53 : 47,University of Washington,"Languages, Literature & Linguistics,Civil Engineering,Geography,Electrical & Electronic Engineering,Mathematics & Statistics,General Engineering,Chemical Engineering,Accounting & Finance,Architecture,Physics & Astronomy,Computer Science,Chemistry,Psychology,History, Philosophy & Theology,Art, Performing Arts & Design,Law,Other Health,Geology, Environmental, Earth & Marine Sciences,Business & Management,Agriculture & Forestry,Communication & Media Studies,Archaeology,Biological Sciences,Sociology,Mechanical & Aerospace Engineering,Sport Science,Education,Medicine & Dentistry,Politics & International Studies (incl Development Studies),Economics & Econometrics",False,False,False,https://www.timeshighereducation.com/student/register-interest/shorelight?utm_medium=thewebsite&utm_campaign=cta-link&utm_source=rankings&iid=i-79008396
27,University of Edinburgh,79.2,270,67.5,36,74.7,32,96.0,39,35.0,688,91.5,44,master_account,0,/world-university-rankings/university-edinburgh,500,United Kingdom,"25,280",12.5,37%,59 : 41,University of Edinburgh,"History, Philosophy & Theology,Civil Engineering,Politics & International Studies (incl Development Studies),Computer Science,Psychology,Archaeology,Art, Performing Arts & Design,Biological Sciences,Business & Management,Medicine & Dentistry,Economics & Econometrics,Mathematics & Statistics,Geology, Environmental, Earth & Marine Sciences,Communication & Media Studies,General Engineering,Law,Chemistry,Architecture,Agriculture & Forestry,Languages, Literature & Linguistics,Physics & Astronomy,Electrical & Electronic Engineering,Mechanical & Aerospace Engineering,Sociology,Chemical Engineering,Accounting & Finance,Education,Other Health,Veterinary Science,Sport Science,Geography",False,False,False,https://www.timeshighereducation.com/student/register-interest/siuk?utm_medium=thewebsite&utm_campaign=cta-link&utm_source=rankings&iid=i-61465682
28,Karolinska Institute,77.6,280,62.1,46,76.0,31,95.9,40,72.1,103,74.2,175,master_account,0,/world-university-rankings/karolinska-institute,496,Sweden,"7,723",11.3,23%,69 : 31,Karolinska Institute,"Education,Business & Management,Psychology,Chemical Engineering,Sociology,Medicine & Dentistry,Biological Sciences,Languages, Literature & Linguistics,Geology, Environmental, Earth & Marine Sciences,Other Health,Mathematics & Statistics",False,False,False,
29,Peking University,77.2,290,84.6,13,80.3,27,71.6,268,100.0,8,50.3,397,master_account,0,/world-university-rankings/peking-university,514,China,"42,977",8.8,15%,48 : 52,Peking University,"Chemistry,Mechanical & Aerospace Engineering,History, Philosophy & Theology,Law,Accounting & Finance,Art, Performing Arts & Design,Economics & Econometrics,Mathematics & Statistics,Psychology,Computer Science,Geography,Business & Management,Geology, Environmental, Earth & Marine Sciences,Politics & International Studies (incl Development Studies),Physics & Astronomy,General Engineering,Other Health,Archaeology,Sociology,Electrical & Electronic Engineering,Biological Sciences,Education,Medicine & Dentistry,Communication & Media Studies,Languages, Literature & Linguistics",False,False,False,
=30,LMU Munich,76.8,300,70.5,30,73.4,38,87.4,103,100.0,7,65.4,241,master_account,6,/world-university-rankings/lmu-munich,509,Germany,"36,180",15.7,14%,61 : 39,LMU Munich Ludwig-Maximilians-Universität München,"Biological Sciences,Art, Performing Arts & Design,Psychology,Communication & Media Studies,Languages, Literature & Linguistics,Politics & International Studies (incl Development Studies),Chemistry,Computer Science,Other Health,Law,Sociology,Education,Business & Management,Medicine & Dentistry,Mathematics & Statistics,Veterinary Science,History, Philosophy & Theology,Geography,Physics & Astronomy,Economics & Econometrics,Archaeology,Geology, Environmental, Earth & Marine Sciences",False,False,False,
=30,École Polytechnique Fédérale de Lausanne,76.8,310,62.9,44,66.1,56,96.5,34,69.8,113,98.6,5,master_account,0,/world-university-rankings/ecole-polytechnique-federale-de-lausanne,510,Switzerland,"9,750",11.2,54%,27 : 73,École Polytechnique Fédérale de Lausanne,"Sport Science,Biological Sciences,Chemistry,Electrical & Electronic Engineering,Accounting & Finance,Civil Engineering,Computer Science,Geology, Environmental, Earth & Marine Sciences,Chemical Engineering,Architecture,Mathematics & Statistics,General Engineering,Physics & Astronomy,Mechanical & Aerospace Engineering,Business & Management",False,False,False,
32,New York University,76.7,320,75.1,27,68.8,49,95.3,43,33.6,773,54.3,356,private,0,/world-university-rankings/new-york-university,508,United States,"43,021",6.6,25%,55 : 45,New York University,"Psychology,Politics & International Studies (incl Development Studies),Medicine & Dentistry,Education,Law,Civil Engineering,Geology, Environmental, Earth & Marine Sciences,Archaeology,Architecture,History, Philosophy & Theology,Electrical & Electronic Engineering,Computer Science,Biological Sciences,Economics & Econometrics,Chemical Engineering,Communication & Media Studies,Art, Performing Arts & Design,Chemistry,General Engineering,Business & Management,Mathematics & Statistics,Other Health,Languages, Literature & Linguistics,Accounting & Finance,Sociology,Physics & Astronomy,Mechanical & Aerospace Engineering",False,False,False,https://www.timeshighereducation.com/student/register-interest/shorelight?utm_medium=thewebsite&utm_campaign=cta-link&utm_source=rankings&iid=i-53177321
=33,Georgia Institute of Technology,76.3,330,60.8,53,79.2,29,90.8,74,62.3,158,72.8,186,public,0,/world-university-rankings/georgia-institute-technology,488,United States,"19,847",19.8,26%,31 : 69,Georgia Institute of Technology,"Chemistry,General Engineering,Biological Sciences,Mathematics & Statistics,Sociology,Other Health,Politics & International Studies (incl Development Studies),Electrical & Electronic Engineering,Agriculture & Forestry,History, Philosophy & Theology,Geology, Environmental, Earth & Marine Sciences,Geography,Mechanical & Aerospace Engineering,Economics & Econometrics,Computer Science,Psychology,Business & Management,Architecture,Civil Engineering,Chemical Engineering,Communication & Media Studies,Physics & Astronomy,Languages, Literature & Linguistics",False,False,False,https://www.timeshighereducation.com/student/register-interest/shorelight?utm_medium=thewebsite&utm_campaign=cta-link&utm_source=rankings&iid=i-55860137
=33,University of Melbourne,76.3,340,65.4,42,73.6,37,88.1,96,63.7,149,88.3,70,master_account,0,/world-university-rankings/university-melbourne,501,Australia,"42,273",24.8,37%,55 : 45,University of Melbourne UniMelb Australia,"Communication & Media Studies,Medicine & Dentistry,Computer Science,Economics & Econometrics,Civil Engineering,Physics & Astronomy,History, Philosophy & Theology,Architecture,Chemical Engineering,Accounting & Finance,Sociology,Politics & International Studies (incl Development Studies),Art, Performing Arts & Design,Biological Sciences,Agriculture & Forestry,Archaeology,Mathematics & Statistics,Mechanical & Aerospace Engineering,Geology, Environmental, Earth & Marine Sciences,Other Health,Veterinary Science,Geography,Languages, Literature & Linguistics,Law,Education,Sport Science,Electrical & Electronic Engineering,Chemistry,Psychology,General Engineering,Business & Management",False,False,False,https://www.timeshighereducation.com/student/register-interest/aecc?utm_medium=thewebsite&utm_campaign=cta-link&utm_source=rankings&iid=i-84190491
35,Tsinghua University,76.2,350,78.9,21,89.6,10,67.4,311,99.7,17,39.4,561,master_account,0,/world-university-rankings/tsinghua-university,535,China,"41,537",14.1,10%,32 : 68,Tsinghua University Qinghua University Tsing hua University Qing hua University,"Art, Performing Arts & Design,Medicine & Dentistry,Sport Science,Economics & Econometrics,Architecture,Mechanical & Aerospace Engineering,Geography,Accounting & Finance,Electrical & Electronic Engineering,Physics & Astronomy,Education,Other Health,Communication & Media Studies,Chemical Engineering,Sociology,Business & Management,General Engineering,Geology, Environmental, Earth & Marine Sciences,Psychology,Languages, Literature & Linguistics,Archaeology,Mathematics & Statistics,Civil Engineering,Politics & International Studies (incl Development Studies),Computer Science,Chemistry,History, Philosophy & Theology,Biological Sciences,Law",False,False,False,
=36,University of British Columbia,75.9,360,61.2,50,72.5,40,92.9,57,41.1,421,92.0,42,master_account,11,/world-university-rankings/university-british-columbia,486,Canada,"51,889",18.2,29%,54 : 46,University of British Columbia,"Accounting & Finance,Mechanical & Aerospace Engineering,History, Philosophy & Theology,Other Health,Medicine & Dentistry,Sociology,Computer Science,Art, Performing Arts & Design,Education,Mathematics & Statistics,Economics & Econometrics,Law,Chemical Engineering,Biological Sciences,Languages, Literature & Linguistics,Sport Science,Politics & International Studies (incl Development Studies),Architecture,General Engineering,Business & Management,Psychology,Physics & Astronomy,Geography,Agriculture & Forestry,Archaeology,Electrical & Electronic Engineering,Civil Engineering,Geology, Environmental, Earth & Marine Sciences,Communication & Media Studies,Chemistry",False,False,False,https://www.timeshighereducation.com/student/register-interest/applyboard?utm_medium=thewebsite&utm_campaign=cta-link&utm_source=rankings&iid=i-91511981
=36,University of Illinois at Urbana-Champaign,75.9,370,65.6,41,81.4,25,89.3,89,50.3,241,49.7,406,public,0,/world-university-rankings/university-illinois-urbana-champaign,495,United States,"43,202",18.3,22%,46 : 54,University of Illinois at Urbana-Champaign,"Languages, Literature & Linguistics,General Engineering,Business & Management,Mechanical & Aerospace Engineering,Mathematics & Statistics,Education,Other Health,Chemical Engineering,Psychology,Electrical & Electronic Engineering,Chemistry,Communication & Media Studies,History, Philosophy & Theology,Veterinary Science,Geography,Archaeology,Physics & Astronomy,Law,Architecture,Biological Sciences,Sociology,Computer Science,Agriculture & Forestry,Politics & International Studies (incl Development Studies),Art, Performing Arts & Design,Civil Engineering,Accounting & Finance,Medicine & Dentistry,Sport Science,Geology, Environmental, Earth & Marine Sciences,Economics & Econometrics",False,False,False,https://www.timeshighereducation.com/student/register-interest/shorelight?utm_medium=thewebsite&utm_campaign=cta-link&utm_source=rankings&iid=i-24020534
=36,King’s College London,75.9,380,61.5,48,71.0,42,93.5,52,42.5,382,93.8,28,master_account,0,/world-university-rankings/kings-college-london,520,United Kingdom,"21,985",11.3,38%,61 : 39,King’s College London,"Sport Science,History, Philosophy & Theology,Education,Sociology,Business & Management,Biological Sciences,Chemistry,Mechanical & Aerospace Engineering,Economics & Econometrics,Law,Medicine & Dentistry,Art, Performing Arts & Design,Geology, Environmental, Earth & Marine Sciences,Other Health,Communication & Media Studies,Geography,Physics & Astronomy,Languages, Literature & Linguistics,Computer Science,Psychology,Accounting & Finance,General Engineering,Politics & International Studies (incl Development Studies),Archaeology,Mathematics & Statistics,Electrical & Electronic Engineering",False,False,False,
39,The University of Tokyo,74.1,390,83.4,14,89.2,11,62.4,361,53.4,210,30.6,681,master_account,0,/world-university-rankings/university-tokyo,494,Japan,"26,080",7.0,10%,,The University of Tokyo,"Art, Performing Arts & Design,General Engineering,Mathematics & Statistics,Psychology,Computer Science,Biological Sciences,Geography,Electrical & Electronic Engineering,Communication & Media Studies,Economics & Econometrics,Medicine & Dentistry,Veterinary Science,Law,Languages, Literature & Linguistics,Chemical Engineering,Politics & International Studies (incl Development Studies),History, Philosophy & Theology,Geology, Environmental, Earth & Marine Sciences,Business & Management,Other Health,Chemistry,Architecture,Civil Engineering,Sport Science,Education,Mechanical & Aerospace Engineering,Physics & Astronomy,Accounting & Finance,Archaeology,Agriculture & Forestry,Sociology",False,False,False,
40,KU Leuven,73.8,400,57.0,64,73.7,36,90.1,83,99.8,15,67.4,225,master_account,11,/world-university-rankings/ku-leuven,531,Belgium,"46,381",41.9,16%,49 : 51,KU Leuven,"Art, Performing Arts & Design,Chemical Engineering,Electrical & Electronic Engineering,Communication & Media Studies,Medicine & Dentistry,Mathematics & Statistics,Accounting & Finance,General Engineering,Geology, Environmental, Earth & Marine Sciences,Other Health,Physics & Astronomy,Business & Management,Languages, Literature & Linguistics,Mechanical & Aerospace Engineering,Politics & International Studies (incl Development Studies),Architecture,Sport Science,Education,Archaeology,Biological Sciences,Psychology,History, Philosophy & Theology,Agriculture & Forestry,Law,Computer Science,Chemistry,Economics & Econometrics,Civil Engineering,Sociology,Geography",False,False,False,
41,"University of California, San Diego",73.2,410,61.2,51,66.2,55,98.9,17,67.3,129,47.7,436,public,0,/world-university-rankings/university-california-san-diego,497,United States,"28,416",6.6,14%,47 : 53,"University of California, San Diego","Physics & Astronomy,Accounting & Finance,Electrical & Electronic Engineering,Medicine & Dentistry,Art, Performing Arts & Design,Education,Communication & Media Studies,General Engineering,Mechanical & Aerospace Engineering,Computer Science,Psychology,Geology, Environmental, Earth & Marine Sciences,Business & Management,Chemical Engineering,Languages, Literature & Linguistics,Chemistry,Other Health,Biological Sciences,History, Philosophy & Theology,Politics & International Studies (incl Development Studies),Civil Engineering,Sociology,Economics & Econometrics,Mathematics & Statistics",False,False,False,https://www.timeshighereducation.com/student/register-interest/shorelight?utm_medium=thewebsite&utm_campaign=cta-link&utm_source=rankings&iid=i-62118223
42,McGill University,73.1,420,66.4,39,70.3,44,81.8,161,41.9,396,86.4,84,master_account,11,/world-university-rankings/mcgill-university,492,Canada,"30,911",13.5,24%,57 : 43,McGill University,"Civil Engineering,Languages, Literature & Linguistics,Politics & International Studies (incl Development Studies),Architecture,Agriculture & Forestry,Sociology,Computer Science,Physics & Astronomy,Business & Management,Mechanical & Aerospace Engineering,Geology, Environmental, Earth & Marine Sciences,Accounting & Finance,Sport Science,Other Health,Psychology,General Engineering,Chemistry,Economics & Econometrics,History, Philosophy & Theology,Chemical Engineering,Geography,Biological Sciences,Archaeology,Law,Medicine & Dentistry,Mathematics & Statistics,Education,Art, Performing Arts & Design,Electrical & Electronic Engineering,Communication & Media Studies",False,False,False,https://www.timeshighereducation.com/student/register-interest/applyboard?utm_medium=thewebsite&utm_campaign=cta-link&utm_source=rankings&iid=i-09910272
=43,Universität Heidelberg,73.0,430,66.7,37,65.0,58,90.8,75,60.0,170,62.7,267,master_account,11,/world-university-rankings/universitat-heidelberg,537,Germany,"29,527",24.9,17%,55 : 45,Universität Heidelberg,"Mathematics & Statistics,Economics & Econometrics,Archaeology,Politics & International Studies (incl Development Studies),Art, Performing Arts & Design,Computer Science,Law,Biological Sciences,Psychology,Medicine & Dentistry,Sociology,Languages, Literature & Linguistics,Geology, Environmental, Earth & Marine Sciences,Physics & Astronomy,Other Health,Geography,Sport Science,Education,History, Philosophy & Theology,Chemistry",False,False,False,
=43,University of Hong Kong,73.0,440,66.5,38,74.5,34,73.2,254,52.9,216,99.4,3,master_account,11,/world-university-rankings/university-hong-kong,498,Hong Kong,"20,095",17.8,39%,51 : 49,University of Hong Kong,"Physics & Astronomy,Education,Mathematics & Statistics,Languages, Literature & Linguistics,Business & Management,Biological Sciences,Accounting & Finance,Civil Engineering,Communication & Media Studies,Law,History, Philosophy & Theology,Electrical & Electronic Engineering,Mechanical & Aerospace Engineering,Other Health,Geology, Environmental, Earth & Marine Sciences,Psychology,Chemistry,Politics & International Studies (incl Development Studies),Computer Science,General Engineering,Economics & Econometrics,Art, Performing Arts & Design,Sociology,Geography,Agriculture & Forestry,Medicine & Dentistry,Architecture",False,False,False,
45,University of Wisconsin-Madison,72.6,450,68.2,35,71.4,41,87.9,99,47.4,286,42.0,515,public,0,/world-university-rankings/university-wisconsin-madison,491,United States,"40,048",11.0,12%,51 : 49,University of Wisconsin-Madison,"Politics & International Studies (incl Development Studies),Agriculture & Forestry,Electrical & Electronic Engineering,Other Health,Business & Management,Computer Science,Communication & Media Studies,Education,Mathematics & Statistics,Languages, Literature & Linguistics,Physics & Astronomy,Law,Architecture,Geography,Sport Science,Medicine & Dentistry,Art, Performing Arts & Design,Sociology,Accounting & Finance,Chemical Engineering,Chemistry,Veterinary Science,History, Philosophy & Theology,Mechanical & Aerospace Engineering,Geology, Environmental, Earth & Marine Sciences,General Engineering,Economics & Econometrics,Civil Engineering,Biological Sciences,Psychology",False,False,False,https://www.timeshighereducation.com/student/register-interest/shorelight?utm_medium=thewebsite&utm_campaign=cta-link&utm_source=rankings&iid=i-96030823
46,Technical University of Munich,71.6,460,61.0,52,70.5,43,82.0,160,100.0,11,66.6,231,master_account,6,/world-university-rankings/technical-university-munich,552,Germany,"36,929",51.9,22%,33 : 67,Technical University of Munich,"Medicine & Dentistry,Politics & International Studies (incl Development Studies),General Engineering,Accounting & Finance,Chemistry,Electrical & Electronic Engineering,Other Health,Biological Sciences,Geology, Environmental, Earth & Marine Sciences,Sport Science,Mathematics & Statistics,Architecture,Physics & Astronomy,Civil Engineering,Business & Management,Agriculture & Forestry,Education,Chemical Engineering,Computer Science,Sociology,Mechanical & Aerospace Engineering",False,False,False,
47,Australian National University,71.3,470,54.0,71,73.9,35,81.7,162,53.5,209,93.9,26,master_account,11,/world-university-rankings/australian-national-university,502,Australia,"15,402",19.9,35%,52 : 48,Australian National University anu,"Art, Performing Arts & Design,Electrical & Electronic Engineering,Politics & International Studies (incl Development Studies),Chemistry,Accounting & Finance,General Engineering,History, Philosophy & Theology,Civil Engineering,Psychology,Mechanical & Aerospace Engineering,Sociology,Mathematics & Statistics,Archaeology,Agriculture & Forestry,Geology, Environmental, Earth & Marine Sciences,Biological Sciences,Economics & Econometrics,Computer Science,Business & Management,Communication & Media Studies,Medicine & Dentistry,Geography,Other Health,Physics & Astronomy,Languages, Literature & Linguistics,Law",False,False,False,https://www.timeshighereducation.com/student/register-interest/aecc?utm_medium=thewebsite&utm_campaign=cta-link&utm_source=rankings&iid=i-78601931
48,"University of California, Santa Barbara",71.2,480,52.2,83,62.6,63,99.2,11,87.6,56,63.3,264,public,0,/world-university-rankings/university-california-santa-barbara,499,United States,"22,267",27.4,12%,51 : 49,"University of California, Santa Barbara","Communication & Media Studies,Electrical & Electronic Engineering,Geology, Environmental, Earth & Marine Sciences,Biological Sciences,Education,Computer Science,Art, Performing Arts & Design,Politics & International Studies (incl Development Studies),Agriculture & Forestry,Sociology,Archaeology,History, Philosophy & Theology,Chemistry,Mechanical & Aerospace Engineering,Physics & Astronomy,Economics & Econometrics,Chemical Engineering,Accounting & Finance,Architecture,Languages, Literature & Linguistics,Mathematics & Statistics,Psychology,Veterinary Science,Geography",False,False,False,https://www.timeshighereducation.com/student/register-interest/shorelight?utm_medium=thewebsite&utm_campaign=cta-link&utm_source=rankings&iid=i-69587594
49,The Hong Kong University of Science and Technology,71.1,490,53.2,78,66.7,53,91.2,71,62.0,159,82.8,110,master_account,11,/world-university-rankings/hong-kong-university-science-and-technology,526,Hong Kong,"11,960",27.3,38%,,The Hong Kong University of Science and Technology hkust,"Other Health,Physics & Astronomy,Chemical Engineering,Business & Management,Geology, Environmental, Earth & Marine Sciences,Chemistry,General Engineering,Sociology,Computer Science,Politics & International Studies (incl Development Studies),Mathematics & Statistics,Biological Sciences,Economics & Econometrics,Electrical & Electronic Engineering,Mechanical & Aerospace Engineering,Civil Engineering,Accounting & Finance",False,False,False,
50,University of Texas at Austin,70.8,500,63.9,43,65.9,57,93.0,56,51.3,231,35.7,608,public,0,/world-university-rankings/university-texas-austin,493,United States,"48,689",17.2,10%,51 : 49,University of Texas at Austin,"Medicine & Dentistry,Geography,General Engineering,Economics & Econometrics,History, Philosophy & Theology,Biological Sciences,Other Health,Politics & International Studies (incl Development Studies),Education,Law,Sport Science,Chemistry,Computer Science,Accounting & Finance,Geology, Environmental, Earth & Marine Sciences,Chemical Engineering,Art, Performing Arts & Design,Communication & Media Studies,Civil Engineering,Architecture,Mathematics & Statistics,Mechanical & Aerospace Engineering,Languages, Literature & Linguistics,Sociology,Electrical & Electronic Engineering,Psychology,Physics & Astronomy,Business & Management",False,False,False,https://www.timeshighereducation.com/student/register-interest/shorelight?utm_medium=thewebsite&utm_campaign=cta-link&utm_source=rankings&iid=i-33268802
=51,Brown University,70.4,510,66.3,40,54.4,86,96.7,32,33.9,751,58.0,308,private,0,/world-university-rankings/brown-university,513,United States,"8,694",10.2,20%,,Brown University,"Geology, Environmental, Earth & Marine Sciences,History, Philosophy & Theology,Electrical & Electronic Engineering,Sociology,Medicine & Dentistry,Business & Management,Mechanical & Aerospace Engineering,Communication & Media Studies,Psychology,Art, Performing Arts & Design,General Engineering,Education,Archaeology,Politics & International Studies (incl Development Studies),Mathematics & Statistics,Architecture,Computer Science,Biological Sciences,Chemistry,Physics & Astronomy,Other Health,Chemical Engineering,Economics & Econometrics,Languages, Literature & Linguistics",False,False,False,https://www.timeshighereducation.com/student/register-interest/shorelight?utm_medium=thewebsite&utm_campaign=cta-link&utm_source=rankings&iid=i-47263781
=51,"University of California, Davis",70.4,520,61.4,49,67.3,50,86.6,114,50.0,248,61.2,277,public,0,/world-university-rankings/university-california-davis,503,United States,"36,060",13.7,15%,55 : 45,"University of California, Davis","Education,Chemistry,Civil Engineering,Veterinary Science,Economics & Econometrics,Business & Management,History, Philosophy & Theology,Medicine & Dentistry,Chemical Engineering,Biological Sciences,Architecture,Agriculture & Forestry,Accounting & Finance,Mechanical & Aerospace Engineering,Geology, Environmental, Earth & Marine Sciences,Languages, Literature & Linguistics,Sociology,Art, Performing Arts & Design,Politics & International Studies (incl Development Studies),Sport Science,Mathematics & Statistics,Archaeology,Psychology,Other Health,Communication & Media Studies,Physics & Astronomy,Geography,Law,Computer Science,General Engineering,Electrical & Electronic Engineering",False,False,False,https://www.timeshighereducation.com/student/register-interest/shorelight?utm_medium=thewebsite&utm_campaign=cta-link&utm_source=rankings&iid=i-62049829
53,University of Minnesota,70.3,530,60.3,55,69.8,46,87.0,107,94.2,40,38.2,574,public,0,/world-university-rankings/university-minnesota,506,United States,"46,625",17.5,13%,52 : 48,University of Minnesota,"Geography,Computer Science,Veterinary Science,Architecture,Agriculture & Forestry,Economics & Econometrics,General Engineering,Mathematics & Statistics,Psychology,Languages, Literature & Linguistics,Mechanical & Aerospace Engineering,Geology, Environmental, Earth & Marine Sciences,History, Philosophy & Theology,Chemical Engineering,Politics & International Studies (incl Development Studies),Physics & Astronomy,Business & Management,Art, Performing Arts & Design,Civil Engineering,Communication & Media Studies,Sociology,Electrical & Electronic Engineering,Chemistry,Accounting & Finance,Medicine & Dentistry,Biological Sciences,Law,Other Health,Sport Science,Education",False,False,False,https://www.timeshighereducation.com/student/register-interest/shorelight?utm_medium=thewebsite&utm_campaign=cta-link&utm_source=rankings&iid=i-25162572
54,"Nanyang Technological University, Singapore",70.0,540,50.6,93,60.2,67,90.7,77,93.5,42,95.7,15,master_account,11,/world-university-rankings/nanyang-technological-university-singapore,634,Singapore,"25,278",16.1,32%,49 : 51,"Nanyang Technological University, Singapore NTU Nan yang","Psychology,Geology, Environmental, Earth & Marine Sciences,Chemical Engineering,Politics & International Studies (incl Development Studies),Computer Science,Biological Sciences,General Engineering,History, Philosophy & Theology,Communication & Media Studies,Electrical & Electronic Engineering,Accounting & Finance,Mathematics & Statistics,Sport Science,Medicine & Dentistry,Chemistry,Sociology,Civil Engineering,Art, Performing Arts & Design,Economics & Econometrics,Business & Management,Languages, Literature & Linguistics,Mechanical & Aerospace Engineering,Other Health,Physics & Astronomy,Education",False,False,False,
55,University of Manchester,69.7,550,58.2,60,66.3,54,82.3,156,45.1,321,87.0,79,master_account,11,/world-university-rankings/university-manchester,512,United Kingdom,"34,015",14.4,36%,52 : 48,University of Manchester,"Geology, Environmental, Earth & Marine Sciences,Architecture,Geography,Economics & Econometrics,Education,Chemical Engineering,Archaeology,Languages, Literature & Linguistics,Politics & International Studies (incl Development Studies),Electrical & Electronic Engineering,Biological Sciences,Art, Performing Arts & Design,Medicine & Dentistry,Communication & Media Studies,Civil Engineering,Sociology,Accounting & Finance,Chemistry,General Engineering,Psychology,Mathematics & Statistics,Computer Science,Mechanical & Aerospace Engineering,History, Philosophy & Theology,Law,Other Health,Business & Management,Physics & Astronomy",False,False,False,https://www.timeshighereducation.com/student/register-interest/siuk?utm_medium=thewebsite&utm_campaign=cta-link&utm_source=rankings&iid=i-29944014
56,University of North Carolina at Chapel Hill,69.3,560,61.9,47,59.6,71,96.1,38,41.0,424,40.0,551,public,0,/world-university-rankings/university-north-carolina-chapel-hill,507,United States,"26,412",7.5,8%,57 : 43,University of North Carolina at Chapel Hill,"Business & Management,Politics & International Studies (incl Development Studies),History, Philosophy & Theology,Other Health,Law,Agriculture & Forestry,Biological Sciences,Computer Science,Physics & Astronomy,Geography,Archaeology,Communication & Media Studies,Education,Accounting & Finance,Languages, Literature & Linguistics,Geology, Environmental, Earth & Marine Sciences,Medicine & Dentistry,Sport Science,Chemistry,Mathematics & Statistics,Art, Performing Arts & Design,Economics & Econometrics,Psychology,Sociology,General Engineering",False,False,False,https://www.timeshighereducation.com/student/register-interest/shorelight?utm_medium=thewebsite&utm_campaign=cta-link&utm_source=rankings&iid=i-95855921
=57,Humboldt University of Berlin,69.2,570,62.5,45,69.0,48,79.9,184,39.4,476,64.4,253,master_account,0,/world-university-rankings/humboldt-university-berlin,573,Germany,"31,043",54.8,17%,,Humboldt University of Berlin,"Politics & International Studies (incl Development Studies),Geography,Sociology,Geology, Environmental, Earth & Marine Sciences,Biological Sciences,Sport Science,Physics & Astronomy,Medicine & Dentistry,Other Health,Art, Performing Arts & Design,Economics & Econometrics,Mathematics & Statistics,Law,Chemistry,History, Philosophy & Theology,Education,Agriculture & Forestry,Psychology,Business & Management,Languages, Literature & Linguistics,Computer Science,Accounting & Finance,Archaeology,Communication & Media Studies",False,False,False,
=57,Washington University in St Louis,69.2,580,60.7,54,56.2,82,99.1,16,36.9,582,45.5,465,private,0,/world-university-rankings/washington-university-st-louis,505,United States,"12,528",5.7,17%,,Washington University in St Louis,"Mechanical & Aerospace Engineering,Biological Sciences,Sociology,Art, Performing Arts & Design,Computer Science,Chemical Engineering,Electrical & Electronic Engineering,Law,Medicine & Dentistry,General Engineering,Accounting & Finance,Mathematics & Statistics,Economics & Econometrics,Education,Architecture,Politics & International Studies (incl Development Studies),Psychology,Geology, Environmental, Earth & Marine Sciences,Other Health,Business & Management,History, Philosophy & Theology,Chemistry,Languages, Literature & Linguistics,Archaeology,Physics & Astronomy,Communication & Media Studies",False,False,False,
59,Delft University of Technology,67.9,590,56.2,67,72.9,39,67.3,312,99.9,14,85.9,87,master_account,0,/world-university-rankings/delft-university-technology,568,Netherlands,"16,174",18.9,25%,27 : 73,Delft University of Technology,"Computer Science,Sport Science,Mechanical & Aerospace Engineering,Communication & Media Studies,Chemical Engineering,Geography,General Engineering,Mathematics & Statistics,Architecture,Biological Sciences,History, Philosophy & Theology,Chemistry,Economics & Econometrics,Art, Performing Arts & Design,Agriculture & Forestry,Education,Electrical & Electronic Engineering,Physics & Astronomy,Business & Management,Other Health,Geology, Environmental, Earth & Marine Sciences,Civil Engineering,Politics & International Studies (incl Development Studies)",False,False,False,
=60,The University of Queensland,67.2,600,49.7,102,60.1,69,86.1,120,70.6,109,88.6,67,master_account,11,/world-university-rankings/university-queensland,538,Australia,"38,892",35.4,25%,55 : 45,The University of Queensland UQ UOQ,"Geography,History, Philosophy & Theology,Geology, Environmental, Earth & Marine Sciences,Biological Sciences,Electrical & Electronic Engineering,General Engineering,Law,Agriculture & Forestry,Art, Performing Arts & Design,Archaeology,Other Health,Languages, Literature & Linguistics,Medicine & Dentistry,Sport Science,Education,Communication & Media Studies,Economics & Econometrics,Politics & International Studies (incl Development Studies),Business & Management,Chemical Engineering,Physics & Astronomy,Mechanical & Aerospace Engineering,Veterinary Science,Architecture,Sociology,Accounting & Finance,Chemistry,Civil Engineering,Computer Science,Mathematics & Statistics,Psychology",False,False,False,
=60,University of Southern California,67.2,610,50.5,94,60.0,70,94.7,45,39.4,477,62.7,268,private,0,/world-university-rankings/university-southern-california,519,United States,"38,466",13.6,23%,52 : 48,University of Southern California,"General Engineering,Education,Physics & Astronomy,Biological Sciences,Art, Performing Arts & Design,Agriculture & Forestry,Chemical Engineering,Politics & International Studies (incl Development Studies),Computer Science,Chemistry,Psychology,Medicine & Dentistry,Economics & Econometrics,Architecture,Electrical & Electronic Engineering,Sociology,History, Philosophy & Theology,Mechanical & Aerospace Engineering,Communication & Media Studies,Languages, Literature & Linguistics,Civil Engineering,Geology, Environmental, Earth & Marine Sciences,Business & Management,Archaeology,Sport Science,Accounting & Finance,Other Health,Mathematics & Statistics,Law,Geography",False,False,False,https://www.timeshighereducation.com/student/register-interest/shorelight?utm_medium=thewebsite&utm_campaign=cta-link&utm_source=rankings&iid=i-74975443
=60,The University of Sydney,67.2,620,51.3,91,63.2,62,83.2,144,63.9,146,83.7,101,master_account,1,/world-university-rankings/university-sydney,522,Australia,"42,678",19.0,29%,57 : 43,The University of Sydney UniSyd,"Electrical & Electronic Engineering,Law,General Engineering,Business & Management,Accounting & Finance,Mathematics & Statistics,Veterinary Science,Other Health,Communication & Media Studies,Psychology,Biological Sciences,Chemical Engineering,Medicine & Dentistry,Politics & International Studies (incl Development Studies),Architecture,Mechanical & Aerospace Engineering,Physics & Astronomy,Computer Science,Education,Geology, Environmental, Earth & Marine Sciences,Sport Science,History, Philosophy & Theology,Economics & Econometrics,Archaeology,Chemistry,Art, Performing Arts & Design,Civil Engineering,Geography,Agriculture & Forestry,Sociology,Languages, Literature & Linguistics",False,False,False,
63,University of Amsterdam,67.1,630,49.4,105,62.0,64,90.3,81,54.6,201,69.3,214,master_account,1,/world-university-rankings/university-amsterdam,556,Netherlands,"25,344",14.3,10%,58 : 42,University of Amsterdam uva,"Politics & International Studies (incl Development Studies),History, Philosophy & Theology,Sociology,Medicine & Dentistry,Psychology,Other Health,Biological Sciences,Chemistry,Law,Accounting & Finance,Archaeology,Physics & Astronomy,Languages, Literature & Linguistics,Computer Science,Business & Management,Geography,Mathematics & Statistics,Communication & Media Studies,Art, Performing Arts & Design,Geology, Environmental, Earth & Marine Sciences,Economics & Econometrics,Education",False,False,False,
64,Boston University,66.9,640,60.2,56,48.5,114,97.7,25,34.4,722,54.6,348,private,0,/world-university-rankings/boston-university,518,United States,"24,714",8.4,19%,59 : 41,Boston University,"Other Health,Politics & International Studies (incl Development Studies),Sociology,Mechanical & Aerospace Engineering,Education,Languages, Literature & Linguistics,Geography,Psychology,General Engineering,Geology, Environmental, Earth & Marine Sciences,Accounting & Finance,Chemistry,Computer Science,Art, Performing Arts & Design,Mathematics & Statistics,Biological Sciences,Medicine & Dentistry,History, Philosophy & Theology,Physics & Astronomy,Architecture,Electrical & Electronic Engineering,Business & Management,Economics & Econometrics,Archaeology,Communication & Media Studies,Law",False,False,False,https://www.timeshighereducation.com/student/register-interest/shorelight?utm_medium=thewebsite&utm_campaign=cta-link&utm_source=rankings&iid=i-74571941
65,Wageningen University & Research,66.6,650,51.8,87,50.1,104,92.8,58,100.0,12,75.6,164,master_account,11,/world-university-rankings/wageningen-university-research,540,Netherlands,"9,535",15.6,23%,56 : 44,Wageningen University & Research,"Chemistry,Geology, Environmental, Earth & Marine Sciences,Business & Management,Communication & Media Studies,Other Health,Veterinary Science,Economics & Econometrics,Biological Sciences,Computer Science,Agriculture & Forestry,Chemical Engineering,Politics & International Studies (incl Development Studies),Sociology",False,False,False,
66,École Normale Supérieure,65.8,660,59.8,57,52.3,94,85.8,123,40.0,456,72.2,189,master_account,0,/world-university-rankings/ecole-normale-superieure,523,France,"1,548",9.6,18%,40 : 60,École Normale Supérieure,"Art, Performing Arts & Design,Biological Sciences,Chemical Engineering,Chemistry,Computer Science,Economics & Econometrics,Geography,Geology, Environmental, Earth & Marine Sciences,History, Philosophy & Theology,Languages, Literature & Linguistics,Law,Mathematics & Statistics,Mechanical & Aerospace Engineering,Sociology",False,False,False,
67,"University of Maryland, College Park",65.3,670,51.0,92,63.2,61,91.1,72,38.5,506,36.7,600,public,0,/world-university-rankings/university-maryland-college-park,559,United States,"31,353",16.8,9%,48 : 52,"University of Maryland, College Park","Chemistry,Biological Sciences,Accounting & Finance,Languages, Literature & Linguistics,Computer Science,Mathematics & Statistics,Business & Management,Architecture,General Engineering,Physics & Astronomy,Economics & Econometrics,Art, Performing Arts & Design,Mechanical & Aerospace Engineering,Geology, Environmental, Earth & Marine Sciences,Archaeology,Sport Science,Geography,Agriculture & Forestry,Politics & International Studies (incl Development Studies),Electrical & Electronic Engineering,History, Philosophy & Theology,Sociology,Civil Engineering,Education,Other Health,Veterinary Science,Chemical Engineering,Communication & Media Studies",False,False,False,https://www.timeshighereducation.com/student/register-interest/shorelight?utm_medium=thewebsite&utm_campaign=cta-link&utm_source=rankings&iid=i-76110123
68,Penn State (Main campus),65.0,680,55.6,69,63.3,60,82.9,148,51.9,223,42.7,504,public,0,/world-university-rankings/penn-state-main-campus,515,United States,"45,359",12.3,13%,46 : 54,Penn State (Main campus),"Business & Management,Geology, Environmental, Earth & Marine Sciences,Mechanical & Aerospace Engineering,Mathematics & Statistics,General Engineering,Law,Medicine & Dentistry,Architecture,Veterinary Science,Politics & International Studies (incl Development Studies),Civil Engineering,Archaeology,Chemistry,Chemical Engineering,Education,Computer Science,Languages, Literature & Linguistics,Psychology,Accounting & Finance,Communication & Media Studies,Other Health,Sport Science,Art, Performing Arts & Design,Physics & Astronomy,History, Philosophy & Theology,Electrical & Electronic Engineering,Sociology,Economics & Econometrics,Biological Sciences,Geography,Agriculture & Forestry",False,False,False,https://www.timeshighereducation.com/student/register-interest/shorelight?utm_medium=thewebsite&utm_campaign=cta-link&utm_source=rankings&iid=i-63396649
69,Erasmus University Rotterdam,64.6,690,38.8,202,56.8,79,95.6,42,57.7,187,77.1,149,master_account,1,/world-university-rankings/erasmus-university-rotterdam,621,Netherlands,"21,854",20.6,19%,49 : 51,Erasmus University Rotterdam,"Communication & Media Studies,Economics & Econometrics,Medicine & Dentistry,Accounting & Finance,History, Philosophy & Theology,Other Health,Biological Sciences,Education,Mathematics & Statistics,Business & Management,Art, Performing Arts & Design,Psychology,Politics & International Studies (incl Development Studies),Law,Sociology",False,False,False,
70,Purdue University West Lafayette,64.5,700,57.2,62,66.8,52,69.0,295,62.5,157,67.7,221,public,0,/world-university-rankings/purdue-university-west-lafayette,562,United States,"38,788",17.7,22%,42 : 58,Purdue University West Lafayette,"Physics & Astronomy,Biological Sciences,Art, Performing Arts & Design,Architecture,Sport Science,Computer Science,Accounting & Finance,Languages, Literature & Linguistics,Sociology,Economics & Econometrics,Medicine & Dentistry,Chemical Engineering,Veterinary Science,Agriculture & Forestry,History, Philosophy & Theology,Other Health,Electrical & Electronic Engineering,Geology, Environmental, Earth & Marine Sciences,Politics & International Studies (incl Development Studies),Education,Chemistry,Communication & Media Studies,Psychology,General Engineering,Civil Engineering,Mechanical & Aerospace Engineering,Archaeology,Business & Management,Mathematics & Statistics",False,False,False,https://www.timeshighereducation.com/student/register-interest/shorelight?utm_medium=thewebsite&utm_campaign=cta-link&utm_source=rankings&iid=i-32236813
71,University of Bristol,64.4,710,45.9,129,51.7,96,92.7,59,40.9,428,83.2,107,master_account,0,/world-university-rankings/university-bristol,530,United Kingdom,"18,545",13.6,25%,52 : 48,University of Bristol,"Computer Science,Geology, Environmental, Earth & Marine Sciences,Economics & Econometrics,Electrical & Electronic Engineering,Politics & International Studies (incl Development Studies),Other Health,Mathematics & Statistics,Psychology,Art, Performing Arts & Design,Chemistry,Accounting & Finance,Languages, Literature & Linguistics,Mechanical & Aerospace Engineering,Geography,General Engineering,Communication & Media Studies,Medicine & Dentistry,Veterinary Science,Sociology,Archaeology,Civil Engineering,Education,History, Philosophy & Theology,Biological Sciences,Law,Physics & Astronomy,Business & Management",False,False,False,
=72,Ohio State University (Main campus),64.2,720,57.0,65,53.1,90,86.2,117,50.6,236,54.6,351,public,0,/world-university-rankings/ohio-state-university-main-campus,521,United States,"52,497",12.8,12%,49 : 51,Ohio State University (Main campus),"Electrical & Electronic Engineering,Veterinary Science,Communication & Media Studies,Civil Engineering,Computer Science,Archaeology,Education,Accounting & Finance,Geology, Environmental, Earth & Marine Sciences,Medicine & Dentistry,Economics & Econometrics,Geography,Sociology,Biological Sciences,Sport Science,Architecture,Art, Performing Arts & Design,Mathematics & Statistics,Business & Management,Other Health,Politics & International Studies (incl Development Studies),Chemical Engineering,Physics & Astronomy,Psychology,Law,Mechanical & Aerospace Engineering,Chemistry,Languages, Literature & Linguistics,Agriculture & Forestry,History, Philosophy & Theology,General Engineering",False,False,False,https://www.timeshighereducation.com/student/register-interest/shorelight?utm_medium=thewebsite&utm_campaign=cta-link&utm_source=rankings&iid=i-88908463
=72,Seoul National University,64.2,730,70.2,33,69.8,47,58.8,395,85.2,61,32.4,654,master_account,0,/world-university-rankings/seoul-national-university,588,South Korea,"26,777",13.1,11%,,Seoul National University,"Geography,Business & Management,Politics & International Studies (incl Development Studies),Communication & Media Studies,Veterinary Science,Agriculture & Forestry,Civil Engineering,Chemistry,Art, Performing Arts & Design,Economics & Econometrics,Psychology,Archaeology,History, Philosophy & Theology,Sociology,Medicine & Dentistry,Mathematics & Statistics,Mechanical & Aerospace Engineering,Chemical Engineering,General Engineering,Computer Science,Languages, Literature & Linguistics,Other Health,Sport Science,Biological Sciences,Law,Accounting & Finance,Physics & Astronomy,Electrical & Electronic Engineering,Education,Geology, Environmental, Earth & Marine Sciences,Architecture",False,False,False,
74,Monash University,64.0,740,49.5,104,57.4,76,78.5,198,76.0,92,87.1,77,master_account,0,/world-university-rankings/monash-university,581,Australia,"44,217",34.5,25%,57 : 43,Monash University,"Civil Engineering,History, Philosophy & Theology,Geology, Environmental, Earth & Marine Sciences,Law,Medicine & Dentistry,Biological Sciences,Electrical & Electronic Engineering,Chemistry,Geography,Economics & Econometrics,Computer Science,Mechanical & Aerospace Engineering,Accounting & Finance,Languages, Literature & Linguistics,Sociology,Mathematics & Statistics,Architecture,General Engineering,Chemical Engineering,Other Health,Art, Performing Arts & Design,Communication & Media Studies,Psychology,Politics & International Studies (incl Development Studies),Archaeology,Education,Sport Science,Business & Management,Physics & Astronomy",False,False,False,https://www.timeshighereducation.com/student/register-interest/aecc?utm_medium=thewebsite&utm_campaign=cta-link&utm_source=rankings&iid=i-45738353
75,Free University of Berlin,63.7,750,58.1,61,67.3,51,66.9,323,38.9,490,67.2,227,master_account,0,/world-university-rankings/free-university-berlin,617,Germany,"32,909",53.9,21%,58 : 42,Free University of Berlin,"Communication & Media Studies,Computer Science,Chemistry,Mathematics & Statistics,Economics & Econometrics,Languages, Literature & Linguistics,Sociology,Biological Sciences,Accounting & Finance,Psychology,Geography,Geology, Environmental, Earth & Marine Sciences,History, Philosophy & Theology,Business & Management,Veterinary Science,Physics & Astronomy,Law,Education,Politics & International Studies (incl Development Studies)",False,False,False,
76,The Chinese University of Hong Kong,63.6,760,52.2,84,60.4,66,74.6,238,44.7,326,84.0,99,master_account,11,/world-university-rankings/chinese-university-hong-kong,662356,Hong Kong,"18,433",10.5,27%,,The Chinese University of Hong Kong CUHK Chinese University of Hong Kong Chinese U,"Computer Science,Law,Geography,Education,Architecture,Sport Science,History, Philosophy & Theology,General Engineering,Art, Performing Arts & Design,Chemistry,Economics & Econometrics,Physics & Astronomy,Communication & Media Studies,Medicine & Dentistry,Geology, Environmental, Earth & Marine Sciences,Accounting & Finance,Sociology,Other Health,Psychology,Mathematics & Statistics,Languages, Literature & Linguistics,Business & Management,Politics & International Studies (incl Development Studies),Biological Sciences,Mechanical & Aerospace Engineering,Electrical & Electronic Engineering",False,False,False,
77,Leiden University,63.3,770,46.1,125,57.9,74,86.1,119,47.3,288,68.1,219,master_account,6,/world-university-rankings/leiden-university,543,Netherlands,"23,597",17.8,11%,59 : 41,Leiden University,"Biological Sciences,Psychology,Mathematics & Statistics,Languages, Literature & Linguistics,Chemistry,Computer Science,Education,History, Philosophy & Theology,Geology, Environmental, Earth & Marine Sciences,Art, Performing Arts & Design,Physics & Astronomy,Architecture,Communication & Media Studies,Other Health,Law,Archaeology,Politics & International Studies (incl Development Studies),Medicine & Dentistry,Sociology",False,False,False,
=78,UNSW Sydney,63.0,780,43.2,144,58.6,73,81.4,167,49.7,253,91.0,49,master_account,6,/world-university-rankings/unsw-sydney,638,Australia,"39,121",26.3,32%,46 : 54,UNSW Sydney unsw australia unsw,"Medicine & Dentistry,Other Health,Chemistry,General Engineering,History, Philosophy & Theology,Architecture,Psychology,Sport Science,Education,Biological Sciences,Languages, Literature & Linguistics,Mechanical & Aerospace Engineering,Sociology,Mathematics & Statistics,Geology, Environmental, Earth & Marine Sciences,Economics & Econometrics,Chemical Engineering,Electrical & Electronic Engineering,Art, Performing Arts & Design,Politics & International Studies (incl Development Studies),Accounting & Finance,Geography,Communication & Media Studies,Computer Science,Law,Civil Engineering,Business & Management,Physics & Astronomy",False,False,False,
=78,RWTH Aachen University,63.0,790,53.3,77,63.7,59,71.3,270,99.4,21,53.4,360,master_account,0,/world-university-rankings/rwth-aachen-university,632,Germany,"42,298",54.9,17%,32 : 68,RWTH Aachen University,"Languages, Literature & Linguistics,Politics & International Studies (incl Development Studies),Accounting & Finance,Business & Management,Chemical Engineering,Sociology,Biological Sciences,History, Philosophy & Theology,Mathematics & Statistics,General Engineering,Electrical & Electronic Engineering,Other Health,Physics & Astronomy,Medicine & Dentistry,Chemistry,Computer Science,Psychology,Economics & Econometrics,Geology, Environmental, Earth & Marine Sciences,Communication & Media Studies,Mechanical & Aerospace Engineering,Geography,Education,Architecture,Civil Engineering",False,False,False,
=80,University of Groningen,62.2,800,41.9,164,55.1,84,87.1,106,79.9,76,66.4,233,master_account,0,/world-university-rankings/university-groningen,598,Netherlands,"25,281",24.4,13%,52 : 48,University of Groningen,"Sociology,Other Health,Physics & Astronomy,Geology, Environmental, Earth & Marine Sciences,Economics & Econometrics,Archaeology,Medicine & Dentistry,Geography,Law,Psychology,Mathematics & Statistics,Chemistry,History, Philosophy & Theology,Accounting & Finance,Politics & International Studies (incl Development Studies),General Engineering,Chemical Engineering,Languages, Literature & Linguistics,Education,Computer Science,Biological Sciences,Communication & Media Studies,Business & Management",False,False,False,
=80,University of Pittsburgh-Pittsburgh campus,62.2,810,49.2,106,51.9,95,94.2,48,39.6,470,35.4,613,public,0,/world-university-rankings/university-pittsburgh-pittsburgh-campus,524,United States,"26,501",5.9,10%,51 : 49,University of Pittsburgh-Pittsburgh campus,"Electrical & Electronic Engineering,Politics & International Studies (incl Development Studies),Mechanical & Aerospace Engineering,Geography,Medicine & Dentistry,Sport Science,Law,Architecture,Languages, Literature & Linguistics,Mathematics & Statistics,Accounting & Finance,Chemical Engineering,History, Philosophy & Theology,Civil Engineering,Chemistry,Computer Science,Communication & Media Studies,Biological Sciences,Psychology,Economics & Econometrics,Sociology,Business & Management,Art, Performing Arts & Design,Physics & Astronomy,Other Health,General Engineering,Geology, Environmental, Earth & Marine Sciences,Education",False,False,False,https://www.timeshighereducation.com/student/register-interest/shorelight?utm_medium=thewebsite&utm_campaign=cta-link&utm_source=rankings&iid=i-73524078
=82,Dartmouth College,62.0,820,58.6,58,41.1,160,94.2,47,39.9,459,37.9,579,private,0,/world-university-rankings/dartmouth-college,554,United States,"6,109",6.7,15%,47 : 53,Dartmouth College,"Sociology,Mathematics & Statistics,General Engineering,History, Philosophy & Theology,Computer Science,Biological Sciences,Geography,Art, Performing Arts & Design,Languages, Literature & Linguistics,Electrical & Electronic Engineering,Psychology,Geology, Environmental, Earth & Marine Sciences,Politics & International Studies (incl Development Studies),Mechanical & Aerospace Engineering,Economics & Econometrics,Other Health,Business & Management,Physics & Astronomy,Archaeology,Medicine & Dentistry,Chemistry,Chemical Engineering,Accounting & Finance",False,False,False,https://www.timeshighereducation.com/student/register-interest/shorelight?utm_medium=thewebsite&utm_campaign=cta-link&utm_source=rankings&iid=i-46262331
=82,Emory University,62.0,830,52.9,80,39.7,179,97.4,27,43.2,367,52.7,365,private,0,/world-university-rankings/emory-university,539,United States,"12,649",4.4,19%,57 : 43,Emory University,"Other Health,Sociology,Medicine & Dentistry,Politics & International Studies (incl Development Studies),General Engineering,Law,Computer Science,Business & Management,Mathematics & Statistics,Accounting & Finance,Biological Sciences,Psychology,Physics & Astronomy,Economics & Econometrics,Art, Performing Arts & Design,Chemistry,History, Philosophy & Theology,Communication & Media Studies,Languages, Literature & Linguistics,Geology, Environmental, Earth & Marine Sciences",False,False,False,https://www.timeshighereducation.com/student/register-interest/shorelight?utm_medium=thewebsite&utm_campaign=cta-link&utm_source=rankings&iid=i-20903556
=82,Technical University of Berlin,62.0,840,49.8,100,59.3,72,74.3,242,98.0,32,60.8,281,master_account,0,/world-university-rankings/technical-university-berlin,1022,Germany,"20,548",60.3,19%,34 : 66,Technical University of Berlin,"General Engineering,Mathematics & Statistics,Electrical & Electronic Engineering,Computer Science,Education,Accounting & Finance,History, Philosophy & Theology,Mechanical & Aerospace Engineering,Sociology,Languages, Literature & Linguistics,Civil Engineering,Chemistry,Architecture,Chemical Engineering,Physics & Astronomy",False,False,False,
=82,University of Warwick,62.0,850,46.8,122,52.6,92,80.9,175,40.8,433,91.4,46,master_account,0,/world-university-rankings/university-warwick,622,United Kingdom,"18,560",14.6,38%,47 : 53,University of Warwick,"Economics & Econometrics,Chemistry,Medicine & Dentistry,Politics & International Studies (incl Development Studies),Art, Performing Arts & Design,Business & Management,Psychology,Education,Communication & Media Studies,Geography,Computer Science,Mathematics & Statistics,Languages, Literature & Linguistics,Biological Sciences,History, Philosophy & Theology,Physics & Astronomy,Accounting & Finance,Electrical & Electronic Engineering,General Engineering,Sociology,Mechanical & Aerospace Engineering,Law,Other Health,Civil Engineering",False,False,False,https://www.timeshighereducation.com/student/register-interest/siuk?utm_medium=thewebsite&utm_campaign=cta-link&utm_source=rankings&iid=i-26364423
86,Utrecht University,61.9,860,46.1,126,48.5,115,90.7,78,80.7,74,57.6,314,master_account,0,/world-university-rankings/utrecht-university,532,Netherlands,"31,142",15.6,7%,59 : 41,Utrecht University utrecht  utrecht university,"Communication & Media Studies,Accounting & Finance,Geology, Environmental, Earth & Marine Sciences,Economics & Econometrics,Computer Science,Law,Biological Sciences,Education,Art, Performing Arts & Design,Physics & Astronomy,Business & Management,Chemistry,Languages, Literature & Linguistics,Other Health,Geography,Psychology,History, Philosophy & Theology,Mathematics & Statistics,Veterinary Science,Politics & International Studies (incl Development Studies),Sociology,Medicine & Dentistry",False,False,False,
87,Rice University,61.7,870,46.9,119,38.7,189,99.1,15,43.4,362,69.5,210,private,0,/world-university-rankings/rice-university,536,United States,"6,447",9.0,27%,43 : 57,Rice University,"Physics & Astronomy,Art, Performing Arts & Design,Civil Engineering,Business & Management,Education,Computer Science,Chemistry,Architecture,Economics & Econometrics,General Engineering,History, Philosophy & Theology,Politics & International Studies (incl Development Studies),Mechanical & Aerospace Engineering,Accounting & Finance,Psychology,Sport Science,Languages, Literature & Linguistics,Sociology,Chemical Engineering,Geology, Environmental, Earth & Marine Sciences,Electrical & Electronic Engineering,Mathematics & Statistics,Biological Sciences",False,False,False,https://www.timeshighereducation.com/student/register-interest/shorelight?utm_medium=thewebsite&utm_campaign=cta-link&utm_source=rankings&iid=i-26979505
88,University of Glasgow,61.4,880,40.6,179,47.8,118,90.6,79,39.4,475,88.6,65,master_account,11,/world-university-rankings/university-glasgow,566,United Kingdom,"22,855",15.3,32%,57 : 43,University of Glasgow,"General Engineering,Agriculture & Forestry,Sociology,Architecture,Physics & Astronomy,Business & Management,Art, Performing Arts & Design,Electrical & Electronic Engineering,Biological Sciences,Geography,Computer Science,Mechanical & Aerospace Engineering,Politics & International Studies (incl Development Studies),History, Philosophy & Theology,Mathematics & Statistics,Psychology,Languages, Literature & Linguistics,Sport Science,Education,Archaeology,Chemistry,Accounting & Finance,Medicine & Dentistry,Geology, Environmental, Earth & Marine Sciences,Economics & Econometrics,Veterinary Science,Law,Other Health,Civil Engineering,Communication & Media Studies",False,False,False,
=89,Korea Advanced Institute of Science and Technology (KAIST),61.3,890,55.7,68,53.2,88,78.5,196,100.0,6,34.3,631,master_account,0,/world-university-rankings/korea-advanced-institute-science-and-technology-kaist,558,South Korea,"9,327",9.5,9%,20 : 80,Korea Advanced Institute of Science and Technology (KAIST),"History, Philosophy & Theology,Electrical & Electronic Engineering,Sport Science,Languages, Literature & Linguistics,Chemical Engineering,Sociology,Computer Science,Mathematics & Statistics,Education,Archaeology,Veterinary Science,Law,Art, Performing Arts & Design,Mechanical & Aerospace Engineering,Communication & Media Studies,Architecture,Chemistry,Medicine & Dentistry,Biological Sciences,Psychology,Civil Engineering,Politics & International Studies (incl Development Studies),Business & Management,General Engineering,Geology, Environmental, Earth & Marine Sciences,Accounting & Finance,Other Health,Physics & Astronomy,Economics & Econometrics",False,False,False,
=89,University of Tübingen,61.3,900,46.0,128,56.2,81,82.9,149,56.3,193,57.8,311,master_account,0,/world-university-rankings/university-tubingen,652,Germany,"28,074",37.3,11%,58 : 42,University of Tübingen,"Archaeology,Politics & International Studies (incl Development Studies),Languages, Literature & Linguistics,Sport Science,History, Philosophy & Theology,Psychology,Medicine & Dentistry,Physics & Astronomy,Mathematics & Statistics,Chemistry,Sociology,Biological Sciences,Education,Communication & Media Studies,Business & Management,Computer Science,Accounting & Finance,Other Health,Geography,Economics & Econometrics,Law,Geology, Environmental, Earth & Marine Sciences",False,False,False,
=91,University of Helsinki,61.2,910,47.0,118,57.6,75,83.5,139,34.9,696,52.2,370,master_account,0,/world-university-rankings/university-helsinki,555,Finland,"23,369",17.0,6%,65 : 35,University of Helsinki,"Law,Economics & Econometrics,Communication & Media Studies,Civil Engineering,Biological Sciences,Chemical Engineering,Sociology,Chemistry,Business & Management,Computer Science,Agriculture & Forestry,Geography,Art, Performing Arts & Design,Politics & International Studies (incl Development Studies),Mechanical & Aerospace Engineering,General Engineering,Physics & Astronomy,Sport Science,Mathematics & Statistics,Education,Psychology,Archaeology,History, Philosophy & Theology,Electrical & Electronic Engineering,Veterinary Science,Geology, Environmental, Earth & Marine Sciences,Languages, Literature & Linguistics,Accounting & Finance,Medicine & Dentistry,Architecture,Other Health",False,False,False,
=91,Kyoto University,61.2,920,70.2,32,70.1,45,50.4,467,75.1,94,28.0,721,master_account,0,/world-university-rankings/kyoto-university,516,Japan,"22,547",5.5,7%,,Kyoto University,"Architecture,Geography,Biological Sciences,Psychology,Mechanical & Aerospace Engineering,Law,Communication & Media Studies,Archaeology,Education,Electrical & Electronic Engineering,Sociology,Business & Management,Civil Engineering,Agriculture & Forestry,Economics & Econometrics,Physics & Astronomy,Chemistry,Computer Science,Medicine & Dentistry,Mathematics & Statistics,History, Philosophy & Theology,Chemical Engineering,Languages, Literature & Linguistics,Politics & International Studies (incl Development Studies),General Engineering,Accounting & Finance,Art, Performing Arts & Design,Geology, Environmental, Earth & Marine Sciences,Other Health,Sport Science",False,False,False,
93,Uppsala University,61.1,930,43.0,149,57.1,77,85.2,127,40.4,444,59.9,290,master_account,0,/world-university-rankings/uppsala-university,551,Sweden,"25,275",16.6,12%,57 : 43,Uppsala University,"Economics & Econometrics,History, Philosophy & Theology,Education,Physics & Astronomy,Communication & Media Studies,Chemistry,Medicine & Dentistry,Electrical & Electronic Engineering,Computer Science,Languages, Literature & Linguistics,Chemical Engineering,Archaeology,Accounting & Finance,Sociology,Civil Engineering,Biological Sciences,Politics & International Studies (incl Development Studies),Mathematics & Statistics,Business & Management,General Engineering,Geology, Environmental, Earth & Marine Sciences,Geography,Law,Psychology,Other Health",False,False,False,
94,Maastricht University,61.0,940,39.2,195,48.6,113,84.4,134,85.7,59,96.0,13,master_account,6,/world-university-rankings/maastricht-university,663,Netherlands,"16,030",18.3,47%,58 : 42,Maastricht University,"Biological Sciences,Business & Management,Communication & Media Studies,Other Health,Sociology,Chemistry,Computer Science,Law,History, Philosophy & Theology,Politics & International Studies (incl Development Studies),Medicine & Dentistry,Education,Art, Performing Arts & Design,Economics & Econometrics,Languages, Literature & Linguistics,Psychology",False,False,False,
95,University of Freiburg,60.9,950,45.9,130,49.9,105,83.6,138,100.0,3,61.1,280,master_account,0,/world-university-rankings/university-freiburg,653,Germany,"25,890",33.7,16%,52 : 48,University of Freiburg,"Mathematics & Statistics,Art, Performing Arts & Design,Politics & International Studies (incl Development Studies),History, Philosophy & Theology,Business & Management,Sport Science,Communication & Media Studies,Languages, Literature & Linguistics,Medicine & Dentistry,Sociology,Archaeology,Physics & Astronomy,Economics & Econometrics,Other Health,Geology, Environmental, Earth & Marine Sciences,Agriculture & Forestry,Electrical & Electronic Engineering,Law,Education,Geography,Psychology,Computer Science,Biological Sciences,Chemistry",False,False,False,
=96,Durham University,60.6,960,43.0,147,49.0,109,85.0,128,37.4,550,87.0,78,master_account,0,/world-university-rankings/durham-university,547,United Kingdom,"15,705",15.3,26%,54 : 46,Durham University united kingdom UK  England,"Electrical & Electronic Engineering,General Engineering,Sociology,History, Philosophy & Theology,Communication & Media Studies,Mechanical & Aerospace Engineering,Physics & Astronomy,Other Health,Politics & International Studies (incl Development Studies),Education,Civil Engineering,Computer Science,Geography,Sport Science,Law,Biological Sciences,Art, Performing Arts & Design,Languages, Literature & Linguistics,Mathematics & Statistics,Geology, Environmental, Earth & Marine Sciences,Business & Management,Economics & Econometrics,Accounting & Finance,Chemistry,Archaeology,Psychology",False,False,False,https://www.timeshighereducation.com/student/register-interest/siuk?utm_medium=thewebsite&utm_campaign=cta-link&utm_source=rankings&iid=i-56154151
=96,Lund University,60.6,970,41.3,169,53.1,89,83.2,142,68.5,120,74.6,172,master_account,0,/world-university-rankings/lund-university,544,Sweden,"28,852",12.0,15%,53 : 47,Lund University,"Electrical & Electronic Engineering,Communication & Media Studies,Art, Performing Arts & Design,Mechanical & Aerospace Engineering,Politics & International Studies (incl Development Studies),Other Health,Physics & Astronomy,Business & Management,Civil Engineering,Sociology,Languages, Literature & Linguistics,Architecture,Agriculture & Forestry,Law,Archaeology,Biological Sciences,Education,History, Philosophy & Theology,Chemical Engineering,Geography,Computer Science,Chemistry,Accounting & Finance,Psychology,Medicine & Dentistry,Mathematics & Statistics,General Engineering,Geology, Environmental, Earth & Marine Sciences,Economics & Econometrics",False,False,False,
=98,Aarhus University,60.3,980,39.0,198,54.7,85,83.0,145,65.4,139,75.7,162,master_account,0,/world-university-rankings/aarhus-university,589,Denmark,"24,633",13.9,14%,55 : 45,Aarhus University,"Electrical & Electronic Engineering,Geology, Environmental, Earth & Marine Sciences,Medicine & Dentistry,Veterinary Science,Accounting & Finance,Art, Performing Arts & Design,Mathematics & Statistics,Law,History, Philosophy & Theology,Agriculture & Forestry,Geography,Other Health,Sport Science,Psychology,Archaeology,Biological Sciences,Business & Management,Computer Science,Chemical Engineering,Politics & International Studies (incl Development Studies),Mechanical & Aerospace Engineering,Communication & Media Studies,Languages, Literature & Linguistics,Physics & Astronomy,Education,Civil Engineering,Chemistry,Economics & Econometrics",False,False,False,
=98,University of Basel,60.3,990,40.1,184,36.8,208,92.4,63,99.3,22,94.4,21,master_account,0,/world-university-rankings/university-basel,575,Switzerland,"12,560",17.4,24%,54 : 46,University of Basel,"Psychology,Art, Performing Arts & Design,Archaeology,Physics & Astronomy,Chemistry,Business & Management,History, Philosophy & Theology,Sport Science,Law,Medicine & Dentistry,Other Health,Sociology,Languages, Literature & Linguistics,Accounting & Finance,Communication & Media Studies,Politics & International Studies (incl Development Studies),Education,Biological Sciences,Geology, Environmental, Earth & Marine Sciences,Computer Science,Economics & Econometrics,Mathematics & Statistics,Geography",False,False,False,
=98,"University of California, Irvine",60.3,1000,42.5,151,45.0,136,94.1,49,45.5,309,62.3,272,public,0,/world-university-rankings/university-california-irvine,550,United States,"29,304",17.2,18%,53 : 47,"University of California, Irvine","Medicine & Dentistry,Business & Management,Chemistry,Civil Engineering,Languages, Literature & Linguistics,Accounting & Finance,General Engineering,Chemical Engineering,Education,Architecture,Mathematics & Statistics,Art, Performing Arts & Design,Sociology,Economics & Econometrics,Electrical & Electronic Engineering,Psychology,Mechanical & Aerospace Engineering,History, Philosophy & Theology,Biological Sciences,Computer Science,Law,Geology, Environmental, Earth & Marine Sciences,Politics & International Studies (incl Development Studies),Other Health,Physics & Astronomy",False,False,False,https://www.timeshighereducation.com/student/register-interest/shorelight?utm_medium=thewebsite&utm_campaign=cta-link&utm_source=rankings&iid=i-49530901
101,Michigan State University,59.9,1010,51.6,89,48.9,111,81.1,171,38.5,507,58.8,303,public,0,/world-university-rankings/michigan-state-university,560,United States,"45,297",15.8,16%,51 : 49,Michigan State University,"Business & Management,Other Health,History, Philosophy & Theology,Chemistry,Law,General Engineering,Agriculture & Forestry,Art, Performing Arts & Design,Sociology,Sport Science,Computer Science,Economics & Econometrics,Architecture,Geology, Environmental, Earth & Marine Sciences,Psychology,Politics & International Studies (incl Development Studies),Electrical & Electronic Engineering,Chemical Engineering,Biological Sciences,Languages, Literature & Linguistics,Civil Engineering,Education,Mathematics & Statistics,Communication & Media Studies,Geography,Archaeology,Medicine & Dentistry,Veterinary Science,Physics & Astronomy,Accounting & Finance,Mechanical & Aerospace Engineering",False,False,False,https://www.timeshighereducation.com/student/register-interest/shorelight?utm_medium=thewebsite&utm_campaign=cta-link&utm_source=rankings&iid=i-58650993
102,University of Mannheim,59.8,1020,39.1,197,51.3,98,88.3,95,76.4,89,57.7,312,master_account,0,/world-university-rankings/university-mannheim,131813,Germany,"10,808",84.0,14%,55 : 45,University of Mannheim,"Economics & Econometrics,Languages, Literature & Linguistics,Business & Management,Education,Accounting & Finance,History, Philosophy & Theology,Law,Communication & Media Studies,Computer Science,Politics & International Studies (incl Development Studies),Psychology,Mathematics & Statistics,Sociology",False,False,False,
103,Université de Montréal,59.7,1030,46.8,121,47.8,119,77.4,209,67.7,125,85.0,92,master_account,0,/world-university-rankings/universite-de-montreal,569,Canada,"37,651",20.2,24%,58 : 42,Université de Montréal Université de Montréal Universite de Montreal,"Communication & Media Studies,Languages, Literature & Linguistics,Electrical & Electronic Engineering,Geography,Sport Science,Mathematics & Statistics,Architecture,History, Philosophy & Theology,Mechanical & Aerospace Engineering,Art, Performing Arts & Design,Chemistry,Civil Engineering,Biological Sciences,Psychology,Computer Science,Veterinary Science,Chemical Engineering,Business & Management,Sociology,Archaeology,General Engineering,Education,Accounting & Finance,Other Health,Politics & International Studies (incl Development Studies),Medicine & Dentistry,Physics & Astronomy,Economics & Econometrics,Law",False,False,False,
=104,Georgetown University,59.6,1040,56.7,66,39.3,185,84.6,131,74.4,96,47.3,439,private,0,/world-university-rankings/georgetown-university,602,United States,"15,726",8.6,15%,54 : 46,Georgetown University,"History, Philosophy & Theology,Economics & Econometrics,Languages, Literature & Linguistics,General Engineering,Psychology,Sociology,Medicine & Dentistry,Law,Mathematics & Statistics,Computer Science,Physics & Astronomy,Accounting & Finance,Architecture,Politics & International Studies (incl Development Studies),Art, Performing Arts & Design,Education,Agriculture & Forestry,Other Health,Sport Science,Business & Management,Geology, Environmental, Earth & Marine Sciences,Communication & Media Studies,Chemistry,Biological Sciences",False,False,False,https://www.timeshighereducation.com/student/register-interest/shorelight?utm_medium=thewebsite&utm_campaign=cta-link&utm_source=rankings&iid=i-26274852
=104,Pohang University of Science and Technology (POSTECH),59.6,1050,53.8,73,48.7,112,79.2,192,99.6,18,34.2,634,master_account,0,/world-university-rankings/pohang-university-science-and-technology-postech,517,South Korea,"3,017",10.0,4%,22 : 78,Pohang University of Science and Technology (POSTECH) postech,"General Engineering,Chemical Engineering,Chemistry,Business & Management,Electrical & Electronic Engineering,Computer Science,Mathematics & Statistics,Geology, Environmental, Earth & Marine Sciences,Other Health,Biological Sciences,Physics & Astronomy,Mechanical & Aerospace Engineering",False,False,False,
106,University of Zurich,59.5,1060,46.4,124,38.5,192,87.5,102,44.2,343,89.3,62,master_account,0,/world-university-rankings/university-zurich,525,Switzerland,"26,042",6.1,18%,57 : 43,University of Zurich,"Veterinary Science,Accounting & Finance,Languages, Literature & Linguistics,Art, Performing Arts & Design,Psychology,Law,Mathematics & Statistics,Physics & Astronomy,Business & Management,Medicine & Dentistry,Geology, Environmental, Earth & Marine Sciences,Other Health,Computer Science,History, Philosophy & Theology,Geography,Education,Politics & International Studies (incl Development Studies),Communication & Media Studies,Sociology,Agriculture & Forestry,Biological Sciences,Economics & Econometrics,Archaeology,Chemistry",False,False,False,
107,University of Alberta,59.4,1070,49.5,103,53.0,91,69.9,285,61.3,163,82.7,111,master_account,11,/world-university-rankings/university-alberta,564,Canada,"33,159",21.1,24%,55 : 45,University of Alberta,"Civil Engineering,Sociology,Other Health,Electrical & Electronic Engineering,Mathematics & Statistics,Law,Languages, Literature & Linguistics,Agriculture & Forestry,Politics & International Studies (incl Development Studies),Economics & Econometrics,Art, Performing Arts & Design,Mechanical & Aerospace Engineering,Geography,Medicine & Dentistry,Sport Science,Geology, Environmental, Earth & Marine Sciences,Business & Management,Computer Science,Chemistry,General Engineering,Physics & Astronomy,Accounting & Finance,History, Philosophy & Theology,Chemical Engineering,Psychology,Archaeology,Veterinary Science,Communication & Media Studies,Biological Sciences,Education",False,False,False,https://www.timeshighereducation.com/student/register-interest/applyboard?utm_medium=thewebsite&utm_campaign=cta-link&utm_source=rankings&iid=i-20147712
108,Vanderbilt University,59.3,1080,50.1,99,37.3,201,96.7,33,73.5,100,29.8,694,private,0,/world-university-rankings/vanderbilt-university,534,United States,"12,161",3.1,9%,52 : 48,Vanderbilt University,"Mathematics & Statistics,Business & Management,General Engineering,Art, Performing Arts & Design,Chemical Engineering,Psychology,Accounting & Finance,Computer Science,Communication & Media Studies,Archaeology,Geology, Environmental, Earth & Marine Sciences,Economics & Econometrics,Chemistry,Medicine & Dentistry,Law,Electrical & Electronic Engineering,Civil Engineering,Geography,Other Health,Languages, Literature & Linguistics,Education,Physics & Astronomy,Mechanical & Aerospace Engineering,Sociology,History, Philosophy & Theology,Biological Sciences,Politics & International Studies (incl Development Studies)",False,False,False,https://www.timeshighereducation.com/student/register-interest/shorelight?utm_medium=thewebsite&utm_campaign=cta-link&utm_source=rankings&iid=i-72359222
109,University of Sheffield,59.1,1090,42.3,158,47.6,120,82.7,154,44.7,327,83.1,108,master_account,0,/world-university-rankings/university-sheffield,565,United Kingdom,"23,960",15.3,33%,50 : 50,University of Sheffield united kingdom UK Sheffield,"Business & Management,Chemical Engineering,Languages, Literature & Linguistics,Medicine & Dentistry,Accounting & Finance,Geology, Environmental, Earth & Marine Sciences,Archaeology,General Engineering,Civil Engineering,Physics & Astronomy,Geography,Politics & International Studies (incl Development Studies),Computer Science,Electrical & Electronic Engineering,Other Health,Law,Architecture,Education,Economics & Econometrics,Chemistry,Psychology,Communication & Media Studies,History, Philosophy & Theology,Biological Sciences,Mathematics & Statistics,Mechanical & Aerospace Engineering,Sociology",False,False,False,https://www.timeshighereducation.com/student/register-interest/siuk?utm_medium=thewebsite&utm_campaign=cta-link&utm_source=rankings&iid=i-51616042
=110,University of Bern,58.9,1100,43.2,143,43.0,150,82.8,151,75.5,93,83.8,100,master_account,0,/world-university-rankings/university-bern,576,Switzerland,"14,651",23.3,14%,55 : 45,University of Bern,"Art, Performing Arts & Design,Biological Sciences,Geography,Languages, Literature & Linguistics,Sport Science,Psychology,History, Philosophy & Theology,Physics & Astronomy,Education,Computer Science,Communication & Media Studies,Medicine & Dentistry,Chemistry,Business & Management,Archaeology,Mathematics & Statistics,Accounting & Finance,General Engineering,Sociology,Agriculture & Forestry,Politics & International Studies (incl Development Studies),Veterinary Science,Law,Other Health,Geology, Environmental, Earth & Marine Sciences,Economics & Econometrics",False,False,False,
=110,University of St Andrews,58.9,1110,45.2,132,44.3,142,80.3,178,33.7,765,94.3,25,master_account,0,/world-university-rankings/university-st-andrews,549,United Kingdom,"8,455",12.2,46%,57 : 43,University of St Andrews,"Geography,Medicine & Dentistry,Sociology,Archaeology,Languages, Literature & Linguistics,Physics & Astronomy,Computer Science,Psychology,Chemistry,Business & Management,Biological Sciences,History, Philosophy & Theology,Other Health,Politics & International Studies (incl Development Studies),Geology, Environmental, Earth & Marine Sciences,Communication & Media Studies,Economics & Econometrics,Mathematics & Statistics",False,False,False,https://www.timeshighereducation.com/student/register-interest/siuk?utm_medium=thewebsite&utm_campaign=cta-link&utm_source=rankings&iid=i-44428293
112,University of Göttingen,58.8,1120,49.7,101,48.0,117,81.1,170,34.8,702,56.6,322,master_account,0,/world-university-rankings/university-gottingen,533,Germany,"26,549",26.1,12%,50 : 50,University of Göttingen,"Biological Sciences,Geography,Education,Veterinary Science,Law,Art, Performing Arts & Design,Mathematics & Statistics,Accounting & Finance,Languages, Literature & Linguistics,Sport Science,Psychology,Medicine & Dentistry,Chemistry,Business & Management,History, Philosophy & Theology,Agriculture & Forestry,Politics & International Studies (incl Development Studies),Archaeology,Geology, Environmental, Earth & Marine Sciences,Economics & Econometrics,Computer Science,Sociology,Other Health,Communication & Media Studies,Physics & Astronomy",False,False,False,
=113,University of Bonn,58.7,1130,47.2,116,40.8,164,88.3,94,37.3,559,64.6,251,master_account,0,/world-university-rankings/university-bonn,868,Germany,"33,939",73.3,13%,55 : 45,University of Bonn,"Physics & Astronomy,Politics & International Studies (incl Development Studies),Medicine & Dentistry,Communication & Media Studies,Languages, Literature & Linguistics,Computer Science,Chemistry,Agriculture & Forestry,Archaeology,Biological Sciences,History, Philosophy & Theology,Business & Management,Geology, Environmental, Earth & Marine Sciences,Economics & Econometrics,Law,Geography,Sociology,Mathematics & Statistics,Other Health,Psychology",False,False,False,
=113,McMaster University,58.7,1140,43.5,139,45.4,132,82.3,157,66.1,134,76.2,155,master_account,11,/world-university-rankings/mcmaster-university,529,Canada,"23,943",20.4,16%,52 : 48,McMaster University,"Medicine & Dentistry,Biological Sciences,History, Philosophy & Theology,Politics & International Studies (incl Development Studies),Civil Engineering,Archaeology,Chemical Engineering,Sociology,Chemistry,Accounting & Finance,Languages, Literature & Linguistics,Mechanical & Aerospace Engineering,General Engineering,Geology, Environmental, Earth & Marine Sciences,Economics & Econometrics,Art, Performing Arts & Design,Electrical & Electronic Engineering,Communication & Media Studies,Computer Science,Sport Science,Business & Management,Other Health,Mathematics & Statistics,Psychology,Physics & Astronomy,Geography",False,False,False,
=113,Queen Mary University of London,58.7,1150,34.0,282,39.7,180,95.1,44,40.0,453,94.3,23,master_account,0,/world-university-rankings/queen-mary-university-london,131678,United Kingdom,"14,500",13.2,42%,52 : 48,Queen Mary University of London,"Mechanical & Aerospace Engineering,Communication & Media Studies,Accounting & Finance,Chemical Engineering,Geography,Chemistry,Business & Management,History, Philosophy & Theology,Economics & Econometrics,Electrical & Electronic Engineering,General Engineering,Geology, Environmental, Earth & Marine Sciences,Art, Performing Arts & Design,Sport Science,Law,Other Health,Sociology,Computer Science,Mathematics & Statistics,Languages, Literature & Linguistics,Biological Sciences,Psychology,Medicine & Dentistry,Physics & Astronomy,Politics & International Studies (incl Development Studies)",False,False,False,
=116,University of Colorado Boulder,58.6,1160,42.5,152,43.7,145,96.1,36,38.0,520,39.4,558,public,0,/world-university-rankings/university-colorado-boulder,541,United States,"29,741",16.3,9%,44 : 56,University of Colorado Boulder,"Electrical & Electronic Engineering,Communication & Media Studies,Accounting & Finance,Physics & Astronomy,Civil Engineering,Chemical Engineering,Business & Management,Law,Mechanical & Aerospace Engineering,Psychology,Mathematics & Statistics,History, Philosophy & Theology,Education,Architecture,Biological Sciences,General Engineering,Economics & Econometrics,Languages, Literature & Linguistics,Chemistry,Computer Science,Geography,Politics & International Studies (incl Development Studies),Art, Performing Arts & Design,Sociology,Geology, Environmental, Earth & Marine Sciences",False,False,False,https://www.timeshighereducation.com/student/register-interest/shorelight?utm_medium=thewebsite&utm_campaign=cta-link&utm_source=rankings&iid=i-73893083
=116,École Polytechnique – Institut Polytechnique de Paris,58.6,1170,58.6,59,40.6,167,67.2,318,71.9,104,92.3,37,master_account,0,/world-university-rankings/ecole-polytechnique-institut-polytechnique-de-paris,527,France,"2,669",5.0,31%,18 : 82,École Polytechnique – Institut Polytechnique de Paris,"Physics & Astronomy,General Engineering,Education,Computer Science,Geology, Environmental, Earth & Marine Sciences,Languages, Literature & Linguistics,Mathematics & Statistics,History, Philosophy & Theology,Chemistry,Civil Engineering,Mechanical & Aerospace Engineering,Economics & Econometrics,Electrical & Electronic Engineering,Business & Management,Biological Sciences,Chemical Engineering",False,False,False,
118,Ghent University,58.5,1180,43.0,148,55.5,83,75.7,223,84.4,64,55.1,340,master_account,0,/world-university-rankings/ghent-university,570,Belgium,"35,374",37.0,9%,53 : 47,Ghent University,"Art, Performing Arts & Design,General Engineering,Physics & Astronomy,Business & Management,Archaeology,Chemical Engineering,Communication & Media Studies,History, Philosophy & Theology,Civil Engineering,Geology, Environmental, Earth & Marine Sciences,Economics & Econometrics,Computer Science,Mathematics & Statistics,Psychology,Biological Sciences,Sociology,Electrical & Electronic Engineering,Geography,Languages, Literature & Linguistics,Mechanical & Aerospace Engineering,Chemistry,Accounting & Finance,Other Health,Sport Science,Education,Medicine & Dentistry,Agriculture & Forestry,Politics & International Studies (incl Development Studies),Veterinary Science,Law",False,False,False,
119,City University of Hong Kong,58.4,1190,42.1,162,44.5,139,81.6,165,66.4,133,83.5,103,master_account,11,/world-university-rankings/city-university-hong-kong,657,Hong Kong,"9,871",11.6,30%,52 : 48,City University of Hong Kong CityU HK,"History, Philosophy & Theology,Other Health,Geology, Environmental, Earth & Marine Sciences,Civil Engineering,Veterinary Science,Physics & Astronomy,Psychology,Art, Performing Arts & Design,Chemistry,General Engineering,Sociology,Mathematics & Statistics,Biological Sciences,Medicine & Dentistry,Business & Management,Computer Science,Mechanical & Aerospace Engineering,Accounting & Finance,Economics & Econometrics,Law,Communication & Media Studies,Politics & International Studies (incl Development Studies),Languages, Literature & Linguistics,Architecture,Electrical & Electronic Engineering,Chemical Engineering",False,False,False,
120,University of Copenhagen,58.2,1200,46.8,120,33.1,239,89.8,84,44.2,342,82.3,114,master_account,0,/world-university-rankings/university-copenhagen,599,Denmark,"29,796",4.2,17%,62 : 38,University of Copenhagen,"Politics & International Studies (incl Development Studies),Other Health,Psychology,Archaeology,Biological Sciences,Communication & Media Studies,History, Philosophy & Theology,Law,Sport Science,Geology, Environmental, Earth & Marine Sciences,Medicine & Dentistry,Computer Science,Economics & Econometrics,Mathematics & Statistics,Physics & Astronomy,Languages, Literature & Linguistics,Chemistry,Veterinary Science,Agriculture & Forestry,Geography,Sociology",False,False,False,
=121,Pierre and Marie Curie University,58.1,1210,52.9,81,33.7,236,86.2,118,38.2,514,71.4,197,master_account,0,/world-university-rankings/pierre-and-marie-curie-university,548,France,"28,473",8.0,17%,48 : 52,Pierre and Marie Curie University,"Biological Sciences,Medicine & Dentistry,Chemical Engineering,Civil Engineering,Mechanical & Aerospace Engineering,Economics & Econometrics,General Engineering,Geology, Environmental, Earth & Marine Sciences,Mathematics & Statistics,Other Health,Veterinary Science,Physics & Astronomy,Electrical & Electronic Engineering,Computer Science,Chemistry",False,False,False,
=121,Radboud University Nijmegen,58.1,1220,35.0,263,50.6,100,87.2,105,45.2,318,68.3,218,master_account,11,/world-university-rankings/radboud-university-nijmegen,624,Netherlands,"19,079",19.1,11%,57 : 43,Radboud University Nijmegen,"Other Health,Psychology,History, Philosophy & Theology,Chemistry,Sociology,Geology, Environmental, Earth & Marine Sciences,Business & Management,Accounting & Finance,Medicine & Dentistry,Law,Communication & Media Studies,Economics & Econometrics,Mathematics & Statistics,Computer Science,Geography,Languages, Literature & Linguistics,Politics & International Studies (incl Development Studies),Physics & Astronomy,Biological Sciences,Education",False,False,False,
=121,University of Southampton,58.1,1230,39.2,196,46.1,128,82.8,152,39.2,481,90.2,53,master_account,0,/world-university-rankings/university-southampton,593,United Kingdom,"21,050",12.8,31%,53 : 47,University of Southampton,"Electrical & Electronic Engineering,Languages, Literature & Linguistics,Geology, Environmental, Earth & Marine Sciences,Politics & International Studies (incl Development Studies),Computer Science,Art, Performing Arts & Design,History, Philosophy & Theology,Civil Engineering,Education,Physics & Astronomy,Geography,Accounting & Finance,Medicine & Dentistry,Chemical Engineering,Law,Biological Sciences,Economics & Econometrics,Mathematics & Statistics,Mechanical & Aerospace Engineering,Psychology,General Engineering,Other Health,Communication & Media Studies,Chemistry,Sociology,Business & Management,Archaeology",False,False,False,https://www.timeshighereducation.com/student/register-interest/siuk?utm_medium=thewebsite&utm_campaign=cta-link&utm_source=rankings&iid=i-58225932
=121,University of Virginia (Main campus),58.1,1240,53.7,75,38.6,191,86.6,115,41.9,398,44.6,476,public,0,/world-university-rankings/university-virginia-main-campus,601,United States,"23,797",10.0,12%,53 : 47,University of Virginia (Main campus),"General Engineering,Chemistry,Geography,Physics & Astronomy,Sociology,Other Health,Biological Sciences,Education,Art, Performing Arts & Design,Mathematics & Statistics,Business & Management,Languages, Literature & Linguistics,Electrical & Electronic Engineering,Economics & Econometrics,Archaeology,Chemical Engineering,Accounting & Finance,History, Philosophy & Theology,Geology, Environmental, Earth & Marine Sciences,Psychology,Medicine & Dentistry,Mechanical & Aerospace Engineering,Communication & Media Studies,Architecture,Civil Engineering,Politics & International Studies (incl Development Studies),Computer Science,Sport Science,Law",False,False,False,https://www.timeshighereducation.com/student/register-interest/shorelight?utm_medium=thewebsite&utm_campaign=cta-link&utm_source=rankings&iid=i-21442282
125,The University of Western Australia,58.0,1250,32.3,322,44.9,138,89.0,91,48.8,264,92.9,33,master_account,0,/world-university-rankings/university-western-australia,654,Australia,"20,777",23.0,27%,50 : 50,The University of Western Australia,"General Engineering,Mathematics & Statistics,Politics & International Studies (incl Development Studies),Computer Science,Languages, Literature & Linguistics,Agriculture & Forestry,Psychology,Communication & Media Studies,Business & Management,Electrical & Electronic Engineering,Sport Science,Medicine & Dentistry,Chemistry,Accounting & Finance,Art, Performing Arts & Design,Education,Other Health,Physics & Astronomy,Economics & Econometrics,Biological Sciences,Geography,Geology, Environmental, Earth & Marine Sciences,History, Philosophy & Theology,Civil Engineering,Architecture,Chemical Engineering,Archaeology,Sociology,Law,Mechanical & Aerospace Engineering,Veterinary Science",False,False,False,https://www.timeshighereducation.com/student/register-interest/aecc?utm_medium=thewebsite&utm_campaign=cta-link&utm_source=rankings&iid=i-74036713
=126,Case Western Reserve University,57.9,1260,50.2,95,38.9,187,90.2,82,36.8,583,42.0,514,private,0,/world-university-rankings/case-western-reserve-university,557,United States,"9,622",6.6,18%,48 : 52,Case Western Reserve University,"Computer Science,Agriculture & Forestry,Psychology,Civil Engineering,Geology, Environmental, Earth & Marine Sciences,History, Philosophy & Theology,Economics & Econometrics,Chemistry,Mechanical & Aerospace Engineering,Art, Performing Arts & Design,Politics & International Studies (incl Development Studies),Business & Management,General Engineering,Education,Accounting & Finance,Chemical Engineering,Other Health,Sociology,Electrical & Electronic Engineering,Communication & Media Studies,Languages, Literature & Linguistics,Law,Physics & Astronomy,Mathematics & Statistics,Architecture,Medicine & Dentistry,Biological Sciences",False,False,False,https://www.timeshighereducation.com/student/register-interest/shorelight?utm_medium=thewebsite&utm_campaign=cta-link&utm_source=rankings&iid=i-36123924
=126,University of Exeter,57.9,1270,34.6,270,39.2,186,94.3,46,34.9,694,87.6,75,master_account,11,/world-university-rankings/university-exeter,620,United Kingdom,"18,235",17.5,27%,55 : 45,University of Exeter,"Architecture,Biological Sciences,Law,Languages, Literature & Linguistics,Computer Science,Politics & International Studies (incl Development Studies),Accounting & Finance,General Engineering,Physics & Astronomy,Art, Performing Arts & Design,Medicine & Dentistry,Sport Science,Mechanical & Aerospace Engineering,Sociology,Psychology,Civil Engineering,Geology, Environmental, Earth & Marine Sciences,Business & Management,Archaeology,Veterinary Science,Education,History, Philosophy & Theology,Agriculture & Forestry,Geography,Other Health,Mathematics & Statistics,Electrical & Electronic Engineering,Communication & Media Studies,Economics & Econometrics",False,False,False,
128,Université Catholique de Louvain,57.8,1280,39.6,190,51.3,97,78.5,197,51.5,229,75.6,163,master_account,0,/world-university-rankings/universite-catholique-de-louvain,633,Belgium,"23,916",38.1,19%,54 : 46,Université Catholique de Louvain,"General Engineering,Physics & Astronomy,Business & Management,Electrical & Electronic Engineering,Chemistry,Accounting & Finance,Architecture,Agriculture & Forestry,Sociology,Other Health,Sport Science,Education,Art, Performing Arts & Design,Mechanical & Aerospace Engineering,Geology, Environmental, Earth & Marine Sciences,Economics & Econometrics,Languages, Literature & Linguistics,Civil Engineering,Communication & Media Studies,Archaeology,Biological Sciences,Geography,Computer Science,Mathematics & Statistics,Psychology,History, Philosophy & Theology,Chemical Engineering,Politics & International Studies (incl Development Studies),Medicine & Dentistry,Veterinary Science,Law",False,False,False,
129,University of York,57.7,1290,42.5,155,45.9,129,79.8,185,34.1,742,84.5,95,master_account,0,/world-university-rankings/university-york,586,United Kingdom,"14,675",15.3,26%,55 : 45,University of York,"Archaeology,Physics & Astronomy,Law,Computer Science,Chemistry,Education,Electrical & Electronic Engineering,Politics & International Studies (incl Development Studies),Accounting & Finance,Mechanical & Aerospace Engineering,Other Health,Art, Performing Arts & Design,Medicine & Dentistry,Mathematics & Statistics,Economics & Econometrics,Languages, Literature & Linguistics,Communication & Media Studies,Business & Management,General Engineering,Geology, Environmental, Earth & Marine Sciences,Psychology,Sociology,Geography,Biological Sciences,History, Philosophy & Theology,Architecture",False,False,False,https://www.timeshighereducation.com/student/register-interest/siuk?utm_medium=thewebsite&utm_campaign=cta-link&utm_source=rankings&iid=i-82568163
130,University of Birmingham,57.6,1300,38.6,207,42.4,154,86.8,108,38.0,519,84.2,97,master_account,0,/world-university-rankings/university-birmingham,612,United Kingdom,"26,360",16.7,25%,54 : 46,University of Birmingham,"General Engineering,Communication & Media Studies,Accounting & Finance,History, Philosophy & Theology,Biological Sciences,Business & Management,Medicine & Dentistry,Mathematics & Statistics,Geography,Architecture,Chemical Engineering,Sociology,Archaeology,Sport Science,Education,Art, Performing Arts & Design,Mechanical & Aerospace Engineering,Law,Languages, Literature & Linguistics,Civil Engineering,Electrical & Electronic Engineering,Politics & International Studies (incl Development Studies),Economics & Econometrics,Computer Science,Physics & Astronomy,Psychology,Other Health,Chemistry,Geology, Environmental, Earth & Marine Sciences",False,False,False,https://www.timeshighereducation.com/student/register-interest/siuk?utm_medium=thewebsite&utm_campaign=cta-link&utm_source=rankings&iid=i-24885315
131,Arizona State University (Tempe),57.2,1310,38.5,208,48.9,110,87.7,100,36.6,592,49.7,405,public,11,/world-university-rankings/arizona-state-university-tempe,591,United States,"43,082",20.1,16%,44 : 56,Arizona State University (Tempe),"General Engineering,Business & Management,Architecture,Psychology,Art, Performing Arts & Design,Other Health,Communication & Media Studies,Civil Engineering,Computer Science,Law,Chemical Engineering,Electrical & Electronic Engineering,Geology, Environmental, Earth & Marine Sciences,Physics & Astronomy,History, Philosophy & Theology,Chemistry,Mechanical & Aerospace Engineering,Politics & International Studies (incl Development Studies),Archaeology,Biological Sciences,Education,Languages, Literature & Linguistics,Sociology,Accounting & Finance,Sport Science,Geography,Economics & Econometrics,Mathematics & Statistics",False,False,False,
=131,Trinity College Dublin,57.2,1320,44.2,141,45.3,133,75.4,228,38.6,503,90.4,52,master_account,0,/world-university-rankings/trinity-college-dublin,582,Ireland,"15,805",23.4,25%,58 : 42,Trinity College Dublin,"Art, Performing Arts & Design,General Engineering,Sociology,Languages, Literature & Linguistics,History, Philosophy & Theology,Physics & Astronomy,Business & Management,Computer Science,Politics & International Studies (incl Development Studies),Electrical & Electronic Engineering,Law,Mechanical & Aerospace Engineering,Geography,Other Health,Geology, Environmental, Earth & Marine Sciences,Economics & Econometrics,Biological Sciences,Psychology,Medicine & Dentistry,Chemistry,Accounting & Finance,Civil Engineering,Education,Mathematics & Statistics",False,False,False,
132,University of Oslo,56.9,1330,39.7,189,43.1,149,85.5,126,42.9,376,71.2,200,master_account,0,/world-university-rankings/university-oslo,647,Norway,"27,215",18.7,18%,54 : 46,University of Oslo,"Geology, Environmental, Earth & Marine Sciences,Sociology,Communication & Media Studies,Politics & International Studies (incl Development Studies),Archaeology,Art, Performing Arts & Design,History, Philosophy & Theology,Geography,Education,Psychology,Physics & Astronomy,Agriculture & Forestry,Computer Science,Other Health,Languages, Literature & Linguistics,Mathematics & Statistics,Law,Medicine & Dentistry,Chemistry,Economics & Econometrics,Biological Sciences",False,False,False,
133,University of Leeds,56.8,1340,42.3,157,43.0,151,81.3,169,39.0,489,78.2,136,master_account,0,/world-university-rankings/university-leeds,597,United Kingdom,"27,790",15.0,22%,59 : 41,University of Leeds,"General Engineering,Mechanical & Aerospace Engineering,Economics & Econometrics,Chemistry,Chemical Engineering,Physics & Astronomy,Communication & Media Studies,Languages, Literature & Linguistics,Biological Sciences,Geology, Environmental, Earth & Marine Sciences,Business & Management,Architecture,Electrical & Electronic Engineering,Geography,Medicine & Dentistry,Computer Science,Education,History, Philosophy & Theology,Accounting & Finance,Psychology,Law,Sociology,Politics & International Studies (incl Development Studies),Sport Science,Agriculture & Forestry,Mathematics & Statistics,Civil Engineering,Other Health,Art, Performing Arts & Design",False,False,False,https://www.timeshighereducation.com/student/register-interest/siuk?utm_medium=thewebsite&utm_campaign=cta-link&utm_source=rankings&iid=i-90575012
134,University of Florida,56.6,1350,53.6,76,48.1,116,72.9,257,65.7,137,35.2,616,public,0,/world-university-rankings/university-florida,590,United States,"44,911",17.0,9%,54 : 46,University of Florida,"History, Philosophy & Theology,Electrical & Electronic Engineering,Sociology,Medicine & Dentistry,Civil Engineering,Geology, Environmental, Earth & Marine Sciences,Economics & Econometrics,Archaeology,Agriculture & Forestry,Politics & International Studies (incl Development Studies),Mechanical & Aerospace Engineering,Law,Computer Science,Mathematics & Statistics,Education,Art, Performing Arts & Design,Biological Sciences,Communication & Media Studies,Architecture,Sport Science,Psychology,Other Health,Chemical Engineering,Chemistry,Accounting & Finance,General Engineering,Physics & Astronomy,Business & Management,Languages, Literature & Linguistics,Veterinary Science,Geography",False,False,False,https://www.timeshighereducation.com/student/register-interest/shorelight?utm_medium=thewebsite&utm_campaign=cta-link&utm_source=rankings&iid=i-25479123
=135,Tufts University,56.5,1360,48.1,111,34.3,233,88.5,92,58.5,183,50.5,394,private,0,/world-university-rankings/tufts-university,542,United States,"10,462",10.1,15%,54 : 46,Tufts University,"Languages, Literature & Linguistics,Agriculture & Forestry,Sociology,History, Philosophy & Theology,Chemical Engineering,Law,General Engineering,Civil Engineering,Geology, Environmental, Earth & Marine Sciences,Architecture,Biological Sciences,Business & Management,Other Health,Chemistry,Economics & Econometrics,Archaeology,Veterinary Science,Psychology,Art, Performing Arts & Design,Mechanical & Aerospace Engineering,Physics & Astronomy,Medicine & Dentistry,Mathematics & Statistics,Education,Computer Science,Communication & Media Studies,Electrical & Electronic Engineering,Politics & International Studies (incl Development Studies)",False,False,False,https://www.timeshighereducation.com/student/register-interest/shorelight?utm_medium=thewebsite&utm_campaign=cta-link&utm_source=rankings&iid=i-14091951
=135,Ulm University,56.5,1370,38.2,216,38.1,195,91.0,73,84.0,65,56.9,319,master_account,0,/world-university-rankings/ulm-university,687,Germany,"10,370",27.3,12%,47 : 53,Ulm University,"Biological Sciences,Education,Chemical Engineering,Chemistry,Other Health,Physics & Astronomy,Sport Science,Medicine & Dentistry,Electrical & Electronic Engineering,Computer Science,Mathematics & Statistics,Psychology",False,False,False,
=137,University of Geneva,56.4,1380,37.4,230,41.1,161,79.3,190,66.7,130,98.3,6,master_account,0,/world-university-rankings/university-geneva,594,Switzerland,"15,587",15.0,40%,61 : 39,University of Geneva,"Economics & Econometrics,Geography,Chemistry,Computer Science,Accounting & Finance,Business & Management,Communication & Media Studies,Psychology,History, Philosophy & Theology,Physics & Astronomy,Other Health,Geology, Environmental, Earth & Marine Sciences,Archaeology,Medicine & Dentistry,Biological Sciences,Mathematics & Statistics,Law,Politics & International Studies (incl Development Studies),Education,Languages, Literature & Linguistics,Sociology",False,False,False,
=137,Lancaster University,56.4,1390,37.0,235,40.9,162,84.7,130,35.6,645,89.1,63,master_account,0,/world-university-rankings/lancaster-university,595,United Kingdom,"11,675",13.6,35%,52 : 48,Lancaster University,"Computer Science,Art, Performing Arts & Design,Business & Management,Biological Sciences,Politics & International Studies (incl Development Studies),Chemistry,Architecture,Chemical Engineering,Languages, Literature & Linguistics,Economics & Econometrics,Education,Physics & Astronomy,Geology, Environmental, Earth & Marine Sciences,Sport Science,General Engineering,Accounting & Finance,Sociology,Electrical & Electronic Engineering,History, Philosophy & Theology,Psychology,Medicine & Dentistry,Law,Geography,Mechanical & Aerospace Engineering,Communication & Media Studies,Other Health,Mathematics & Statistics",False,False,False,https://www.timeshighereducation.com/student/register-interest/siuk?utm_medium=thewebsite&utm_campaign=cta-link&utm_source=rankings&iid=i-49618222
=137,Scuola Normale Superiore di Pisa,56.4,1400,54.0,72,47.5,121,70.3,283,51.6,228,47.3,440,master_account,0,/world-university-rankings/scuola-normale-superiore-di-pisa,1019,Italy,545,15.1,6%,30 : 70,Scuola Normale Superiore di Pisa,"Politics & International Studies (incl Development Studies),Physics & Astronomy,Chemistry,Archaeology,Sociology,History, Philosophy & Theology,Mathematics & Statistics,Computer Science,Languages, Literature & Linguistics,Art, Performing Arts & Design",False,False,False,
=137,Sungkyunkwan University (SKKU),56.4,1410,53.7,74,50.6,101,66.5,329,88.9,53,39.6,555,master_account,11,/world-university-rankings/sungkyunkwan-university-skku,805,South Korea,"24,791",19.1,10%,,Sungkyunkwan University (SKKU),"Medicine & Dentistry,Communication & Media Studies,Electrical & Electronic Engineering,Psychology,Sociology,Architecture,Agriculture & Forestry,Sport Science,Law,General Engineering,Chemistry,History, Philosophy & Theology,Chemical Engineering,Physics & Astronomy,Economics & Econometrics,Languages, Literature & Linguistics,Civil Engineering,Geography,Archaeology,Biological Sciences,Mathematics & Statistics,Business & Management,Computer Science,Geology, Environmental, Earth & Marine Sciences,Accounting & Finance,Other Health,Veterinary Science,Education,Mechanical & Aerospace Engineering,Politics & International Studies (incl Development Studies),Art, Performing Arts & Design",False,False,False,
141,Rutgers University–New Brunswick,56.2,1420,47.7,114,49.8,106,77.9,204,36.6,596,35.6,610,public,0,/world-university-rankings/rutgers-university-new-brunswick-0,546,United States,"42,892",10.8,8%,52 : 48,Rutgers University–New Brunswick,"Other Health,Sport Science,Psychology,Agriculture & Forestry,Architecture,Communication & Media Studies,Physics & Astronomy,Medicine & Dentistry,Geography,Civil Engineering,Politics & International Studies (incl Development Studies),Art, Performing Arts & Design,Electrical & Electronic Engineering,Chemistry,Business & Management,General Engineering,Geology, Environmental, Earth & Marine Sciences,Languages, Literature & Linguistics,Education,Computer Science,Chemical Engineering,History, Philosophy & Theology,Biological Sciences,Economics & Econometrics,Mechanical & Aerospace Engineering,Sociology,Archaeology,Accounting & Finance,Mathematics & Statistics",False,False,False,https://www.timeshighereducation.com/student/register-interest/shorelight?utm_medium=thewebsite&utm_campaign=cta-link&utm_source=rankings&iid=i-70313321
142,University of Adelaide,56.1,1430,37.1,233,43.9,143,78.8,194,67.5,127,86.3,85,master_account,0,/world-university-rankings/university-adelaide,665,Australia,"20,462",29.6,27%,47 : 53,University of Adelaide Adelaide University,"Electrical & Electronic Engineering,Geology, Environmental, Earth & Marine Sciences,Agriculture & Forestry,Medicine & Dentistry,History, Philosophy & Theology,Chemical Engineering,Politics & International Studies (incl Development Studies),Civil Engineering,Sociology,Chemistry,Languages, Literature & Linguistics,Law,Mathematics & Statistics,Physics & Astronomy,Veterinary Science,Education,Psychology,Other Health,Computer Science,Biological Sciences,Economics & Econometrics,Business & Management,Architecture,Accounting & Finance,General Engineering,Communication & Media Studies,Mechanical & Aerospace Engineering,Geography,Art, Performing Arts & Design",False,False,False,
143,University of Notre Dame,55.9,1440,50.2,96,40.7,165,80.2,180,37.4,555,48.2,428,private,0,/world-university-rankings/university-notre-dame,553,United States,"11,821",13.5,10%,45 : 55,University of Notre Dame,"Chemistry,Biological Sciences,Computer Science,History, Philosophy & Theology,Accounting & Finance,Art, Performing Arts & Design,Psychology,Mathematics & Statistics,Languages, Literature & Linguistics,Chemical Engineering,Economics & Econometrics,Physics & Astronomy,Politics & International Studies (incl Development Studies),Architecture,Law,General Engineering,Mechanical & Aerospace Engineering,Civil Engineering,Sociology,Business & Management,Education,Electrical & Electronic Engineering,Geology, Environmental, Earth & Marine Sciences,Communication & Media Studies",False,False,False,https://www.timeshighereducation.com/student/register-interest/shorelight?utm_medium=thewebsite&utm_campaign=cta-link&utm_source=rankings&iid=i-46645881
=144,Karlsruhe Institute of Technology,55.8,1450,41.3,168,45.2,135,76.4,215,98.3,31,59.5,295,master_account,0,/world-university-rankings/karlsruhe-institute-technology,660,Germany,"25,948",24.5,17%,27 : 73,Karlsruhe Institute of Technology,"Economics & Econometrics,General Engineering,Communication & Media Studies,Education,Electrical & Electronic Engineering,Civil Engineering,Geography,Sport Science,Chemistry,Computer Science,Chemical Engineering,Mathematics & Statistics,Geology, Environmental, Earth & Marine Sciences,Accounting & Finance,Agriculture & Forestry,Art, Performing Arts & Design,Architecture,Biological Sciences,Physics & Astronomy,Mechanical & Aerospace Engineering,History, Philosophy & Theology,Business & Management",False,False,False,
=144,Stockholm University,55.8,1460,32.2,323,46.2,127,86.8,109,33.8,760,72.1,190,master_account,0,/world-university-rankings/stockholm-university,596,Sweden,"31,272",23.5,8%,62 : 38,Stockholm University,"History, Philosophy & Theology,Geography,Law,Education,Mathematics & Statistics,Physics & Astronomy,Biological Sciences,Chemistry,Sociology,Business & Management,Communication & Media Studies,Art, Performing Arts & Design,Computer Science,Geology, Environmental, Earth & Marine Sciences,Languages, Literature & Linguistics,Accounting & Finance,Politics & International Studies (incl Development Studies),Archaeology,Psychology,Economics & Econometrics,Veterinary Science",False,False,False,
146,"University of California, Santa Cruz",55.6,1470,34.7,267,35.3,218,99.8,6,40.9,429,48.7,418,public,0,/world-university-rankings/university-california-santa-cruz,574,United States,"17,203",24.5,2%,53 : 47,"University of California, Santa Cruz","Economics & Econometrics,Biological Sciences,Business & Management,Agriculture & Forestry,Other Health,Physics & Astronomy,Communication & Media Studies,Art, Performing Arts & Design,Languages, Literature & Linguistics,Chemistry,Geology, Environmental, Earth & Marine Sciences,Archaeology,Psychology,Politics & International Studies (incl Development Studies),Education,General Engineering,Computer Science,Sociology,Electrical & Electronic Engineering,History, Philosophy & Theology,Mathematics & Statistics",False,False,False,https://www.timeshighereducation.com/student/register-interest/shorelight?utm_medium=thewebsite&utm_campaign=cta-link&utm_source=rankings&iid=i-68567521
147,University of Nottingham,55.5,1480,41.0,171,41.3,159,78.9,193,39.8,463,81.6,117,master_account,0,/world-university-rankings/university-nottingham,604,United Kingdom,"29,740",14.7,28%,53 : 47,University of Nottingham,"Other Health,Sport Science,Psychology,Art, Performing Arts & Design,Civil Engineering,Politics & International Studies (incl Development Studies),General Engineering,Physics & Astronomy,Accounting & Finance,Medicine & Dentistry,Veterinary Science,Education,History, Philosophy & Theology,Chemical Engineering,Communication & Media Studies,Languages, Literature & Linguistics,Mechanical & Aerospace Engineering,Geology, Environmental, Earth & Marine Sciences,Computer Science,Mathematics & Statistics,Business & Management,Electrical & Electronic Engineering,Chemistry,Sociology,Economics & Econometrics,Archaeology,Biological Sciences,Law,Architecture,Agriculture & Forestry,Geography",False,False,False,https://www.timeshighereducation.com/student/register-interest/siuk?utm_medium=thewebsite&utm_campaign=cta-link&utm_source=rankings&iid=i-18193873
148,University of Cape Town,55.3,1490,32.4,316,37.2,203,87.3,104,88.8,54,80.1,120,master_account,11,/world-university-rankings/university-cape-town,567,South Africa,"20,061",11.6,17%,53 : 47,University of Cape Town UCT,"Politics & International Studies (incl Development Studies),Sport Science,Education,Art, Performing Arts & Design,Mechanical & Aerospace Engineering,General Engineering,Electrical & Electronic Engineering,Geology, Environmental, Earth & Marine Sciences,Architecture,Chemical Engineering,Sociology,Medicine & Dentistry,Biological Sciences,Law,Languages, Literature & Linguistics,Civil Engineering,Geography,Accounting & Finance,Other Health,Communication & Media Studies,Archaeology,Chemistry,Business & Management,Computer Science,Physics & Astronomy,Economics & Econometrics,History, Philosophy & Theology,Mathematics & Statistics,Psychology",False,False,False,
149,University of Sussex,55.1,1500,32.6,313,37.9,198,88.1,97,33.7,768,88.8,64,master_account,0,/world-university-rankings/university-sussex,563,United Kingdom,"12,295",15.9,35%,55 : 45,University of Sussex,"History, Philosophy & Theology,Chemistry,Economics & Econometrics,Geography,Art, Performing Arts & Design,Mathematics & Statistics,Electrical & Electronic Engineering,Sociology,Education,Computer Science,Mechanical & Aerospace Engineering,Psychology,Architecture,Medicine & Dentistry,Geology, Environmental, Earth & Marine Sciences,Communication & Media Studies,Accounting & Finance,Other Health,Politics & International Studies (incl Development Studies),Physics & Astronomy,Biological Sciences,Law,Business & Management,General Engineering,Languages, Literature & Linguistics",False,False,False,https://www.timeshighereducation.com/student/register-interest/siuk?utm_medium=thewebsite&utm_campaign=cta-link&utm_source=rankings&iid=i-64911343
150,Indiana University,55.0,1510,46.4,123,40.2,170,82.1,159,35.2,675,47.0,445,public,0,/world-university-rankings/indiana-university,587,United States,"66,057",14.2,14%,52 : 48,Indiana University,"Computer Science,Mathematics & Statistics,Education,Art, Performing Arts & Design,Physics & Astronomy,Psychology,Architecture,Electrical & Electronic Engineering,Politics & International Studies (incl Development Studies),Medicine & Dentistry,Civil Engineering,Economics & Econometrics,Other Health,Biological Sciences,Law,History, Philosophy & Theology,Sport Science,Geography,General Engineering,Communication & Media Studies,Accounting & Finance,Languages, Literature & Linguistics,Mechanical & Aerospace Engineering,Sociology,Geology, Environmental, Earth & Marine Sciences,Agriculture & Forestry,Chemistry,Business & Management",False,False,False,https://www.timeshighereducation.com/student/register-interest/shorelight?utm_medium=thewebsite&utm_campaign=cta-link&utm_source=rankings&iid=i-17534252
=151,University of Lausanne,54.9,1520,31.8,330,46.6,125,75.6,224,76.1,91,90.1,54,master_account,0,/world-university-rankings/university-lausanne,580,Switzerland,"12,647",13.5,24%,,University of Lausanne,"Languages, Literature & Linguistics,Politics & International Studies (incl Development Studies),Biological Sciences,Sociology,History, Philosophy & Theology,Business & Management,Law,Geology, Environmental, Earth & Marine Sciences,Other Health,Medicine & Dentistry,Accounting & Finance,Economics & Econometrics,Computer Science,Geography,Archaeology,Psychology,Communication & Media Studies,Sport Science,Education",False,False,False,
=151,University of Rochester,54.9,1530,43.4,142,32.4,256,89.4,87,38.9,493,58.9,301,private,0,/world-university-rankings/university-rochester,545,United States,"9,628",4.5,28%,51 : 49,University of Rochester,"Electrical & Electronic Engineering,Mechanical & Aerospace Engineering,Psychology,Biological Sciences,Medicine & Dentistry,Chemical Engineering,Mathematics & Statistics,Languages, Literature & Linguistics,Education,Politics & International Studies (incl Development Studies),Art, Performing Arts & Design,Geography,General Engineering,Geology, Environmental, Earth & Marine Sciences,Computer Science,Economics & Econometrics,Physics & Astronomy,Accounting & Finance,Veterinary Science,Agriculture & Forestry,Business & Management,Communication & Media Studies,Archaeology,History, Philosophy & Theology,Sociology,Chemistry,Architecture,Other Health",False,False,False,https://www.timeshighereducation.com/student/register-interest/shorelight?utm_medium=thewebsite&utm_campaign=cta-link&utm_source=rankings&iid=i-49369082
=153,University of Science and Technology of China,54.7,1540,51.8,86,43.4,148,74.7,237,77.6,86,24.2,781,master_account,11,/world-university-rankings/university-science-and-technology-china,656,China,"14,827",8.1,3%,,University of Science and Technology of China USTC China University of Science and Technology,"Computer Science,Biological Sciences,Geology, Environmental, Earth & Marine Sciences,Languages, Literature & Linguistics,Chemistry,Other Health,Physics & Astronomy,Chemical Engineering,Business & Management,History, Philosophy & Theology,Accounting & Finance,Economics & Econometrics,Mathematics & Statistics,Law,Communication & Media Studies,Electrical & Electronic Engineering,General Engineering,Archaeology",False,False,False,
=153,University of Twente,54.7,1550,36.8,239,46.7,124,70.8,274,84.6,62,83.6,102,master_account,0,/world-university-rankings/university-twente,664,Netherlands,"6,583",12.5,28%,36 : 64,University of Twente,"General Engineering,Geology, Environmental, Earth & Marine Sciences,Economics & Econometrics,Computer Science,Mathematics & Statistics,Business & Management,History, Philosophy & Theology,Agriculture & Forestry,Politics & International Studies (incl Development Studies),Electrical & Electronic Engineering,Chemistry,Civil Engineering,Geography,Other Health,Communication & Media Studies,Medicine & Dentistry,Physics & Astronomy,Education,Chemical Engineering,Law,Biological Sciences,Psychology,Mechanical & Aerospace Engineering,Sociology",False,False,False,
155,Fudan University,54.6,1560,55.3,70,47.0,123,65.7,335,53.2,211,37.5,588,master_account,0,/world-university-rankings/fudan-university,700,China,"32,449",12.1,11%,50 : 50,Fudan University,"Mechanical & Aerospace Engineering,Medicine & Dentistry,Chemistry,Archaeology,Computer Science,Communication & Media Studies,History, Philosophy & Theology,Geology, Environmental, Earth & Marine Sciences,Economics & Econometrics,Languages, Literature & Linguistics,Biological Sciences,Education,Physics & Astronomy,Business & Management,General Engineering,Politics & International Studies (incl Development Studies),Electrical & Electronic Engineering,Sociology,Mathematics & Statistics,Psychology,Other Health,Chemical Engineering,Law,Accounting & Finance",False,False,False,
=156,University of Arizona,54.5,1570,42.9,150,42.2,155,83.2,141,35.6,641,41.7,520,public,0,/world-university-rankings/university-arizona,561,United States,"37,023",12.8,9%,52 : 48,University of Arizona,"Geology, Environmental, Earth & Marine Sciences,Communication & Media Studies,Civil Engineering,Business & Management,Veterinary Science,Psychology,Sociology,Other Health,Physics & Astronomy,Accounting & Finance,Languages, Literature & Linguistics,Chemical Engineering,Computer Science,Mathematics & Statistics,Electrical & Electronic Engineering,Economics & Econometrics,Biological Sciences,Chemistry,Art, Performing Arts & Design,History, Philosophy & Theology,Geography,Agriculture & Forestry,Law,Architecture,Education,General Engineering,Sport Science,Mechanical & Aerospace Engineering,Medicine & Dentistry,Politics & International Studies (incl Development Studies),Archaeology",False,False,False,https://www.timeshighereducation.com/student/into-university-partnerships?utm_medium=thewebsite&utm_campaign=cta-link&utm_source=rankings&iid=i-84754683
=156,Vrije Universiteit Amsterdam,54.5,1580,33.1,294,40.2,172,89.4,88,50.3,243,58.9,302,master_account,0,/world-university-rankings/vrije-universiteit-amsterdam,625,Netherlands,"24,592",15.5,7%,56 : 44,Vrije Universiteit Amsterdam,"Geology, Environmental, Earth & Marine Sciences,History, Philosophy & Theology,Art, Performing Arts & Design,Chemistry,Physics & Astronomy,Politics & International Studies (incl Development Studies),Law,Biological Sciences,Business & Management,Other Health,Economics & Econometrics,Languages, Literature & Linguistics,Mathematics & Statistics,Mechanical & Aerospace Engineering,Medicine & Dentistry,Sociology,Archaeology,Education,Communication & Media Studies,Computer Science,Architecture,Geography,Sport Science,Accounting & Finance,Agriculture & Forestry,Psychology",False,False,False,
158,University of Liverpool,54.3,1590,35.1,259,35.2,223,85.7,124,37.4,553,87.7,74,master_account,11,/world-university-rankings/university-liverpool,646,United Kingdom,"19,085",11.7,34%,53 : 47,University of Liverpool,"Communication & Media Studies,Medicine & Dentistry,Physics & Astronomy,Accounting & Finance,Biological Sciences,Geography,Archaeology,Architecture,Politics & International Studies (incl Development Studies),Mathematics & Statistics,Economics & Econometrics,Civil Engineering,Business & Management,Law,Computer Science,Geology, Environmental, Earth & Marine Sciences,Languages, Literature & Linguistics,Sociology,Psychology,Veterinary Science,Mechanical & Aerospace Engineering,Chemistry,Electrical & Electronic Engineering,Other Health,General Engineering,History, Philosophy & Theology",False,False,False,https://www.timeshighereducation.com/student/register-interest/siuk?utm_medium=thewebsite&utm_campaign=cta-link&utm_source=rankings&iid=i-48205864
159,KTH Royal Institute of Technology,54.1,1600,42.5,153,45.3,134,67.4,309,51.1,232,83.3,104,master_account,6,/world-university-rankings/kth-royal-institute-technology,651,Sweden,"12,841",15.9,17%,31 : 69,KTH Royal Institute of Technology,"Education,History, Philosophy & Theology,General Engineering,Business & Management,Mechanical & Aerospace Engineering,Mathematics & Statistics,Computer Science,Biological Sciences,Architecture,Chemical Engineering,Economics & Econometrics,Geology, Environmental, Earth & Marine Sciences,Electrical & Electronic Engineering,Chemistry,Physics & Astronomy,Civil Engineering",False,False,False,
160,University of Erlangen-Nuremberg,54.0,1610,38.7,204,43.6,146,77.3,210,96.0,36,49.1,415,master_account,6,/world-university-rankings/university-erlangen-nuremberg,870,Germany,"37,882",55.4,9%,49 : 51,University of Erlangen-Nuremberg,"History, Philosophy & Theology,Archaeology,Mathematics & Statistics,Chemical Engineering,Sociology,Biological Sciences,Physics & Astronomy,Mechanical & Aerospace Engineering,Electrical & Electronic Engineering,Law,Chemistry,Medicine & Dentistry,Geography,Sport Science,Other Health,Business & Management,Languages, Literature & Linguistics,Politics & International Studies (incl Development Studies),Education,Psychology,Geology, Environmental, Earth & Marine Sciences,Economics & Econometrics,Communication & Media Studies,Accounting & Finance,Computer Science,General Engineering",False,False,False,
=161,University of Münster,53.9,1620,40.8,177,38.3,194,84.4,135,62.6,155,44.3,482,master_account,0,/world-university-rankings/university-munster,756,Germany,"41,807",42.4,6%,53 : 47,University of Münster,"History, Philosophy & Theology,Geology, Environmental, Earth & Marine Sciences,Economics & Econometrics,Archaeology,Communication & Media Studies,Sport Science,Law,Art, Performing Arts & Design,Physics & Astronomy,Accounting & Finance,Medicine & Dentistry,Politics & International Studies (incl Development Studies),Computer Science,Sociology,Biological Sciences,Psychology,Languages, Literature & Linguistics,Chemistry,Business & Management,Other Health,Geography,Mathematics & Statistics,Education",False,False,False,
=161,University of Vienna,53.9,1630,41.1,170,46.6,126,65.9,334,33.5,786,93.0,32,master_account,0,/world-university-rankings/university-vienna,603,Austria,"34,711",20.3,26%,67 : 33,University of Vienna,"Physics & Astronomy,Computer Science,Geography,Geology, Environmental, Earth & Marine Sciences,Chemistry,Economics & Econometrics,History, Philosophy & Theology,Politics & International Studies (incl Development Studies),Mathematics & Statistics,Business & Management,Biological Sciences,Psychology,Archaeology,Sociology,Education,Sport Science,Law,Languages, Literature & Linguistics,Communication & Media Studies,Accounting & Finance",False,False,False,
163,Universitat Autònoma de Barcelona (UAB),53.7,1640,39.4,192,36.4,211,86.7,111,39.9,458,52.3,368,master_account,1,/world-university-rankings/universitat-autonoma-de-barcelona-uab,666,Spain,"31,095",12.4,11%,59 : 41,Universitat Autònoma de Barcelona (UAB) uab,"Economics & Econometrics,Languages, Literature & Linguistics,Electrical & Electronic Engineering,Geology, Environmental, Earth & Marine Sciences,Computer Science,Business & Management,Mathematics & Statistics,Veterinary Science,Politics & International Studies (incl Development Studies),Sociology,Mechanical & Aerospace Engineering,History, Philosophy & Theology,Geography,Accounting & Finance,Sport Science,Other Health,Art, Performing Arts & Design,Physics & Astronomy,Chemical Engineering,Psychology,General Engineering,Medicine & Dentistry,Chemistry,Communication & Media Studies,Archaeology,Law,Agriculture & Forestry,Education,Biological Sciences",False,False,False,
164,TU Dresden,53.5,1650,42.3,160,45.6,130,70.2,284,95.7,38,49.4,411,master_account,0,/world-university-rankings/tu-dresden,720,Germany,"35,468",36.3,12%,42 : 58,TU Dresden,"Civil Engineering,Biological Sciences,General Engineering,History, Philosophy & Theology,Geography,Education,Agriculture & Forestry,Physics & Astronomy,Communication & Media Studies,Sociology,Psychology,Electrical & Electronic Engineering,Medicine & Dentistry,Economics & Econometrics,Business & Management,Chemical Engineering,Mechanical & Aerospace Engineering,Geology, Environmental, Earth & Marine Sciences,Chemistry,Architecture,Accounting & Finance,Computer Science,Politics & International Studies (incl Development Studies),Languages, Literature & Linguistics,Other Health,Mathematics & Statistics",False,False,False,
=165,University of Auckland,53.4,1660,32.8,304,40.8,163,75.8,222,70.5,110,90.5,51,master_account,0,/world-university-rankings/university-auckland,637,New Zealand,"30,287",18.9,29%,54 : 46,University of Auckland UOA Auckland University,"Accounting & Finance,Communication & Media Studies,Geography,Politics & International Studies (incl Development Studies),Psychology,Civil Engineering,Art, Performing Arts & Design,Mathematics & Statistics,Archaeology,History, Philosophy & Theology,General Engineering,Mechanical & Aerospace Engineering,Medicine & Dentistry,Computer Science,Law,Sociology,Architecture,Other Health,Physics & Astronomy,Business & Management,Electrical & Electronic Engineering,Education,Languages, Literature & Linguistics,Sport Science,Chemistry,Biological Sciences,Geology, Environmental, Earth & Marine Sciences,Chemical Engineering,Economics & Econometrics",False,False,False,
=165,"University of California, Riverside",53.4,1670,32.0,326,33.7,235,93.4,53,40.5,439,62.2,273,public,0,/world-university-rankings/university-california-riverside,607,United States,"20,901",22.6,13%,51 : 49,"University of California, Riverside","Biological Sciences,General Engineering,Languages, Literature & Linguistics,Communication & Media Studies,Education,History, Philosophy & Theology,Chemical Engineering,Computer Science,Chemistry,Psychology,Economics & Econometrics,Physics & Astronomy,Medicine & Dentistry,Business & Management,Other Health,Mathematics & Statistics,Geology, Environmental, Earth & Marine Sciences,Electrical & Electronic Engineering,Mechanical & Aerospace Engineering,Politics & International Studies (incl Development Studies),Art, Performing Arts & Design,Accounting & Finance,Sociology,Agriculture & Forestry",False,False,False,https://www.timeshighereducation.com/student/register-interest/shorelight?utm_medium=thewebsite&utm_campaign=cta-link&utm_source=rankings&iid=i-48621253
=165,University of East Anglia,53.4,1680,30.7,353,31.1,266,92.4,64,32.4,892,84.3,96,master_account,11,/world-university-rankings/university-east-anglia,609,United Kingdom,"13,995",13.9,28%,58 : 42,University of East Anglia,"Communication & Media Studies,Other Health,Art, Performing Arts & Design,Mathematics & Statistics,Psychology,Economics & Econometrics,Medicine & Dentistry,Geology, Environmental, Earth & Marine Sciences,Computer Science,Politics & International Studies (incl Development Studies),General Engineering,Sociology,Languages, Literature & Linguistics,Chemistry,Business & Management,Biological Sciences,Law,History, Philosophy & Theology,Physics & Astronomy,Accounting & Finance,Agriculture & Forestry,Geography,Sport Science,Education",False,False,False,
=165,University of Massachusetts,53.4,1690,40.4,182,34.8,230,85.6,125,50.2,246,51.5,382,master_account,0,/world-university-rankings/university-massachusetts,528,United States,"58,624",13.1,13%,49 : 51,University of Massachusetts,"Law,Business & Management,Politics & International Studies (incl Development Studies),Art, Performing Arts & Design,Computer Science,Medicine & Dentistry,Electrical & Electronic Engineering,Languages, Literature & Linguistics,Geography,Architecture,Economics & Econometrics,Chemistry,Geology, Environmental, Earth & Marine Sciences,Mechanical & Aerospace Engineering,Sport Science,History, Philosophy & Theology,Civil Engineering,Other Health,Sociology,Communication & Media Studies,Veterinary Science,Accounting & Finance,Mathematics & Statistics,Physics & Astronomy,General Engineering,Psychology,Archaeology,Biological Sciences,Agriculture & Forestry,Education,Chemical Engineering",False,False,False,https://www.timeshighereducation.com/student/register-interest/shorelight?utm_medium=thewebsite&utm_campaign=cta-link&utm_source=rankings&iid=i-88328014
169,Texas A&M University,53.2,1700,53.1,79,57.0,78,50.7,464,46.9,295,50.1,402,public,0,/world-university-rankings/texas-am-university,629,United States,"53,694",22.1,9%,47 : 53,Texas A&M University,"Computer Science,Geography,Other Health,Agriculture & Forestry,Sociology,History, Philosophy & Theology,General Engineering,Geology, Environmental, Earth & Marine Sciences,Archaeology,Chemical Engineering,Chemistry,Mechanical & Aerospace Engineering,Politics & International Studies (incl Development Studies),Languages, Literature & Linguistics,Veterinary Science,Physics & Astronomy,Business & Management,Art, Performing Arts & Design,Biological Sciences,Communication & Media Studies,Accounting & Finance,Medicine & Dentistry,Mathematics & Statistics,Education,Economics & Econometrics,Civil Engineering,Sport Science,Law,Architecture,Electrical & Electronic Engineering,Psychology",False,False,False,
=170,University of Cologne,53.1,1710,40.2,183,38.3,193,79.2,191,64.3,143,55.9,327,master_account,0,/world-university-rankings/university-cologne,961,Germany,"44,882",41.3,11%,61 : 39,University of Cologne,"Mathematics & Statistics,Psychology,Physics & Astronomy,History, Philosophy & Theology,Sociology,Art, Performing Arts & Design,Chemistry,Business & Management,Medicine & Dentistry,Politics & International Studies (incl Development Studies),Computer Science,Geography,Archaeology,Geology, Environmental, Earth & Marine Sciences,Languages, Literature & Linguistics,Law,Biological Sciences,Accounting & Finance,Other Health,Communication & Media Studies,Economics & Econometrics,Education",False,False,False,
=170,University of Gothenburg,53.1,1720,30.3,360,40.5,168,87.9,98,39.9,460,59.6,293,master_account,0,/world-university-rankings/university-gothenburg,676,Sweden,"17,761",10.6,12%,,University of Gothenburg,"Economics & Econometrics,Biological Sciences,Medicine & Dentistry,Veterinary Science,Law,Communication & Media Studies,Other Health,Archaeology,History, Philosophy & Theology,Chemistry,Languages, Literature & Linguistics,Art, Performing Arts & Design,Accounting & Finance,Business & Management,Geology, Environmental, Earth & Marine Sciences,Politics & International Studies (incl Development Studies),Mathematics & Statistics,Sport Science,Geography,Computer Science,Physics & Astronomy,Education,Psychology,Sociology",False,False,False,
172,University of Leicester,53.0,1730,30.9,349,32.4,255,88.4,93,35.1,684,87.6,76,master_account,0,/world-university-rankings/university-leicester,662,United Kingdom,"14,180",12.5,36%,53 : 47,University of Leicester uk united kingdom leicester,"Civil Engineering,Sociology,Mechanical & Aerospace Engineering,Economics & Econometrics,Art, Performing Arts & Design,Languages, Literature & Linguistics,Electrical & Electronic Engineering,Medicine & Dentistry,Business & Management,History, Philosophy & Theology,Mathematics & Statistics,Psychology,General Engineering,Chemistry,Agriculture & Forestry,Education,Communication & Media Studies,Chemical Engineering,Politics & International Studies (incl Development Studies),Biological Sciences,Law,Archaeology,Veterinary Science,Geology, Environmental, Earth & Marine Sciences,Accounting & Finance,Computer Science,Geography,Sport Science,Other Health,Physics & Astronomy",False,False,False,https://www.timeshighereducation.com/student/register-interest/siuk?utm_medium=thewebsite&utm_campaign=cta-link&utm_source=rankings&iid=i-37055783
=173,"Royal Holloway, University of London",52.9,1740,33.3,290,32.3,257,84.5,133,35.7,635,93.0,31,master_account,0,/world-university-rankings/royal-holloway-university-london,571,United Kingdom,"8,550",15.3,38%,58 : 42,"Royal Holloway, University of London","Electrical & Electronic Engineering,Physics & Astronomy,Business & Management,Chemistry,Accounting & Finance,History, Philosophy & Theology,Politics & International Studies (incl Development Studies),Agriculture & Forestry,Psychology,Art, Performing Arts & Design,Biological Sciences,Communication & Media Studies,Languages, Literature & Linguistics,Geography,Archaeology,Law,Mathematics & Statistics,Computer Science,Sociology,Geology, Environmental, Earth & Marine Sciences,Economics & Econometrics",False,False,False,https://www.timeshighereducation.com/student/register-interest/siuk?utm_medium=thewebsite&utm_campaign=cta-link&utm_source=rankings&iid=i-17688201
=173,University of Waterloo,52.9,1750,37.8,224,44.9,137,70.8,275,41.0,426,77.5,143,master_account,0,/world-university-rankings/university-waterloo,689,Canada,"31,776",24.8,15%,45 : 55,University of Waterloo,"Communication & Media Studies,Computer Science,Art, Performing Arts & Design,Mechanical & Aerospace Engineering,History, Philosophy & Theology,Mathematics & Statistics,Accounting & Finance,Archaeology,Civil Engineering,Geography,Economics & Econometrics,Chemical Engineering,Psychology,Architecture,Physics & Astronomy,General Engineering,Geology, Environmental, Earth & Marine Sciences,Electrical & Electronic Engineering,Sociology,Languages, Literature & Linguistics,Biological Sciences,Business & Management,Other Health,Chemistry,Politics & International Studies (incl Development Studies)",False,False,False,
175,Pompeu Fabra University,52.8,1760,30.3,364,33.0,244,93.1,55,40.5,441,65.1,244,master_account,0,/world-university-rankings/pompeu-fabra-university,650,Spain,"10,791",20.1,12%,59 : 41,Pompeu Fabra University,"Languages, Literature & Linguistics,Sociology,Communication & Media Studies,Computer Science,History, Philosophy & Theology,Economics & Econometrics,Medicine & Dentistry,Biological Sciences,General Engineering,Accounting & Finance,Business & Management,Education,Politics & International Studies (incl Development Studies),Law,Art, Performing Arts & Design",False,False,False,
176,Technical University of Denmark,52.5,1770,38.3,210,30.0,282,80.2,179,60.6,167,85.8,88,master_account,0,/world-university-rankings/technical-university-denmark,643,Denmark,"8,063",5.7,18%,27 : 73,Technical University of Denmark,"Chemical Engineering,Biological Sciences,Agriculture & Forestry,Physics & Astronomy,Other Health,Electrical & Electronic Engineering,Mechanical & Aerospace Engineering,Geology, Environmental, Earth & Marine Sciences,Computer Science,General Engineering,Civil Engineering,Mathematics & Statistics,Chemistry,Veterinary Science",False,False,False,
177,Eindhoven University of Technology,52.4,1780,36.6,242,43.5,147,71.7,266,56.9,189,72.0,191,master_account,0,/world-university-rankings/eindhoven-university-technology,579,Netherlands,"10,015",19.4,14%,22 : 78,Eindhoven University of Technology,"Electrical & Electronic Engineering,Civil Engineering,Architecture,Chemistry,Art, Performing Arts & Design,General Engineering,Physics & Astronomy,Computer Science,Archaeology,Geology, Environmental, Earth & Marine Sciences,Mechanical & Aerospace Engineering,Chemical Engineering,Languages, Literature & Linguistics,History, Philosophy & Theology,Mathematics & Statistics",False,False,False,
178,University of Luxembourg,52.2,1790,29.7,376,30.0,283,85.8,121,40.6,437,99.9,1,master_account,0,/world-university-rankings/university-luxembourg,131698,Luxembourg,"5,219",17.2,55%,51 : 49,University of Luxembourg,"Computer Science,Physics & Astronomy,Economics & Econometrics,Medicine & Dentistry,Architecture,Law,Art, Performing Arts & Design,Civil Engineering,Accounting & Finance,Languages, Literature & Linguistics,Communication & Media Studies,Electrical & Electronic Engineering,Education,Veterinary Science,Business & Management,Other Health,Geography,Biological Sciences,Politics & International Studies (incl Development Studies),History, Philosophy & Theology,Mathematics & Statistics,General Engineering,Psychology,Mechanical & Aerospace Engineering",False,False,False,
179,Paris-Sud University,52.1,1800,40.6,180,31.1,269,83.2,143,32.5,883,64.0,257,master_account,0,/world-university-rankings/paris-sud-university,867,France,"26,642",14.1,17%,55 : 45,Paris-Sud University,"Geology, Environmental, Earth & Marine Sciences,Economics & Econometrics,Civil Engineering,Other Health,Chemical Engineering,Sport Science,Education,Medicine & Dentistry,General Engineering,Electrical & Electronic Engineering,Mathematics & Statistics,Biological Sciences,Business & Management,Computer Science,Mechanical & Aerospace Engineering,Physics & Astronomy,Accounting & Finance,Chemistry,Law",False,False,False,
=180,University of Dundee,52.0,1810,26.7,449,31.0,271,92.3,65,43.8,357,79.1,128,master_account,0,/world-university-rankings/university-dundee,640,United Kingdom,"11,265",14.7,24%,61 : 39,University of Dundee,"Geography,Law,Communication & Media Studies,Economics & Econometrics,Architecture,Mathematics & Statistics,Computer Science,Art, Performing Arts & Design,Physics & Astronomy,History, Philosophy & Theology,Electrical & Electronic Engineering,Other Health,Business & Management,Civil Engineering,Education,Mechanical & Aerospace Engineering,Politics & International Studies (incl Development Studies),Medicine & Dentistry,Psychology,Geology, Environmental, Earth & Marine Sciences,Languages, Literature & Linguistics,Biological Sciences,Accounting & Finance",False,False,False,
=180,University of Hamburg,52.0,1820,42.0,163,41.6,158,70.5,279,60.6,168,56.7,320,master_account,0,/world-university-rankings/university-hamburg,701,Germany,"37,501",46.7,11%,57 : 43,University of Hamburg,"Computer Science,Archaeology,Mathematics & Statistics,Psychology,Medicine & Dentistry,Economics & Econometrics,Agriculture & Forestry,Sport Science,Languages, Literature & Linguistics,Communication & Media Studies,Other Health,Accounting & Finance,Politics & International Studies (incl Development Studies),Geology, Environmental, Earth & Marine Sciences,Law,History, Philosophy & Theology,Geography,Sociology,Chemistry,Physics & Astronomy,Biological Sciences,Business & Management,Education",False,False,False,
=182,Cardiff University,51.7,1830,31.8,329,36.9,206,80.9,173,37.0,575,78.9,131,master_account,11,/world-university-rankings/cardiff-university,671,United Kingdom,"23,550",14.3,25%,56 : 44,Cardiff University,"Education,Accounting & Finance,Chemical Engineering,Chemistry,Psychology,Geography,Biological Sciences,Law,Other Health,Mathematics & Statistics,General Engineering,Medicine & Dentistry,Communication & Media Studies,Economics & Econometrics,Languages, Literature & Linguistics,Electrical & Electronic Engineering,History, Philosophy & Theology,Mechanical & Aerospace Engineering,Business & Management,Computer Science,Politics & International Studies (incl Development Studies),Geology, Environmental, Earth & Marine Sciences,Architecture,Civil Engineering,Sociology,Art, Performing Arts & Design,Physics & Astronomy,Archaeology",False,False,False,https://www.timeshighereducation.com/student/register-interest/siuk?utm_medium=thewebsite&utm_campaign=cta-link&utm_source=rankings&iid=i-50330553
=182,University of Miami,51.7,1840,43.1,146,17.1,560,92.5,62,38.1,517,65.8,237,private,0,/world-university-rankings/university-miami,636,United States,"16,054",6.0,15%,51 : 49,University of Miami,"Other Health,Physics & Astronomy,Business & Management,Computer Science,Chemistry,Accounting & Finance,Civil Engineering,Sociology,Languages, Literature & Linguistics,Biological Sciences,Education,General Engineering,Communication & Media Studies,Economics & Econometrics,Electrical & Electronic Engineering,Geology, Environmental, Earth & Marine Sciences,Medicine & Dentistry,Art, Performing Arts & Design,Chemical Engineering,Geography,Architecture,Mathematics & Statistics,Psychology,Mechanical & Aerospace Engineering,Politics & International Studies (incl Development Studies),History, Philosophy & Theology,Sport Science,Law",False,False,False,https://www.timeshighereducation.com/student/register-interest/shorelight?utm_medium=thewebsite&utm_campaign=cta-link&utm_source=rankings&iid=i-02632503
=182,"Northeastern University, US",51.7,1850,38.2,213,25.7,355,89.8,85,35.5,657,63.0,265,private,0,/world-university-rankings/northeastern-university-us,681,United States,"18,368",14.5,28%,50 : 50,"Northeastern University, US","General Engineering,History, Philosophy & Theology,Education,Sport Science,Chemical Engineering,Chemistry,Business & Management,Biological Sciences,Computer Science,Mechanical & Aerospace Engineering,Medicine & Dentistry,Politics & International Studies (incl Development Studies),Art, Performing Arts & Design,Law,Economics & Econometrics,Sociology,Civil Engineering,Physics & Astronomy,Communication & Media Studies,Other Health,Mathematics & Statistics,Geography,Architecture,Psychology,Electrical & Electronic Engineering,Geology, Environmental, Earth & Marine Sciences,Languages, Literature & Linguistics,Accounting & Finance,Veterinary Science",False,False,False,https://www.timeshighereducation.com/student/register-interest/shorelight?utm_medium=thewebsite&utm_campaign=cta-link&utm_source=rankings&iid=i-63575831
=182,University of the Witwatersrand,51.7,1860,26.4,461,37.3,202,82.9,150,100.0,13,69.4,213,master_account,0,/world-university-rankings/university-witwatersrand,739,South Africa,"24,565",24.5,8%,56 : 44,University of the Witwatersrand Wits,"Education,Physics & Astronomy,Other Health,Psychology,Chemical Engineering,Civil Engineering,Electrical & Electronic Engineering,General Engineering,Art, Performing Arts & Design,Geology, Environmental, Earth & Marine Sciences,Business & Management,Communication & Media Studies,Medicine & Dentistry,Sociology,Computer Science,Economics & Econometrics,Chemistry,Mathematics & Statistics,Sport Science,Biological Sciences,Archaeology,Law,Accounting & Finance,Architecture,Mechanical & Aerospace Engineering,History, Philosophy & Theology,Geography,Languages, Literature & Linguistics,Politics & International Studies (incl Development Studies)",False,False,False,
=186,Hebrew University of Jerusalem,51.6,1870,44.3,137,39.6,183,71.1,271,35.4,663,56.1,324,master_account,0,/world-university-rankings/hebrew-university-jerusalem,585,Israel,"17,709",10.8,5%,57 : 43,Hebrew University of Jerusalem,"Veterinary Science,Other Health,Medicine & Dentistry,Agriculture & Forestry,Languages, Literature & Linguistics,Electrical & Electronic Engineering,Politics & International Studies (incl Development Studies),Communication & Media Studies,History, Philosophy & Theology,Economics & Econometrics,Computer Science,Physics & Astronomy,Geography,Psychology,Law,Education,Mathematics & Statistics,Chemistry,Business & Management,Biological Sciences,Art, Performing Arts & Design,Geology, Environmental, Earth & Marine Sciences,Archaeology,Sociology,Accounting & Finance",False,False,False,
=186,University of Würzburg,51.6,1880,34.8,266,37.0,205,83.4,140,48.1,272,51.2,387,master_account,0,/world-university-rankings/university-wurzburg,691,Germany,"22,297",33.5,8%,57 : 43,University of Würzburg,"Geography,Psychology,History, Philosophy & Theology,Sociology,Education,Art, Performing Arts & Design,Computer Science,Other Health,Politics & International Studies (incl Development Studies),Medicine & Dentistry,Sport Science,Business & Management,Languages, Literature & Linguistics,Veterinary Science,Archaeology,Mathematics & Statistics,Economics & Econometrics,Communication & Media Studies,Biological Sciences,Law,Chemistry,Accounting & Finance,Mechanical & Aerospace Engineering,Geology, Environmental, Earth & Marine Sciences,Agriculture & Forestry,Chemical Engineering,Physics & Astronomy",False,False,False,
=188,University of Aberdeen,51.5,1890,31.0,344,31.2,264,82.6,155,44.5,332,92.0,41,master_account,0,/world-university-rankings/university-aberdeen,615,United Kingdom,"11,555",13.6,32%,55 : 45,University of Aberdeen,"Archaeology,Biological Sciences,Languages, Literature & Linguistics,Other Health,Physics & Astronomy,History, Philosophy & Theology,Chemical Engineering,Psychology,Business & Management,Law,Chemistry,Economics & Econometrics,Geology, Environmental, Earth & Marine Sciences,General Engineering,Politics & International Studies (incl Development Studies),Mechanical & Aerospace Engineering,Electrical & Electronic Engineering,Sociology,Medicine & Dentistry,Geography,Sport Science,Accounting & Finance,Mathematics & Statistics,Civil Engineering,Art, Performing Arts & Design,Education,Computer Science",False,False,False,https://www.timeshighereducation.com/student/register-interest/siuk?utm_medium=thewebsite&utm_campaign=cta-link&utm_source=rankings&iid=i-57429768
=188,Lomonosov Moscow State University,51.5,1900,75.2,26,61.6,65,12.5,875,89.1,52,59.9,288,master_account,0,/world-university-rankings/lomonosov-moscow-state-university,753,Russian Federation,"29,563",7.4,21%,45 : 55,Lomonosov Moscow State University,"Education,History, Philosophy & Theology,Sport Science,Communication & Media Studies,Computer Science,Economics & Econometrics,Mathematics & Statistics,Languages, Literature & Linguistics,Politics & International Studies (incl Development Studies),Mechanical & Aerospace Engineering,Art, Performing Arts & Design,Chemical Engineering,Business & Management,Chemistry,Other Health,Agriculture & Forestry,Sociology,Geography,Medicine & Dentistry,Biological Sciences,Law,Archaeology,Accounting & Finance,Electrical & Electronic Engineering,Physics & Astronomy,Geology, Environmental, Earth & Marine Sciences,Psychology",False,False,True,
=190,Newcastle University,51.3,1910,33.6,286,32.1,258,81.0,172,38.7,498,84.9,94,master_account,11,/world-university-rankings/newcastle-university,610,United Kingdom,"20,305",15.6,28%,49 : 51,Newcastle University,"Chemistry,General Engineering,History, Philosophy & Theology,Chemical Engineering,Politics & International Studies (incl Development Studies),Archaeology,Agriculture & Forestry,Sociology,Computer Science,Mathematics & Statistics,Business & Management,Art, Performing Arts & Design,Mechanical & Aerospace Engineering,Geology, Environmental, Earth & Marine Sciences,Architecture,Biological Sciences,Geography,Medicine & Dentistry,Veterinary Science,Law,Electrical & Electronic Engineering,Physics & Astronomy,Psychology,Languages, Literature & Linguistics,Civil Engineering,Communication & Media Studies,Accounting & Finance,Other Health,Sport Science,Education,Economics & Econometrics",False,False,False,https://www.timeshighereducation.com/student/register-interest/siuk?utm_medium=thewebsite&utm_campaign=cta-link&utm_source=rankings&iid=i-02421202
=190,Sant’Anna School of Advanced Studies – Pisa,51.3,1920,44.7,134,33.9,234,74.1,243,86.6,57,44.9,472,master_account,6,/world-university-rankings/santanna-school-advanced-studies-pisa,131267,Italy,679,13.1,13%,38 : 62,Sant’Anna School of Advanced Studies – Pisa,"Politics & International Studies (incl Development Studies),Electrical & Electronic Engineering,Law,Medicine & Dentistry,Accounting & Finance,Economics & Econometrics,Other Health,Business & Management,Agriculture & Forestry,Computer Science,Mechanical & Aerospace Engineering,Biological Sciences",False,False,False,
=192,The Hong Kong Polytechnic University,51.2,1930,35.0,262,41.8,156,69.9,286,47.9,276,79.7,124,master_account,11,/world-university-rankings/hong-kong-polytechnic-university,723,Hong Kong,"21,907",25.6,25%,54 : 46,The Hong Kong Polytechnic University PolyU Poly U HK PolyU,"Chemical Engineering,Psychology,Sociology,Other Health,Art, Performing Arts & Design,Mathematics & Statistics,Mechanical & Aerospace Engineering,Computer Science,Geology, Environmental, Earth & Marine Sciences,Electrical & Electronic Engineering,Business & Management,Chemistry,General Engineering,Physics & Astronomy,Languages, Literature & Linguistics,Civil Engineering,Economics & Econometrics,History, Philosophy & Theology,Accounting & Finance,Communication & Media Studies,Biological Sciences",False,False,False,
=192,University of Reading,51.2,1940,36.8,238,37.5,200,71.6,269,36.6,595,86.6,83,master_account,0,/world-university-rankings/university-reading,628,United Kingdom,"12,085",14.0,29%,56 : 44,University of Reading,"Veterinary Science,Communication & Media Studies,Accounting & Finance,Languages, Literature & Linguistics,Politics & International Studies (incl Development Studies),Chemistry,Mathematics & Statistics,Physics & Astronomy,Archaeology,Business & Management,Education,Chemical Engineering,Economics & Econometrics,Law,Architecture,Psychology,Other Health,Biological Sciences,History, Philosophy & Theology,Civil Engineering,Computer Science,Art, Performing Arts & Design,Geology, Environmental, Earth & Marine Sciences,Agriculture & Forestry,General Engineering,Geography",False,False,False,https://www.timeshighereducation.com/student/register-interest/siuk?utm_medium=thewebsite&utm_campaign=cta-link&utm_source=rankings&iid=i-33306644
194,University of Konstanz,51.1,1950,39.8,188,44.5,140,64.4,348,73.1,101,62.6,269,master_account,0,/world-university-rankings/university-konstanz,658,Germany,"11,335",50.4,12%,54 : 46,University of Konstanz,"Languages, Literature & Linguistics,Sociology,Sport Science,Accounting & Finance,Biological Sciences,Psychology,Communication & Media Studies,Physics & Astronomy,Economics & Econometrics,History, Philosophy & Theology,Law,Computer Science,Education,Art, Performing Arts & Design,Politics & International Studies (incl Development Studies),Chemistry,Mathematics & Statistics,Business & Management",False,False,False,
=195,University of Calgary,51.0,1960,34.8,265,35.2,222,77.9,203,48.8,261,71.5,194,master_account,11,/world-university-rankings/university-calgary,693,Canada,"28,047",16.0,18%,53 : 47,University of Calgary,"Economics & Econometrics,Medicine & Dentistry,Communication & Media Studies,Mathematics & Statistics,History, Philosophy & Theology,Accounting & Finance,Art, Performing Arts & Design,General Engineering,Business & Management,Computer Science,Geology, Environmental, Earth & Marine Sciences,Mechanical & Aerospace Engineering,Chemical Engineering,Sociology,Law,Other Health,Electrical & Electronic Engineering,Geography,Languages, Literature & Linguistics,Sport Science,Psychology,Veterinary Science,Chemistry,Physics & Astronomy,Politics & International Studies (incl Development Studies),Archaeology,Biological Sciences,Civil Engineering,Agriculture & Forestry,Education,Architecture",False,False,False,https://www.timeshighereducation.com/student/register-interest/applyboard?utm_medium=thewebsite&utm_campaign=cta-link&utm_source=rankings&iid=i-81953893
=195,National Taiwan University (NTU),51.0,1970,51.4,90,52.5,93,54.5,432,47.8,279,29.9,691,master_account,0,/world-university-rankings/national-taiwan-university-ntu,618,Taiwan,"31,581",11.6,8%,40 : 60,National Taiwan University (NTU),"Languages, Literature & Linguistics,Chemical Engineering,Communication & Media Studies,Civil Engineering,Archaeology,Computer Science,Geography,Veterinary Science,Physics & Astronomy,Business & Management,Medicine & Dentistry,Sport Science,Art, Performing Arts & Design,Law,Mechanical & Aerospace Engineering,Other Health,Electrical & Electronic Engineering,Economics & Econometrics,Politics & International Studies (incl Development Studies),Architecture,Mathematics & Statistics,Chemistry,Psychology,Geology, Environmental, Earth & Marine Sciences,Biological Sciences,Education,Agriculture & Forestry,Accounting & Finance,Sociology,History, Philosophy & Theology,General Engineering",False,False,False,
197,University of Duisburg-Essen,50.9,1980,34.1,280,28.7,305,87.5,101,77.8,84,50.6,393,master_account,0,/world-university-rankings/university-duisburg-essen,898,Germany,"41,002",53.0,12%,49 : 51,University of Duisburg-Essen,"Languages, Literature & Linguistics,Electrical & Electronic Engineering,Sport Science,Mathematics & Statistics,Art, Performing Arts & Design,Medicine & Dentistry,Psychology,Business & Management,Politics & International Studies (incl Development Studies),Computer Science,Economics & Econometrics,Other Health,General Engineering,Sociology,Education,History, Philosophy & Theology,Biological Sciences,Chemistry,Accounting & Finance,Civil Engineering,Communication & Media Studies,Physics & Astronomy",False,False,False,
=198,Brandeis University,50.8,1990,29.8,375,24.6,375,99.7,7,33.8,756,49.2,413,private,0,/world-university-rankings/brandeis-university,614,United States,"5,532",13.1,23%,55 : 45,Brandeis University,"Physics & Astronomy,Art, Performing Arts & Design,Chemistry,Psychology,Education,Accounting & Finance,Mathematics & Statistics,History, Philosophy & Theology,Sociology,Languages, Literature & Linguistics,Biological Sciences,Business & Management,Economics & Econometrics,Computer Science,Politics & International Studies (incl Development Studies)",False,False,False,https://www.timeshighereducation.com/student/register-interest/shorelight?utm_medium=thewebsite&utm_campaign=cta-link&utm_source=rankings&iid=i-49167174
=198,Tilburg University,50.8,2000,38.8,203,50.2,103,57.0,408,58.0,185,74.3,174,master_account,0,/world-university-rankings/tilburg-university,734,Netherlands,"7,454",22.4,13%,49 : 51,Tilburg University,"Sociology,Other Health,History, Philosophy & Theology,Communication & Media Studies,Education,Law,Psychology,Business & Management,Languages, Literature & Linguistics,Accounting & Finance,Computer Science,Economics & Econometrics",False,False,False,
200,University of Illinois Chicago,50.6,2010,46.0,127,35.3,219,69.6,289,41.6,405,57.1,318,public,0,/world-university-rankings/university-illinois-chicago,631,United States,"24,459",11.6,18%,53 : 47,University of Illinois Chicago,"Medicine & Dentistry,Mathematics & Statistics,Psychology,Art, Performing Arts & Design,Mechanical & Aerospace Engineering,Sociology,Architecture,Biological Sciences,Law,Other Health,Physics & Astronomy,Accounting & Finance,Computer Science,Chemistry,Business & Management,Archaeology,Sport Science,Education,General Engineering,Geology, Environmental, Earth & Marine Sciences,Economics & Econometrics,Languages, Literature & Linguistics,Civil Engineering,Politics & International Studies (incl Development Studies),Electrical & Electronic Engineering,Communication & Media Studies,History, Philosophy & Theology,Chemical Engineering,Geography",False,False,False,https://www.timeshighereducation.com/student/register-interest/shorelight?utm_medium=thewebsite&utm_campaign=cta-link&utm_source=rankings&iid=i-05828861
201-250,Aalborg University,46.3—50.4,2020,24.2,526,35.2,221,80.1,181,44.8,325,71.7,193,master_account,1,/world-university-rankings/aalborg-university,766,Denmark,"19,286",17.4,15%,48 : 52,Aalborg University,"Agriculture & Forestry,Geography,History, Philosophy & Theology,Electrical & Electronic Engineering,Geology, Environmental, Earth & Marine Sciences,Economics & Econometrics,Languages, Literature & Linguistics,Chemistry,Accounting & Finance,Civil Engineering,Politics & International Studies (incl Development Studies),Other Health,Sport Science,Education,Medicine & Dentistry,Chemical Engineering,Sociology,Art, Performing Arts & Design,Biological Sciences,Law,General Engineering,Physics & Astronomy,Business & Management,Architecture,Mechanical & Aerospace Engineering,Communication & Media Studies,Computer Science,Mathematics & Statistics,Psychology",False,False,False,
201-250,Aalto University,46.3—50.4,2030,34.4,275,29.0,302,75.0,232,52.5,219,69.6,207,master_account,0,/world-university-rankings/aalto-university,767,Finland,"12,653",20.1,20%,34 : 66,Aalto University,"Physics & Astronomy,Business & Management,Mathematics & Statistics,Civil Engineering,Economics & Econometrics,Accounting & Finance,Computer Science,Art, Performing Arts & Design,Electrical & Electronic Engineering,Chemistry,Architecture,Psychology,Chemical Engineering,General Engineering,Mechanical & Aerospace Engineering,Communication & Media Studies,Education",False,False,False,
201-250,University of Antwerp,46.3—50.4,2040,34.5,273,39.8,178,73.0,256,54.6,202,64.9,246,master_account,0,/world-university-rankings/university-antwerp,742,Belgium,"16,445",35.8,15%,54 : 46,University of Antwerp,"Veterinary Science,Chemistry,Education,Languages, Literature & Linguistics,Chemical Engineering,Law,Geology, Environmental, Earth & Marine Sciences,Mechanical & Aerospace Engineering,Computer Science,History, Philosophy & Theology,Sociology,Art, Performing Arts & Design,Biological Sciences,Mathematics & Statistics,Politics & International Studies (incl Development Studies),Business & Management,Architecture,Medicine & Dentistry,Electrical & Electronic Engineering,Physics & Astronomy,Economics & Econometrics,Other Health,Communication & Media Studies,General Engineering",False,False,False,
201-250,University of Barcelona,46.3—50.4,2050,33.7,284,33.0,241,81.3,168,35.3,669,49.3,412,master_account,11,/world-university-rankings/university-barcelona,667,Spain,"47,569",12.5,10%,61 : 39,University of Barcelona,"Chemistry,History, Philosophy & Theology,Accounting & Finance,Art, Performing Arts & Design,General Engineering,Sociology,Biological Sciences,Sport Science,Other Health,Mathematics & Statistics,Economics & Econometrics,Medicine & Dentistry,Business & Management,Law,Electrical & Electronic Engineering,Computer Science,Education,Communication & Media Studies,Chemical Engineering,Physics & Astronomy,Politics & International Studies (incl Development Studies),Geology, Environmental, Earth & Marine Sciences,Languages, Literature & Linguistics,Geography,Agriculture & Forestry,Archaeology,Psychology",False,False,False,
201-250,University of Bergen,46.3—50.4,2060,29.8,373,29.3,297,86.2,116,36.6,593,74.0,177,master_account,0,/world-university-rankings/university-bergen,655,Norway,"11,949",11.5,13%,59 : 41,University of Bergen,"Chemistry,Other Health,Sociology,Biological Sciences,Education,Mathematics & Statistics,Psychology,History, Philosophy & Theology,Communication & Media Studies,Art, Performing Arts & Design,Geology, Environmental, Earth & Marine Sciences,Geography,Archaeology,Politics & International Studies (incl Development Studies),Computer Science,Law,Medicine & Dentistry,Economics & Econometrics,Languages, Literature & Linguistics,Physics & Astronomy",False,False,False,
201-250,"Birkbeck, University of London",46.3—50.4,2070,27.4,424,35.1,225,67.0,321,32.6,869,88.4,69,master_account,0,/world-university-rankings/birkbeck-university-london,613,United Kingdom,"9,690",19.6,38%,54 : 46,"Birkbeck, University of London","Biological Sciences,Accounting & Finance,Physics & Astronomy,Politics & International Studies (incl Development Studies),Psychology,History, Philosophy & Theology,Sociology,Mathematics & Statistics,Geography,Economics & Econometrics,Art, Performing Arts & Design,Communication & Media Studies,Geology, Environmental, Earth & Marine Sciences,Law,Business & Management,Computer Science,Education,Archaeology,Languages, Literature & Linguistics",False,False,False,https://www.timeshighereducation.com/student/register-interest/siuk?utm_medium=thewebsite&utm_campaign=cta-link&utm_source=rankings&iid=i-55980062
201-250,University of Bologna,46.3—50.4,2080,35.6,253,27.5,323,81.7,163,37.4,548,42.8,502,master_account,11,/world-university-rankings/university-bologna,692,Italy,"84,486",22.3,7%,56 : 44,University of Bologna,"Sport Science,Veterinary Science,Communication & Media Studies,Chemical Engineering,Other Health,History, Philosophy & Theology,Mathematics & Statistics,Business & Management,Computer Science,Mechanical & Aerospace Engineering,Politics & International Studies (incl Development Studies),Economics & Econometrics,Civil Engineering,Languages, Literature & Linguistics,Medicine & Dentistry,Geology, Environmental, Earth & Marine Sciences,Sociology,Biological Sciences,Archaeology,Law,Art, Performing Arts & Design,Accounting & Finance,Education,Electrical & Electronic Engineering,Physics & Astronomy,Chemistry,General Engineering,Psychology,Architecture,Agriculture & Forestry,Geography",False,False,False,
201-250,Boston College,46.3—50.4,2090,47.3,115,19.3,502,79.9,183,43.8,356,60.2,284,private,0,/world-university-rankings/boston-college,659,United States,"12,932",16.5,19%,55 : 45,Boston College,"Geology, Environmental, Earth & Marine Sciences,Languages, Literature & Linguistics,Sociology,History, Philosophy & Theology,Business & Management,Accounting & Finance,Mathematics & Statistics,Education,Computer Science,Biological Sciences,Physics & Astronomy,Law,Economics & Econometrics,Medicine & Dentistry,Art, Performing Arts & Design,Communication & Media Studies,Psychology,General Engineering,Chemistry,Politics & International Studies (incl Development Studies)",False,False,False,https://www.timeshighereducation.com/student/register-interest/shorelight?utm_medium=thewebsite&utm_campaign=cta-link&utm_source=rankings&iid=i-48283681
201-250,CentraleSupélec,46.3—50.4,2100,35.8,250,14.7,629,78.1,200,56.4,191,84.0,98,master_account,0,/world-university-rankings/centralesupelec,131591,France,"4,130",11.4,32%,22 : 78,CentraleSupélec,"Electrical & Electronic Engineering,General Engineering,Geography,Civil Engineering,Politics & International Studies (incl Development Studies),Mathematics & Statistics,Computer Science,Physics & Astronomy,Architecture,Business & Management,Economics & Econometrics",False,False,False,
201-250,University of Cincinnati – Uptown,46.3—50.4,2110,37.8,222,29.6,288,75.4,226,41.9,394,31.8,664,public,0,/world-university-rankings/university-cincinnati-uptown,672,United States,"27,712",21.9,8%,52 : 48,University of Cincinnati – Uptown,"Mathematics & Statistics,Architecture,Business & Management,Medicine & Dentistry,General Engineering,Law,Geography,Psychology,Art, Performing Arts & Design,History, Philosophy & Theology,Biological Sciences,Communication & Media Studies,Accounting & Finance,Mechanical & Aerospace Engineering,Civil Engineering,Sociology,Geology, Environmental, Earth & Marine Sciences,Chemical Engineering,Languages, Literature & Linguistics,Archaeology,Education,Agriculture & Forestry,Other Health,Economics & Econometrics,Electrical & Electronic Engineering,Chemistry,Politics & International Studies (incl Development Studies),Physics & Astronomy,Computer Science",False,False,False,https://www.timeshighereducation.com/student/register-interest/shorelight?utm_medium=thewebsite&utm_campaign=cta-link&utm_source=rankings&iid=i-56367118
201-250,University College Dublin,46.3—50.4,2120,31.5,333,37.8,199,72.5,261,37.4,549,88.1,72,master_account,1,/world-university-rankings/university-college-dublin,623,Ireland,"21,438",22.7,25%,,University College Dublin,"Electrical & Electronic Engineering,Chemistry,Sociology,Mechanical & Aerospace Engineering,Biological Sciences,Psychology,Civil Engineering,History, Philosophy & Theology,Chemical Engineering,Law,Accounting & Finance,Mathematics & Statistics,Medicine & Dentistry,Veterinary Science,Art, Performing Arts & Design,Architecture,Economics & Econometrics,Physics & Astronomy,Politics & International Studies (incl Development Studies),Computer Science,Education,Business & Management,Geology, Environmental, Earth & Marine Sciences,Other Health,Languages, Literature & Linguistics,Agriculture & Forestry,Communication & Media Studies,Archaeology,Sport Science,Geography",False,False,False,
201-250,University of Delaware,46.3—50.4,2130,26.9,442,36.8,209,78.1,201,92.5,45,44.0,485,public,0,/world-university-rankings/university-delaware,644,United States,"19,426",16.2,10%,56 : 44,University of Delaware,"Communication & Media Studies,General Engineering,Sport Science,History, Philosophy & Theology,Accounting & Finance,Veterinary Science,Business & Management,Sociology,Other Health,Physics & Astronomy,Chemical Engineering,Art, Performing Arts & Design,Languages, Literature & Linguistics,Mechanical & Aerospace Engineering,Geography,Politics & International Studies (incl Development Studies),Psychology,Mathematics & Statistics,Agriculture & Forestry,Architecture,Chemistry,Civil Engineering,Economics & Econometrics,Biological Sciences,Education,Geology, Environmental, Earth & Marine Sciences,Computer Science,Electrical & Electronic Engineering",False,False,False,https://www.timeshighereducation.com/student/register-interest/shorelight?utm_medium=thewebsite&utm_campaign=cta-link&utm_source=rankings&iid=i-60250683
201-250,ESPCI ParisTech,46.3—50.4,2140,45.3,131,22.3,437,76.2,219,77.1,87,49.7,407,master_account,0,/world-university-rankings/espci-paristech,679830,France,481,6.3,14%,38 : 62,ESPCI ParisTech,"Chemical Engineering,Chemistry,General Engineering,Physics & Astronomy",False,False,False,
201-250,Florida State University,46.3—50.4,2150,40.8,176,39.5,184,67.1,319,34.2,731,45.7,463,public,0,/world-university-rankings/florida-state-university,131777,United States,"41,737",30.2,7%,55 : 45,Florida State University,"Geology, Environmental, Earth & Marine Sciences,Business & Management,Computer Science,Chemical Engineering,Politics & International Studies (incl Development Studies),Law,Mechanical & Aerospace Engineering,Archaeology,Physics & Astronomy,Other Health,Economics & Econometrics,Art, Performing Arts & Design,Mathematics & Statistics,Psychology,History, Philosophy & Theology,Biological Sciences,Sociology,Education,Medicine & Dentistry,Languages, Literature & Linguistics,Accounting & Finance,Civil Engineering,Communication & Media Studies,Chemistry,Architecture,Electrical & Electronic Engineering,Sport Science,Geography,General Engineering",False,False,False,https://www.timeshighereducation.com/student/register-interest/shorelight?utm_medium=thewebsite&utm_campaign=cta-link&utm_source=rankings&iid=i-92186279
201-250,George Washington University,46.3—50.4,2160,47.1,117,27.7,318,70.7,277,32.9,829,48.0,430,private,0,/world-university-rankings/george-washington-university,600,United States,"21,409",12.4,15%,57 : 43,George Washington University,"Electrical & Electronic Engineering,Art, Performing Arts & Design,Physics & Astronomy,Archaeology,Sport Science,Economics & Econometrics,Mathematics & Statistics,Biological Sciences,Geology, Environmental, Earth & Marine Sciences,Civil Engineering,Mechanical & Aerospace Engineering,Sociology,History, Philosophy & Theology,Computer Science,Geography,Law,Accounting & Finance,Architecture,Communication & Media Studies,Languages, Literature & Linguistics,Medicine & Dentistry,General Engineering,Education,Politics & International Studies (incl Development Studies),Chemistry,Psychology,Business & Management,Other Health",False,False,False,https://www.timeshighereducation.com/student/register-interest/shorelight?utm_medium=thewebsite&utm_campaign=cta-link&utm_source=rankings&iid=i-83678132
201-250,Goethe University Frankfurt,46.3—50.4,2170,32.4,317,27.5,324,79.7,186,38.2,513,59.4,297,master_account,0,/world-university-rankings/goethe-university-frankfurt,645,Germany,"45,453",13.1,15%,58 : 42,Goethe University Frankfurt,"History, Philosophy & Theology,Physics & Astronomy,Accounting & Finance,Languages, Literature & Linguistics,Geology, Environmental, Earth & Marine Sciences,Economics & Econometrics,Computer Science,Psychology,Sport Science,Law,Art, Performing Arts & Design,Mathematics & Statistics,Business & Management,Politics & International Studies (incl Development Studies),Archaeology,Chemistry,Agriculture & Forestry,Biological Sciences,Education,Medicine & Dentistry,Sociology,Other Health,Geography",False,False,False,
201-250,University of Hawai’i at Mānoa,46.3—50.4,2180,34.2,278,38.7,188,73.2,253,53.2,212,63.5,260,public,0,/world-university-rankings/university-hawaii-manoa,722,United States,"16,580",10.9,13%,56 : 44,University of Hawai’i at Mānoa,"Economics & Econometrics,General Engineering,Geology, Environmental, Earth & Marine Sciences,Electrical & Electronic Engineering,Art, Performing Arts & Design,Other Health,Mathematics & Statistics,Law,History, Philosophy & Theology,Agriculture & Forestry,Sociology,Languages, Literature & Linguistics,Sport Science,Communication & Media Studies,Architecture,Civil Engineering,Politics & International Studies (incl Development Studies),Computer Science,Veterinary Science,Psychology,Biological Sciences,Education,Archaeology,Mechanical & Aerospace Engineering,Physics & Astronomy,Accounting & Finance,Medicine & Dentistry,Chemical Engineering,Geography,Chemistry,Business & Management",False,False,False,https://www.timeshighereducation.com/student/register-interest/shorelight?utm_medium=thewebsite&utm_campaign=cta-link&utm_source=rankings&iid=i-78451672
201-250,University of Iceland,46.3—50.4,2190,16.9,844,27.6,321,92.0,66,52.7,218,60.3,283,master_account,0,/world-university-rankings/university-iceland,749,Iceland,"13,373",24.0,8%,66 : 34,University of Iceland,"Computer Science,Chemistry,Economics & Econometrics,Business & Management,Electrical & Electronic Engineering,Geography,Archaeology,Chemical Engineering,Law,Civil Engineering,Politics & International Studies (incl Development Studies),Biological Sciences,General Engineering,Geology, Environmental, Earth & Marine Sciences,Psychology,Other Health,Physics & Astronomy,Communication & Media Studies,Medicine & Dentistry,Sport Science,Education,Languages, Literature & Linguistics,Mechanical & Aerospace Engineering,Sociology,History, Philosophy & Theology,Mathematics & Statistics,Accounting & Finance",False,False,False,
201-250,Indian Institute of Science,46.3—50.4,2200,50.1,98,49.2,108,47.3,496,48.0,273,18.1,896,master_account,0,/world-university-rankings/indian-institute-science,926,India,"3,398",8.3,1%,20 : 80,Indian Institute of Science,"Electrical & Electronic Engineering,Chemistry,Biological Sciences,Mechanical & Aerospace Engineering,Civil Engineering,Geology, Environmental, Earth & Marine Sciences,Physics & Astronomy,Computer Science,Chemical Engineering,Mathematics & Statistics",False,False,False,
201-250,University of Iowa,46.3—50.4,2210,40.9,173,27.1,335,74.9,234,53.8,206,34.6,623,public,0,/world-university-rankings/university-iowa,606,United States,"27,807",11.6,12%,52 : 48,University of Iowa,"Chemistry,Psychology,Geography,Education,Civil Engineering,Computer Science,Business & Management,Mechanical & Aerospace Engineering,Politics & International Studies (incl Development Studies),Art, Performing Arts & Design,Mathematics & Statistics,Chemical Engineering,Sport Science,Other Health,Languages, Literature & Linguistics,Geology, Environmental, Earth & Marine Sciences,Biological Sciences,Accounting & Finance,History, Philosophy & Theology,Economics & Econometrics,Sociology,General Engineering,Medicine & Dentistry,Communication & Media Studies,Law,Electrical & Electronic Engineering,Physics & Astronomy",False,False,False,https://www.timeshighereducation.com/student/register-interest/shorelight?utm_medium=thewebsite&utm_campaign=cta-link&utm_source=rankings&iid=i-88616472
201-250,University of Kiel,46.3—50.4,2220,31.6,332,27.2,329,90.8,76,33.5,780,51.2,386,master_account,0,/world-university-rankings/university-kiel,724,Germany,"24,701",23.3,8%,54 : 46,University of Kiel,"Art, Performing Arts & Design,Civil Engineering,Sociology,Other Health,Biological Sciences,Education,Electrical & Electronic Engineering,Mathematics & Statistics,Business & Management,History, Philosophy & Theology,Mechanical & Aerospace Engineering,Communication & Media Studies,Medicine & Dentistry,Physics & Astronomy,Psychology,Archaeology,Sport Science,Law,Agriculture & Forestry,Politics & International Studies (incl Development Studies),Chemical Engineering,Geography,General Engineering,Chemistry,Accounting & Finance,Languages, Literature & Linguistics,Computer Science,Geology, Environmental, Earth & Marine Sciences,Economics & Econometrics",False,False,False,
201-250,King Abdulaziz University,46.3—50.4,2230,26.4,456,12.4,708,93.3,54,66.0,135,92.1,40,master_account,11,/world-university-rankings/king-abdulaziz-university,888,Saudi Arabia,"37,178",8.3,21%,55 : 45,King Abdulaziz University,"Electrical & Electronic Engineering,Sport Science,Agriculture & Forestry,Geography,Biological Sciences,Law,Psychology,Computer Science,Other Health,General Engineering,Business & Management,Medicine & Dentistry,Geology, Environmental, Earth & Marine Sciences,Mechanical & Aerospace Engineering,Physics & Astronomy,Chemistry,Mathematics & Statistics,Languages, Literature & Linguistics,Accounting & Finance,Communication & Media Studies,Economics & Econometrics,Politics & International Studies (incl Development Studies),Archaeology,Civil Engineering,Sociology,History, Philosophy & Theology,Architecture,Chemical Engineering,Education,Art, Performing Arts & Design,Veterinary Science",False,False,False,
201-250,Korea University,46.3—50.4,2240,40.9,174,45.4,131,49.2,483,98.6,28,44.0,486,master_account,11,/world-university-rankings/korea-university,702,South Korea,"22,739",15.5,16%,42 : 58,Korea University,"Chemical Engineering,Chemistry,Psychology,Biological Sciences,History, Philosophy & Theology,Architecture,Geography,Medicine & Dentistry,Archaeology,Geology, Environmental, Earth & Marine Sciences,Physics & Astronomy,Mathematics & Statistics,General Engineering,Accounting & Finance,Civil Engineering,Communication & Media Studies,Law,Art, Performing Arts & Design,Economics & Econometrics,Sociology,Business & Management,Mechanical & Aerospace Engineering,Education,Sport Science,Computer Science,Politics & International Studies (incl Development Studies),Electrical & Electronic Engineering,Languages, Literature & Linguistics,Agriculture & Forestry,Other Health",False,False,False,
201-250,Université Libre de Bruxelles,46.3—50.4,2250,26.3,462,42.8,153,74.4,241,44.5,333,83.3,105,master_account,0,/world-university-rankings/universite-libre-de-bruxelles,669,Belgium,"23,712",35.0,32%,54 : 46,Université Libre de Bruxelles,"Architecture,Psychology,Art, Performing Arts & Design,Computer Science,Geography,Veterinary Science,Civil Engineering,Sociology,Mathematics & Statistics,Chemistry,Accounting & Finance,General Engineering,Other Health,Geology, Environmental, Earth & Marine Sciences,Agriculture & Forestry,Sport Science,Business & Management,Languages, Literature & Linguistics,Physics & Astronomy,Education,Electrical & Electronic Engineering,Chemical Engineering,Politics & International Studies (incl Development Studies),History, Philosophy & Theology,Economics & Econometrics,Law,Archaeology,Mechanical & Aerospace Engineering,Medicine & Dentistry,Communication & Media Studies,Biological Sciences",False,False,False,
201-250,Nanjing University,46.3—50.4,2260,41.7,166,36.9,207,61.5,372,73.9,98,51.4,384,master_account,0,/world-university-rankings/nanjing-university,727,China,"34,784",15.7,9%,42 : 58,Nanjing University,"History, Philosophy & Theology,Psychology,Mathematics & Statistics,Archaeology,Languages, Literature & Linguistics,Education,Chemical Engineering,Art, Performing Arts & Design,Economics & Econometrics,Biological Sciences,Physics & Astronomy,Business & Management,Communication & Media Studies,Electrical & Electronic Engineering,Sociology,Politics & International Studies (incl Development Studies),Medicine & Dentistry,Chemistry,Other Health,Computer Science,Law,General Engineering,Geography,Architecture,Geology, Environmental, Earth & Marine Sciences,Accounting & Finance",False,False,False,
201-250,University of Galway,46.3—50.4,2270,27.7,417,27.8,317,76.7,213,41.4,413,78.1,137,master_account,0,/world-university-rankings/university-galway,842,Ireland,"13,911",26.1,16%,56 : 44,University of Galway nui nui galway,"Archaeology,Civil Engineering,Agriculture & Forestry,Geography,Economics & Econometrics,Electrical & Electronic Engineering,Politics & International Studies (incl Development Studies),Sociology,Psychology,Accounting & Finance,Art, Performing Arts & Design,Communication & Media Studies,Languages, Literature & Linguistics,Mathematics & Statistics,General Engineering,Geology, Environmental, Earth & Marine Sciences,Computer Science,Mechanical & Aerospace Engineering,Education,Medicine & Dentistry,Law,Business & Management,Other Health,Chemistry,History, Philosophy & Theology,Biological Sciences,Physics & Astronomy",False,False,False,
201-250,University of Newcastle,46.3—50.4,2280,29.3,386,28.5,309,73.5,249,63.7,150,79.8,123,master_account,0,/world-university-rankings/university-newcastle,757,Australia,"23,838",22.7,18%,56 : 44,University of Newcastle Australia Newcastle,"Law,Psychology,Communication & Media Studies,Mathematics & Statistics,Biological Sciences,Civil Engineering,Economics & Econometrics,Electrical & Electronic Engineering,Geology, Environmental, Earth & Marine Sciences,Business & Management,Accounting & Finance,Other Health,Mechanical & Aerospace Engineering,Computer Science,Medicine & Dentistry,Architecture,Chemistry,Physics & Astronomy,Politics & International Studies (incl Development Studies),General Engineering,Sociology,Geography,Chemical Engineering,Languages, Literature & Linguistics,Art, Performing Arts & Design,Sport Science,Education,History, Philosophy & Theology,Agriculture & Forestry",False,False,False,https://www.timeshighereducation.com/student/register-interest/aecc?utm_medium=thewebsite&utm_campaign=cta-link&utm_source=rankings&iid=i-35453247
201-250,North Carolina State University,46.3—50.4,2290,37.5,229,32.7,248,68.4,300,42.0,393,50.2,399,public,0,/world-university-rankings/north-carolina-state-university,891,United States,"30,187",13.1,12%,45 : 55,North Carolina State University,"Art, Performing Arts & Design,Computer Science,Sport Science,Mechanical & Aerospace Engineering,Mathematics & Statistics,Business & Management,Archaeology,Biological Sciences,Psychology,Civil Engineering,Politics & International Studies (incl Development Studies),Architecture,Agriculture & Forestry,Education,History, Philosophy & Theology,Physics & Astronomy,Accounting & Finance,General Engineering,Veterinary Science,Communication & Media Studies,Languages, Literature & Linguistics,Chemical Engineering,Sociology,Electrical & Electronic Engineering,Geology, Environmental, Earth & Marine Sciences,Economics & Econometrics,Chemistry",False,False,False,https://www.timeshighereducation.com/student/register-interest/shorelight?utm_medium=thewebsite&utm_campaign=cta-link&utm_source=rankings&iid=i-09500961
201-250,University of Otago,46.3—50.4,2300,30.5,357,30.7,272,80.1,182,35.6,646,88.6,66,master_account,0,/world-university-rankings/university-otago,682,New Zealand,"18,567",20.2,20%,57 : 43,University of Otago,"Chemistry,Mathematics & Statistics,Politics & International Studies (incl Development Studies),Computer Science,Other Health,Business & Management,Medicine & Dentistry,Biological Sciences,Accounting & Finance,Art, Performing Arts & Design,Education,Physics & Astronomy,Languages, Literature & Linguistics,Communication & Media Studies,Law,Geography,Geology, Environmental, Earth & Marine Sciences,Economics & Econometrics,History, Philosophy & Theology,Agriculture & Forestry,Psychology,Archaeology,Sport Science,Sociology",False,False,False,
201-250,University of Oulu,46.3—50.4,2310,30.3,363,32.6,251,75.1,231,39.9,461,54.2,357,master_account,0,/world-university-rankings/university-oulu,131756,Finland,"10,089",23.5,7%,50 : 50,University of Oulu,"Education,Geology, Environmental, Earth & Marine Sciences,Business & Management,Biological Sciences,Chemical Engineering,Civil Engineering,Languages, Literature & Linguistics,General Engineering,Mathematics & Statistics,Mechanical & Aerospace Engineering,Communication & Media Studies,History, Philosophy & Theology,Accounting & Finance,Computer Science,Economics & Econometrics,Medicine & Dentistry,Physics & Astronomy,Psychology,Chemistry,Architecture,Other Health,Geography,Electrical & Electronic Engineering,Archaeology",False,False,False,
201-250,Paris Descartes University,46.3—50.4,2320,24.6,515,32.5,253,84.6,132,38.6,500,51.7,375,master_account,0,/world-university-rankings/paris-descartes-university,131297,France,"32,978",24.4,15%,63 : 37,Paris Descartes University,"Accounting & Finance,Art, Performing Arts & Design,Biological Sciences,Business & Management,Communication & Media Studies,Computer Science,Economics & Econometrics,Education,Law,Mathematics & Statistics,Medicine & Dentistry,Psychology,Sociology,Sport Science",False,False,False,
201-250,Paris Diderot University – Paris 7,46.3—50.4,2330,28.9,389,24.0,394,91.8,68,32.9,836,65.7,239,master_account,0,/world-university-rankings/paris-diderot-university-paris-7,635,France,"27,836",14.8,17%,63 : 37,Paris Diderot University – Paris 7,,False,False,False,
201-250,Politecnico di Milano,46.3—50.4,2340,32.6,312,30.3,278,76.4,216,59.3,176,52.6,366,master_account,11,/world-university-rankings/politecnico-di-milano,797,Italy,"33,486",25.3,13%,35 : 65,Politecnico di Milano,"Civil Engineering,Computer Science,Architecture,Chemical Engineering,Mechanical & Aerospace Engineering,Business & Management,Electrical & Electronic Engineering,Art, Performing Arts & Design,General Engineering",False,False,False,
201-250,Queensland University of Technology,46.3—50.4,2350,28.4,402,37.9,197,67.4,310,58.9,181,77.9,140,master_account,6,/world-university-rankings/queensland-university-technology,758,Australia,"34,398",36.3,17%,54 : 46,Queensland University of Technology qut,"Architecture,Politics & International Studies (incl Development Studies),Business & Management,Education,Computer Science,Accounting & Finance,Languages, Literature & Linguistics,Chemical Engineering,Electrical & Electronic Engineering,Chemistry,General Engineering,Other Health,Art, Performing Arts & Design,Sport Science,Geology, Environmental, Earth & Marine Sciences,Biological Sciences,Communication & Media Studies,Psychology,Civil Engineering,Law,Mathematics & Statistics,Economics & Econometrics,Physics & Astronomy,Geography,Mechanical & Aerospace Engineering",False,False,False,
201-250,Queen’s University,46.3—50.4,2360,38.9,200,34.8,231,60.9,378,41.7,404,64.7,250,master_account,11,/world-university-rankings/queens-university,639,Canada,"21,015",22.6,11%,58 : 42,Queen’s University Canadian University Research Student Experience,"Mechanical & Aerospace Engineering,Sport Science,Electrical & Electronic Engineering,Accounting & Finance,Education,Geography,Mathematics & Statistics,History, Philosophy & Theology,Politics & International Studies (incl Development Studies),Chemical Engineering,Business & Management,Psychology,Other Health,Civil Engineering,Chemistry,Physics & Astronomy,Geology, Environmental, Earth & Marine Sciences,Medicine & Dentistry,Economics & Econometrics,Law,Art, Performing Arts & Design,Biological Sciences,Sociology,Languages, Literature & Linguistics,General Engineering,Computer Science,Communication & Media Studies,Agriculture & Forestry",False,False,False,https://www.timeshighereducation.com/student/register-interest/applyboard?utm_medium=thewebsite&utm_campaign=cta-link&utm_source=rankings&iid=i-38060122
201-250,Queen’s University Belfast,46.3—50.4,2370,31.2,340,31.9,261,78.3,199,37.1,573,94.3,24,master_account,11,/world-university-rankings/queens-university-belfast,730,United Kingdom,"17,350",16.1,32%,55 : 45,Queen’s University Belfast qub queen&#039;s,"Economics & Econometrics,Architecture,Chemical Engineering,Communication & Media Studies,Sociology,Mechanical & Aerospace Engineering,Agriculture & Forestry,Accounting & Finance,Business & Management,Civil Engineering,Chemistry,Other Health,Geography,Archaeology,Psychology,Education,Medicine & Dentistry,Electrical & Electronic Engineering,Computer Science,Physics & Astronomy,History, Philosophy & Theology,Law,Biological Sciences,Mathematics & Statistics,Geology, Environmental, Earth & Marine Sciences,Languages, Literature & Linguistics,Politics & International Studies (incl Development Studies),Art, Performing Arts & Design",False,False,False,
201-250,RCSI University of Medicine and Health Sciences,46.3—50.4,2380,35.5,254,18.6,522,81.7,164,37.1,574,89.5,59,master_account,11,/world-university-rankings/rcsi-university-medicine-and-health-sciences,1033,Ireland,"2,184",18.2,62%,,RCSI University of Medicine and Health Sciences rcsi,"Medicine & Dentistry,Other Health",False,False,False,
201-250,Shanghai Jiao Tong University,46.3—50.4,2390,51.9,85,56.5,80,41.5,553,90.5,48,29.3,701,master_account,0,/world-university-rankings/shanghai-jiao-tong-university,801,China,"36,535",12.3,6%,41 : 59,Shanghai Jiao Tong University SJTU,"Geology, Environmental, Earth & Marine Sciences,General Engineering,Politics & International Studies (incl Development Studies),Sociology,Medicine & Dentistry,Biological Sciences,Communication & Media Studies,Chemical Engineering,Veterinary Science,Business & Management,Architecture,Psychology,Law,Mechanical & Aerospace Engineering,Art, Performing Arts & Design,Education,Agriculture & Forestry,Languages, Literature & Linguistics,Sport Science,Economics & Econometrics,Accounting & Finance,Mathematics & Statistics,Electrical & Electronic Engineering,Civil Engineering,Computer Science,Other Health,Physics & Astronomy,History, Philosophy & Theology,Chemistry",False,False,False,
201-250,Simon Fraser University,46.3—50.4,2400,23.8,546,31.9,262,77.0,211,47.5,285,89.3,61,master_account,11,/world-university-rankings/simon-fraser-university,709,Canada,"26,607",28.3,29%,55 : 45,Simon Fraser University,"Physics & Astronomy,Psychology,Biological Sciences,Communication & Media Studies,Economics & Econometrics,History, Philosophy & Theology,Chemistry,Sociology,Other Health,Geography,Mathematics & Statistics,Languages, Literature & Linguistics,Politics & International Studies (incl Development Studies),Electrical & Electronic Engineering,Accounting & Finance,Archaeology,Law,Computer Science,Education,Art, Performing Arts & Design,Sport Science,Geology, Environmental, Earth & Marine Sciences,General Engineering,Business & Management",False,False,False,
201-250,University of South Florida (Tampa),46.3—50.4,2410,27.8,412,34.9,228,75.2,230,95.8,37,44.4,480,public,0,/world-university-rankings/university-south-florida-tampa,803,United States,"32,016",19.0,11%,,University of South Florida (Tampa),"Sociology,Archaeology,Mathematics & Statistics,Biological Sciences,Psychology,Politics & International Studies (incl Development Studies),Veterinary Science,Electrical & Electronic Engineering,General Engineering,Medicine & Dentistry,Geography,Civil Engineering,Education,Architecture,Agriculture & Forestry,History, Philosophy & Theology,Sport Science,Economics & Econometrics,Computer Science,Communication & Media Studies,Geology, Environmental, Earth & Marine Sciences,Art, Performing Arts & Design,Languages, Literature & Linguistics,Business & Management,Physics & Astronomy,Chemical Engineering,Other Health,Mechanical & Aerospace Engineering,Chemistry,Accounting & Finance",False,False,False,https://www.timeshighereducation.com/student/into-university-partnerships?utm_medium=thewebsite&utm_campaign=cta-link&utm_source=rankings&iid=i-47513011
201-250,"St George’s, University of London",46.3—50.4,2420,21.3,654,20.7,473,100.0,1,35.5,659,67.7,223,master_account,0,/world-university-rankings/st-georges-university-london,872,United Kingdom,"3,075",14.6,16%,62 : 38,"St George’s, University of London","Other Health,Medicine & Dentistry",False,False,False,https://www.timeshighereducation.com/student/register-interest/siuk?utm_medium=thewebsite&utm_campaign=cta-link&utm_source=rankings&iid=i-09230679
201-250,Stony Brook University,46.3—50.4,2430,34.7,269,24.5,384,86.8,110,35.6,649,55.6,334,public,0,/world-university-rankings/stony-brook-university,578,United States,"22,867",10.9,24%,49 : 51,Stony Brook University,"Mechanical & Aerospace Engineering,Sociology,Other Health,Chemistry,Accounting & Finance,Archaeology,Biological Sciences,Psychology,Art, Performing Arts & Design,Civil Engineering,Geography,General Engineering,Communication & Media Studies,Education,Electrical & Electronic Engineering,Chemical Engineering,Languages, Literature & Linguistics,Business & Management,Computer Science,Geology, Environmental, Earth & Marine Sciences,Politics & International Studies (incl Development Studies),History, Philosophy & Theology,Mathematics & Statistics,Medicine & Dentistry,Physics & Astronomy,Economics & Econometrics",False,False,False,https://www.timeshighereducation.com/student/register-interest/shorelight?utm_medium=thewebsite&utm_campaign=cta-link&utm_source=rankings&iid=i-10396992
201-250,University of Stuttgart,46.3—50.4,2440,42.3,159,44.5,141,53.4,444,100.0,10,47.2,441,master_account,0,/world-university-rankings/university-stuttgart,1031,Germany,"15,721",30.3,14%,30 : 70,University of Stuttgart,"Mathematics & Statistics,Sociology,Chemistry,Electrical & Electronic Engineering,History, Philosophy & Theology,Physics & Astronomy,Business & Management,General Engineering,Computer Science,Chemical Engineering,Politics & International Studies (incl Development Studies),Sport Science,Languages, Literature & Linguistics,Civil Engineering,Mechanical & Aerospace Engineering,Biological Sciences,Architecture",False,False,False,
201-250,University of Technology Sydney,46.3—50.4,2450,27.1,439,40.0,177,73.8,246,44.2,344,92.3,36,master_account,0,/world-university-rankings/university-technology-sydney,906,Australia,"25,069",44.0,35%,52 : 48,University of Technology Sydney UTS,"Business & Management,Psychology,Mathematics & Statistics,Communication & Media Studies,Geography,Electrical & Electronic Engineering,Education,General Engineering,Other Health,Biological Sciences,Computer Science,Sociology,Geology, Environmental, Earth & Marine Sciences,Architecture,Medicine & Dentistry,Law,Sport Science,Art, Performing Arts & Design,Civil Engineering,Accounting & Finance,Politics & International Studies (incl Development Studies),Chemical Engineering,Languages, Literature & Linguistics,Mechanical & Aerospace Engineering,Economics & Econometrics,Physics & Astronomy,History, Philosophy & Theology,Chemistry,Agriculture & Forestry",False,False,False,
201-250,Technical University of Darmstadt,46.3—50.4,2460,38.2,214,43.0,152,52.5,449,95.1,39,54.7,347,master_account,0,/world-university-rankings/technical-university-darmstadt,745,Germany,"20,719",51.9,18%,28 : 72,Technical University of Darmstadt Technical University of Darmstadt,"Languages, Literature & Linguistics,Sociology,Civil Engineering,Geology, Environmental, Earth & Marine Sciences,History, Philosophy & Theology,Sport Science,Psychology,Chemical Engineering,Politics & International Studies (incl Development Studies),Mechanical & Aerospace Engineering,Chemistry,Computer Science,Economics & Econometrics,Architecture,Education,Other Health,Biological Sciences,Business & Management,General Engineering,Mathematics & Statistics,Electrical & Electronic Engineering,Physics & Astronomy",False,False,False,
201-250,Tel Aviv University,46.3—50.4,2470,41.0,172,51.1,99,55.1,429,45.3,315,49.1,416,master_account,0,/world-university-rankings/tel-aviv-university,630,Israel,"23,663",24.0,4%,,Tel Aviv University,"Electrical & Electronic Engineering,Sociology,Art, Performing Arts & Design,Computer Science,Politics & International Studies (incl Development Studies),Economics & Econometrics,Languages, Literature & Linguistics,Mathematics & Statistics,Education,Architecture,Geology, Environmental, Earth & Marine Sciences,Other Health,Agriculture & Forestry,History, Philosophy & Theology,Mechanical & Aerospace Engineering,Geography,Archaeology,Physics & Astronomy,Accounting & Finance,Law,General Engineering,Psychology,Biological Sciences,Chemistry,Business & Management,Medicine & Dentistry,Communication & Media Studies,Sport Science",False,False,False,
201-250,University of Texas at Dallas,46.3—50.4,2480,26.9,445,32.5,254,90.4,80,43.3,365,53.1,364,public,0,/world-university-rankings/university-texas-dallas,733,United States,"17,825",25.0,25%,44 : 56,University of Texas at Dallas utd,"General Engineering,Sociology,Computer Science,Biological Sciences,Politics & International Studies (incl Development Studies),Other Health,Psychology,Geography,Chemistry,Education,Accounting & Finance,Art, Performing Arts & Design,Electrical & Electronic Engineering,Mechanical & Aerospace Engineering,History, Philosophy & Theology,Geology, Environmental, Earth & Marine Sciences,Economics & Econometrics,Mathematics & Statistics,Languages, Literature & Linguistics,Physics & Astronomy,Business & Management",False,False,False,
201-250,Tohoku University,46.3—50.4,2490,48.6,108,47.3,122,50.4,468,69.5,116,32.4,656,master_account,0,/world-university-rankings/tohoku-university,584,Japan,"17,349",5.4,9%,26 : 74,Tohoku University,"Computer Science,Sport Science,Education,Economics & Econometrics,Electrical & Electronic Engineering,Geology, Environmental, Earth & Marine Sciences,Art, Performing Arts & Design,Civil Engineering,Politics & International Studies (incl Development Studies),History, Philosophy & Theology,Other Health,Mathematics & Statistics,Business & Management,Medicine & Dentistry,Biological Sciences,Chemistry,General Engineering,Physics & Astronomy,Psychology,Mechanical & Aerospace Engineering,Geography,Accounting & Finance,Archaeology,Agriculture & Forestry,Law,Architecture,Veterinary Science,Sociology,Languages, Literature & Linguistics,Chemical Engineering,Communication & Media Studies",False,False,False,
201-250,University of Trento,46.3—50.4,2500,23.6,554,27.7,320,89.3,90,41.3,417,57.3,315,master_account,0,/world-university-rankings/university-trento,763,Italy,"17,118",28.2,9%,52 : 48,University of Trento,"Archaeology,Sport Science,Mathematics & Statistics,Business & Management,Physics & Astronomy,Chemical Engineering,Law,Economics & Econometrics,Accounting & Finance,Politics & International Studies (incl Development Studies),Languages, Literature & Linguistics,Architecture,Computer Science,Sociology,History, Philosophy & Theology,Civil Engineering,Biological Sciences,Psychology,Electrical & Electronic Engineering,Mechanical & Aerospace Engineering,Geology, Environmental, Earth & Marine Sciences,Agriculture & Forestry,Medicine & Dentistry,Art, Performing Arts & Design",False,False,False,
201-250,University of Utah,46.3—50.4,2510,37.9,221,30.5,275,86.7,113,47.8,280,32.5,653,public,0,/world-university-rankings/university-utah,577,United States,"30,193",14.8,10%,45 : 55,University of Utah,"Agriculture & Forestry,Geography,History, Philosophy & Theology,Architecture,Biological Sciences,Law,General Engineering,Chemistry,Accounting & Finance,Art, Performing Arts & Design,Mechanical & Aerospace Engineering,Politics & International Studies (incl Development Studies),Medicine & Dentistry,Sport Science,Education,Other Health,Mathematics & Statistics,Psychology,Geology, Environmental, Earth & Marine Sciences,Economics & Econometrics,Electrical & Electronic Engineering,Languages, Literature & Linguistics,Chemical Engineering,Sociology,Computer Science,Physics & Astronomy,Business & Management,Civil Engineering,Communication & Media Studies",False,False,False,https://www.timeshighereducation.com/student/register-interest/shorelight?utm_medium=thewebsite&utm_campaign=cta-link&utm_source=rankings&iid=i-02638481
201-250,Wake Forest University,46.3—50.4,2520,37.8,223,20.3,484,92.6,60,41.3,418,26.1,749,private,0,/world-university-rankings/wake-forest-university,627,United States,"7,451",4.5,5%,50 : 50,Wake Forest University,"Mechanical & Aerospace Engineering,Law,Agriculture & Forestry,Education,Languages, Literature & Linguistics,Other Health,Sociology,Biological Sciences,Psychology,Art, Performing Arts & Design,Sport Science,Business & Management,Medicine & Dentistry,Geology, Environmental, Earth & Marine Sciences,General Engineering,Communication & Media Studies,History, Philosophy & Theology,Mathematics & Statistics,Economics & Econometrics,Computer Science,Chemistry,Physics & Astronomy,Accounting & Finance",False,False,False,https://www.timeshighereducation.com/student/register-interest/shorelight?utm_medium=thewebsite&utm_campaign=cta-link&utm_source=rankings&iid=i-03430941
201-250,Western University,46.3—50.4,2530,40.1,186,34.9,229,69.3,292,55.1,195,73.6,181,master_account,11,/world-university-rankings/western-university,690,Canada,"28,060",21.6,16%,55 : 45,Western University,"Mechanical & Aerospace Engineering,Sport Science,Physics & Astronomy,Chemistry,Business & Management,Communication & Media Studies,Computer Science,Civil Engineering,Law,Mathematics & Statistics,Politics & International Studies (incl Development Studies),Geography,Sociology,Education,Psychology,Other Health,Languages, Literature & Linguistics,General Engineering,Electrical & Electronic Engineering,Economics & Econometrics,Chemical Engineering,Archaeology,History, Philosophy & Theology,Accounting & Finance,Medicine & Dentistry,Biological Sciences,Art, Performing Arts & Design,Geology, Environmental, Earth & Marine Sciences",False,False,False,https://www.timeshighereducation.com/student/register-interest/applyboard?utm_medium=thewebsite&utm_campaign=cta-link&utm_source=rankings&iid=i-91582771
201-250,Zhejiang University,46.3—50.4,2540,51.7,88,54.2,87,44.5,524,89.2,51,22.0,821,master_account,0,/world-university-rankings/zhejiang-university,815,China,"47,845",15.2,5%,41 : 59,Zhejiang University ZJU Zhejiang University China research,"Chemical Engineering,Business & Management,Other Health,Biological Sciences,Politics & International Studies (incl Development Studies),Languages, Literature & Linguistics,Law,Architecture,Geography,Communication & Media Studies,Economics & Econometrics,Physics & Astronomy,Geology, Environmental, Earth & Marine Sciences,Computer Science,Agriculture & Forestry,History, Philosophy & Theology,Civil Engineering,Psychology,Sport Science,Electrical & Electronic Engineering,Mathematics & Statistics,Chemistry,Education,Sociology,General Engineering,Art, Performing Arts & Design,Mechanical & Aerospace Engineering,Veterinary Science,Medicine & Dentistry,Accounting & Finance,Archaeology",False,False,False,
201-250,École Normale Supérieure de Lyon,46.3—50.4,2550,44.5,135,30.4,277,64.5,347,34.9,698,68.4,217,master_account,0,/world-university-rankings/ecole-normale-superieure-de-lyon,605,France,"2,238",8.4,15%,46 : 54,École Normale Supérieure de Lyon,"Politics & International Studies (incl Development Studies),Physics & Astronomy,History, Philosophy & Theology,Biological Sciences,Mathematics & Statistics,Education,Languages, Literature & Linguistics,Chemistry,Economics & Econometrics,Geography,Computer Science,Sociology,Art, Performing Arts & Design,Geology, Environmental, Earth & Marine Sciences",False,False,False,
251-300,University of Bath,43.5—46.2,2560,31.8,328,31.0,270,65.1,339,37.2,562,85.5,91,master_account,11,/world-university-rankings/university-bath,716,United Kingdom,"11,765",16.5,30%,45 : 55,University of Bath,"Languages, Literature & Linguistics,Mathematics & Statistics,Accounting & Finance,Education,Civil Engineering,Architecture,Physics & Astronomy,Business & Management,General Engineering,Geology, Environmental, Earth & Marine Sciences,Mechanical & Aerospace Engineering,Psychology,Economics & Econometrics,Sport Science,Chemical Engineering,Politics & International Studies (incl Development Studies),Other Health,Biological Sciences,Computer Science,Sociology,Electrical & Electronic Engineering,Chemistry",False,False,False,https://www.timeshighereducation.com/student/register-interest/siuk?utm_medium=thewebsite&utm_campaign=cta-link&utm_source=rankings&iid=i-70346313
251-300,University of Bayreuth,43.5—46.2,2570,32.6,308,31.4,263,66.3,330,63.5,152,53.8,359,master_account,0,/world-university-rankings/university-bayreuth,881,Germany,"12,709",37.8,7%,46 : 54,University of Bayreuth,"Economics & Econometrics,Languages, Literature & Linguistics,Mathematics & Statistics,Other Health,Education,Politics & International Studies (incl Development Studies),Chemical Engineering,Communication & Media Studies,Computer Science,Mechanical & Aerospace Engineering,History, Philosophy & Theology,Electrical & Electronic Engineering,Law,General Engineering,Geology, Environmental, Earth & Marine Sciences,Sport Science,Business & Management,Chemistry,Geography,Sociology,Physics & Astronomy,Biological Sciences,Accounting & Finance,Art, Performing Arts & Design",False,False,False,
251-300,Bielefeld University,43.5—46.2,2580,37.6,226,43.7,144,55.6,425,59.3,174,46.2,456,master_account,0,/world-university-rankings/bielefeld-university,717,Germany,"22,279",69.6,8%,57 : 43,Bielefeld University,"Languages, Literature & Linguistics,Chemistry,Accounting & Finance,Physics & Astronomy,Biological Sciences,Mathematics & Statistics,Education,Economics & Econometrics,Sport Science,Other Health,Communication & Media Studies,History, Philosophy & Theology,Chemical Engineering,Geology, Environmental, Earth & Marine Sciences,Psychology,Art, Performing Arts & Design,Medicine & Dentistry,Business & Management,Politics & International Studies (incl Development Studies),Sociology,Law,Computer Science",False,False,False,
251-300,University at Buffalo,43.5—46.2,2590,38.0,219,29.0,303,66.1,332,42.8,377,64.6,252,public,0,/world-university-rankings/university-buffalo,670,United States,"26,418",18.8,21%,46 : 54,University at Buffalo,"Archaeology,Chemical Engineering,Politics & International Studies (incl Development Studies),Biological Sciences,Communication & Media Studies,Art, Performing Arts & Design,Computer Science,Medicine & Dentistry,Civil Engineering,Law,Languages, Literature & Linguistics,Business & Management,Economics & Econometrics,Mechanical & Aerospace Engineering,Chemistry,Sociology,Sport Science,Accounting & Finance,History, Philosophy & Theology,Education,Physics & Astronomy,Geology, Environmental, Earth & Marine Sciences,General Engineering,Mathematics & Statistics,Other Health,Geography,Psychology,Architecture,Agriculture & Forestry,Electrical & Electronic Engineering",False,False,False,https://www.timeshighereducation.com/student/register-interest/shorelight?utm_medium=thewebsite&utm_campaign=cta-link&utm_source=rankings&iid=i-57536803
251-300,Chalmers University of Technology,43.5—46.2,2600,38.8,201,28.5,307,61.9,365,70.8,107,75.8,160,master_account,0,/world-university-rankings/chalmers-university-technology,695,Sweden,"8,819",11.9,15%,31 : 69,Chalmers University of Technology,"Chemistry,Other Health,Chemical Engineering,Economics & Econometrics,Mathematics & Statistics,General Engineering,Business & Management,Civil Engineering,Education,Mechanical & Aerospace Engineering,Geology, Environmental, Earth & Marine Sciences,Computer Science,Physics & Astronomy,Accounting & Finance,Electrical & Electronic Engineering,Architecture,Sport Science,Biological Sciences",False,False,False,
251-300,Charles Darwin University,43.5—46.2,2610,18.4,780,19.0,509,91.7,69,44.3,339,77.2,147,master_account,0,/world-university-rankings/charles-darwin-university,774,Australia,"6,096",21.3,25%,66 : 34,Charles Darwin University,"Electrical & Electronic Engineering,Other Health,Economics & Econometrics,History, Philosophy & Theology,Agriculture & Forestry,Politics & International Studies (incl Development Studies),Law,Computer Science,Medicine & Dentistry,Chemical Engineering,Accounting & Finance,Psychology,General Engineering,Chemistry,Business & Management,Languages, Literature & Linguistics,Physics & Astronomy,Education,Art, Performing Arts & Design,Biological Sciences,Communication & Media Studies,Mechanical & Aerospace Engineering,Geology, Environmental, Earth & Marine Sciences,Civil Engineering,Sociology,Geography",False,False,False,https://www.timeshighereducation.com/student/register-interest/aecc?utm_medium=thewebsite&utm_campaign=cta-link&utm_source=rankings&iid=i-76387108
251-300,Colorado School of Mines,43.5—46.2,2620,32.6,310,27.8,316,73.5,248,74.9,95,39.9,553,public,0,/world-university-rankings/colorado-school-mines,673,United States,"5,437",17.7,11%,27 : 73,Colorado School of Mines,"Geography,Mathematics & Statistics,General Engineering,Computer Science,Physics & Astronomy,Chemical Engineering,Mechanical & Aerospace Engineering,Chemistry,Geology, Environmental, Earth & Marine Sciences,Electrical & Electronic Engineering,Business & Management,Civil Engineering,Economics & Econometrics",False,False,False,https://www.timeshighereducation.com/student/register-interest/shorelight?utm_medium=thewebsite&utm_campaign=cta-link&utm_source=rankings&iid=i-08832472
251-300,Copenhagen Business School,43.5—46.2,2630,19.8,714,24.4,386,76.8,212,39.4,474,89.9,56,master_account,0,/world-university-rankings/copenhagen-business-school,131327,Denmark,"19,154",42.9,21%,48 : 52,Copenhagen Business School,"Politics & International Studies (incl Development Studies),Law,Computer Science,Psychology,Other Health,Economics & Econometrics,History, Philosophy & Theology,Accounting & Finance,Sociology,Business & Management,Communication & Media Studies,Mathematics & Statistics",False,False,False,
251-300,Dalhousie University,43.5—46.2,2640,29.1,388,29.6,289,70.7,276,47.6,282,80.1,121,master_account,11,/world-university-rankings/dalhousie-university,698,Canada,"15,293",14.9,19%,55 : 45,Dalhousie University,"Civil Engineering,Accounting & Finance,Chemical Engineering,Agriculture & Forestry,Other Health,History, Philosophy & Theology,Art, Performing Arts & Design,Chemistry,Mathematics & Statistics,Sociology,Mechanical & Aerospace Engineering,Geology, Environmental, Earth & Marine Sciences,Electrical & Electronic Engineering,Psychology,Politics & International Studies (incl Development Studies),General Engineering,Architecture,Languages, Literature & Linguistics,Communication & Media Studies,Biological Sciences,Business & Management,Medicine & Dentistry,Economics & Econometrics,Computer Science,Law,Veterinary Science,Sport Science,Physics & Astronomy",False,False,False,https://www.timeshighereducation.com/student/register-interest/applyboard?utm_medium=thewebsite&utm_campaign=cta-link&utm_source=rankings&iid=i-91697003
251-300,Deakin University,43.5—46.2,2650,23.0,573,24.5,379,75.5,225,34.1,740,76.8,151,master_account,0,/world-university-rankings/deakin-university,822,Australia,"34,968",31.1,17%,59 : 41,Deakin University,"Architecture,Agriculture & Forestry,Geography,Languages, Literature & Linguistics,Chemistry,Civil Engineering,Art, Performing Arts & Design,Geology, Environmental, Earth & Marine Sciences,Sport Science,Sociology,Other Health,Education,Computer Science,Psychology,Electrical & Electronic Engineering,Mechanical & Aerospace Engineering,Biological Sciences,Medicine & Dentistry,Politics & International Studies (incl Development Studies),Accounting & Finance,Mathematics & Statistics,Communication & Media Studies,History, Philosophy & Theology,Law,General Engineering,Business & Management,Economics & Econometrics",False,False,False,https://www.timeshighereducation.com/student/register-interest/aecc?utm_medium=thewebsite&utm_campaign=cta-link&utm_source=rankings&iid=i-92679623
251-300,Free University of Bozen-Bolzano,43.5—46.2,2660,22.8,580,8.1,899,96.1,37,32.3,907,79.9,122,master_account,11,/world-university-rankings/free-university-bozen-bolzano,589127,Italy,"2,813",4.1,16%,67 : 33,Free University of Bozen-Bolzano,"Agriculture & Forestry,General Engineering,Business & Management,Art, Performing Arts & Design,Education,Accounting & Finance,Electrical & Electronic Engineering,Communication & Media Studies,Computer Science,Economics & Econometrics,Politics & International Studies (incl Development Studies)",False,False,False,
251-300,University of Fribourg,43.5—46.2,2670,33.7,285,32.7,247,56.8,412,59.7,173,86.8,81,master_account,0,/world-university-rankings/university-fribourg,887,Switzerland,"10,701",46.2,18%,58 : 42,University of Fribourg,"Geography,Computer Science,Biological Sciences,Archaeology,Politics & International Studies (incl Development Studies),Physics & Astronomy,Law,Communication & Media Studies,Medicine & Dentistry,Accounting & Finance,Mathematics & Statistics,Chemistry,Education,Sociology,Other Health,Languages, Literature & Linguistics,Geology, Environmental, Earth & Marine Sciences,Sport Science,Business & Management,Economics & Econometrics,History, Philosophy & Theology,Psychology",False,False,False,
251-300,Griffith University,43.5—46.2,2680,22.6,588,28.5,308,74.8,236,41.3,415,82.3,115,master_account,0,/world-university-rankings/griffith-university,825,Australia,"31,031",22.3,20%,56 : 44,Griffith University,"Accounting & Finance,Mathematics & Statistics,Other Health,Mechanical & Aerospace Engineering,Languages, Literature & Linguistics,Agriculture & Forestry,Business & Management,Archaeology,Electrical & Electronic Engineering,History, Philosophy & Theology,Sport Science,Chemistry,Politics & International Studies (incl Development Studies),Biological Sciences,Civil Engineering,Communication & Media Studies,General Engineering,Physics & Astronomy,Sociology,Art, Performing Arts & Design,Law,Geography,Psychology,Computer Science,Geology, Environmental, Earth & Marine Sciences,Economics & Econometrics,Education,Medicine & Dentistry,Architecture",False,False,False,
251-300,University of Hohenheim,43.5—46.2,2690,34.1,281,30.1,281,66.5,328,49.6,254,51.1,388,master_account,0,/world-university-rankings/university-hohenheim,131525,Germany,"9,524",42.1,13%,57 : 43,University of Hohenheim,"Economics & Econometrics,Accounting & Finance,Biological Sciences,Geology, Environmental, Earth & Marine Sciences,Other Health,Communication & Media Studies,Business & Management,Agriculture & Forestry",False,False,False,
251-300,James Cook University,43.5—46.2,2700,21.7,633,22.3,433,84.2,137,43.2,368,74.1,176,master_account,0,/world-university-rankings/james-cook-university,131521,Australia,"12,004",22.9,13%,63 : 37,James Cook University,"Languages, Literature & Linguistics,Veterinary Science,Archaeology,Computer Science,Biological Sciences,Mathematics & Statistics,Economics & Econometrics,Geology, Environmental, Earth & Marine Sciences,Chemistry,Other Health,Electrical & Electronic Engineering,Sport Science,Psychology,General Engineering,Physics & Astronomy,Business & Management,Law,Agriculture & Forestry,Mechanical & Aerospace Engineering,Civil Engineering,Medicine & Dentistry,Accounting & Finance,Education,Politics & International Studies (incl Development Studies),Geography,Sociology,Chemical Engineering,History, Philosophy & Theology",False,False,False,https://www.timeshighereducation.com/student/register-interest/aecc?utm_medium=thewebsite&utm_campaign=cta-link&utm_source=rankings&iid=i-45641594
251-300,Johannes Gutenberg University of Mainz,43.5—46.2,2710,35.8,252,22.0,442,76.3,217,57.8,186,54.5,352,master_account,0,/world-university-rankings/johannes-gutenberg-university-mainz,871,Germany,"35,215",31.5,10%,58 : 42,Johannes Gutenberg University of Mainz,"Sociology,Mathematics & Statistics,Economics & Econometrics,Archaeology,Other Health,Languages, Literature & Linguistics,Communication & Media Studies,Medicine & Dentistry,Physics & Astronomy,Business & Management,Law,Art, Performing Arts & Design,Computer Science,Sport Science,History, Philosophy & Theology,Biological Sciences,Education,Politics & International Studies (incl Development Studies),Geology, Environmental, Earth & Marine Sciences,Psychology,Accounting & Finance,Geography,Chemistry",False,False,False,
251-300,Koç University,43.5—46.2,2720,25.2,495,29.8,285,70.3,282,81.9,70,54.4,354,master_account,0,/world-university-rankings/koc-university,875,Turkey,"4,793",14.6,9%,52 : 48,Koç University koc,"Archaeology,Other Health,General Engineering,Art, Performing Arts & Design,Mathematics & Statistics,Computer Science,Communication & Media Studies,Biological Sciences,Languages, Literature & Linguistics,Sociology,Politics & International Studies (incl Development Studies),Electrical & Electronic Engineering,Business & Management,Chemistry,Mechanical & Aerospace Engineering,Medicine & Dentistry,Economics & Econometrics,Law,History, Philosophy & Theology,Physics & Astronomy,Accounting & Finance,Chemical Engineering,Psychology",False,False,False,
251-300,Université Laval,43.5—46.2,2730,37.0,236,27.3,327,67.2,315,54.7,198,65.5,240,master_account,0,/world-university-rankings/universite-laval,876,Canada,"28,757",16.9,12%,57 : 43,Université Laval,"Sport Science,Medicine & Dentistry,Psychology,Geology, Environmental, Earth & Marine Sciences,Electrical & Electronic Engineering,Economics & Econometrics,History, Philosophy & Theology,Agriculture & Forestry,Geography,General Engineering,Chemistry,Business & Management,Architecture,Chemical Engineering,Sociology,Languages, Literature & Linguistics,Civil Engineering,Politics & International Studies (incl Development Studies),Archaeology,Biological Sciences,Law,Computer Science,Physics & Astronomy,Accounting & Finance,Other Health,Mathematics & Statistics,Education,Art, Performing Arts & Design,Mechanical & Aerospace Engineering,Communication & Media Studies",False,False,False,
251-300,Macquarie University,43.5—46.2,2740,32.5,315,36.5,210,62.3,362,41.3,416,75.0,171,master_account,0,/world-university-rankings/macquarie-university,703,Australia,"27,532",32.8,24%,55 : 45,Macquarie University,"Agriculture & Forestry,Sport Science,Economics & Econometrics,Civil Engineering,Computer Science,Education,Law,Sociology,Geology, Environmental, Earth & Marine Sciences,Communication & Media Studies,General Engineering,Business & Management,Physics & Astronomy,Other Health,Mechanical & Aerospace Engineering,Accounting & Finance,History, Philosophy & Theology,Politics & International Studies (incl Development Studies),Languages, Literature & Linguistics,Art, Performing Arts & Design,Medicine & Dentistry,Mathematics & Statistics,Biological Sciences,Chemistry,Psychology,Architecture,Geography,Archaeology,Electrical & Electronic Engineering",False,False,False,
251-300,University of Marburg,43.5—46.2,2750,35.1,260,27.2,330,73.7,245,37.4,554,49.6,408,master_account,0,/world-university-rankings/university-marburg,589325,Germany,"26,085",39.0,9%,56 : 44,University of Marburg,"Computer Science,Physics & Astronomy,Medicine & Dentistry,Chemistry,Education,Languages, Literature & Linguistics,Politics & International Studies (incl Development Studies),History, Philosophy & Theology,Business & Management,Geography,Law,Sport Science,Psychology,Mathematics & Statistics,Other Health,Economics & Econometrics,Communication & Media Studies,Accounting & Finance,Art, Performing Arts & Design,Sociology,Biological Sciences,Archaeology",False,False,False,
251-300,Mines ParisTech,43.5—46.2,2760,43.5,140,20.3,483,64.5,346,98.6,29,63.4,262,master_account,0,/world-university-rankings/mines-paristech,877,France,"1,289",5.5,26%,29 : 71,Mines ParisTech,,False,False,False,
251-300,National Tsing Hua University,43.5—46.2,2770,38.7,205,40.1,173,55.8,424,47.3,289,26.6,743,master_account,0,/world-university-rankings/national-tsing-hua-university,680,Taiwan,"10,260",13.6,6%,33 : 67,National Tsing Hua University,"Civil Engineering,Politics & International Studies (incl Development Studies),Education,Languages, Literature & Linguistics,Physics & Astronomy,Psychology,Chemical Engineering,Sociology,Business & Management,Accounting & Finance,Electrical & Electronic Engineering,History, Philosophy & Theology,Chemistry,Computer Science,Mechanical & Aerospace Engineering,Art, Performing Arts & Design,Medicine & Dentistry,Other Health,Economics & Econometrics,Archaeology,Law,Sport Science,Mathematics & Statistics,General Engineering,Communication & Media Studies,Biological Sciences",False,False,False,
251-300,Norwegian University of Science and Technology,43.5—46.2,2780,30.1,367,32.8,246,65.5,337,46.5,300,65.3,243,master_account,0,/world-university-rankings/norwegian-university-science-and-technology,729,Norway,"22,031",18.3,11%,48 : 52,Norwegian University of Science and Technology,"History, Philosophy & Theology,Chemical Engineering,Art, Performing Arts & Design,Other Health,Physics & Astronomy,Archaeology,Sport Science,Economics & Econometrics,Computer Science,Chemistry,Medicine & Dentistry,Mathematics & Statistics,Architecture,Biological Sciences,Accounting & Finance,Mechanical & Aerospace Engineering,Politics & International Studies (incl Development Studies),Education,General Engineering,Geology, Environmental, Earth & Marine Sciences,Languages, Literature & Linguistics,Electrical & Electronic Engineering,Communication & Media Studies,Geography,Civil Engineering,Sociology,Psychology,Business & Management",False,False,False,
251-300,Oregon Health and Science University,43.5—46.2,2790,29.7,378,15.3,613,97.6,26,44.9,324,23.2,792,master_account,0,/world-university-rankings/oregon-health-and-science-university,131454,United States,"2,861",1.1,2%,65 : 35,Oregon Health and Science University,"Psychology,Chemistry,Biological Sciences,Other Health,Medicine & Dentistry",False,False,False,https://www.timeshighereducation.com/student/register-interest/shorelight?utm_medium=thewebsite&utm_campaign=cta-link&utm_source=rankings&iid=i-32306612
251-300,The University of Osaka,43.5—46.2,2800,52.6,82,49.6,107,38.2,584,73.9,99,28.8,706,master_account,0,/world-university-rankings/university-osaka,583,Japan,"23,087",7.6,9%,30 : 70,The University of Osaka Handai OU,"Chemistry,Computer Science,Languages, Literature & Linguistics,Chemical Engineering,Communication & Media Studies,Education,Architecture,Politics & International Studies (incl Development Studies),Electrical & Electronic Engineering,History, Philosophy & Theology,Sociology,Biological Sciences,General Engineering,Mechanical & Aerospace Engineering,Art, Performing Arts & Design,Economics & Econometrics,Psychology,Business & Management,Physics & Astronomy,Medicine & Dentistry,Archaeology,Sport Science,Geology, Environmental, Earth & Marine Sciences,Mathematics & Statistics,Geography,Accounting & Finance,Law,Civil Engineering,Other Health",False,False,False,
251-300,University of Ottawa,43.5—46.2,2810,38.1,217,21.0,463,67.5,306,41.5,412,71.8,192,master_account,0,/world-university-rankings/university-ottawa,649,Canada,"34,946",25.3,15%,60 : 40,University of Ottawa,"Medicine & Dentistry,Mathematics & Statistics,Politics & International Studies (incl Development Studies),Geology, Environmental, Earth & Marine Sciences,Chemistry,Communication & Media Studies,Mechanical & Aerospace Engineering,Languages, Literature & Linguistics,Education,Sport Science,Business & Management,Computer Science,General Engineering,Electrical & Electronic Engineering,Sociology,Accounting & Finance,Civil Engineering,Chemical Engineering,Art, Performing Arts & Design,Psychology,Geography,Biological Sciences,Physics & Astronomy,Law,Other Health,History, Philosophy & Theology,Economics & Econometrics",False,False,False,https://www.timeshighereducation.com/student/register-interest/applyboard?utm_medium=thewebsite&utm_campaign=cta-link&utm_source=rankings&iid=i-65998905
251-300,Rensselaer Polytechnic Institute,43.5—46.2,2820,33.6,287,33.5,237,67.3,313,79.1,79,43.1,499,private,0,/world-university-rankings/rensselaer-polytechnic-institute,608,United States,"6,829",15.5,17%,31 : 69,Rensselaer Polytechnic Institute,"Chemical Engineering,Geology, Environmental, Earth & Marine Sciences,Communication & Media Studies,Art, Performing Arts & Design,Computer Science,Electrical & Electronic Engineering,Architecture,Business & Management,Chemistry,Biological Sciences,General Engineering,Economics & Econometrics,Mechanical & Aerospace Engineering,History, Philosophy & Theology,Law,Psychology,Agriculture & Forestry,Civil Engineering,Other Health,Mathematics & Statistics,Physics & Astronomy",False,False,False,https://www.timeshighereducation.com/student/register-interest/shorelight?utm_medium=thewebsite&utm_campaign=cta-link&utm_source=rankings&iid=i-85269072
251-300,Ruhr University Bochum,43.5—46.2,2830,36.7,241,36.2,213,56.9,411,59.2,177,51.6,378,master_account,0,/world-university-rankings/ruhr-university-bochum,718,Germany,"42,718",61.2,13%,49 : 51,Ruhr University Bochum,"Education,Art, Performing Arts & Design,Biological Sciences,Law,Accounting & Finance,Electrical & Electronic Engineering,General Engineering,Mathematics & Statistics,Psychology,Other Health,Agriculture & Forestry,Geography,Business & Management,Computer Science,Sport Science,History, Philosophy & Theology,Communication & Media Studies,Languages, Literature & Linguistics,Civil Engineering,Geology, Environmental, Earth & Marine Sciences,Mechanical & Aerospace Engineering,Chemistry,Medicine & Dentistry,Sociology,Archaeology,Politics & International Studies (incl Development Studies),Physics & Astronomy,Economics & Econometrics",False,False,False,
251-300,Rush University,43.5—46.2,2840,38.4,209,13.6,667,89.8,86,44.0,351,22.3,811,master_account,0,/world-university-rankings/rush-university,131585,United States,"1,987",2.2,3%,71 : 29,Rush University,"Other Health,Medicine & Dentistry,Biological Sciences",False,False,False,https://www.timeshighereducation.com/student/register-interest/shorelight?utm_medium=thewebsite&utm_campaign=cta-link&utm_source=rankings&iid=i-57914611
251-300,Sapienza University of Rome,43.5—46.2,2850,38.3,212,35.3,220,67.2,317,41.0,425,37.6,587,master_account,0,/world-university-rankings/sapienza-university-rome,800,Italy,"115,327",31.8,7%,59 : 41,Sapienza University of Rome,"Art, Performing Arts & Design,Law,Computer Science,Other Health,Civil Engineering,Mathematics & Statistics,Economics & Econometrics,Chemistry,Architecture,Languages, Literature & Linguistics,Chemical Engineering,Sociology,Accounting & Finance,Medicine & Dentistry,Geography,Geology, Environmental, Earth & Marine Sciences,Psychology,Mechanical & Aerospace Engineering,Communication & Media Studies,General Engineering,Business & Management,Biological Sciences,History, Philosophy & Theology,Archaeology,Politics & International Studies (incl Development Studies),Physics & Astronomy,Electrical & Electronic Engineering,Education",False,False,False,
251-300,University of South Australia,43.5—46.2,2860,29.9,371,29.9,284,58.4,397,82.9,68,90.1,55,master_account,0,/world-university-rankings/university-south-australia,855,Australia,"19,996",29.6,33%,57 : 43,University of South Australia,"History, Philosophy & Theology,Biological Sciences,Accounting & Finance,Electrical & Electronic Engineering,Sociology,Computer Science,Business & Management,Languages, Literature & Linguistics,Sport Science,General Engineering,Civil Engineering,Law,Medicine & Dentistry,Mathematics & Statistics,Economics & Econometrics,Art, Performing Arts & Design,Architecture,Mechanical & Aerospace Engineering,Education,Communication & Media Studies,Geology, Environmental, Earth & Marine Sciences,Other Health,Psychology",False,False,False,https://www.timeshighereducation.com/student/register-interest/aecc?utm_medium=thewebsite&utm_campaign=cta-link&utm_source=rankings&iid=i-71919185
251-300,University of Southern Denmark,43.5—46.2,2870,21.4,646,23.6,411,81.6,166,69.9,112,76.9,150,master_account,0,/world-university-rankings/university-southern-denmark,731,Denmark,"25,313",13.5,16%,53 : 47,University of Southern Denmark,"Civil Engineering,Law,History, Philosophy & Theology,Mechanical & Aerospace Engineering,Politics & International Studies (incl Development Studies),Computer Science,Geology, Environmental, Earth & Marine Sciences,Economics & Econometrics,Chemical Engineering,Business & Management,Other Health,Electrical & Electronic Engineering,Communication & Media Studies,Medicine & Dentistry,General Engineering,Chemistry,Physics & Astronomy,Accounting & Finance,Art, Performing Arts & Design,Biological Sciences,Psychology,Sport Science,Sociology,Languages, Literature & Linguistics,Mathematics & Statistics,Education",False,False,False,
251-300,University of Surrey,43.5—46.2,2880,30.0,370,32.6,252,60.9,379,37.6,543,91.8,43,master_account,0,/world-university-rankings/university-surrey,806,United Kingdom,"10,375",13.3,38%,54 : 46,University of Surrey,"Accounting & Finance,Veterinary Science,Computer Science,Communication & Media Studies,Medicine & Dentistry,Agriculture & Forestry,Economics & Econometrics,Chemical Engineering,Biological Sciences,Art, Performing Arts & Design,Mechanical & Aerospace Engineering,Physics & Astronomy,Other Health,Law,Geology, Environmental, Earth & Marine Sciences,Chemistry,Politics & International Studies (incl Development Studies),History, Philosophy & Theology,Sport Science,Languages, Literature & Linguistics,Psychology,Electrical & Electronic Engineering,Business & Management,Mathematics & Statistics,Sociology,Civil Engineering",False,False,False,
251-300,Swedish University of Agricultural Sciences,43.5—46.2,2890,31.3,336,22.3,436,77.7,207,98.9,24,46.8,448,master_account,0,/world-university-rankings/swedish-university-agricultural-sciences,711,Sweden,"3,838",4.6,%,68 : 32,Swedish University of Agricultural Sciences,"Biological Sciences,Architecture,Geology, Environmental, Earth & Marine Sciences,Civil Engineering,Veterinary Science,Economics & Econometrics,Communication & Media Studies,Chemistry,Agriculture & Forestry,Business & Management,Politics & International Studies (incl Development Studies)",False,False,False,
251-300,Syracuse University,43.5—46.2,2900,32.9,302,25.9,352,75.4,227,36.4,602,41.4,529,private,0,/world-university-rankings/syracuse-university,1020,United States,"19,930",16.1,17%,54 : 46,Syracuse University,"Mechanical & Aerospace Engineering,Geography,Chemical Engineering,Physics & Astronomy,Civil Engineering,Mathematics & Statistics,Law,Languages, Literature & Linguistics,General Engineering,Politics & International Studies (incl Development Studies),Art, Performing Arts & Design,Computer Science,Communication & Media Studies,Economics & Econometrics,Agriculture & Forestry,Education,History, Philosophy & Theology,Biological Sciences,Chemistry,Psychology,Other Health,Geology, Environmental, Earth & Marine Sciences,Accounting & Finance,Architecture,Sport Science,Business & Management,Electrical & Electronic Engineering,Sociology",False,False,False,https://www.timeshighereducation.com/student/register-interest/shorelight?utm_medium=thewebsite&utm_campaign=cta-link&utm_source=rankings&iid=i-05986189
251-300,University of São Paulo,43.5—46.2,2910,57.2,63,60.2,68,25.7,706,39.6,471,28.3,715,master_account,0,/world-university-rankings/university-sao-paulo,642,Brazil,"83,201",14.7,4%,48 : 52,University of São Paulo,"Politics & International Studies (incl Development Studies),General Engineering,Art, Performing Arts & Design,Biological Sciences,Chemistry,Geography,Architecture,Law,Medicine & Dentistry,Communication & Media Studies,Civil Engineering,Mechanical & Aerospace Engineering,Accounting & Finance,Languages, Literature & Linguistics,Chemical Engineering,Economics & Econometrics,Education,Sociology,Computer Science,Archaeology,Other Health,Psychology,Electrical & Electronic Engineering,Business & Management,Mathematics & Statistics,Geology, Environmental, Earth & Marine Sciences,History, Philosophy & Theology,Agriculture & Forestry,Veterinary Science,Physics & Astronomy,Sport Science",False,False,False,
251-300,University of Tampere,43.5—46.2,2920,26.2,465,29.3,299,75.9,221,52.2,221,40.1,550,master_account,0,/world-university-rankings/university-tampere,807,Finland,"9,530",21.7,5%,66 : 34,University of Tampere,"Medicine & Dentistry,Business & Management,Sociology,Politics & International Studies (incl Development Studies),Languages, Literature & Linguistics,Education,Computer Science,Other Health,Accounting & Finance,Communication & Media Studies,History, Philosophy & Theology,Psychology,Art, Performing Arts & Design,Law,Mathematics & Statistics,Economics & Econometrics",False,False,False,
251-300,The University of Tennessee-Knoxville,43.5—46.2,2930,30.5,358,21.5,453,83.0,147,42.1,390,39.5,557,public,0,/world-university-rankings/university-tennessee-knoxville,131711,United States,"26,988",17.8,4%,,The University of Tennessee-Knoxville,"Politics & International Studies (incl Development Studies),Architecture,Biological Sciences,General Engineering,Sport Science,Civil Engineering,Computer Science,Mathematics & Statistics,Economics & Econometrics,Chemistry,Archaeology,Education,Agriculture & Forestry,Business & Management,Art, Performing Arts & Design,Geology, Environmental, Earth & Marine Sciences,Physics & Astronomy,History, Philosophy & Theology,Geography,Veterinary Science,Languages, Literature & Linguistics,Accounting & Finance,Law,Electrical & Electronic Engineering,Communication & Media Studies,Psychology,Chemical Engineering,Sociology,Other Health,Mechanical & Aerospace Engineering",False,False,False,https://www.timeshighereducation.com/student/register-interest/shorelight?utm_medium=thewebsite&utm_campaign=cta-link&utm_source=rankings&iid=i-80840401
251-300,Tokyo Institute of Technology,43.5—46.2,2940,48.4,110,50.5,102,41.7,551,64.1,145,32.9,651,master_account,0,/world-university-rankings/tokyo-institute-technology,572,Japan,"9,587",7.4,13%,13 : 87,Tokyo Institute of Technology,"Politics & International Studies (incl Development Studies),Civil Engineering,Chemistry,Architecture,Physics & Astronomy,Sport Science,Mechanical & Aerospace Engineering,Communication & Media Studies,General Engineering,Biological Sciences,Chemical Engineering,Business & Management,Computer Science,Geology, Environmental, Earth & Marine Sciences,Mathematics & Statistics,Electrical & Electronic Engineering,Sociology",False,False,False,
251-300,Umeå University,43.5—46.2,2950,22.6,591,28.6,306,79.7,188,35.2,679,59.9,289,master_account,0,/world-university-rankings/umea-university,688,Sweden,"16,698",11.7,10%,60 : 40,Umeå University,"Medicine & Dentistry,Geology, Environmental, Earth & Marine Sciences,Law,Computer Science,Communication & Media Studies,Psychology,Other Health,Accounting & Finance,Languages, Literature & Linguistics,Electrical & Electronic Engineering,Physics & Astronomy,Business & Management,Art, Performing Arts & Design,General Engineering,Chemistry,Education,Architecture,Civil Engineering,Mathematics & Statistics,Chemical Engineering,Economics & Econometrics,Archaeology,Biological Sciences,Politics & International Studies (incl Development Studies),Agriculture & Forestry,Sociology,History, Philosophy & Theology,Mechanical & Aerospace Engineering,Sport Science,Geography",False,False,False,
251-300,TU Wien,43.5—46.2,2960,38.1,218,25.5,358,57.7,403,70.9,106,79.1,130,master_account,0,/world-university-rankings/tu-wien,810,Austria,"17,620",35.8,27%,29 : 71,TU Wien,"General Engineering,Geology, Environmental, Earth & Marine Sciences,Physics & Astronomy,Computer Science,Mathematics & Statistics,Architecture,Chemistry,Chemical Engineering,Civil Engineering,Electrical & Electronic Engineering",False,False,False,
251-300,Virginia Polytechnic Institute and State University,43.5—46.2,2970,34.9,264,39.9,176,62.1,363,44.1,346,31.4,670,public,11,/world-university-rankings/virginia-polytechnic-institute-and-state-university,737,United States,"30,850",18.1,10%,42 : 58,Virginia Polytechnic Institute and State University virginia tech virginia,"Languages, Literature & Linguistics,Agriculture & Forestry,General Engineering,Mathematics & Statistics,Other Health,Psychology,Accounting & Finance,Architecture,Chemical Engineering,Biological Sciences,Sociology,Sport Science,Mechanical & Aerospace Engineering,History, Philosophy & Theology,Physics & Astronomy,Art, Performing Arts & Design,Medicine & Dentistry,Veterinary Science,Business & Management,Electrical & Electronic Engineering,Civil Engineering,Geography,Archaeology,Education,Communication & Media Studies,Chemistry,Geology, Environmental, Earth & Marine Sciences,Politics & International Studies (incl Development Studies),Economics & Econometrics,Computer Science",False,False,False,
251-300,William & Mary,43.5—46.2,2980,40.8,178,16.8,573,82.2,158,32.7,866,28.8,708,public,0,/world-university-rankings/william-mary,611,United States,"7,963",11.9,8%,55 : 45,William & Mary,"Sport Science,Politics & International Studies (incl Development Studies),Computer Science,Geography,Economics & Econometrics,Psychology,Chemistry,Business & Management,Languages, Literature & Linguistics,Education,Mathematics & Statistics,History, Philosophy & Theology,Art, Performing Arts & Design,Physics & Astronomy,Biological Sciences,Sociology,Geology, Environmental, Earth & Marine Sciences,Law,Accounting & Finance",False,False,False,https://www.timeshighereducation.com/student/register-interest/shorelight?utm_medium=thewebsite&utm_campaign=cta-link&utm_source=rankings&iid=i-84416933
251-300,University of Wollongong,43.5—46.2,2990,28.3,404,32.1,259,64.1,354,49.2,259,87.0,80,master_account,0,/world-university-rankings/university-wollongong,740,Australia,"16,581",25.5,24%,50 : 50,University of Wollongong UOW University of Wollongong Australia,"Business & Management,Accounting & Finance,Art, Performing Arts & Design,Archaeology,Sociology,Electrical & Electronic Engineering,History, Philosophy & Theology,Politics & International Studies (incl Development Studies),Civil Engineering,Sport Science,Psychology,Medicine & Dentistry,Law,Communication & Media Studies,Mathematics & Statistics,Geography,Chemistry,Architecture,Languages, Literature & Linguistics,Geology, Environmental, Earth & Marine Sciences,General Engineering,Computer Science,Mechanical & Aerospace Engineering,Agriculture & Forestry,Education,Biological Sciences,Other Health,Physics & Astronomy,Economics & Econometrics",False,False,False,
251-300,Yonsei University,43.5—46.2,3000,44.2,138,40.1,174,44.0,529,79.8,77,48.3,426,master_account,0,/world-university-rankings/yonsei-university,714,South Korea,"22,469",11.9,20%,,Yonsei University,"Architecture,Biological Sciences,Business & Management,Chemical Engineering,Chemistry,Civil Engineering,Computer Science,Economics & Econometrics,Education,Electrical & Electronic Engineering,General Engineering,History, Philosophy & Theology,Languages, Literature & Linguistics,Law,Mathematics & Statistics,Mechanical & Aerospace Engineering,Medicine & Dentistry,Other Health,Physics & Astronomy,Sociology",False,False,False,
301-350,Aberystwyth University,40.7—43.3,3010,20.5,682,21.3,455,77.5,208,34.9,692,75.1,167,master_account,0,/world-university-rankings/aberystwyth-university,741,United Kingdom,"8,735",17.1,18%,47 : 53,Aberystwyth University,"Other Health,Agriculture & Forestry,Geology, Environmental, Earth & Marine Sciences,Electrical & Electronic Engineering,Languages, Literature & Linguistics,Psychology,Mathematics & Statistics,Sport Science,Economics & Econometrics,Education,Sociology,Veterinary Science,Law,Business & Management,Politics & International Studies (incl Development Studies),Biological Sciences,History, Philosophy & Theology,Computer Science,Communication & Media Studies,Physics & Astronomy,Accounting & Finance,Art, Performing Arts & Design,Geography",False,False,False,https://www.timeshighereducation.com/student/register-interest/siuk?utm_medium=thewebsite&utm_campaign=cta-link&utm_source=rankings&iid=i-97330263
301-350,Aix-Marseille University,40.7—43.3,3020,34.5,272,21.2,458,69.5,291,35.1,680,57.2,316,master_account,0,/world-university-rankings/aix-marseille-university,131808,France,"74,345",19.6,13%,60 : 40,Aix-Marseille University,"General Engineering,Sport Science,Politics & International Studies (incl Development Studies),Biological Sciences,Geology, Environmental, Earth & Marine Sciences,Mechanical & Aerospace Engineering,History, Philosophy & Theology,Education,Accounting & Finance,Physics & Astronomy,Languages, Literature & Linguistics,Mathematics & Statistics,Architecture,Economics & Econometrics,Geography,Chemistry,Medicine & Dentistry,Sociology,Communication & Media Studies,Psychology,Computer Science,Electrical & Electronic Engineering,Law,Chemical Engineering,Archaeology,Art, Performing Arts & Design,Civil Engineering,Business & Management,Other Health",False,False,False,
301-350,University of Alaska Fairbanks,40.7—43.3,3030,28.3,403,24.0,391,70.5,278,50.5,237,55.0,342,public,0,/world-university-rankings/university-alaska-fairbanks,963,United States,"3,875",8.4,7%,52 : 48,University of Alaska Fairbanks,"Geography,Business & Management,Accounting & Finance,Art, Performing Arts & Design,Biological Sciences,Agriculture & Forestry,Education,General Engineering,Physics & Astronomy,Geology, Environmental, Earth & Marine Sciences,Communication & Media Studies,Psychology,Mechanical & Aerospace Engineering,Architecture,Chemistry,Computer Science,Civil Engineering,Mathematics & Statistics,Languages, Literature & Linguistics,Electrical & Electronic Engineering,Politics & International Studies (incl Development Studies),Economics & Econometrics,Sociology,History, Philosophy & Theology",False,False,False,https://www.timeshighereducation.com/student/register-interest/shorelight?utm_medium=thewebsite&utm_campaign=cta-link&utm_source=rankings&iid=i-42306882
301-350,Anglia Ruskin University (ARU),40.7—43.3,3040,14.7,933,10.5,806,99.2,10,32.8,839,67.0,228,master_account,0,/world-university-rankings/anglia-ruskin-university-aru,131623,United Kingdom,"16,740",24.4,25%,61 : 39,Anglia Ruskin University (ARU),"Politics & International Studies (incl Development Studies),Electrical & Electronic Engineering,Other Health,Agriculture & Forestry,Civil Engineering,Psychology,Sociology,Art, Performing Arts & Design,Accounting & Finance,Chemistry,Mechanical & Aerospace Engineering,Business & Management,General Engineering,History, Philosophy & Theology,Medicine & Dentistry,Veterinary Science,Sport Science,Geography,Education,Law,Communication & Media Studies,Computer Science,Languages, Literature & Linguistics,Architecture,Biological Sciences",False,False,False,https://www.timeshighereducation.com/student/register-interest/siuk?utm_medium=thewebsite&utm_campaign=cta-link&utm_source=rankings&iid=i-64952081
301-350,Bangor University,40.7—43.3,3050,25.2,493,21.9,445,65.9,333,33.6,770,81.3,118,master_account,0,/world-university-rankings/bangor-university,715,United Kingdom,"9,160",18.3,21%,55 : 45,Bangor University,"Economics & Econometrics,Accounting & Finance,Geology, Environmental, Earth & Marine Sciences,Law,Art, Performing Arts & Design,Archaeology,Politics & International Studies (incl Development Studies),Education,Electrical & Electronic Engineering,Business & Management,Computer Science,Communication & Media Studies,Languages, Literature & Linguistics,History, Philosophy & Theology,Psychology,Biological Sciences,Geography,Sport Science,Sociology,Other Health,Agriculture & Forestry",False,False,False,https://www.timeshighereducation.com/student/register-interest/siuk?utm_medium=thewebsite&utm_campaign=cta-link&utm_source=rankings&iid=i-57489761
301-350,University of Bordeaux,40.7—43.3,3060,29.8,374,19.6,494,76.6,214,34.6,710,54.4,353,master_account,6,/world-university-rankings/university-bordeaux,131635,France,"52,169",19.5,12%,58 : 42,University of Bordeaux,"Psychology,General Engineering,Politics & International Studies (incl Development Studies),Chemistry,Medicine & Dentistry,Accounting & Finance,Chemical Engineering,Computer Science,Agriculture & Forestry,Physics & Astronomy,Mechanical & Aerospace Engineering,Education,Mathematics & Statistics,Economics & Econometrics,Business & Management,Geology, Environmental, Earth & Marine Sciences,Other Health,Sport Science,Sociology,Civil Engineering,Electrical & Electronic Engineering,Law,Archaeology,Biological Sciences",False,False,False,
301-350,University of Bremen,40.7—43.3,3070,36.2,247,29.4,293,61.7,368,47.0,291,50.4,395,master_account,0,/world-university-rankings/university-bremen,1023,Germany,"18,904",34.8,11%,50 : 50,University of Bremen,"Agriculture & Forestry,Geography,Art, Performing Arts & Design,Biological Sciences,Law,Computer Science,Chemistry,Accounting & Finance,Mechanical & Aerospace Engineering,Politics & International Studies (incl Development Studies),Languages, Literature & Linguistics,Sport Science,Education,History, Philosophy & Theology,Mathematics & Statistics,Psychology,General Engineering,Geology, Environmental, Earth & Marine Sciences,Economics & Econometrics,Chemical Engineering,Sociology,Other Health,Physics & Astronomy,Business & Management,Electrical & Electronic Engineering,Communication & Media Studies",False,False,False,
301-350,Brunel University of London,40.7—43.3,3080,24.9,505,26.0,349,61.3,373,37.2,563,92.3,35,master_account,0,/world-university-rankings/brunel-university-london,719,United Kingdom,"11,645",16.4,39%,46 : 54,Brunel University of London,"Accounting & Finance,Mechanical & Aerospace Engineering,Mathematics & Statistics,Politics & International Studies (incl Development Studies),Psychology,Chemical Engineering,Geography,Geology, Environmental, Earth & Marine Sciences,Sociology,Sport Science,Other Health,Business & Management,Languages, Literature & Linguistics,History, Philosophy & Theology,Art, Performing Arts & Design,Civil Engineering,Economics & Econometrics,Computer Science,Law,Medicine & Dentistry,Education,Communication & Media Studies,General Engineering,Electrical & Electronic Engineering,Biological Sciences",False,False,False,https://www.timeshighereducation.com/student/register-interest/siuk?utm_medium=thewebsite&utm_campaign=cta-link&utm_source=rankings&iid=i-26981023
301-350,Central European University,40.7—43.3,3090,39.8,187,27.0,337,48.8,486,32.2,921,97.0,8,master_account,11,/world-university-rankings/central-european-university,1035,Austria,"1,298",5.8,77%,51 : 49,Central European University,"Law,History, Philosophy & Theology,Mathematics & Statistics,Business & Management,Politics & International Studies (incl Development Studies),Sociology,Economics & Econometrics,Accounting & Finance",False,False,False,
301-350,Clark University,40.7—43.3,3100,24.4,518,8.0,903,93.7,51,32.8,842,59.0,300,private,0,/world-university-rankings/clark-university,131481,United States,"3,239",11.7,25%,57 : 43,Clark University,"Business & Management,Economics & Econometrics,Biological Sciences,Communication & Media Studies,Mathematics & Statistics,Chemistry,Education,Computer Science,History, Philosophy & Theology,Languages, Literature & Linguistics,Geography,Sociology,Art, Performing Arts & Design,Physics & Astronomy,Accounting & Finance,Psychology,Politics & International Studies (incl Development Studies),Geology, Environmental, Earth & Marine Sciences",False,False,False,https://www.timeshighereducation.com/student/register-interest/shorelight?utm_medium=thewebsite&utm_campaign=cta-link&utm_source=rankings&iid=i-38187082
301-350,"Colorado State University, Fort Collins",40.7—43.3,3110,29.6,379,32.6,250,63.4,357,43.6,359,35.1,620,public,0,/world-university-rankings/colorado-state-university-fort-collins-0,696,United States,"23,998",16.4,5%,53 : 47,"Colorado State University, Fort Collins","Education,Archaeology,Veterinary Science,Other Health,Geography,Civil Engineering,Computer Science,Sociology,History, Philosophy & Theology,Electrical & Electronic Engineering,Biological Sciences,Art, Performing Arts & Design,Psychology,Agriculture & Forestry,Languages, Literature & Linguistics,Accounting & Finance,Chemistry,Physics & Astronomy,Economics & Econometrics,Geology, Environmental, Earth & Marine Sciences,Chemical Engineering,Communication & Media Studies,Mechanical & Aerospace Engineering,Politics & International Studies (incl Development Studies),General Engineering,Sport Science,Business & Management,Mathematics & Statistics",False,False,False,https://www.timeshighereducation.com/student/into-university-partnerships?utm_medium=thewebsite&utm_campaign=cta-link&utm_source=rankings&iid=i-29201174
301-350,University of Connecticut,40.7—43.3,3120,37.0,234,28.2,313,62.5,359,35.1,682,40.6,537,public,0,/world-university-rankings/university-connecticut,879,United States,"26,109",12.6,7%,51 : 49,University of Connecticut,"Physics & Astronomy,General Engineering,Other Health,Sport Science,Geography,Electrical & Electronic Engineering,Communication & Media Studies,Civil Engineering,Geology, Environmental, Earth & Marine Sciences,Accounting & Finance,Mechanical & Aerospace Engineering,Chemistry,Art, Performing Arts & Design,Agriculture & Forestry,Politics & International Studies (incl Development Studies),Languages, Literature & Linguistics,Chemical Engineering,Sociology,Medicine & Dentistry,Veterinary Science,Education,Computer Science,Mathematics & Statistics,Psychology,History, Philosophy & Theology,Biological Sciences,Law,Business & Management,Economics & Econometrics",False,False,False,https://www.timeshighereducation.com/student/register-interest/shorelight?utm_medium=thewebsite&utm_campaign=cta-link&utm_source=rankings&iid=i-04748462
301-350,University of Crete,40.7—43.3,3130,18.7,769,19.1,506,83.0,146,37.8,532,46.9,446,master_account,0,/world-university-rankings/university-crete,744,Greece,"14,518",26.7,4%,62 : 38,University of Crete,"History, Philosophy & Theology,Sociology,Computer Science,Psychology,Languages, Literature & Linguistics,Education,Medicine & Dentistry,Economics & Econometrics,Mathematics & Statistics,Geology, Environmental, Earth & Marine Sciences,General Engineering,Chemistry,Archaeology,Business & Management,Biological Sciences,Politics & International Studies (incl Development Studies),Other Health,Physics & Astronomy",False,False,False,
301-350,University of Denver,40.7—43.3,3140,37.7,225,23.6,408,67.2,314,34.9,693,28.7,709,private,0,/world-university-rankings/university-denver,589304,United States,"9,568",13.3,10%,57 : 43,University of Denver,"Geography,Biological Sciences,Physics & Astronomy,Communication & Media Studies,Other Health,Politics & International Studies (incl Development Studies),Computer Science,Agriculture & Forestry,Sociology,Electrical & Electronic Engineering,Art, Performing Arts & Design,Economics & Econometrics,Education,History, Philosophy & Theology,Psychology,General Engineering,Chemistry,Accounting & Finance,Sport Science,Business & Management,Languages, Literature & Linguistics,Mathematics & Statistics,Mechanical & Aerospace Engineering,Law,Geology, Environmental, Earth & Marine Sciences",False,False,False,https://www.timeshighereducation.com/student/register-interest/shorelight?utm_medium=thewebsite&utm_campaign=cta-link&utm_source=rankings&iid=i-63935632
301-350,University of Essex,40.7—43.3,3150,32.3,320,36.0,215,47.7,494,32.8,846,95.2,18,master_account,0,/world-university-rankings/university-essex,674,United Kingdom,"10,155",18.3,44%,54 : 46,University of Essex,"Computer Science,Psychology,Art, Performing Arts & Design,Law,Electrical & Electronic Engineering,Business & Management,Communication & Media Studies,Languages, Literature & Linguistics,Mathematics & Statistics,History, Philosophy & Theology,Economics & Econometrics,Biological Sciences,Accounting & Finance,Sport Science,Other Health,Sociology,General Engineering,Politics & International Studies (incl Development Studies)",False,False,False,https://www.timeshighereducation.com/student/register-interest/siuk?utm_medium=thewebsite&utm_campaign=cta-link&utm_source=rankings&iid=i-74984323
301-350,University of Toulouse,40.7—43.3,3160,30.9,348,26.2,346,62.4,360,36.2,611,62.8,266,master_account,0,/world-university-rankings/university-toulouse,587913,France,"93,250",23.3,19%,54 : 46,University of Toulouse,"Geography,Archaeology,Civil Engineering,Physics & Astronomy,Languages, Literature & Linguistics,Electrical & Electronic Engineering,Chemistry,Art, Performing Arts & Design,Agriculture & Forestry,Communication & Media Studies,Accounting & Finance,Medicine & Dentistry,Sport Science,Psychology,Architecture,Chemical Engineering,Education,History, Philosophy & Theology,Mechanical & Aerospace Engineering,Law,General Engineering,Veterinary Science,Sociology,Biological Sciences,Politics & International Studies (incl Development Studies),Other Health,Geology, Environmental, Earth & Marine Sciences,Economics & Econometrics,Computer Science,Mathematics & Statistics,Business & Management",False,False,False,
301-350,George Mason University,40.7—43.3,3170,28.1,407,24.6,377,73.4,250,33.4,789,38.7,572,public,0,/world-university-rankings/george-mason-university,778,United States,"27,337",17.4,8%,54 : 46,George Mason University,"Mathematics & Statistics,Psychology,Geography,Sport Science,Computer Science,Mechanical & Aerospace Engineering,Physics & Astronomy,Law,History, Philosophy & Theology,Other Health,Veterinary Science,Accounting & Finance,Agriculture & Forestry,Art, Performing Arts & Design,Communication & Media Studies,Electrical & Electronic Engineering,Architecture,Civil Engineering,Economics & Econometrics,Languages, Literature & Linguistics,Medicine & Dentistry,Chemistry,Education,Biological Sciences,Sociology,Chemical Engineering,Geology, Environmental, Earth & Marine Sciences,General Engineering,Business & Management,Politics & International Studies (incl Development Studies),Archaeology",False,False,False,https://www.timeshighereducation.com/student/into-university-partnerships?utm_medium=thewebsite&utm_campaign=cta-link&utm_source=rankings&iid=i-27260358
301-350,University of Georgia (USA),40.7—43.3,3180,33.0,297,35.0,227,57.2,406,34.9,695,41.7,521,public,0,/world-university-rankings/university-georgia-usa,675,United States,"33,241",19.5,7%,57 : 43,University of Georgia (USA),"Art, Performing Arts & Design,Computer Science,Sport Science,Education,Medicine & Dentistry,Veterinary Science,Geography,Languages, Literature & Linguistics,Mechanical & Aerospace Engineering,Communication & Media Studies,Economics & Econometrics,History, Philosophy & Theology,Civil Engineering,Geology, Environmental, Earth & Marine Sciences,Archaeology,Chemical Engineering,Politics & International Studies (incl Development Studies),Other Health,Biological Sciences,Law,Mathematics & Statistics,Psychology,General Engineering,Physics & Astronomy,Business & Management,Architecture,Agriculture & Forestry,Sociology,Electrical & Electronic Engineering,Chemistry,Accounting & Finance",False,False,False,https://www.timeshighereducation.com/student/register-interest/shorelight?utm_medium=thewebsite&utm_campaign=cta-link&utm_source=rankings&iid=i-14747593
301-350,"Goldsmiths, University of London",40.7—43.3,3190,28.4,400,30.6,274,63.8,355,32.2,923,75.4,165,master_account,0,/world-university-rankings/goldsmiths-university-london,131449,United Kingdom,"7,255",16.5,38%,67 : 33,"Goldsmiths, University of London","Other Health,Communication & Media Studies,Business & Management,Art, Performing Arts & Design,Politics & International Studies (incl Development Studies),Sociology,Languages, Literature & Linguistics,Psychology,Education,History, Philosophy & Theology,Law,Economics & Econometrics,Computer Science",False,False,False,https://www.timeshighereducation.com/student/register-interest/siuk?utm_medium=thewebsite&utm_campaign=cta-link&utm_source=rankings&iid=i-30966193
301-350,Grenoble Alpes University,40.7—43.3,3200,26.7,452,21.9,446,71.7,267,34.3,729,60.0,286,master_account,0,/world-university-rankings/grenoble-alpes-university,587916,France,"37,815",16.3,15%,53 : 47,Grenoble Alpes University,"Geology, Environmental, Earth & Marine Sciences,Medicine & Dentistry,Archaeology,Sport Science,Business & Management,Chemical Engineering,General Engineering,Art, Performing Arts & Design,Biological Sciences,Economics & Econometrics,Chemistry,Geography,Mathematics & Statistics,Computer Science,Accounting & Finance,Physics & Astronomy,Architecture,Psychology,Law,Languages, Literature & Linguistics,Other Health,Education,Communication & Media Studies,Civil Engineering,Electrical & Electronic Engineering,Sociology,Politics & International Studies (incl Development Studies),Mechanical & Aerospace Engineering,History, Philosophy & Theology",False,False,False,
301-350,Gwangju Institute of Science and Technology (GIST),40.7—43.3,3210,39.5,191,39.9,175,51.9,455,44.9,323,35.2,617,master_account,0,/world-university-rankings/gwangju-institute-science-and-technology-gist,1034,South Korea,"1,575",10.7,7%,23 : 77,Gwangju Institute of Science and Technology (GIST),"General Engineering,Electrical & Electronic Engineering,Geology, Environmental, Earth & Marine Sciences,Computer Science,Chemical Engineering,Mechanical & Aerospace Engineering,Chemistry,Physics & Astronomy,Civil Engineering,Biological Sciences",False,False,False,
301-350,University of Innsbruck,40.7—43.3,3220,26.1,467,18.7,517,70.8,272,43.1,371,96.2,11,master_account,0,/world-university-rankings/university-innsbruck,677,Austria,"14,360",13.3,38%,54 : 46,University of Innsbruck,"Accounting & Finance,Civil Engineering,Law,Electrical & Electronic Engineering,Other Health,Business & Management,Chemistry,History, Philosophy & Theology,Psychology,Physics & Astronomy,Chemical Engineering,Geology, Environmental, Earth & Marine Sciences,Archaeology,Education,Politics & International Studies (incl Development Studies),Architecture,Biological Sciences,Economics & Econometrics,Sociology,Languages, Literature & Linguistics,Sport Science,Mathematics & Statistics,Communication & Media Studies,General Engineering,Computer Science,Geography",False,False,False,
301-350,Justus Liebig University Giessen,40.7—43.3,3230,33.2,291,29.4,295,60.5,384,41.5,409,46.9,447,master_account,0,/world-university-rankings/justus-liebig-university-giessen,131300,Germany,"27,980",46.9,9%,61 : 39,Justus Liebig University Giessen,"Other Health,Politics & International Studies (incl Development Studies),Languages, Literature & Linguistics,Physics & Astronomy,Business & Management,Archaeology,Communication & Media Studies,Agriculture & Forestry,Geography,Biological Sciences,Sociology,Medicine & Dentistry,Geology, Environmental, Earth & Marine Sciences,Veterinary Science,Education,History, Philosophy & Theology,Mathematics & Statistics,Law,Accounting & Finance,Art, Performing Arts & Design,Sport Science,Psychology,Architecture,Chemistry,Economics & Econometrics",False,False,False,
301-350,University of Kent,40.7—43.3,3240,22.8,581,22.3,434,68.7,296,32.5,879,89.3,60,master_account,0,/world-university-rankings/university-kent,832,United Kingdom,"17,080",13.1,29%,53 : 47,University of Kent,"Business & Management,General Engineering,Geology, Environmental, Earth & Marine Sciences,Politics & International Studies (incl Development Studies),Other Health,Communication & Media Studies,Accounting & Finance,Chemical Engineering,Electrical & Electronic Engineering,Sociology,Economics & Econometrics,Computer Science,Geography,Architecture,Agriculture & Forestry,Art, Performing Arts & Design,Psychology,Medicine & Dentistry,Physics & Astronomy,Mathematics & Statistics,Languages, Literature & Linguistics,History, Philosophy & Theology,Biological Sciences,Law,Education,Sport Science,Chemistry,Archaeology",False,False,False,
301-350,Linköping University,40.7—43.3,3250,23.9,538,15.3,612,79.6,189,41.7,403,62.1,276,master_account,0,/world-university-rankings/linkoping-university,789,Sweden,"18,966",8.2,11%,51 : 49,Linköping University,"General Engineering,Geology, Environmental, Earth & Marine Sciences,Art, Performing Arts & Design,Civil Engineering,Politics & International Studies (incl Development Studies),Economics & Econometrics,Biological Sciences,Geography,Mechanical & Aerospace Engineering,Chemistry,Accounting & Finance,Computer Science,Veterinary Science,Education,History, Philosophy & Theology,Chemical Engineering,Business & Management,Other Health,Communication & Media Studies,Medicine & Dentistry,Agriculture & Forestry,Sociology,Electrical & Electronic Engineering,Mathematics & Statistics,Psychology,Languages, Literature & Linguistics,Physics & Astronomy",False,False,False,
301—350,University of Liège,40.7—43.3,3260,27.1,438,33.3,238,55.4,427,99.4,19,70.3,204,master_account,0,/world-university-rankings/university-liege,788,Belgium,"21,611",27.9,23%,54 : 46,University of Liège,"Other Health,Civil Engineering,Chemistry,Archaeology,Veterinary Science,Politics & International Studies (incl Development Studies),Accounting & Finance,Mechanical & Aerospace Engineering,Communication & Media Studies,Business & Management,Computer Science,Chemical Engineering,Sociology,Economics & Econometrics,Architecture,Sport Science,Geography,Medicine & Dentistry,Mathematics & Statistics,History, Philosophy & Theology,Biological Sciences,Education,General Engineering,Physics & Astronomy,Electrical & Electronic Engineering,Geology, Environmental, Earth & Marine Sciences,Psychology,Languages, Literature & Linguistics,Agriculture & Forestry,Law",False,False,False,
301-350,Loughborough University,40.7—43.3,3270,32.9,300,34.4,232,54.0,438,37.0,576,73.2,184,master_account,0,/world-university-rankings/loughborough-university,837,United Kingdom,"13,675",14.9,22%,38 : 62,Loughborough University,"Accounting & Finance,Geology, Environmental, Earth & Marine Sciences,Mathematics & Statistics,Law,Education,Architecture,Politics & International Studies (incl Development Studies),Electrical & Electronic Engineering,Geography,History, Philosophy & Theology,General Engineering,Sport Science,Business & Management,Economics & Econometrics,Chemical Engineering,Civil Engineering,Computer Science,Physics & Astronomy,Chemistry,Other Health,Art, Performing Arts & Design,Mechanical & Aerospace Engineering,Communication & Media Studies,Biological Sciences,Sociology,Languages, Literature & Linguistics,Psychology",False,False,False,https://www.timeshighereducation.com/student/register-interest/siuk?utm_medium=thewebsite&utm_campaign=cta-link&utm_source=rankings&iid=i-89667825
301-350,University of Milan,40.7—43.3,3280,32.8,305,24.5,382,69.9,287,42.9,374,39.4,559,master_account,0,/world-university-rankings/university-milan,704,Italy,"58,990",27.6,5%,59 : 41,University of Milan,"Medicine & Dentistry,Psychology,Agriculture & Forestry,Physics & Astronomy,Art, Performing Arts & Design,Geography,Computer Science,Archaeology,Chemical Engineering,Politics & International Studies (incl Development Studies),Veterinary Science,Biological Sciences,Sociology,Accounting & Finance,History, Philosophy & Theology,Other Health,Mathematics & Statistics,Chemistry,Economics & Econometrics,Geology, Environmental, Earth & Marine Sciences,Business & Management,Communication & Media Studies,Law,Sport Science,Languages, Literature & Linguistics",False,False,False,
301-350,Moscow Institute of Physics and Technology (MIPT),40.7—43.3,3290,47.7,113,33.1,240,40.8,560,98.7,26,50.0,403,master_account,0,/world-university-rankings/moscow-institute-physics-and-technology-mipt,973,Russian Federation,"5,535",7.8,12%,,Moscow Institute of Physics and Technology (MIPT),"Chemistry,Computer Science,Economics & Econometrics,Education,Biological Sciences,Geology, Environmental, Earth & Marine Sciences,General Engineering,Business & Management,Mechanical & Aerospace Engineering,Other Health,Physics & Astronomy,Chemical Engineering,Mathematics & Statistics,Electrical & Electronic Engineering",False,False,True,
301-350,Nagoya University,40.7—43.3,3300,44.4,136,41.8,157,41.2,557,83.6,66,28.3,713,master_account,0,/world-university-rankings/nagoya-university,679,Japan,"15,619",8.0,10%,29 : 71,Nagoya University,"Other Health,Mathematics & Statistics,Education,Electrical & Electronic Engineering,Physics & Astronomy,Business & Management,Computer Science,Agriculture & Forestry,Sociology,History, Philosophy & Theology,Geology, Environmental, Earth & Marine Sciences,Economics & Econometrics,Archaeology,Civil Engineering,Communication & Media Studies,Biological Sciences,Geography,Medicine & Dentistry,Chemical Engineering,Politics & International Studies (incl Development Studies),Architecture,Mechanical & Aerospace Engineering,Psychology,Sport Science,Law,Languages, Literature & Linguistics,General Engineering,Chemistry,Accounting & Finance",False,False,False,
301-350,University of Navarra,40.7—43.3,3310,29.7,377,23.9,401,65.3,338,55.6,194,55.6,333,master_account,0,/world-university-rankings/university-navarra,967,Spain,"10,584",14.1,16%,52 : 48,University of Navarra,"Architecture,Geography,Communication & Media Studies,Other Health,Law,Politics & International Studies (incl Development Studies),Electrical & Electronic Engineering,Psychology,Medicine & Dentistry,History, Philosophy & Theology,Accounting & Finance,Biological Sciences,Economics & Econometrics,Geology, Environmental, Earth & Marine Sciences,Languages, Literature & Linguistics,Business & Management,Education,Art, Performing Arts & Design,Computer Science,Chemistry,Agriculture & Forestry",False,False,False,
301-350,University of Nebraska-Lincoln,40.7—43.3,3320,31.2,339,29.1,301,67.2,316,38.5,508,48.0,431,public,0,/world-university-rankings/university-nebraska-lincoln,962,United States,"22,068",16.2,10%,47 : 53,University of Nebraska-Lincoln,"Psychology,Archaeology,Communication & Media Studies,Mathematics & Statistics,Business & Management,Languages, Literature & Linguistics,Biological Sciences,Civil Engineering,Mechanical & Aerospace Engineering,Geology, Environmental, Earth & Marine Sciences,Geography,Economics & Econometrics,Electrical & Electronic Engineering,Politics & International Studies (incl Development Studies),Computer Science,General Engineering,Other Health,Veterinary Science,Chemistry,Law,Architecture,Agriculture & Forestry,Sociology,Art, Performing Arts & Design,History, Philosophy & Theology,Medicine & Dentistry,Chemical Engineering,Sport Science,Physics & Astronomy,Education,Accounting & Finance",False,False,False,
301-350,University of Oregon,40.7—43.3,3330,24.8,513,24.5,383,77.7,206,33.3,802,35.5,612,public,0,/world-university-rankings/university-oregon,880,United States,"24,268",19.8,13%,52 : 48,University of Oregon,"Architecture,Geography,Archaeology,Law,Economics & Econometrics,Art, Performing Arts & Design,Physics & Astronomy,Business & Management,Mathematics & Statistics,Psychology,Accounting & Finance,Computer Science,Communication & Media Studies,Biological Sciences,Sociology,History, Philosophy & Theology,Geology, Environmental, Earth & Marine Sciences,Languages, Literature & Linguistics,Chemistry,Sport Science,Education,Chemical Engineering,Politics & International Studies (incl Development Studies)",False,False,False,https://www.timeshighereducation.com/student/register-interest/shorelight?utm_medium=thewebsite&utm_campaign=cta-link&utm_source=rankings&iid=i-76164771
301-350,Oregon State University,40.7—43.3,3340,29.3,387,28.2,314,69.7,288,36.0,625,46.0,459,public,0,/world-university-rankings/oregon-state-university,883,United States,"23,464",16.3,10%,46 : 54,Oregon State University,"Mechanical & Aerospace Engineering,Chemistry,Veterinary Science,Computer Science,Geography,Art, Performing Arts & Design,Psychology,Civil Engineering,Agriculture & Forestry,Sport Science,Education,Biological Sciences,Sociology,Economics & Econometrics,Politics & International Studies (incl Development Studies),Electrical & Electronic Engineering,Geology, Environmental, Earth & Marine Sciences,History, Philosophy & Theology,Languages, Literature & Linguistics,Mathematics & Statistics,Chemical Engineering,Business & Management,Other Health,Physics & Astronomy,Accounting & Finance,Communication & Media Studies",False,False,False,https://www.timeshighereducation.com/student/into-university-partnerships?utm_medium=thewebsite&utm_campaign=cta-link&utm_source=rankings&iid=i-42892913
301-350,University of Padua,40.7—43.3,3350,24.5,516,20.4,479,80.6,176,35.5,658,39.0,568,master_account,0,/world-university-rankings/university-padua,708,Italy,"62,267",19.1,4%,55 : 45,University of Padua,"Art, Performing Arts & Design,Electrical & Electronic Engineering,Chemistry,Business & Management,Languages, Literature & Linguistics,Civil Engineering,Geology, Environmental, Earth & Marine Sciences,Accounting & Finance,History, Philosophy & Theology,Mechanical & Aerospace Engineering,Communication & Media Studies,Agriculture & Forestry,Politics & International Studies (incl Development Studies),Economics & Econometrics,Architecture,Chemical Engineering,Sociology,Other Health,Sport Science,Education,Archaeology,Biological Sciences,Law,Computer Science,Mathematics & Statistics,Psychology,Medicine & Dentistry,Veterinary Science,Geography,General Engineering,Physics & Astronomy",False,False,False,
301-350,University of Pavia,40.7—43.3,3360,25.3,490,22.1,439,73.6,247,59.3,175,43.3,494,master_account,0,/world-university-rankings/university-pavia,892,Italy,"22,010",38.7,7%,57 : 43,University of Pavia,"Medicine & Dentistry,Computer Science,Politics & International Studies (incl Development Studies),Chemistry,Archaeology,Economics & Econometrics,Communication & Media Studies,Sport Science,Mathematics & Statistics,Psychology,Languages, Literature & Linguistics,Physics & Astronomy,Art, Performing Arts & Design,Civil Engineering,Biological Sciences,General Engineering,History, Philosophy & Theology,Other Health,Law,Geology, Environmental, Earth & Marine Sciences,Accounting & Finance,Business & Management,Electrical & Electronic Engineering,Mechanical & Aerospace Engineering,Agriculture & Forestry",False,False,False,
301-350,Royal Veterinary College,40.7—43.3,3370,26.4,458,18.3,534,69.1,293,41.8,400,83.3,106,master_account,0,/world-university-rankings/royal-veterinary-college,131747,United Kingdom,"1,800",10.3,18%,76 : 24,Royal Veterinary College,"Veterinary Science,Biological Sciences",False,False,False,https://www.timeshighereducation.com/student/register-interest/siuk?utm_medium=thewebsite&utm_campaign=cta-link&utm_source=rankings&iid=i-87553751
301-350,Sabancı University,40.7—43.3,3380,24.3,525,32.9,245,61.6,370,77.7,85,46.7,450,master_account,0,/world-university-rankings/sabanci-university,1021,Turkey,"2,999",17.7,8%,39 : 61,Sabancı University,"Chemistry,Economics & Econometrics,Biological Sciences,History, Philosophy & Theology,Electrical & Electronic Engineering,Physics & Astronomy,Accounting & Finance,Mathematics & Statistics,Mechanical & Aerospace Engineering,Art, Performing Arts & Design,Sociology,Psychology,Business & Management,General Engineering,Computer Science,Politics & International Studies (incl Development Studies)",False,False,False,
301-350,Saint Louis University,40.7—43.3,3390,36.0,248,11.9,731,80.4,177,33.9,755,28.9,703,private,0,/world-university-rankings/saint-louis-university,131616,United States,"11,919",5.7,8%,58 : 42,Saint Louis University,"Accounting & Finance,Civil Engineering,Other Health,Chemistry,Business & Management,Biological Sciences,Electrical & Electronic Engineering,Politics & International Studies (incl Development Studies),Medicine & Dentistry,Languages, Literature & Linguistics,General Engineering,Computer Science,Geology, Environmental, Earth & Marine Sciences,Economics & Econometrics,Mathematics & Statistics,Mechanical & Aerospace Engineering,Education,Art, Performing Arts & Design,Law,Psychology,Physics & Astronomy,Agriculture & Forestry,Geography,Sport Science,Sociology,Communication & Media Studies,History, Philosophy & Theology",False,False,False,https://www.timeshighereducation.com/student/into-university-partnerships?utm_medium=thewebsite&utm_campaign=cta-link&utm_source=rankings&iid=i-63649632
301-350,University of Stirling,40.7—43.3,3400,22.6,589,24.7,374,69.6,290,33.7,767,75.1,168,master_account,0,/world-university-rankings/university-stirling,804,United Kingdom,"8,030",15.2,20%,61 : 39,University of Stirling,"General Engineering,History, Philosophy & Theology,Communication & Media Studies,Other Health,Business & Management,Politics & International Studies (incl Development Studies),Sociology,Accounting & Finance,Economics & Econometrics,Computer Science,Law,Education,Mathematics & Statistics,Sport Science,Psychology,Geology, Environmental, Earth & Marine Sciences,Languages, Literature & Linguistics,Biological Sciences",False,False,False,
301-350,University of Strasbourg,40.7—43.3,3410,27.2,435,21.3,457,67.8,305,35.7,637,69.6,208,master_account,0,/world-university-rankings/university-strasbourg,684,France,"43,709",17.2,19%,58 : 42,University of Strasbourg,"Education,Biological Sciences,Business & Management,Psychology,Sport Science,Computer Science,Other Health,Politics & International Studies (incl Development Studies),Civil Engineering,Mechanical & Aerospace Engineering,Accounting & Finance,Chemistry,Geology, Environmental, Earth & Marine Sciences,Sociology,Languages, Literature & Linguistics,Art, Performing Arts & Design,Electrical & Electronic Engineering,Geography,History, Philosophy & Theology,Archaeology,Physics & Astronomy,General Engineering,Mathematics & Statistics,Medicine & Dentistry,Law,Chemical Engineering,Economics & Econometrics,Communication & Media Studies",False,False,False,
301-350,Swansea University,40.7—43.3,3420,21.0,664,26.1,348,71.8,265,35.7,638,75.8,161,master_account,0,/world-university-rankings/swansea-university,857,United Kingdom,"13,050",16.5,21%,48 : 52,Swansea University,"Medicine & Dentistry,Physics & Astronomy,Sociology,Accounting & Finance,Geography,Law,Chemical Engineering,Biological Sciences,Other Health,Mechanical & Aerospace Engineering,Languages, Literature & Linguistics,Archaeology,Electrical & Electronic Engineering,Communication & Media Studies,Psychology,General Engineering,Mathematics & Statistics,Sport Science,Education,History, Philosophy & Theology,Geology, Environmental, Earth & Marine Sciences,Economics & Econometrics,Computer Science,Civil Engineering,Politics & International Studies (incl Development Studies),Chemistry,Business & Management",False,False,False,https://www.timeshighereducation.com/student/register-interest/siuk?utm_medium=thewebsite&utm_campaign=cta-link&utm_source=rankings&iid=i-33335862
301-350,University of Tartu,40.7—43.3,3430,23.6,553,23.1,419,80.9,174,34.5,719,48.4,424,master_account,6,/world-university-rankings/university-tartu,859,Estonia,"9,464",12.2,4%,66 : 34,University of Tartu,"Archaeology,Geography,Languages, Literature & Linguistics,Agriculture & Forestry,Communication & Media Studies,History, Philosophy & Theology,Politics & International Studies (incl Development Studies),Sport Science,Education,Medicine & Dentistry,Mathematics & Statistics,Psychology,Computer Science,Chemistry,Accounting & Finance,Biological Sciences,Sociology,Veterinary Science,Law,Other Health,Physics & Astronomy,Business & Management,Art, Performing Arts & Design,Electrical & Electronic Engineering,Geology, Environmental, Earth & Marine Sciences,Economics & Econometrics",False,False,False,
301-350,University of Tasmania,40.7—43.3,3440,22.3,604,29.6,290,66.3,331,51.7,227,77.3,146,master_account,0,/world-university-rankings/university-tasmania,808,Australia,"14,838",19.7,18%,58 : 42,University of Tasmania,"Education,Art, Performing Arts & Design,Geology, Environmental, Earth & Marine Sciences,Civil Engineering,History, Philosophy & Theology,Sport Science,Psychology,Sociology,Medicine & Dentistry,Chemistry,Computer Science,Mathematics & Statistics,Communication & Media Studies,Politics & International Studies (incl Development Studies),Accounting & Finance,Mechanical & Aerospace Engineering,Business & Management,Physics & Astronomy,Other Health,Electrical & Electronic Engineering,General Engineering,Law,Architecture,Economics & Econometrics,Agriculture & Forestry,Languages, Literature & Linguistics,Geography,Biological Sciences",False,False,False,https://www.timeshighereducation.com/student/register-interest/aecc?utm_medium=thewebsite&utm_campaign=cta-link&utm_source=rankings&iid=i-41097594
301-350,TU Dortmund University,40.7—43.3,3450,35.5,255,29.8,286,57.1,407,48.7,266,41.5,526,master_account,0,/world-university-rankings/tu-dortmund-university,131317,Germany,"30,998",100.3,10%,46 : 54,TU Dortmund University,"Computer Science,Mechanical & Aerospace Engineering,Economics & Econometrics,Art, Performing Arts & Design,Chemical Engineering,Sociology,Chemistry,Mathematics & Statistics,Psychology,Communication & Media Studies,Languages, Literature & Linguistics,Civil Engineering,History, Philosophy & Theology,Sport Science,Education,Architecture,Electrical & Electronic Engineering,Accounting & Finance,General Engineering,Politics & International Studies (incl Development Studies),Physics & Astronomy,Business & Management",False,False,False,
301-350,Technion Israel Institute of Technology,40.7—43.3,3460,33.2,292,36.1,214,55.9,423,38.7,499,62.5,270,master_account,0,/world-university-rankings/technion-israel-institute-technology,685,Israel,"13,926",19.8,4%,35 : 65,Technion Israel Institute of Technology,"Physics & Astronomy,Biological Sciences,Other Health,Chemical Engineering,Electrical & Electronic Engineering,Chemistry,Education,Architecture,Mechanical & Aerospace Engineering,Computer Science,Geology, Environmental, Earth & Marine Sciences,Business & Management,General Engineering,Civil Engineering,Sociology,Mathematics & Statistics",False,False,False,
301-350,Temple University,40.7—43.3,3470,37.2,232,21.6,451,68.4,301,37.4,556,31.1,677,public,0,/world-university-rankings/temple-university,907,United States,"33,672",13.3,6%,52 : 48,Temple University,"Biological Sciences,Art, Performing Arts & Design,History, Philosophy & Theology,Geography,Law,Other Health,Agriculture & Forestry,Geology, Environmental, Earth & Marine Sciences,Economics & Econometrics,Mechanical & Aerospace Engineering,Communication & Media Studies,Civil Engineering,Business & Management,General Engineering,Sport Science,Languages, Literature & Linguistics,Medicine & Dentistry,Sociology,Architecture,Mathematics & Statistics,Education,Psychology,Chemistry,Politics & International Studies (incl Development Studies),Physics & Astronomy,Electrical & Electronic Engineering,Computer Science,Accounting & Finance",False,False,False,https://www.timeshighereducation.com/student/register-interest/shorelight?utm_medium=thewebsite&utm_campaign=cta-link&utm_source=rankings&iid=i-39481752
301-350,University of Turku,40.7—43.3,3480,27.0,441,22.7,428,72.6,260,34.5,721,49.6,409,master_account,6,/world-university-rankings/university-turku,861,Finland,"12,167",15.9,5%,62 : 38,University of Turku,"Civil Engineering,Business & Management,Geography,Other Health,Mathematics & Statistics,Medicine & Dentistry,Geology, Environmental, Earth & Marine Sciences,Accounting & Finance,General Engineering,History, Philosophy & Theology,Communication & Media Studies,Sociology,Mechanical & Aerospace Engineering,Computer Science,Languages, Literature & Linguistics,Law,Biological Sciences,Archaeology,Economics & Econometrics,Psychology,Physics & Astronomy,Chemical Engineering,Chemistry,Education,Politics & International Studies (incl Development Studies)",False,False,False,
301-350,University of Victoria,40.7—43.3,3490,22.1,618,22.5,430,77.9,205,37.9,529,73.7,178,master_account,11,/world-university-rankings/university-victoria,641,Canada,"18,028",22.0,12%,57 : 43,University of Victoria,"Communication & Media Studies,Mechanical & Aerospace Engineering,General Engineering,Sport Science,History, Philosophy & Theology,Languages, Literature & Linguistics,Business & Management,Archaeology,Chemistry,Accounting & Finance,Mathematics & Statistics,Law,Other Health,Computer Science,Politics & International Studies (incl Development Studies),Geography,Sociology,Education,Physics & Astronomy,Economics & Econometrics,Electrical & Electronic Engineering,Geology, Environmental, Earth & Marine Sciences,Civil Engineering,Art, Performing Arts & Design,Biological Sciences,Psychology",False,False,False,https://www.timeshighereducation.com/student/register-interest/applyboard?utm_medium=thewebsite&utm_campaign=cta-link&utm_source=rankings&iid=i-84469642
301-350,Vrije Universiteit Brussel,40.7—43.3,3500,27.3,431,23.7,407,66.7,326,48.3,271,70.0,206,master_account,0,/world-university-rankings/vrije-universiteit-brussel,811,Belgium,"12,484",21.8,21%,54 : 46,Vrije Universiteit Brussel,"Architecture,Politics & International Studies (incl Development Studies),Business & Management,Computer Science,History, Philosophy & Theology,Chemistry,Electrical & Electronic Engineering,Education,Other Health,Chemical Engineering,Economics & Econometrics,Physics & Astronomy,Mathematics & Statistics,Geography,Biological Sciences,Sport Science,Sociology,General Engineering,Languages, Literature & Linguistics,Civil Engineering,Communication & Media Studies,Medicine & Dentistry,Mechanical & Aerospace Engineering,Law,Geology, Environmental, Earth & Marine Sciences,Psychology",False,False,False,
301-350,York University,40.7—43.3,3510,29.9,372,39.7,181,50.7,465,37.4,557,73.5,182,master_account,11,/world-university-rankings/york-university,765,Canada,"46,565",40.8,22%,58 : 42,York University,"Sociology,Electrical & Electronic Engineering,Accounting & Finance,Civil Engineering,Sport Science,Mathematics & Statistics,Physics & Astronomy,General Engineering,Business & Management,Mechanical & Aerospace Engineering,Economics & Econometrics,Chemistry,Languages, Literature & Linguistics,Other Health,Geography,Geology, Environmental, Earth & Marine Sciences,History, Philosophy & Theology,Computer Science,Politics & International Studies (incl Development Studies),Biological Sciences,Art, Performing Arts & Design,Agriculture & Forestry,Psychology,Law,Communication & Media Studies,Education",False,False,False,
351-400,Aston University,37.6—40.6,3520,20.6,679,23.9,397,56.2,418,34.3,726,93.5,29,master_account,0,/world-university-rankings/aston-university,816,United Kingdom,"8,565",16.3,32%,48 : 52,Aston University,"Economics & Econometrics,Biological Sciences,Languages, Literature & Linguistics,Mechanical & Aerospace Engineering,Computer Science,Politics & International Studies (incl Development Studies),Other Health,Law,Chemical Engineering,Mathematics & Statistics,Sociology,Civil Engineering,Chemistry,Psychology,Business & Management,Medicine & Dentistry,History, Philosophy & Theology,Accounting & Finance,Electrical & Electronic Engineering,General Engineering",False,False,False,https://www.timeshighereducation.com/student/register-interest/siuk?utm_medium=thewebsite&utm_campaign=cta-link&utm_source=rankings&iid=i-95141863
351-400,Bilkent University,37.6—40.6,3530,23.4,560,19.9,490,68.3,302,39.7,465,51.9,373,master_account,0,/world-university-rankings/bilkent-university,668,Turkey,"9,761",14.1,4%,46 : 54,Bilkent University,"Electrical & Electronic Engineering,Chemistry,Architecture,Communication & Media Studies,Economics & Econometrics,Languages, Literature & Linguistics,Physics & Astronomy,Art, Performing Arts & Design,Mathematics & Statistics,Business & Management,History, Philosophy & Theology,Psychology,Biological Sciences,Education,Archaeology,Politics & International Studies (incl Development Studies),Mechanical & Aerospace Engineering,Accounting & Finance,Computer Science,Law,Other Health",False,False,False,
351-400,SUNY Binghamton University,37.6—40.6,3540,24.3,520,20.4,477,68.5,297,35.9,626,40.3,545,public,0,/world-university-rankings/suny-binghamton-university,771,United States,"16,628",23.7,14%,48 : 52,SUNY Binghamton University,"Geography,Economics & Econometrics,Geology, Environmental, Earth & Marine Sciences,Chemical Engineering,Accounting & Finance,Physics & Astronomy,Languages, Literature & Linguistics,Mechanical & Aerospace Engineering,Archaeology,Chemistry,Biological Sciences,Sociology,History, Philosophy & Theology,Mathematics & Statistics,Psychology,Electrical & Electronic Engineering,Art, Performing Arts & Design,Communication & Media Studies,Business & Management,Other Health,Education,General Engineering,Politics & International Studies (incl Development Studies),Computer Science",False,False,False,https://www.timeshighereducation.com/student/register-interest/shorelight?utm_medium=thewebsite&utm_campaign=cta-link&utm_source=rankings&iid=i-91581071
351-400,University of Calabria,37.6—40.6,3550,14.7,934,25.8,353,84.2,136,33.4,788,31.1,676,master_account,0,/world-university-rankings/university-calabria,589361,Italy,"30,219",36.4,3%,59 : 41,University of Calabria,"Languages, Literature & Linguistics,Chemistry,Other Health,Medicine & Dentistry,Sociology,Geography,Politics & International Studies (incl Development Studies),Electrical & Electronic Engineering,History, Philosophy & Theology,Agriculture & Forestry,Law,Civil Engineering,Education,Mechanical & Aerospace Engineering,Geology, Environmental, Earth & Marine Sciences,Business & Management,Physics & Astronomy,Computer Science,Archaeology,Mathematics & Statistics,Accounting & Finance,Biological Sciences,Chemical Engineering,Art, Performing Arts & Design,General Engineering,Communication & Media Studies,Economics & Econometrics",False,False,False,
351-400,University of Canterbury,37.6—40.6,3560,23.8,541,26.8,338,56.2,419,40.5,440,89.7,57,master_account,6,/world-university-rankings/university-canterbury,773,New Zealand,"11,943",16.4,20%,50 : 50,University of Canterbury,"Biological Sciences,Education,Accounting & Finance,Civil Engineering,Physics & Astronomy,Communication & Media Studies,Sociology,General Engineering,Geography,Veterinary Science,History, Philosophy & Theology,Languages, Literature & Linguistics,Sport Science,Chemistry,Psychology,Architecture,Business & Management,Computer Science,Geology, Environmental, Earth & Marine Sciences,Other Health,Medicine & Dentistry,Chemical Engineering,Mechanical & Aerospace Engineering,Archaeology,Economics & Econometrics,Law,Politics & International Studies (incl Development Studies),Mathematics & Statistics,Agriculture & Forestry,Art, Performing Arts & Design,Electrical & Electronic Engineering",False,False,False,https://www.timeshighereducation.com/student/register-interest/aecc?utm_medium=thewebsite&utm_campaign=cta-link&utm_source=rankings&iid=i-36383713
351-400,"City, University of London",37.6—40.6,3570,24.1,530,25.9,351,56.2,420,33.3,797,91.0,47,master_account,0,/world-university-rankings/city-university-london,912,United Kingdom,"12,490",16.1,49%,54 : 46,"City, University of London","Communication & Media Studies,Other Health,Economics & Econometrics,Psychology,History, Philosophy & Theology,Languages, Literature & Linguistics,Electrical & Electronic Engineering,General Engineering,Chemical Engineering,Business & Management,Biological Sciences,Sociology,Civil Engineering,Computer Science,Politics & International Studies (incl Development Studies),Mathematics & Statistics,Art, Performing Arts & Design,Mechanical & Aerospace Engineering,Accounting & Finance,Law",False,False,False,https://www.timeshighereducation.com/student/register-interest/siuk?utm_medium=thewebsite&utm_campaign=cta-link&utm_source=rankings&iid=i-85968312
351-400,Claude Bernard University Lyon 1,37.6—40.6,3580,21.1,659,16.9,568,73.1,255,37.6,538,47.8,434,master_account,0,/world-university-rankings/claude-bernard-university-lyon-1,886,France,"35,944",17.2,8%,50 : 50,Claude Bernard University Lyon 1,"Chemical Engineering,Business & Management,Civil Engineering,Education,Electrical & Electronic Engineering,Chemistry,Computer Science,Mathematics & Statistics,Agriculture & Forestry,Economics & Econometrics,Medicine & Dentistry,Veterinary Science,General Engineering,Physics & Astronomy,Other Health,Sport Science,Biological Sciences,Accounting & Finance,Mechanical & Aerospace Engineering,Geology, Environmental, Earth & Marine Sciences",False,False,False,
351-400,University College Cork,37.6—40.6,3590,27.7,414,25.7,354,54.1,437,50.6,235,76.0,157,master_account,0,/world-university-rankings/university-college-cork,775,Ireland,"15,877",22.4,16%,56 : 44,University College Cork ucc,"History, Philosophy & Theology,Archaeology,Chemistry,Chemical Engineering,Languages, Literature & Linguistics,Computer Science,Medicine & Dentistry,Biological Sciences,Accounting & Finance,Politics & International Studies (incl Development Studies),Geography,Psychology,Geology, Environmental, Earth & Marine Sciences,Mathematics & Statistics,Electrical & Electronic Engineering,Education,Other Health,Mechanical & Aerospace Engineering,Sport Science,Civil Engineering,Art, Performing Arts & Design,Sociology,Business & Management,Physics & Astronomy,General Engineering,Law,Economics & Econometrics,Architecture,Agriculture & Forestry",False,False,False,
351-400,University of Cyprus,37.6—40.6,3600,19.1,740,25.4,359,66.6,327,34.7,706,75.0,170,master_account,11,/world-university-rankings/university-cyprus,131501,Cyprus,"7,025",22.5,8%,69 : 31,University of Cyprus,"Archaeology,Education,Computer Science,Politics & International Studies (incl Development Studies),General Engineering,Communication & Media Studies,Biological Sciences,Sociology,Medicine & Dentistry,Mathematics & Statistics,Business & Management,History, Philosophy & Theology,Law,Accounting & Finance,Civil Engineering,Electrical & Electronic Engineering,Chemistry,Mechanical & Aerospace Engineering,Languages, Literature & Linguistics,Geology, Environmental, Earth & Marine Sciences,Psychology,Economics & Econometrics,Architecture,Physics & Astronomy",False,False,False,
351-400,Drexel University,37.6—40.6,3610,32.6,311,16.0,585,62.0,364,37.9,525,47.8,435,private,0,/world-university-rankings/drexel-university,699,United States,"21,153",11.0,18%,49 : 51,Drexel University,"Communication & Media Studies,Languages, Literature & Linguistics,Mechanical & Aerospace Engineering,History, Philosophy & Theology,Biological Sciences,Education,Sociology,Politics & International Studies (incl Development Studies),Economics & Econometrics,Business & Management,Chemical Engineering,Civil Engineering,Mathematics & Statistics,Agriculture & Forestry,Architecture,Accounting & Finance,General Engineering,Psychology,Veterinary Science,Physics & Astronomy,Other Health,Computer Science,Geology, Environmental, Earth & Marine Sciences,Sport Science,Chemistry,Law,Electrical & Electronic Engineering,Art, Performing Arts & Design,Medicine & Dentistry",False,False,False,https://www.timeshighereducation.com/student/register-interest/shorelight?utm_medium=thewebsite&utm_campaign=cta-link&utm_source=rankings&iid=i-39843311
351-400,University of Eastern Finland,37.6—40.6,3620,25.0,499,20.5,476,74.5,240,35.6,643,48.0,429,master_account,0,/world-university-rankings/university-eastern-finland,776,Finland,"11,098",17.7,6%,63 : 37,University of Eastern Finland,"Geography,Politics & International Studies (incl Development Studies),Physics & Astronomy,Computer Science,Medicine & Dentistry,Education,Languages, Literature & Linguistics,Mathematics & Statistics,Economics & Econometrics,General Engineering,Agriculture & Forestry,Chemistry,Biological Sciences,Geology, Environmental, Earth & Marine Sciences,Other Health,History, Philosophy & Theology,Business & Management,Law,Psychology,Accounting & Finance,Sociology",False,False,False,
351-400,Flinders University,37.6—40.6,3630,22.3,599,11.3,764,74.9,233,36.5,598,66.1,235,master_account,0,/world-university-rankings/flinders-university,823,Australia,"16,465",23.6,16%,63 : 37,Flinders University,"Biological Sciences,Computer Science,Politics & International Studies (incl Development Studies),Electrical & Electronic Engineering,Law,Agriculture & Forestry,Archaeology,Civil Engineering,General Engineering,Chemistry,Medicine & Dentistry,Art, Performing Arts & Design,Physics & Astronomy,Geography,Chemical Engineering,Mechanical & Aerospace Engineering,History, Philosophy & Theology,Sport Science,Mathematics & Statistics,Psychology,Languages, Literature & Linguistics,Other Health,Sociology,Economics & Econometrics,Geology, Environmental, Earth & Marine Sciences,Business & Management,Accounting & Finance,Communication & Media Studies,Education",False,False,False,
351-400,Graz University of Technology,37.6—40.6,3640,28.5,396,15.4,608,60.0,387,67.8,124,71.2,199,master_account,0,/world-university-rankings/graz-university-technology,131362,Austria,"6,312",10.1,16%,23 : 77,Graz University of Technology,"Mechanical & Aerospace Engineering,Biological Sciences,Electrical & Electronic Engineering,Geology, Environmental, Earth & Marine Sciences,Education,Civil Engineering,General Engineering,Business & Management,Chemical Engineering,Computer Science,Chemistry,Mathematics & Statistics,Physics & Astronomy",False,False,False,
351-400,University of Guelph,37.6—40.6,3650,26.1,466,33.0,242,48.7,488,46.9,292,55.4,336,master_account,0,/world-university-rankings/university-guelph,746,Canada,"21,547",28.4,4%,60 : 40,University of Guelph,"Other Health,Veterinary Science,Business & Management,Electrical & Electronic Engineering,Chemistry,Languages, Literature & Linguistics,Agriculture & Forestry,Sociology,Mechanical & Aerospace Engineering,Geology, Environmental, Earth & Marine Sciences,Chemical Engineering,Communication & Media Studies,General Engineering,Geography,History, Philosophy & Theology,Biological Sciences,Architecture,Mathematics & Statistics,Accounting & Finance,Computer Science,Physics & Astronomy,Economics & Econometrics,Art, Performing Arts & Design,Civil Engineering,Politics & International Studies (incl Development Studies),Sport Science,Psychology",False,False,False,https://www.timeshighereducation.com/student/register-interest/applyboard?utm_medium=thewebsite&utm_campaign=cta-link&utm_source=rankings&iid=i-02302013
351-400,Hanyang University,37.6—40.6,3660,35.0,261,35.6,216,35.6,610,81.8,71,51.5,380,master_account,6,/world-university-rankings/hanyang-university,936,South Korea,"21,629",14.1,15%,,Hanyang University,"Architecture,History, Philosophy & Theology,Civil Engineering,Languages, Literature & Linguistics,Sociology,Chemical Engineering,Education,Economics & Econometrics,Physics & Astronomy,Sport Science,Law,Electrical & Electronic Engineering,Other Health,Geology, Environmental, Earth & Marine Sciences,Business & Management,Mechanical & Aerospace Engineering,Chemistry,Art, Performing Arts & Design,Computer Science,Politics & International Studies (incl Development Studies),Medicine & Dentistry,Mathematics & Statistics,Archaeology,General Engineering,Communication & Media Studies,Biological Sciences,Accounting & Finance",False,False,False,
351-400,Hong Kong Baptist University,37.6—40.6,3670,23.3,563,13.6,666,67.4,308,32.9,830,79.1,129,master_account,0,/world-university-rankings/hong-kong-baptist-university,748,Hong Kong,"11,038",11.1,29%,62 : 38,Hong Kong Baptist University hkbu,"Medicine & Dentistry,Business & Management,Computer Science,Sociology,Art, Performing Arts & Design,Biological Sciences,Geography,History, Philosophy & Theology,Languages, Literature & Linguistics,Chemistry,Accounting & Finance,Communication & Media Studies,Education,Politics & International Studies (incl Development Studies),Mathematics & Statistics,Economics & Econometrics,Agriculture & Forestry,Sport Science,Physics & Astronomy,Other Health,Geology, Environmental, Earth & Marine Sciences",False,False,False,
351-400,University of Houston,37.6—40.6,3680,35.4,256,29.4,294,54.3,433,40.6,436,36.8,598,public,0,/world-university-rankings/university-houston,780,United States,"39,402",42.5,9%,50 : 50,University of Houston,"Mechanical & Aerospace Engineering,Politics & International Studies (incl Development Studies),Electrical & Electronic Engineering,Communication & Media Studies,Art, Performing Arts & Design,Civil Engineering,Sociology,Medicine & Dentistry,Mathematics & Statistics,Psychology,Computer Science,Chemistry,Accounting & Finance,Architecture,Sport Science,Education,General Engineering,Geology, Environmental, Earth & Marine Sciences,Economics & Econometrics,Languages, Literature & Linguistics,Chemical Engineering,Geography,History, Philosophy & Theology,Biological Sciences,Law,Other Health,Physics & Astronomy,Business & Management",False,False,False,https://www.timeshighereducation.com/student/register-interest/shorelight?utm_medium=thewebsite&utm_campaign=cta-link&utm_source=rankings&iid=i-22783831
351-400,ITMO University,37.6—40.6,3690,27.3,427,17.2,556,67.1,320,72.4,102,40.8,536,master_account,0,/world-university-rankings/itmo-university,131805,Russian Federation,"11,875",10.4,10%,,ITMO University,"Physics & Astronomy,Business & Management,Mechanical & Aerospace Engineering,Art, Performing Arts & Design,Civil Engineering,Communication & Media Studies,Mathematics & Statistics,Economics & Econometrics,Sociology,Chemical Engineering,Languages, Literature & Linguistics,Law,Computer Science,Education,Sport Science,General Engineering,Chemistry,Biological Sciences,History, Philosophy & Theology,Accounting & Finance,Politics & International Studies (incl Development Studies),Electrical & Electronic Engineering,Agriculture & Forestry,Medicine & Dentistry,Other Health,Geology, Environmental, Earth & Marine Sciences",False,False,True,
351-400,Indian Institute of Technology Bombay,37.6—40.6,3700,39.2,194,31.1,267,52.8,448,46.9,293,19.2,868,master_account,0,/world-university-rankings/indian-institute-technology-bombay,782,India,"9,207",16.3,1%,17 : 83,Indian Institute of Technology Bombay,"Mechanical & Aerospace Engineering,Education,Electrical & Electronic Engineering,Geography,Civil Engineering,General Engineering,Politics & International Studies (incl Development Studies),Chemistry,Computer Science,Communication & Media Studies,Chemical Engineering,Business & Management,Art, Performing Arts & Design,Geology, Environmental, Earth & Marine Sciences,Physics & Astronomy,Mathematics & Statistics,Economics & Econometrics",False,False,False,
351-400,Iowa State University,37.6—40.6,3710,31.2,338,25.3,360,60.6,383,47.5,284,37.9,580,public,0,/world-university-rankings/iowa-state-university,648,United States,"32,951",18.7,12%,46 : 54,Iowa State University,"History, Philosophy & Theology,Communication & Media Studies,Geology, Environmental, Earth & Marine Sciences,Education,Languages, Literature & Linguistics,Chemical Engineering,Veterinary Science,Mathematics & Statistics,Sociology,Computer Science,Agriculture & Forestry,Electrical & Electronic Engineering,Other Health,Sport Science,Psychology,Civil Engineering,Art, Performing Arts & Design,Geography,General Engineering,Architecture,Business & Management,Economics & Econometrics,Physics & Astronomy,Chemistry,Accounting & Finance,Politics & International Studies (incl Development Studies),Mechanical & Aerospace Engineering,Biological Sciences",False,False,False,https://www.timeshighereducation.com/student/register-interest/shorelight?utm_medium=thewebsite&utm_campaign=cta-link&utm_source=rankings&iid=i-66451983
351-400,RPTU University Kaiserslautern-Landau,37.6—40.6,3720,34.7,268,23.2,416,50.3,469,69.2,117,46.3,453,master_account,0,/world-university-rankings/rptu-university-kaiserslautern-landau,131341,Germany,"14,226",53.7,15%,37 : 63,RPTU University Kaiserslautern-Landau,"Biological Sciences,Business & Management,History, Philosophy & Theology,Chemistry,Civil Engineering,Geography,Mechanical & Aerospace Engineering,Politics & International Studies (incl Development Studies),Mathematics & Statistics,Education,Languages, Literature & Linguistics,Computer Science,Geology, Environmental, Earth & Marine Sciences,Chemical Engineering,Psychology,Art, Performing Arts & Design,Architecture,Physics & Astronomy,General Engineering,Communication & Media Studies,Electrical & Electronic Engineering,Sociology",False,False,False,
351-400,University of Kansas,37.6—40.6,3730,36.7,240,24.5,380,54.5,431,38.3,509,33.7,641,public,0,/world-university-rankings/university-kansas,751,United States,"24,345",7.6,9%,51 : 49,University of Kansas,"Architecture,Sport Science,Law,Art, Performing Arts & Design,Electrical & Electronic Engineering,Politics & International Studies (incl Development Studies),Computer Science,Geology, Environmental, Earth & Marine Sciences,Languages, Literature & Linguistics,Chemical Engineering,Geography,Economics & Econometrics,General Engineering,Chemistry,Accounting & Finance,History, Philosophy & Theology,Civil Engineering,Sociology,Agriculture & Forestry,Other Health,Physics & Astronomy,Psychology,Biological Sciences,Archaeology,Education,Medicine & Dentistry,Mathematics & Statistics,Business & Management,Communication & Media Studies,Mechanical & Aerospace Engineering",False,False,False,https://www.timeshighereducation.com/student/register-interest/shorelight?utm_medium=thewebsite&utm_campaign=cta-link&utm_source=rankings&iid=i-11245372
351-400,University of Kentucky,37.6—40.6,3740,36.6,243,29.3,298,51.4,457,39.0,488,38.2,573,public,0,/world-university-rankings/university-kentucky,752,United States,"31,225",19.0,6%,53 : 47,University of Kentucky,"Agriculture & Forestry,Chemistry,Education,Economics & Econometrics,Business & Management,Electrical & Electronic Engineering,Civil Engineering,Computer Science,Communication & Media Studies,Mechanical & Aerospace Engineering,Other Health,Physics & Astronomy,Mathematics & Statistics,General Engineering,Law,Medicine & Dentistry,Sociology,Politics & International Studies (incl Development Studies),Biological Sciences,Art, Performing Arts & Design,History, Philosophy & Theology,Veterinary Science,Sport Science,Architecture,Geology, Environmental, Earth & Marine Sciences,Geography,Psychology,Accounting & Finance,Languages, Literature & Linguistics,Chemical Engineering",False,False,False,https://www.timeshighereducation.com/student/register-interest/shorelight?utm_medium=thewebsite&utm_campaign=cta-link&utm_source=rankings&iid=i-63697822
351-400,Kyung Hee University,37.6—40.6,3750,28.5,397,35.5,217,48.5,489,79.3,78,51.5,381,master_account,6,/world-university-rankings/kyung-hee-university,834,South Korea,"23,692",17.3,16%,47 : 53,Kyung Hee University KyungHee KHU,"Communication & Media Studies,Geography,Computer Science,Biological Sciences,Geology, Environmental, Earth & Marine Sciences,Languages, Literature & Linguistics,General Engineering,Sport Science,History, Philosophy & Theology,Mathematics & Statistics,Sociology,Electrical & Electronic Engineering,Politics & International Studies (incl Development Studies),Physics & Astronomy,Mechanical & Aerospace Engineering,Economics & Econometrics,Business & Management,Agriculture & Forestry,Civil Engineering,Psychology,Art, Performing Arts & Design,Law,Medicine & Dentistry,Chemistry,Accounting & Finance,Archaeology,Architecture,Chemical Engineering,Education,Other Health",False,False,False,
351-400,Kyushu University,37.6—40.6,3760,41.9,165,35.1,226,35.7,609,70.8,108,31.2,674,master_account,0,/world-university-rankings/kyushu-university,131724,Japan,"18,650",6.6,11%,29 : 71,Kyushu University,"Business & Management,Medicine & Dentistry,Agriculture & Forestry,Archaeology,Other Health,Sport Science,Education,Mathematics & Statistics,Biological Sciences,Communication & Media Studies,Civil Engineering,Chemical Engineering,Geography,Languages, Literature & Linguistics,General Engineering,Veterinary Science,Law,Chemistry,Electrical & Electronic Engineering,Physics & Astronomy,History, Philosophy & Theology,Geology, Environmental, Earth & Marine Sciences,Economics & Econometrics,Psychology,Mechanical & Aerospace Engineering,Art, Performing Arts & Design,Sociology,Accounting & Finance,Computer Science,Architecture,Politics & International Studies (incl Development Studies)",False,False,False,
351-400,La Trobe University,37.6—40.6,3770,26.7,450,29.7,287,49.0,485,45.5,310,78.7,132,master_account,0,/world-university-rankings/la-trobe-university,835,Australia,"22,422",29.6,25%,63 : 37,La Trobe University,"Archaeology,Chemistry,Economics & Econometrics,History, Philosophy & Theology,Mathematics & Statistics,Accounting & Finance,Mechanical & Aerospace Engineering,Education,Law,Computer Science,Sport Science,Other Health,Geology, Environmental, Earth & Marine Sciences,Art, Performing Arts & Design,Medicine & Dentistry,Civil Engineering,Communication & Media Studies,General Engineering,Biological Sciences,Sociology,Electrical & Electronic Engineering,Politics & International Studies (incl Development Studies),Physics & Astronomy,Business & Management,Languages, Literature & Linguistics,Agriculture & Forestry,Veterinary Science,Psychology",False,False,False,https://www.timeshighereducation.com/student/register-interest/aecc?utm_medium=thewebsite&utm_campaign=cta-link&utm_source=rankings&iid=i-05999552
351-400,Leibniz University Hannover,37.6—40.6,3780,37.4,231,37.1,204,43.2,535,62.0,160,44.5,477,master_account,0,/world-university-rankings/leibniz-university-hannover,826,Germany,"23,126",61.9,12%,41 : 59,Leibniz University Hannover,"Civil Engineering,Education,Physics & Astronomy,Mathematics & Statistics,Architecture,Chemistry,Electrical & Electronic Engineering,History, Philosophy & Theology,Sociology,Geography,Economics & Econometrics,Biological Sciences,Agriculture & Forestry,Sport Science,Computer Science,Politics & International Studies (incl Development Studies),Accounting & Finance,Geology, Environmental, Earth & Marine Sciences,Business & Management,Law,General Engineering,Languages, Literature & Linguistics",False,False,False,
351-400,University of Macau,37.6—40.6,3790,21.5,641,22.0,443,53.3,445,46.3,302,98.8,4,master_account,11,/world-university-rankings/university-macau,1027,Macao,"8,981",14.6,33%,58 : 42,University of Macau,"General Engineering,Communication & Media Studies,Civil Engineering,Politics & International Studies (incl Development Studies),Medicine & Dentistry,Biological Sciences,Education,Computer Science,Economics & Econometrics,Sport Science,Law,Electrical & Electronic Engineering,Sociology,History, Philosophy & Theology,Physics & Astronomy,Accounting & Finance,Art, Performing Arts & Design,Chemistry,Psychology,Languages, Literature & Linguistics,Mathematics & Statistics,Business & Management,Other Health,Geology, Environmental, Earth & Marine Sciences,Mechanical & Aerospace Engineering",False,False,False,
351-400,Autonomous University of Madrid,37.6—40.6,3800,32.3,321,28.3,310,57.4,404,35.8,631,51.6,377,master_account,0,/world-university-rankings/autonomous-university-madrid,743,Spain,"26,969",12.4,16%,60 : 40,Autonomous University of Madrid,"Psychology,Medicine & Dentistry,Chemical Engineering,Geology, Environmental, Earth & Marine Sciences,Art, Performing Arts & Design,Physics & Astronomy,Business & Management,Geography,Electrical & Electronic Engineering,Law,Sport Science,Computer Science,Accounting & Finance,Languages, Literature & Linguistics,Economics & Econometrics,Communication & Media Studies,Chemistry,Other Health,History, Philosophy & Theology,Sociology,Mathematics & Statistics,General Engineering,Politics & International Studies (incl Development Studies),Archaeology,Biological Sciences,Education",False,False,False,
351-400,University of Milan-Bicocca,37.6—40.6,3810,25.5,482,22.7,426,70.8,273,43.9,354,42.2,512,master_account,0,/world-university-rankings/university-milan-bicocca,705,Italy,"32,892",65.8,6%,62 : 38,University of Milan-Bicocca,"Computer Science,Psychology,Accounting & Finance,Physics & Astronomy,Economics & Econometrics,History, Philosophy & Theology,Biological Sciences,Languages, Literature & Linguistics,Politics & International Studies (incl Development Studies),Chemistry,Business & Management,Education,Other Health,Sociology,Geology, Environmental, Earth & Marine Sciences,Communication & Media Studies,Mathematics & Statistics,Law,Medicine & Dentistry",False,False,False,
351-400,Mizzou – University of Missouri,37.6—40.6,3820,30.9,350,19.3,503,67.0,322,33.8,758,34.0,635,public,0,/world-university-rankings/mizzou-university-missouri,706,United States,"30,535",11.3,6%,53 : 47,Mizzou – University of Missouri,"Electrical & Electronic Engineering,Chemistry,Accounting & Finance,Computer Science,Mathematics & Statistics,Psychology,Art, Performing Arts & Design,Civil Engineering,Communication & Media Studies,Other Health,Sport Science,Education,Mechanical & Aerospace Engineering,Geology, Environmental, Earth & Marine Sciences,Economics & Econometrics,Medicine & Dentistry,Veterinary Science,Law,Languages, Literature & Linguistics,Chemical Engineering,Politics & International Studies (incl Development Studies),Archaeology,Biological Sciences,Geography,General Engineering,Physics & Astronomy,Business & Management,History, Philosophy & Theology,Agriculture & Forestry,Sociology",False,False,False,https://www.timeshighereducation.com/student/register-interest/shorelight?utm_medium=thewebsite&utm_campaign=cta-link&utm_source=rankings&iid=i-11279063
351-400,Montpellier University,37.6—40.6,3830,32.7,307,18.1,538,64.6,345,35.9,628,57.7,313,master_account,0,/world-university-rankings/montpellier-university,755,France,"39,313",19.7,14%,54 : 46,Montpellier University,"Geology, Environmental, Earth & Marine Sciences,Agriculture & Forestry,Accounting & Finance,Biological Sciences,Law,Other Health,Mechanical & Aerospace Engineering,Veterinary Science,General Engineering,Business & Management,Economics & Econometrics,Computer Science,Electrical & Electronic Engineering,Civil Engineering,Chemical Engineering,Physics & Astronomy,Medicine & Dentistry,Mathematics & Statistics,Politics & International Studies (incl Development Studies),Chemistry,Education,Sport Science",False,False,False,
351-400,Maynooth University,37.6—40.6,3840,25.5,483,24.2,389,61.0,376,37.5,546,77.6,141,master_account,0,/world-university-rankings/maynooth-university,843,Ireland,"7,850",28.8,12%,55 : 45,Maynooth University,"Law,Electrical & Electronic Engineering,Languages, Literature & Linguistics,Mathematics & Statistics,Psychology,Biological Sciences,History, Philosophy & Theology,Communication & Media Studies,Education,General Engineering,Economics & Econometrics,Geology, Environmental, Earth & Marine Sciences,Accounting & Finance,Chemistry,Business & Management,Geography,Computer Science,Sociology,Physics & Astronomy,Politics & International Studies (incl Development Studies)",False,False,False,
351-400,Norwegian University of Life Sciences,37.6—40.6,3850,25.7,479,13.2,682,68.3,304,37.9,526,78.0,138,master_account,0,/world-university-rankings/norwegian-university-life-sciences,587790,Norway,"5,655",7.3,21%,53 : 47,Norwegian University of Life Sciences,"Veterinary Science,Biological Sciences,General Engineering,Education,Civil Engineering,Mechanical & Aerospace Engineering,Politics & International Studies (incl Development Studies),Architecture,Geology, Environmental, Earth & Marine Sciences,Mathematics & Statistics,Physics & Astronomy,Economics & Econometrics,Chemistry,Business & Management,Agriculture & Forestry,Accounting & Finance",False,False,False,
351-400,University of Oklahoma,37.6—40.6,3860,33.5,289,17.9,541,64.1,353,37.3,560,33.6,642,public,0,/world-university-rankings/university-oklahoma,794,United States,"27,054",10.3,6%,52 : 48,University of Oklahoma,"General Engineering,Physics & Astronomy,Business & Management,Archaeology,Chemical Engineering,Sociology,Architecture,Chemistry,Accounting & Finance,Languages, Literature & Linguistics,Mathematics & Statistics,Psychology,Medicine & Dentistry,Geology, Environmental, Earth & Marine Sciences,Economics & Econometrics,Computer Science,Sport Science,Education,Other Health,Biological Sciences,Law,Art, Performing Arts & Design,Civil Engineering,Communication & Media Studies,Electrical & Electronic Engineering,Politics & International Studies (incl Development Studies),History, Philosophy & Theology,Mechanical & Aerospace Engineering,Geography",False,False,False,https://www.timeshighereducation.com/student/register-interest/shorelight?utm_medium=thewebsite&utm_campaign=cta-link&utm_source=rankings&iid=i-11900483
351-400,Paris-Sorbonne University – Paris 4,37.6—40.6,3870,48.6,107,38.6,190,27.9,692,32.2,926,54.2,358,master_account,0,/world-university-rankings/paris-sorbonne-university-paris-4,924,France,"21,488",27.9,19%,70 : 30,Paris-Sorbonne University – Paris 4,,False,False,False,
351-400,University of Plymouth,37.6—40.6,3880,20.0,705,20.4,480,71.9,263,32.5,884,66.6,230,master_account,0,/world-university-rankings/university-plymouth,796,United Kingdom,"18,510",19.3,14%,52 : 48,University of Plymouth,"Computer Science,Education,Art, Performing Arts & Design,Civil Engineering,Geography,Medicine & Dentistry,Politics & International Studies (incl Development Studies),Electrical & Electronic Engineering,Psychology,History, Philosophy & Theology,Chemistry,Business & Management,Mathematics & Statistics,Communication & Media Studies,Economics & Econometrics,Other Health,Sociology,Languages, Literature & Linguistics,Mechanical & Aerospace Engineering,Law,Architecture,Geology, Environmental, Earth & Marine Sciences,Accounting & Finance,Biological Sciences",False,False,False,https://www.timeshighereducation.com/student/register-interest/siuk?utm_medium=thewebsite&utm_campaign=cta-link&utm_source=rankings&iid=i-23101933
351-400,Polytechnic University of Turin,37.6—40.6,3890,25.8,477,19.0,511,66.8,325,49.4,257,48.5,423,master_account,0,/world-university-rankings/polytechnic-university-turin,850,Italy,"29,422",27.9,16%,29 : 71,Polytechnic University of Turin,"Computer Science,Geology, Environmental, Earth & Marine Sciences,Civil Engineering,Architecture,Chemistry,Chemical Engineering,Art, Performing Arts & Design,Physics & Astronomy,Mechanical & Aerospace Engineering,Business & Management,General Engineering,Electrical & Electronic Engineering,Mathematics & Statistics,Biological Sciences",False,False,False,
351-400,University of Salerno,37.6—40.6,3900,18.2,792,13.1,686,86.7,112,39.2,480,30.8,679,master_account,0,/world-university-rankings/university-salerno,589196,Italy,"37,862",56.3,1%,61 : 39,University of Salerno,"Languages, Literature & Linguistics,Physics & Astronomy,Business & Management,Computer Science,Chemical Engineering,Sociology,Art, Performing Arts & Design,Sport Science,Psychology,History, Philosophy & Theology,Mathematics & Statistics,Medicine & Dentistry,Mechanical & Aerospace Engineering,Communication & Media Studies,Biological Sciences,Law,Other Health,Civil Engineering,Politics & International Studies (incl Development Studies),Architecture,Chemistry,Accounting & Finance,General Engineering,Agriculture & Forestry,Education,Economics & Econometrics,Archaeology,Electrical & Electronic Engineering,Geology, Environmental, Earth & Marine Sciences",False,False,False,
351-400,Swinburne University of Technology,37.6—40.6,3910,22.9,579,24.0,396,60.3,385,35.5,660,74.5,173,master_account,11,/world-university-rankings/swinburne-university-technology,858,Australia,"13,606",26.4,27%,39 : 61,Swinburne University of Technology Swinburne University of Technology Swinburne SUT,"Civil Engineering,Medicine & Dentistry,Computer Science,General Engineering,Languages, Literature & Linguistics,Agriculture & Forestry,Art, Performing Arts & Design,Chemical Engineering,Economics & Econometrics,Business & Management,Communication & Media Studies,Other Health,Mathematics & Statistics,Sport Science,Chemistry,Accounting & Finance,History, Philosophy & Theology,Mechanical & Aerospace Engineering,Architecture,Education,Politics & International Studies (incl Development Studies),Electrical & Electronic Engineering,Psychology,Sociology,Law,Physics & Astronomy,Biological Sciences",False,False,False,https://www.timeshighereducation.com/student/register-interest/aecc?utm_medium=thewebsite&utm_campaign=cta-link&utm_source=rankings&iid=i-90741515
351-400,The University of Texas at San Antonio,37.6—40.6,3920,17.3,833,16.2,583,85.0,129,32.4,903,32.6,652,public,0,/world-university-rankings/university-texas-san-antonio,761,United States,"25,870",21.4,7%,48 : 52,The University of Texas at San Antonio,"Mathematics & Statistics,History, Philosophy & Theology,Accounting & Finance,Psychology,Other Health,Economics & Econometrics,Geography,Architecture,Chemistry,Physics & Astronomy,Business & Management,Biological Sciences,General Engineering,Languages, Literature & Linguistics,Civil Engineering,Medicine & Dentistry,Computer Science,Electrical & Electronic Engineering,Agriculture & Forestry,Sport Science,Politics & International Studies (incl Development Studies),Geology, Environmental, Earth & Marine Sciences,Art, Performing Arts & Design,Mechanical & Aerospace Engineering,Sociology,Education,Communication & Media Studies,Chemical Engineering,Law",False,False,False,https://www.timeshighereducation.com/student/register-interest/shorelight?utm_medium=thewebsite&utm_campaign=cta-link&utm_source=rankings&iid=i-33715825
351-400,Toyota Technological Institute,37.6—40.6,3930,22.2,614,17.0,565,78.6,195,59.0,180,24.1,784,master_account,0,/world-university-rankings/toyota-technological-institute,587814,Japan,505,11.2,3%,7 : 93,Toyota Technological Institute,"Chemical Engineering,General Engineering,Computer Science,Chemistry,Mechanical & Aerospace Engineering,Electrical & Electronic Engineering,Physics & Astronomy",False,False,False,
351-400,University of Trieste,37.6—40.6,3940,26.1,471,17.9,544,74.9,235,35.7,640,46.0,462,master_account,0,/world-university-rankings/university-trieste,713,Italy,"18,144",26.5,9%,56 : 44,University of Trieste,"Computer Science,Psychology,Biological Sciences,Accounting & Finance,Medicine & Dentistry,Communication & Media Studies,Geology, Environmental, Earth & Marine Sciences,Physics & Astronomy,General Engineering,Politics & International Studies (incl Development Studies),Chemistry,Business & Management,Civil Engineering,Archaeology,Economics & Econometrics,Geography,Other Health,Mechanical & Aerospace Engineering,Architecture,Languages, Literature & Linguistics,Mathematics & Statistics,Sociology,Chemical Engineering,Electrical & Electronic Engineering,History, Philosophy & Theology,Law,Education",False,False,False,
351-400,Tulane University,37.6—40.6,3950,41.4,167,15.7,602,61.0,377,35.5,661,37.9,583,private,0,/world-university-rankings/tulane-university,686,United States,"11,495",11.8,11%,56 : 44,Tulane University,"Mechanical & Aerospace Engineering,Communication & Media Studies,Civil Engineering,Politics & International Studies (incl Development Studies),Art, Performing Arts & Design,Agriculture & Forestry,Law,Medicine & Dentistry,Mathematics & Statistics,Business & Management,General Engineering,Geology, Environmental, Earth & Marine Sciences,Computer Science,Languages, Literature & Linguistics,History, Philosophy & Theology,Sport Science,Psychology,Architecture,Physics & Astronomy,Accounting & Finance,Biological Sciences,Education,Other Health,Chemistry,Economics & Econometrics,Chemical Engineering,Sociology",False,False,False,https://www.timeshighereducation.com/student/register-interest/shorelight?utm_medium=thewebsite&utm_campaign=cta-link&utm_source=rankings&iid=i-04338708
351-400,University of Turin,37.6—40.6,3960,21.2,656,20.4,481,72.9,258,45.4,313,38.9,569,master_account,0,/world-university-rankings/university-turin,884,Italy,"67,678",43.7,6%,63 : 37,University of Turin,"Sport Science,Art, Performing Arts & Design,Geology, Environmental, Earth & Marine Sciences,Psychology,Sociology,Business & Management,Accounting & Finance,Chemistry,Politics & International Studies (incl Development Studies),History, Philosophy & Theology,Veterinary Science,Communication & Media Studies,Other Health,Agriculture & Forestry,Computer Science,Law,Mathematics & Statistics,Languages, Literature & Linguistics,Medicine & Dentistry,Education,Biological Sciences,Physics & Astronomy,Geography,Economics & Econometrics,Archaeology",False,False,False,
351-400,Victoria University,37.6—40.6,3970,22.5,596,22.1,440,66.9,324,37.2,568,70.8,202,master_account,0,/world-university-rankings/victoria-university,589256,Australia,"15,270",32.5,22%,55 : 45,Victoria University,"Mechanical & Aerospace Engineering,Psychology,Mathematics & Statistics,Civil Engineering,Law,Other Health,Geology, Environmental, Earth & Marine Sciences,General Engineering,Education,Electrical & Electronic Engineering,Communication & Media Studies,Business & Management,Biological Sciences,Politics & International Studies (incl Development Studies),History, Philosophy & Theology,Sport Science,Accounting & Finance,Chemistry,Economics & Econometrics,Computer Science,Sociology",False,False,False,
351-400,Victoria University of Wellington,37.6—40.6,3980,23.3,566,30.2,279,48.4,491,53.6,208,88.6,68,master_account,0,/world-university-rankings/victoria-university-wellington,736,New Zealand,"16,940",20.1,21%,55 : 45,Victoria University of Wellington,"History, Philosophy & Theology,Biological Sciences,Business & Management,Geology, Environmental, Earth & Marine Sciences,Psychology,Communication & Media Studies,Architecture,Mathematics & Statistics,Accounting & Finance,Other Health,Geography,Computer Science,Chemistry,Economics & Econometrics,Electrical & Electronic Engineering,Law,Art, Performing Arts & Design,Politics & International Studies (incl Development Studies),Languages, Literature & Linguistics,Sociology,Physics & Astronomy,Education",False,False,False,https://www.timeshighereducation.com/student/register-interest/aecc?utm_medium=thewebsite&utm_campaign=cta-link&utm_source=rankings&iid=i-06549291
351-400,Washington State University,37.6—40.6,3990,29.6,381,29.6,291,59.8,388,56.9,190,43.3,495,public,0,/world-university-rankings/washington-state-university,814,United States,"26,439",20.1,8%,51 : 49,Washington State University,"Archaeology,Computer Science,Chemistry,Business & Management,Electrical & Electronic Engineering,Mathematics & Statistics,Accounting & Finance,Languages, Literature & Linguistics,Civil Engineering,Politics & International Studies (incl Development Studies),Economics & Econometrics,Other Health,Chemical Engineering,Communication & Media Studies,General Engineering,Physics & Astronomy,Mechanical & Aerospace Engineering,Art, Performing Arts & Design,Geology, Environmental, Earth & Marine Sciences,History, Philosophy & Theology,Agriculture & Forestry,Sociology,Architecture,Veterinary Science,Psychology,Medicine & Dentistry,Biological Sciences,Geography,Sport Science,Education",False,False,False,https://www.timeshighereducation.com/student/register-interest/shorelight?utm_medium=thewebsite&utm_campaign=cta-link&utm_source=rankings&iid=i-18966292
351-400,Wayne State University,37.6—40.6,4000,33.0,299,15.7,603,71.9,264,42.2,388,33.3,644,public,0,/world-university-rankings/wayne-state-university,738,United States,"22,405",10.7,8%,57 : 43,Wayne State University,"Accounting & Finance,Electrical & Electronic Engineering,Physics & Astronomy,Business & Management,Other Health,Mathematics & Statistics,Architecture,Civil Engineering,Communication & Media Studies,Education,Law,Biological Sciences,Psychology,Computer Science,History, Philosophy & Theology,Chemistry,Economics & Econometrics,Medicine & Dentistry,Art, Performing Arts & Design,Agriculture & Forestry,Politics & International Studies (incl Development Studies),Sport Science,General Engineering,Languages, Literature & Linguistics,Sociology,Chemical Engineering,Mechanical & Aerospace Engineering,Geology, Environmental, Earth & Marine Sciences",False,False,False,https://www.timeshighereducation.com/student/register-interest/shorelight?utm_medium=thewebsite&utm_campaign=cta-link&utm_source=rankings&iid=i-27884402
351-400,École Nationale des Ponts et Chaussées - Institut Polytechnique de Paris,37.6—40.6,4010,32.9,303,13.8,659,61.2,375,69.7,114,65.9,236,master_account,0,/world-university-rankings/ecole-nationale-des-ponts-et-chaussees-institut-polytechnique-de-paris,131595,France,"1,810",12.9,44%,31 : 69,École Nationale des Ponts et Chaussées - Institut Polytechnique de Paris,"Sociology,Computer Science,Accounting & Finance,General Engineering,Mechanical & Aerospace Engineering,Civil Engineering,Economics & Econometrics,Geology, Environmental, Earth & Marine Sciences,Mathematics & Statistics",False,False,False,
351-400,Örebro University,37.6—40.6,4020,17.7,815,5.9,965,91.7,70,33.7,769,43.6,490,master_account,0,/world-university-rankings/orebro-university,131461,Sweden,"8,698",15.9,2%,61 : 39,Örebro University,"Other Health,Accounting & Finance,Law,Communication & Media Studies,Education,Civil Engineering,Mechanical & Aerospace Engineering,Mathematics & Statistics,Electrical & Electronic Engineering,Chemistry,Politics & International Studies (incl Development Studies),General Engineering,Medicine & Dentistry,Psychology,Computer Science,Biological Sciences,History, Philosophy & Theology,Sociology,Economics & Econometrics,Business & Management,Geology, Environmental, Earth & Marine Sciences,Art, Performing Arts & Design,Languages, Literature & Linguistics,Sport Science",False,False,False,
401-500,American University,32.6—37.5,4030,40.5,181,21.3,456,51.4,456,37.8,531,30.1,687,private,0,/world-university-rankings/american-university,131636,United States,"11,636",12.0,12%,61 : 39,American University,"Mathematics & Statistics,Biological Sciences,Politics & International Studies (incl Development Studies),Law,History, Philosophy & Theology,General Engineering,Computer Science,Languages, Literature & Linguistics,Economics & Econometrics,Physics & Astronomy,Communication & Media Studies,Sociology,Art, Performing Arts & Design,Sport Science,Education,Geology, Environmental, Earth & Marine Sciences,Accounting & Finance,Business & Management,Chemistry,Psychology,Medicine & Dentistry,Other Health",False,False,False,https://www.timeshighereducation.com/student/register-interest/shorelight?utm_medium=thewebsite&utm_campaign=cta-link&utm_source=rankings&iid=i-67379501
401-500,Aristotle University of Thessaloniki,32.6—37.5,4040,20.0,700,15.8,592,61.8,366,37.3,558,39.9,552,master_account,0,/world-university-rankings/aristotle-university-thessaloniki,131558,Greece,"44,433",22.3,9%,58 : 42,Aristotle University of Thessaloniki,"Chemical Engineering,Psychology,Geology, Environmental, Earth & Marine Sciences,History, Philosophy & Theology,Languages, Literature & Linguistics,Mechanical & Aerospace Engineering,Architecture,Electrical & Electronic Engineering,Mathematics & Statistics,Physics & Astronomy,Veterinary Science,Biological Sciences,Business & Management,Medicine & Dentistry,Education,Politics & International Studies (incl Development Studies),Agriculture & Forestry,Law,Archaeology,Communication & Media Studies,Sport Science,Other Health,General Engineering,Civil Engineering,Accounting & Finance,Chemistry,Art, Performing Arts & Design,Economics & Econometrics,Computer Science",False,False,False,
401-500,Atılım University,32.6—37.5,4050,19.0,751,8.1,902,75.3,229,47.9,275,33.2,650,master_account,6,/world-university-rankings/atilim-university,131628,Turkey,"6,394",27.2,8%,,Atılım University Atilim,"Psychology,Communication & Media Studies,Languages, Literature & Linguistics,Electrical & Electronic Engineering,Mechanical & Aerospace Engineering,Mathematics & Statistics,Chemical Engineering,Other Health,Computer Science,Economics & Econometrics,Civil Engineering,Business & Management,Art, Performing Arts & Design,Architecture,General Engineering,Accounting & Finance,Medicine & Dentistry,Politics & International Studies (incl Development Studies),Law,Chemistry",False,False,False,
401-500,University of Aveiro,32.6—37.5,4060,30.2,365,26.2,345,44.5,522,41.5,407,46.5,451,master_account,0,/world-university-rankings/university-aveiro,769,Portugal,"10,641",17.7,9%,51 : 49,University of Aveiro,"Economics & Econometrics,Psychology,Geology, Environmental, Earth & Marine Sciences,Biological Sciences,Accounting & Finance,Communication & Media Studies,Business & Management,Other Health,Education,Electrical & Electronic Engineering,Agriculture & Forestry,Politics & International Studies (incl Development Studies),Physics & Astronomy,Mechanical & Aerospace Engineering,Chemistry,General Engineering,Chemical Engineering,Civil Engineering,Mathematics & Statistics,Languages, Literature & Linguistics,Computer Science,Art, Performing Arts & Design,Sociology",False,False,False,
401-500,Bar-Ilan University,32.6—37.5,4070,23.5,555,23.0,420,49.0,484,32.8,840,51.5,379,master_account,0,/world-university-rankings/bar-ilan-university,770,Israel,"16,974",15.1,5%,59 : 41,Bar-Ilan University,"Psychology,History, Philosophy & Theology,Electrical & Electronic Engineering,Languages, Literature & Linguistics,Agriculture & Forestry,Chemical Engineering,Architecture,Biological Sciences,Archaeology,Sociology,Geology, Environmental, Earth & Marine Sciences,Art, Performing Arts & Design,General Engineering,Sport Science,Business & Management,Accounting & Finance,Chemistry,Law,Computer Science,Other Health,Medicine & Dentistry,Mechanical & Aerospace Engineering,Physics & Astronomy,Communication & Media Studies,Education,Politics & International Studies (incl Development Studies),Economics & Econometrics,Veterinary Science,Mathematics & Statistics,Civil Engineering,Geography",False,False,False,
401-500,University of Bari Aldo Moro,32.6—37.5,4080,26.0,472,17.0,561,61.5,371,40.4,442,33.2,645,master_account,0,/world-university-rankings/university-bari-aldo-moro,818,Italy,"49,536",67.0,2%,64 : 36,University of Bari Aldo Moro,"Computer Science,Politics & International Studies (incl Development Studies),History, Philosophy & Theology,Physics & Astronomy,Accounting & Finance,Sociology,Agriculture & Forestry,Biological Sciences,Education,Sport Science,Psychology,Veterinary Science,Law,Archaeology,Chemistry,Economics & Econometrics,Languages, Literature & Linguistics,Mathematics & Statistics,Business & Management,Medicine & Dentistry,Geology, Environmental, Earth & Marine Sciences,Other Health,Communication & Media Studies",False,False,False,
401-500,University of Bergamo,32.6—37.5,4090,22.2,607,15.8,593,64.8,341,39.0,486,31.6,666,master_account,0,/world-university-rankings/university-bergamo,587817,Italy,"15,849",49.2,6%,63 : 37,University of Bergamo,"Computer Science,Business & Management,Geography,Civil Engineering,Psychology,Mechanical & Aerospace Engineering,Economics & Econometrics,Communication & Media Studies,History, Philosophy & Theology,Education,Politics & International Studies (incl Development Studies),General Engineering,Accounting & Finance,Languages, Literature & Linguistics,Law,Sport Science",False,False,False,
401-500,Boğaziçi University,32.6—37.5,4100,20.9,666,23.8,403,57.7,401,57.4,188,45.4,466,master_account,0,/world-university-rankings/bogazici-university,772,Turkey,"11,555",25.6,7%,50 : 50,Boğaziçi University,"General Engineering,Geology, Environmental, Earth & Marine Sciences,Medicine & Dentistry,Mathematics & Statistics,History, Philosophy & Theology,Chemical Engineering,Veterinary Science,Geography,Economics & Econometrics,Archaeology,Biological Sciences,Law,Accounting & Finance,Art, Performing Arts & Design,Mechanical & Aerospace Engineering,Sociology,Languages, Literature & Linguistics,Civil Engineering,Politics & International Studies (incl Development Studies),Psychology,Architecture,Agriculture & Forestry,Sport Science,Education,Electrical & Electronic Engineering,Communication & Media Studies,Other Health,Physics & Astronomy,Computer Science,Chemistry,Business & Management",False,False,False,
401-500,University of Brescia,32.6—37.5,4110,15.1,912,14.1,649,74.5,239,38.2,511,37.9,578,master_account,0,/world-university-rankings/university-brescia,131631,Italy,"14,616",26.4,7%,46 : 54,University of Brescia,"Chemical Engineering,Business & Management,Agriculture & Forestry,Architecture,Politics & International Studies (incl Development Studies),Mechanical & Aerospace Engineering,Civil Engineering,Other Health,General Engineering,Economics & Econometrics,Electrical & Electronic Engineering,Accounting & Finance,Sport Science,Biological Sciences,Computer Science,Medicine & Dentistry,Law",False,False,False,
401-500,University of Campinas,32.6—37.5,4120,44.9,133,39.6,182,28.0,690,46.5,299,24.1,782,master_account,0,/world-university-rankings/university-campinas,759,Brazil,"26,966",14.9,3%,48 : 52,University of Campinas,"Business & Management,Agriculture & Forestry,Computer Science,Chemistry,Sociology,Electrical & Electronic Engineering,Geography,History, Philosophy & Theology,Education,Communication & Media Studies,Politics & International Studies (incl Development Studies),Physics & Astronomy,General Engineering,Biological Sciences,Geology, Environmental, Earth & Marine Sciences,Economics & Econometrics,Other Health,Architecture,Mechanical & Aerospace Engineering,Accounting & Finance,Mathematics & Statistics,Sport Science,Medicine & Dentistry,Civil Engineering,Chemical Engineering,Art, Performing Arts & Design,Languages, Literature & Linguistics",False,False,False,
401-500,University of Canberra,32.6—37.5,4130,19.9,709,24.6,376,50.8,462,35.0,687,60.1,285,master_account,0,/world-university-rankings/university-canberra,131399,Australia,"11,287",31.0,28%,53 : 47,University of Canberra,"Art, Performing Arts & Design,Computer Science,Politics & International Studies (incl Development Studies),Other Health,Communication & Media Studies,Architecture,Mathematics & Statistics,Accounting & Finance,Sport Science,Business & Management,Languages, Literature & Linguistics,Agriculture & Forestry,Education,Civil Engineering,Law,History, Philosophy & Theology,Biological Sciences,Psychology,Geology, Environmental, Earth & Marine Sciences,General Engineering,Sociology,Medicine & Dentistry,Chemistry,Economics & Econometrics",False,False,False,
401-500,Universitat Politècnica de Catalunya,32.6—37.5,4140,27.1,437,17.5,550,51.2,458,41.5,408,51.4,383,master_account,0,/world-university-rankings/universitat-politecnica-de-catalunya,849,Spain,"21,995",10.2,12%,27 : 73,Universitat Politècnica de Catalunya,"Agriculture & Forestry,Business & Management,Electrical & Electronic Engineering,Chemical Engineering,Communication & Media Studies,General Engineering,Physics & Astronomy,Mathematics & Statistics,Biological Sciences,Other Health,Art, Performing Arts & Design,Civil Engineering,Chemistry,Computer Science,Geology, Environmental, Earth & Marine Sciences,Architecture,Mechanical & Aerospace Engineering",False,False,False,
401-500,Central Queensland University,32.6—37.5,4150,19.0,747,9.9,828,73.7,244,35.1,681,59.4,296,master_account,11,/world-university-rankings/central-queensland-university,131564,Australia,"12,300",26.6,28%,57 : 43,Central Queensland University CQUni CQUniversity  Australia CQU,"Mathematics & Statistics,General Engineering,Psychology,Sociology,Chemical Engineering,Medicine & Dentistry,Art, Performing Arts & Design,Mechanical & Aerospace Engineering,Politics & International Studies (incl Development Studies),Business & Management,Computer Science,Civil Engineering,Biological Sciences,Agriculture & Forestry,Education,Other Health,Economics & Econometrics,Communication & Media Studies,Accounting & Finance,Physics & Astronomy,Electrical & Electronic Engineering,Chemistry,Architecture,Languages, Literature & Linguistics,Sport Science,History, Philosophy & Theology,Geography,Geology, Environmental, Earth & Marine Sciences,Law",False,False,False,
401-500,Charles University,32.6—37.5,4160,30.5,356,21.4,454,54.6,430,32.4,890,54.6,349,master_account,0,/world-university-rankings/charles-university,799,Czechia,"50,992",13.3,15%,61 : 39,Charles University,"Sport Science,Sociology,Medicine & Dentistry,Communication & Media Studies,Mathematics & Statistics,Politics & International Studies (incl Development Studies),Art, Performing Arts & Design,History, Philosophy & Theology,Biological Sciences,Economics & Econometrics,Law,Psychology,Business & Management,Physics & Astronomy,Accounting & Finance,Education,Languages, Literature & Linguistics,Computer Science,Chemistry,Geology, Environmental, Earth & Marine Sciences,Other Health,Archaeology,Geography",False,False,False,
401-500,Chung-Ang University,32.6—37.5,4170,36.4,244,31.9,260,23.3,737,63.6,151,49.9,404,master_account,11,/world-university-rankings/chung-ang-university,952,South Korea,"12,221",16.8,22%,44 : 56,Chung-Ang University CAU Chung Ang Korea,"Electrical & Electronic Engineering,Physics & Astronomy,Business & Management,Computer Science,Chemistry,Economics & Econometrics,Medicine & Dentistry,Mathematics & Statistics,Education,Art, Performing Arts & Design,Mechanical & Aerospace Engineering,Communication & Media Studies,History, Philosophy & Theology,Agriculture & Forestry,Geography,Other Health,Law,General Engineering,Sport Science,Architecture,Chemical Engineering,Sociology,Accounting & Finance,Languages, Literature & Linguistics,Civil Engineering,Politics & International Studies (incl Development Studies),Biological Sciences,Psychology",False,False,False,
401-500,University of Coimbra,32.6—37.5,4180,24.1,531,27.2,328,44.6,521,38.2,512,51.3,385,master_account,0,/world-university-rankings/university-coimbra,820,Portugal,"23,329",20.1,14%,55 : 45,University of Coimbra,"Medicine & Dentistry,Politics & International Studies (incl Development Studies),Sociology,Psychology,Law,History, Philosophy & Theology,Chemical Engineering,Languages, Literature & Linguistics,Chemistry,Art, Performing Arts & Design,General Engineering,Mechanical & Aerospace Engineering,Civil Engineering,Accounting & Finance,Education,Biological Sciences,Communication & Media Studies,Agriculture & Forestry,Business & Management,Physics & Astronomy,Electrical & Electronic Engineering,Sport Science,Architecture,Archaeology,Economics & Econometrics,Geology, Environmental, Earth & Marine Sciences,Geography,Other Health,Computer Science,Mathematics & Statistics",False,False,False,
401-500,Curtin University,32.6—37.5,4190,21.0,662,23.5,412,52.1,453,39.5,472,93.8,27,master_account,6,/world-university-rankings/curtin-university,821,Australia,"31,353",18.4,36%,53 : 47,Curtin University Curtin,"General Engineering,Chemistry,Geography,Computer Science,Biological Sciences,Politics & International Studies (incl Development Studies),Architecture,Mathematics & Statistics,Law,History, Philosophy & Theology,Agriculture & Forestry,Communication & Media Studies,Accounting & Finance,Other Health,Sport Science,Languages, Literature & Linguistics,Chemical Engineering,Business & Management,Medicine & Dentistry,Physics & Astronomy,Education,Art, Performing Arts & Design,Civil Engineering,Psychology,Electrical & Electronic Engineering,Geology, Environmental, Earth & Marine Sciences,Mechanical & Aerospace Engineering,Sociology,Economics & Econometrics",False,False,False,
401-500,Cyprus University of Technology,32.6—37.5,4200,17.1,834,13.1,684,70.3,281,34.0,743,67.0,229,master_account,0,/world-university-rankings/cyprus-university-technology,131619,Cyprus,"3,012",18.9,6%,57 : 43,Cyprus University of Technology,"Accounting & Finance,Business & Management,Other Health,Computer Science,History, Philosophy & Theology,General Engineering,Civil Engineering,Mechanical & Aerospace Engineering,Economics & Econometrics,Electrical & Electronic Engineering,Communication & Media Studies,Art, Performing Arts & Design,Agriculture & Forestry,Chemical Engineering",False,False,False,
401-500,Dublin City University,32.6—37.5,4210,26.7,448,26.7,339,42.7,539,46.7,296,78.6,133,master_account,0,/world-university-rankings/dublin-city-university,910,Ireland,"8,856",24.9,18%,50 : 50,Dublin City University,"Languages, Literature & Linguistics,Chemistry,Accounting & Finance,Physics & Astronomy,Business & Management,History, Philosophy & Theology,Geology, Environmental, Earth & Marine Sciences,Economics & Econometrics,Mechanical & Aerospace Engineering,Communication & Media Studies,Biological Sciences,Education,Computer Science,Geography,Mathematics & Statistics,Psychology,Law,Electrical & Electronic Engineering,Sport Science,Politics & International Studies (incl Development Studies),Other Health,Sociology",False,False,False,
401-500,Ewha Womans University,32.6—37.5,4220,28.4,399,23.9,398,46.7,502,68.7,119,41.4,527,master_account,0,/world-university-rankings/ewha-womans-university,1018,South Korea,"14,989",14.2,10%,100 : 0,Ewha Womans University,"Physics & Astronomy,Chemistry,Sociology,Economics & Econometrics,Art, Performing Arts & Design,Civil Engineering,Politics & International Studies (incl Development Studies),General Engineering,Business & Management,Mathematics & Statistics,Communication & Media Studies,Geology, Environmental, Earth & Marine Sciences,Chemical Engineering,Accounting & Finance,Medicine & Dentistry,Languages, Literature & Linguistics,Electrical & Electronic Engineering,Other Health,History, Philosophy & Theology,Architecture,Law,Agriculture & Forestry,Geography,Biological Sciences,Archaeology,Psychology,Computer Science,Education,Veterinary Science,Sport Science,Mechanical & Aerospace Engineering",False,False,False,
401-500,Federico Santa María Technical University,32.6—37.5,4230,14.2,947,10.8,792,69.0,294,41.0,423,54.7,346,master_account,0,/world-university-rankings/federico-santa-maria-technical-university,1024,Chile,"18,424",28.3,2%,22 : 78,Federico Santa María Technical University,"Physics & Astronomy,Business & Management,Architecture,General Engineering,Economics & Econometrics,Civil Engineering,Mechanical & Aerospace Engineering,Electrical & Electronic Engineering,Chemistry,Computer Science,Accounting & Finance,Chemical Engineering,Mathematics & Statistics",False,False,False,
401-500,University of Ferrara,32.6—37.5,4240,18.8,759,17.2,555,68.4,299,40.3,446,42.8,503,master_account,0,/world-university-rankings/university-ferrara,777,Italy,"13,781",22.9,7%,56 : 44,University of Ferrara,"Agriculture & Forestry,Business & Management,Medicine & Dentistry,Physics & Astronomy,Civil Engineering,Education,Electrical & Electronic Engineering,Communication & Media Studies,Languages, Literature & Linguistics,Biological Sciences,Economics & Econometrics,Architecture,Sport Science,Archaeology,Mathematics & Statistics,Mechanical & Aerospace Engineering,Law,Other Health,Chemistry,Computer Science,Geology, Environmental, Earth & Marine Sciences",False,False,False,
401-500,University of Florence,32.6—37.5,4250,20.0,702,14.0,652,72.6,259,38.1,516,40.4,541,master_account,0,/world-university-rankings/university-florence,964,Italy,"53,378",18.3,7%,60 : 40,University of Florence,"Physics & Astronomy,Other Health,Agriculture & Forestry,Geography,Computer Science,Mechanical & Aerospace Engineering,Archaeology,Civil Engineering,Communication & Media Studies,Languages, Literature & Linguistics,Electrical & Electronic Engineering,General Engineering,Business & Management,Education,Mathematics & Statistics,Sociology,Sport Science,Art, Performing Arts & Design,Politics & International Studies (incl Development Studies),Psychology,Architecture,Medicine & Dentistry,Veterinary Science,Accounting & Finance,Chemistry,Economics & Econometrics,Biological Sciences,History, Philosophy & Theology,Geology, Environmental, Earth & Marine Sciences,Law",False,False,False,
401-500,Florida International University,32.6—37.5,4260,25.4,486,20.1,487,57.7,402,35.2,674,35.3,614,public,0,/world-university-rankings/florida-international-university,909,United States,"33,983",25.8,7%,56 : 44,Florida International University,"Geology, Environmental, Earth & Marine Sciences,Civil Engineering,Business & Management,Geography,Mechanical & Aerospace Engineering,Medicine & Dentistry,History, Philosophy & Theology,Physics & Astronomy,Economics & Econometrics,Chemistry,Psychology,General Engineering,Biological Sciences,Politics & International Studies (incl Development Studies),Computer Science,Art, Performing Arts & Design,Sociology,Communication & Media Studies,Accounting & Finance,Education,Architecture,Law,Other Health,Mathematics & Statistics,Electrical & Electronic Engineering,Languages, Literature & Linguistics",False,False,False,
401-500,University of Genoa,32.6—37.5,4270,27.7,415,16.7,574,64.3,350,45.2,316,40.2,547,master_account,0,/world-university-rankings/university-genoa,131638,Italy,"35,777",29.2,9%,56 : 44,University of Genoa,"Languages, Literature & Linguistics,Other Health,Biological Sciences,Physics & Astronomy,Business & Management,Law,General Engineering,Education,Civil Engineering,Medicine & Dentistry,Art, Performing Arts & Design,Mathematics & Statistics,Psychology,Chemistry,Sport Science,History, Philosophy & Theology,Sociology,Computer Science,Geology, Environmental, Earth & Marine Sciences,Archaeology,Electrical & Electronic Engineering,Chemical Engineering,Politics & International Studies (incl Development Studies),Geography,Accounting & Finance,Architecture,Mechanical & Aerospace Engineering,Communication & Media Studies,Economics & Econometrics",False,False,False,
401-500,Georgia State University,32.6—37.5,4280,28.1,408,23.7,404,60.2,386,32.3,908,30.5,683,public,0,/world-university-rankings/georgia-state-university,824,United States,"28,788",19.2,5%,58 : 42,Georgia State University,"Business & Management,Languages, Literature & Linguistics,Mathematics & Statistics,Politics & International Studies (incl Development Studies),Economics & Econometrics,Art, Performing Arts & Design,Other Health,Medicine & Dentistry,Accounting & Finance,Biological Sciences,Geology, Environmental, Earth & Marine Sciences,Chemistry,Geography,Computer Science,Communication & Media Studies,Education,Physics & Astronomy,Psychology,Sociology,Sport Science,Law,History, Philosophy & Theology",False,False,False,https://www.timeshighereducation.com/student/register-interest/shorelight?utm_medium=thewebsite&utm_campaign=cta-link&utm_source=rankings&iid=i-29042203
401-500,University of Graz,32.6—37.5,4290,23.1,570,17.0,562,56.2,421,33.2,810,69.5,209,master_account,0,/world-university-rankings/university-graz,721,Austria,"20,770",23.6,12%,65 : 35,University of Graz,"Psychology,Geology, Environmental, Earth & Marine Sciences,Biological Sciences,Law,History, Philosophy & Theology,Physics & Astronomy,Economics & Econometrics,Architecture,Other Health,Sociology,Chemical Engineering,Sport Science,Languages, Literature & Linguistics,Communication & Media Studies,Archaeology,Mathematics & Statistics,Business & Management,Computer Science,Education,Art, Performing Arts & Design,Chemistry",False,False,False,
401-500,University of Greifswald,32.6—37.5,4300,30.3,361,19.7,493,60.6,382,37.7,536,43.8,489,master_account,0,/world-university-rankings/university-greifswald,131277,Germany,"8,628",17.0,5%,54 : 46,University of Greifswald,"Computer Science,Education,Languages, Literature & Linguistics,Communication & Media Studies,Other Health,Law,Biological Sciences,Psychology,Mathematics & Statistics,Business & Management,Medicine & Dentistry,Geography,Chemistry,Economics & Econometrics,History, Philosophy & Theology,Politics & International Studies (incl Development Studies),Physics & Astronomy,Accounting & Finance,Art, Performing Arts & Design,Geology, Environmental, Earth & Marine Sciences",False,False,False,
401-500,Hasselt University,32.6—37.5,4310,21.7,632,20.9,464,61.6,369,49.7,252,55.2,339,master_account,0,/world-university-rankings/hasselt-university,587910,Belgium,"4,913",16.8,10%,46 : 54,Hasselt University,"Business & Management,Civil Engineering,Economics & Econometrics,Physics & Astronomy,Communication & Media Studies,Computer Science,Chemistry,Agriculture & Forestry,Accounting & Finance,Medicine & Dentistry,Biological Sciences,Education,Geology, Environmental, Earth & Marine Sciences,Sport Science,Mathematics & Statistics,Mechanical & Aerospace Engineering,Art, Performing Arts & Design,General Engineering,Law,Sociology,Other Health,Electrical & Electronic Engineering,Architecture,Chemical Engineering",False,False,False,
401-500,Heriot-Watt University,32.6—37.5,4320,22.2,609,24.0,392,49.3,482,42.8,378,92.1,39,master_account,0,/world-university-rankings/heriot-watt-university,828,United Kingdom,"9,290",16.9,42%,41 : 59,Heriot-Watt University,"Chemical Engineering,Psychology,Electrical & Electronic Engineering,Physics & Astronomy,Art, Performing Arts & Design,Sport Science,Geography,Mechanical & Aerospace Engineering,Chemistry,Economics & Econometrics,Computer Science,Business & Management,Civil Engineering,Geology, Environmental, Earth & Marine Sciences,General Engineering,Agriculture & Forestry,Accounting & Finance,Architecture,Mathematics & Statistics,Languages, Literature & Linguistics,Biological Sciences",False,False,False,https://www.timeshighereducation.com/student/register-interest/siuk?utm_medium=thewebsite&utm_campaign=cta-link&utm_source=rankings&iid=i-23564362
401-500,HSE University,32.6—37.5,4330,31.4,335,26.6,340,46.6,503,40.3,447,32.2,660,master_account,0,/world-university-rankings/hse-university,131492,Russian Federation,"16,170",9.1,5%,,HSE University,"Art, Performing Arts & Design,Architecture,Communication & Media Studies,Physics & Astronomy,Geology, Environmental, Earth & Marine Sciences,Accounting & Finance,Business & Management,Mathematics & Statistics,Economics & Econometrics,Education,Law,Electrical & Electronic Engineering,Chemistry,Sociology,Computer Science,History, Philosophy & Theology,Geography,Civil Engineering,Archaeology,Languages, Literature & Linguistics,Politics & International Studies (incl Development Studies),Psychology,General Engineering,Biological Sciences",False,False,True,
401-500,Hokkaido University,32.6—37.5,4340,42.2,161,36.2,212,30.9,659,55.0,196,29.8,692,master_account,11,/world-university-rankings/hokkaido-university,747,Japan,"18,055",8.1,9%,29 : 71,Hokkaido University,"Medicine & Dentistry,Chemistry,Mechanical & Aerospace Engineering,Geology, Environmental, Earth & Marine Sciences,Geography,Other Health,Business & Management,Biological Sciences,Accounting & Finance,History, Philosophy & Theology,Civil Engineering,Art, Performing Arts & Design,Veterinary Science,Psychology,Agriculture & Forestry,Sociology,Languages, Literature & Linguistics,Computer Science,Sport Science,Electrical & Electronic Engineering,Physics & Astronomy,Communication & Media Studies,Architecture,Chemical Engineering,Mathematics & Statistics,Law,Economics & Econometrics,Archaeology,General Engineering,Education,Politics & International Studies (incl Development Studies)",False,False,False,
401-500,Huazhong University of Science and Technology,32.6—37.5,4350,31.0,346,24.7,371,43.6,531,68.0,122,19.9,854,master_account,11,/world-university-rankings/huazhong-university-science-and-technology,956,China,"56,211",17.1,4%,35 : 65,Huazhong University of Science and Technology Hua Zhong University HUST Tech,"General Engineering,Law,Art, Performing Arts & Design,Architecture,Mechanical & Aerospace Engineering,Education,Other Health,History, Philosophy & Theology,Civil Engineering,Physics & Astronomy,Medicine & Dentistry,Biological Sciences,Business & Management,Agriculture & Forestry,Geology, Environmental, Earth & Marine Sciences,Electrical & Electronic Engineering,Communication & Media Studies,Chemical Engineering,Sociology,Computer Science,Mathematics & Statistics,Chemistry,Languages, Literature & Linguistics,Economics & Econometrics",False,False,False,
401-500,Indian Institute of Technology Delhi,32.6—37.5,4360,37.5,228,23.9,400,47.0,499,71.7,105,15.9,934,master_account,0,/world-university-rankings/indian-institute-technology-delhi,965,India,"6,926",13.8,1%,19 : 81,Indian Institute of Technology Delhi,"Business & Management,Communication & Media Studies,Mathematics & Statistics,General Engineering,Physics & Astronomy,Geology, Environmental, Earth & Marine Sciences,Civil Engineering,Electrical & Electronic Engineering,Chemistry,Languages, Literature & Linguistics,Computer Science,Chemical Engineering",False,False,False,
401-500,Indian Institute of Technology Kanpur,32.6—37.5,4370,34.6,271,22.9,422,38.4,580,98.8,25,17.9,897,master_account,0,/world-university-rankings/indian-institute-technology-kanpur,966,India,"6,513",16.7,1%,14 : 86,Indian Institute of Technology Kanpur,"Computer Science,Mathematics & Statistics,Psychology,Physics & Astronomy,General Engineering,Electrical & Electronic Engineering,Civil Engineering,Economics & Econometrics,Mechanical & Aerospace Engineering,Languages, Literature & Linguistics,Biological Sciences,Chemistry,Business & Management,Chemical Engineering",False,False,False,
401-500,Indian Institute of Technology Madras,32.6—37.5,4380,38.3,211,22.3,432,41.2,556,81.1,73,17.5,906,master_account,0,/world-university-rankings/indian-institute-technology-madras,978,India,"8,692",15.5,1%,19 : 81,Indian Institute of Technology Madras,"Mechanical & Aerospace Engineering,Physics & Astronomy,Electrical & Electronic Engineering,Chemical Engineering,Chemistry,Mathematics & Statistics,Biological Sciences,Sociology,Business & Management,Languages, Literature & Linguistics,Civil Engineering,General Engineering,Computer Science",False,False,False,
401-500,Johannes Kepler University of Linz,32.6—37.5,4390,25.3,489,15.5,605,49.9,477,41.2,419,58.0,310,master_account,0,/world-university-rankings/johannes-kepler-university-linz,726,Austria,"6,652",11.7,9%,51 : 49,Johannes Kepler University of Linz,"Biological Sciences,Mathematics & Statistics,Politics & International Studies (incl Development Studies),Education,Physics & Astronomy,Mechanical & Aerospace Engineering,Computer Science,General Engineering,Sociology,Psychology,Chemical Engineering,Accounting & Finance,Chemistry,Medicine & Dentistry,Business & Management,Law,Other Health,Economics & Econometrics,Electrical & Electronic Engineering",False,False,False,
401-500,University of Jyväskylä,32.6—37.5,4400,27.7,416,13.9,655,55.4,426,35.4,665,48.2,427,master_account,0,/world-university-rankings/university-jyvaskyla,900,Finland,"9,591",15.4,5%,62 : 38,University of Jyväskylä,"Politics & International Studies (incl Development Studies),Sociology,Languages, Literature & Linguistics,Sport Science,Computer Science,Economics & Econometrics,Communication & Media Studies,Education,Biological Sciences,Business & Management,Art, Performing Arts & Design,Other Health,Accounting & Finance,Mathematics & Statistics,Physics & Astronomy,Chemistry,History, Philosophy & Theology,Psychology",False,False,False,
401-500,Kazan Federal University,32.6—37.5,4410,25.2,494,14.3,641,61.2,374,42.5,381,30.4,686,master_account,0,/world-university-rankings/kazan-federal-university,131602,Russian Federation,"24,028",10.9,9%,71 : 29,Kazan Federal University,"Business & Management,Politics & International Studies (incl Development Studies),Agriculture & Forestry,Electrical & Electronic Engineering,Psychology,Geology, Environmental, Earth & Marine Sciences,General Engineering,Chemistry,Chemical Engineering,Mathematics & Statistics,Accounting & Finance,History, Philosophy & Theology,Sociology,Physics & Astronomy,Education,Civil Engineering,Computer Science,Other Health,Medicine & Dentistry,Biological Sciences,Archaeology,Mechanical & Aerospace Engineering,Architecture,Economics & Econometrics,Communication & Media Studies,Languages, Literature & Linguistics,Geography,Art, Performing Arts & Design,Sport Science,Law",False,False,True,
401-500,Keele University,32.6—37.5,4420,18.3,785,20.4,478,53.6,440,33.2,812,73.6,180,master_account,0,/world-university-rankings/keele-university,784,United Kingdom,"8,300",15.0,22%,56 : 44,Keele University,"Psychology,Education,Mathematics & Statistics,Accounting & Finance,Veterinary Science,Physics & Astronomy,Computer Science,Medicine & Dentistry,Art, Performing Arts & Design,Sociology,Chemistry,Communication & Media Studies,Business & Management,General Engineering,History, Philosophy & Theology,Politics & International Studies (incl Development Studies),Biological Sciences,Other Health,Law,Sport Science,Languages, Literature & Linguistics,Economics & Econometrics,Geography,Geology, Environmental, Earth & Marine Sciences",False,False,False,https://www.timeshighereducation.com/student/register-interest/siuk?utm_medium=thewebsite&utm_campaign=cta-link&utm_source=rankings&iid=i-54705553
401-500,Kent State University,32.6—37.5,4430,22.3,601,17.1,559,64.6,344,32.4,893,34.3,630,public,0,/world-university-rankings/kent-state-university,786,United States,"23,059",18.6,8%,59 : 41,Kent State University,"Geography,Medicine & Dentistry,Biological Sciences,Geology, Environmental, Earth & Marine Sciences,Accounting & Finance,Other Health,Sport Science,Education,Psychology,Business & Management,Mechanical & Aerospace Engineering,Politics & International Studies (incl Development Studies),Architecture,General Engineering,Mathematics & Statistics,History, Philosophy & Theology,Computer Science,Chemistry,Physics & Astronomy,Economics & Econometrics,Sociology,Art, Performing Arts & Design,Languages, Literature & Linguistics,Veterinary Science,Communication & Media Studies",False,False,False,https://www.timeshighereducation.com/student/register-interest/shorelight?utm_medium=thewebsite&utm_campaign=cta-link&utm_source=rankings&iid=i-90983582
401-500,KFUPM,32.6—37.5,4440,28.7,391,16.8,571,36.7,597,92.8,43,86.8,82,master_account,11,/world-university-rankings/kfupm,916,Saudi Arabia,"6,617",6.8,21%,0 : 100,KFUPM,"Chemical Engineering,Electrical & Electronic Engineering,Economics & Econometrics,General Engineering,Accounting & Finance,Mechanical & Aerospace Engineering,Geology, Environmental, Earth & Marine Sciences,Chemistry,Mathematics & Statistics,Computer Science,Business & Management,Civil Engineering,Physics & Astronomy",False,False,False,
401-500,Lehigh University,32.6—37.5,4450,24.9,507,18.5,525,63.2,358,38.0,522,39.1,566,private,0,/world-university-rankings/lehigh-university,787,United States,"6,400",11.3,16%,44 : 56,Lehigh University,"Architecture,Civil Engineering,Education,Biological Sciences,Business & Management,Chemical Engineering,Psychology,History, Philosophy & Theology,Mechanical & Aerospace Engineering,Sociology,Art, Performing Arts & Design,General Engineering,Communication & Media Studies,Computer Science,Physics & Astronomy,Economics & Econometrics,Chemistry,Languages, Literature & Linguistics,Electrical & Electronic Engineering,Politics & International Studies (incl Development Studies),Other Health,Geology, Environmental, Earth & Marine Sciences,Mathematics & Statistics,Accounting & Finance",False,False,False,https://www.timeshighereducation.com/student/register-interest/shorelight?utm_medium=thewebsite&utm_campaign=cta-link&utm_source=rankings&iid=i-16717372
401-500,University of Lille,32.6—37.5,4460,19.3,730,18.8,513,56.9,409,37.4,552,55.4,337,master_account,0,/world-university-rankings/university-lille,587766,France,"67,189",27.5,12%,56 : 44,University of Lille,"Education,General Engineering,Art, Performing Arts & Design,Geography,Law,Languages, Literature & Linguistics,Chemical Engineering,Communication & Media Studies,Other Health,Business & Management,Sociology,Civil Engineering,Mathematics & Statistics,Psychology,Geology, Environmental, Earth & Marine Sciences,Archaeology,Architecture,Computer Science,Biological Sciences,Politics & International Studies (incl Development Studies),History, Philosophy & Theology,Sport Science,Medicine & Dentistry,Physics & Astronomy,Economics & Econometrics,Electrical & Electronic Engineering,Accounting & Finance,Chemistry,Mechanical & Aerospace Engineering",False,False,False,
401-500,Lincoln University (New Zealand),32.6—37.5,4470,25.5,481,20.8,468,49.6,479,41.7,402,86.0,86,master_account,0,/world-university-rankings/lincoln-university-new-zealand,589199,New Zealand,"2,985",14.0,23%,47 : 53,Lincoln University (New Zealand),"Computer Science,Architecture,Economics & Econometrics,Agriculture & Forestry,Accounting & Finance,Physics & Astronomy,Business & Management,Geology, Environmental, Earth & Marine Sciences,Sport Science,Biological Sciences,Sociology",False,False,False,https://www.timeshighereducation.com/student/register-interest/aecc?utm_medium=thewebsite&utm_campaign=cta-link&utm_source=rankings&iid=i-80877533
401-500,University of Lisbon,32.6—37.5,4480,26.3,463,24.0,393,59.0,391,37.8,533,47.6,437,master_account,0,/world-university-rankings/university-lisbon,1032,Portugal,"47,756",17.8,10%,52 : 48,University of Lisbon,"Mechanical & Aerospace Engineering,Communication & Media Studies,Other Health,Mathematics & Statistics,Geography,Chemical Engineering,Politics & International Studies (incl Development Studies),Psychology,Civil Engineering,Agriculture & Forestry,Economics & Econometrics,Architecture,Biological Sciences,Sociology,Education,Art, Performing Arts & Design,General Engineering,Sport Science,Business & Management,Languages, Literature & Linguistics,Computer Science,Geology, Environmental, Earth & Marine Sciences,Accounting & Finance,History, Philosophy & Theology,Electrical & Electronic Engineering,Chemistry,Archaeology,Physics & Astronomy,Medicine & Dentistry,Veterinary Science,Law",False,False,False,
401-500,Makerere University,32.6—37.5,4490,15.1,914,11.8,734,78.0,202,36.7,588,58.3,306,master_account,0,/world-university-rankings/makerere-university,131749,Uganda,"37,423",29.2,9%,51 : 49,Makerere University,"Chemistry,Communication & Media Studies,Civil Engineering,Business & Management,Computer Science,History, Philosophy & Theology,Languages, Literature & Linguistics,Veterinary Science,Biological Sciences,Sport Science,Geology, Environmental, Earth & Marine Sciences,Art, Performing Arts & Design,Accounting & Finance,Chemical Engineering,Education,Agriculture & Forestry,Other Health,Law,Mathematics & Statistics,Electrical & Electronic Engineering,Medicine & Dentistry,General Engineering,Mechanical & Aerospace Engineering,Psychology,Architecture,Geography,Sociology,Physics & Astronomy,Politics & International Studies (incl Development Studies)",False,False,False,
401-500,University of Manitoba,32.6—37.5,4500,28.7,392,26.3,342,53.4,443,40.6,438,42.2,511,master_account,0,/world-university-rankings/university-manitoba,790,Canada,"29,111",28.0,13%,55 : 45,University of Manitoba,"Computer Science,Archaeology,Mathematics & Statistics,Law,Agriculture & Forestry,Medicine & Dentistry,Business & Management,History, Philosophy & Theology,Sport Science,Geology, Environmental, Earth & Marine Sciences,Chemical Engineering,Electrical & Electronic Engineering,Education,Accounting & Finance,Art, Performing Arts & Design,Economics & Econometrics,Architecture,Physics & Astronomy,Other Health,Chemistry,Politics & International Studies (incl Development Studies),Civil Engineering,Biological Sciences,Geography,General Engineering,Mechanical & Aerospace Engineering,Psychology,Languages, Literature & Linguistics,Sociology",False,False,False,https://www.timeshighereducation.com/student/register-interest/applyboard?utm_medium=thewebsite&utm_campaign=cta-link&utm_source=rankings&iid=i-35304783
401-500,Marche Polytechnic University,32.6—37.5,4510,21.2,655,7.2,941,85.8,122,37.5,545,28.1,719,master_account,0,/world-university-rankings/marche-polytechnic-university,131584,Italy,"16,830",23.6,4%,46 : 54,Marche Polytechnic University,"Economics & Econometrics,Other Health,Computer Science,Accounting & Finance,Business & Management,General Engineering,Architecture,Civil Engineering,Biological Sciences,Electrical & Electronic Engineering,Geology, Environmental, Earth & Marine Sciences,Medicine & Dentistry,Mechanical & Aerospace Engineering,Agriculture & Forestry",False,False,False,
401-500,"University of Maryland, Baltimore County",32.6—37.5,4520,21.3,650,18.7,518,58.8,393,33.4,791,29.6,697,public,0,/world-university-rankings/university-maryland-baltimore-county,791,United States,"13,979",17.8,8%,46 : 54,"University of Maryland, Baltimore County","Agriculture & Forestry,Sociology,General Engineering,Politics & International Studies (incl Development Studies),Civil Engineering,Education,History, Philosophy & Theology,Chemistry,Business & Management,Mechanical & Aerospace Engineering,Geography,Electrical & Electronic Engineering,Physics & Astronomy,Languages, Literature & Linguistics,Chemical Engineering,Psychology,Other Health,Communication & Media Studies,Computer Science,Mathematics & Statistics,Accounting & Finance,Art, Performing Arts & Design,Biological Sciences,Economics & Econometrics",False,False,False,https://www.timeshighereducation.com/student/register-interest/shorelight?utm_medium=thewebsite&utm_campaign=cta-link&utm_source=rankings&iid=i-79454013
401-500,Massey University,32.6—37.5,4530,22.5,594,19.6,495,43.3,533,39.1,484,92.2,38,master_account,0,/world-university-rankings/massey-university,839,New Zealand,"18,681",16.1,28%,61 : 39,Massey University,"Economics & Econometrics,Accounting & Finance,History, Philosophy & Theology,Chemistry,Art, Performing Arts & Design,Politics & International Studies (incl Development Studies),Other Health,Architecture,Geography,Geology, Environmental, Earth & Marine Sciences,Biological Sciences,Veterinary Science,Archaeology,Sport Science,Psychology,Communication & Media Studies,General Engineering,Physics & Astronomy,Mechanical & Aerospace Engineering,Languages, Literature & Linguistics,Sociology,Chemical Engineering,Computer Science,Business & Management,Electrical & Electronic Engineering,Education,Agriculture & Forestry,Mathematics & Statistics,Civil Engineering",False,False,False,https://www.timeshighereducation.com/student/register-interest/aecc?utm_medium=thewebsite&utm_campaign=cta-link&utm_source=rankings&iid=i-92906672
401-500,University of Modena and Reggio Emilia,32.6—37.5,4540,16.2,868,10.2,818,76.2,220,36.0,622,36.0,604,master_account,0,/world-university-rankings/university-modena-and-reggio-emilia,792,Italy,"20,141",26.4,6%,54 : 46,University of Modena and Reggio Emilia,"Accounting & Finance,Computer Science,Agriculture & Forestry,Medicine & Dentistry,Business & Management,Chemical Engineering,Languages, Literature & Linguistics,Electrical & Electronic Engineering,Mathematics & Statistics,Biological Sciences,Chemistry,Physics & Astronomy,History, Philosophy & Theology,Law,Economics & Econometrics,General Engineering,Sociology,Sport Science,Other Health,Communication & Media Studies,Civil Engineering,Psychology,Geology, Environmental, Earth & Marine Sciences,Education,Geography,Mechanical & Aerospace Engineering",False,False,False,
401-500,University of Montana,32.6—37.5,4550,34.4,276,15.4,610,64.8,343,36.0,623,25.4,761,public,0,/world-university-rankings/university-montana,882,United States,"10,304",17.6,4%,55 : 45,University of Montana,"Medicine & Dentistry,Law,Sport Science,Geography,Computer Science,Psychology,History, Philosophy & Theology,Chemistry,Business & Management,Communication & Media Studies,Other Health,Geology, Environmental, Earth & Marine Sciences,Economics & Econometrics,Biological Sciences,Sociology,Agriculture & Forestry,Education,Languages, Literature & Linguistics,Physics & Astronomy,Accounting & Finance,Art, Performing Arts & Design,Mathematics & Statistics,Politics & International Studies (incl Development Studies)",False,False,False,https://www.timeshighereducation.com/student/register-interest/shorelight?utm_medium=thewebsite&utm_campaign=cta-link&utm_source=rankings&iid=i-73004561
401-500,Murdoch University,32.6—37.5,4560,17.9,806,23.5,413,57.3,405,42.8,379,90.7,50,master_account,0,/world-university-rankings/murdoch-university,890,Australia,"16,391",33.2,45%,59 : 41,Murdoch University Murdoch,"Chemical Engineering,Agriculture & Forestry,Geology, Environmental, Earth & Marine Sciences,Computer Science,Economics & Econometrics,Politics & International Studies (incl Development Studies),Psychology,Electrical & Electronic Engineering,Languages, Literature & Linguistics,History, Philosophy & Theology,Sociology,Law,Accounting & Finance,Physics & Astronomy,Communication & Media Studies,General Engineering,Sport Science,Art, Performing Arts & Design,Mathematics & Statistics,Business & Management,Other Health,Veterinary Science,Education,Chemistry,Biological Sciences",False,False,False,
401-500,Nantes Université,32.6—37.5,4570,17.3,832,15.5,606,64.9,340,35.5,655,45.4,467,master_account,0,/world-university-rankings/nantes-universite,131320,France,"34,714",22.8,11%,55 : 45,Nantes Université,"Electrical & Electronic Engineering,Politics & International Studies (incl Development Studies),Chemical Engineering,Education,Languages, Literature & Linguistics,Mathematics & Statistics,Law,Computer Science,Psychology,Geology, Environmental, Earth & Marine Sciences,Mechanical & Aerospace Engineering,Other Health,Art, Performing Arts & Design,Biological Sciences,Geography,Medicine & Dentistry,Physics & Astronomy,Economics & Econometrics,History, Philosophy & Theology,Sport Science,Sociology,Archaeology,Civil Engineering,Chemistry,General Engineering,Business & Management,Communication & Media Studies,Accounting & Finance",False,False,False,
401-500,University of Naples Federico II,32.6—37.5,4580,21.6,637,12.4,710,76.3,218,40.1,451,22.2,816,master_account,0,/world-university-rankings/university-naples-federico-ii,131807,Italy,"82,500",61.2,0%,56 : 44,University of Naples Federico II,"Chemical Engineering,Geology, Environmental, Earth & Marine Sciences,Languages, Literature & Linguistics,Architecture,Veterinary Science,Art, Performing Arts & Design,Psychology,Agriculture & Forestry,Electrical & Electronic Engineering,History, Philosophy & Theology,General Engineering,Communication & Media Studies,Mechanical & Aerospace Engineering,Biological Sciences,Computer Science,Medicine & Dentistry,Archaeology,Sociology,Physics & Astronomy,Business & Management,Chemistry,Economics & Econometrics,Mathematics & Statistics,Law,Other Health,Politics & International Studies (incl Development Studies),Accounting & Finance,Civil Engineering",False,False,False,
401-500,National Cheng Kung University (NCKU),32.6—37.5,4590,30.4,359,38.0,196,29.2,675,99.4,20,29.9,690,master_account,0,/world-university-rankings/national-cheng-kung-university-ncku,885,Taiwan,"21,157",14.3,11%,36 : 64,National Cheng Kung University (NCKU),"Archaeology,Agriculture & Forestry,Business & Management,Art, Performing Arts & Design,Civil Engineering,Geology, Environmental, Earth & Marine Sciences,Electrical & Electronic Engineering,Politics & International Studies (incl Development Studies),History, Philosophy & Theology,Chemical Engineering,Education,Other Health,Mathematics & Statistics,Medicine & Dentistry,Sport Science,Economics & Econometrics,General Engineering,Chemistry,Architecture,Biological Sciences,Psychology,Languages, Literature & Linguistics,Mechanical & Aerospace Engineering,Law,Computer Science,Physics & Astronomy,Accounting & Finance",False,False,False,
401-500,National Chiao Tung University,32.6—37.5,4600,33.0,298,40.2,171,35.3,617,89.3,50,33.4,643,master_account,0,/world-university-rankings/national-chiao-tung-university,707,Taiwan,"12,609",17.1,6%,27 : 73,National Chiao Tung University,"Mechanical & Aerospace Engineering,Architecture,Physics & Astronomy,Languages, Literature & Linguistics,Biological Sciences,Education,Law,Chemistry,Civil Engineering,Art, Performing Arts & Design,Mathematics & Statistics,General Engineering,Computer Science,Business & Management,Electrical & Electronic Engineering,Accounting & Finance,Communication & Media Studies,Geology, Environmental, Earth & Marine Sciences,Chemical Engineering",False,False,False,
401-500,National Research Nuclear University MEPhI,32.6—37.5,4610,38.0,220,27.2,331,41.9,546,99.7,16,35.9,606,master_account,0,/world-university-rankings/national-research-nuclear-university-mephi,878,Russian Federation,"7,297",9.8,10%,29 : 71,National Research Nuclear University MEPhI,"Psychology,Mechanical & Aerospace Engineering,Geology, Environmental, Earth & Marine Sciences,General Engineering,Biological Sciences,Chemistry,Civil Engineering,Education,History, Philosophy & Theology,Business & Management,Languages, Literature & Linguistics,Chemical Engineering,Computer Science,Law,Sociology,Other Health,Archaeology,Economics & Econometrics,Accounting & Finance,Electrical & Electronic Engineering,Politics & International Studies (incl Development Studies),Mathematics & Statistics,Physics & Astronomy,Medicine & Dentistry",False,False,True,
401-500,National Taiwan University of Science and Technology (Taiwan Tech),32.6—37.5,4620,30.1,366,40.5,169,38.5,578,70.1,111,32.3,658,master_account,0,/world-university-rankings/national-taiwan-university-science-and-technology-taiwan-tech,793,Taiwan,"8,070",19.0,11%,31 : 69,National Taiwan University of Science and Technology (Taiwan Tech),"Accounting & Finance,Electrical & Electronic Engineering,Mechanical & Aerospace Engineering,Art, Performing Arts & Design,Civil Engineering,Languages, Literature & Linguistics,Chemical Engineering,Computer Science,General Engineering,Education,Architecture,Business & Management",False,False,False,
401-500,University of Neuchâtel,32.6—37.5,4630,24.9,508,17.6,549,46.1,508,34.0,745,91.4,45,master_account,0,/world-university-rankings/university-neuchatel,131274,Switzerland,"4,208",8.8,22%,60 : 40,University of Neuchâtel,"Computer Science,Geography,Biological Sciences,Psychology,Chemistry,Economics & Econometrics,Archaeology,Sociology,Geology, Environmental, Earth & Marine Sciences,Agriculture & Forestry,Languages, Literature & Linguistics,Communication & Media Studies,Education,Mathematics & Statistics,Law,History, Philosophy & Theology,Politics & International Studies (incl Development Studies),Physics & Astronomy,Accounting & Finance,Sport Science,Business & Management",False,False,False,
401-500,New Mexico State University (Main campus),32.6—37.5,4640,19.8,716,21.0,462,59.3,390,36.9,580,33.0,648,public,0,/world-university-rankings/new-mexico-state-university-main-campus,131775,United States,"14,479",17.8,7%,53 : 47,New Mexico State University (Main campus),"Communication & Media Studies,General Engineering,Other Health,Languages, Literature & Linguistics,Psychology,Chemical Engineering,Chemistry,Art, Performing Arts & Design,History, Philosophy & Theology,Computer Science,Politics & International Studies (incl Development Studies),Business & Management,Education,Electrical & Electronic Engineering,Sociology,Geography,Geology, Environmental, Earth & Marine Sciences,Mechanical & Aerospace Engineering,Economics & Econometrics,Physics & Astronomy,Civil Engineering,Mathematics & Statistics,Medicine & Dentistry,Biological Sciences,Sport Science,Accounting & Finance,Agriculture & Forestry",False,False,False,https://www.timeshighereducation.com/student/register-interest/shorelight?utm_medium=thewebsite&utm_campaign=cta-link&utm_source=rankings&iid=i-92055001
401-500,University of Nice Sophia Antipolis,32.6—37.5,4650,21.9,622,8.0,905,58.1,399,32.5,882,79.2,127,master_account,0,/world-university-rankings/university-nice-sophia-antipolis,131375,France,"28,218",20.7,21%,56 : 44,University of Nice Sophia Antipolis,"Art, Performing Arts & Design,Business & Management,Chemistry,Economics & Econometrics,Education,Geology, Environmental, Earth & Marine Sciences,Languages, Literature & Linguistics,Law,Mathematics & Statistics,Medicine & Dentistry,Physics & Astronomy,Politics & International Studies (incl Development Studies),Sport Science",False,False,False,
401-500,Northern Arizona University,32.6—37.5,4660,18.8,764,11.2,769,82.7,153,32.6,875,26.9,740,public,0,/world-university-rankings/northern-arizona-university,589172,United States,"23,167",24.8,5%,66 : 34,Northern Arizona University,"Computer Science,Politics & International Studies (incl Development Studies),Mechanical & Aerospace Engineering,Sport Science,Accounting & Finance,Electrical & Electronic Engineering,Education,History, Philosophy & Theology,Art, Performing Arts & Design,Agriculture & Forestry,Communication & Media Studies,Architecture,Geology, Environmental, Earth & Marine Sciences,Biological Sciences,Business & Management,Other Health,Mathematics & Statistics,Chemical Engineering,General Engineering,Geography,Civil Engineering,Physics & Astronomy,Chemistry,Sociology,Psychology,Languages, Literature & Linguistics",False,False,False,https://www.timeshighereducation.com/student/register-interest/shorelight?utm_medium=thewebsite&utm_campaign=cta-link&utm_source=rankings&iid=i-34702934
401-500,Novosibirsk State University,32.6—37.5,4670,43.2,145,28.3,311,33.6,629,36.3,606,36.0,605,master_account,0,/world-university-rankings/novosibirsk-state-university,1030,Russian Federation,"7,125",6.7,14%,50 : 50,Novosibirsk State University,"Physics & Astronomy,Languages, Literature & Linguistics,Education,Politics & International Studies (incl Development Studies),Geology, Environmental, Earth & Marine Sciences,Art, Performing Arts & Design,Other Health,Civil Engineering,Mathematics & Statistics,General Engineering,Sociology,Archaeology,History, Philosophy & Theology,Accounting & Finance,Chemical Engineering,Medicine & Dentistry,Computer Science,Mechanical & Aerospace Engineering,Business & Management,Communication & Media Studies,Electrical & Electronic Engineering,Agriculture & Forestry,Economics & Econometrics,Chemistry,Law,Psychology,Biological Sciences",False,False,True,
401-500,The Open University,32.6—37.5,4680,18.8,765,15.8,596,58.8,394,32.6,876,51.7,374,master_account,0,/world-university-rankings/open-university,959,United Kingdom,"70,860",33.9,8%,61 : 39,The Open University,"Chemistry,Physics & Astronomy,Sociology,Other Health,Computer Science,Economics & Econometrics,Agriculture & Forestry,Sport Science,Mathematics & Statistics,Business & Management,Art, Performing Arts & Design,Accounting & Finance,History, Philosophy & Theology,Politics & International Studies (incl Development Studies),Geology, Environmental, Earth & Marine Sciences,General Engineering,Psychology,Languages, Literature & Linguistics,Biological Sciences,Law,Education",False,False,False,https://www.timeshighereducation.com/student/register-interest/siuk?utm_medium=thewebsite&utm_campaign=cta-link&utm_source=rankings&iid=i-69018962
401-500,Oxford Brookes University,32.6—37.5,4690,27.7,418,25.3,362,37.8,587,32.3,912,71.5,196,master_account,0,/world-university-rankings/oxford-brookes-university,131653,United Kingdom,"12,930",17.6,27%,57 : 43,Oxford Brookes University,"Architecture,Computer Science,Sport Science,Accounting & Finance,Electrical & Electronic Engineering,Communication & Media Studies,Languages, Literature & Linguistics,Biological Sciences,Geology, Environmental, Earth & Marine Sciences,Veterinary Science,History, Philosophy & Theology,Economics & Econometrics,Mechanical & Aerospace Engineering,Business & Management,Politics & International Studies (incl Development Studies),Other Health,Psychology,Medicine & Dentistry,Sociology,Geography,General Engineering,Art, Performing Arts & Design,Civil Engineering,Law,Education",False,False,False,https://www.timeshighereducation.com/student/register-interest/siuk?utm_medium=thewebsite&utm_campaign=cta-link&utm_source=rankings&iid=i-71176562
401-500,Panthéon-Sorbonne University – Paris 1,32.6—37.5,4700,48.0,112,40.6,166,7.3,943,32.4,896,50.3,396,master_account,0,/world-university-rankings/pantheon-sorbonne-university-paris-1,928,France,"40,121",32.8,20%,60 : 40,Panthéon-Sorbonne University – Paris 1,"Communication & Media Studies,Sociology,Mathematics & Statistics,Business & Management,Art, Performing Arts & Design,History, Philosophy & Theology,Archaeology,Law,Politics & International Studies (incl Development Studies),Languages, Literature & Linguistics,Accounting & Finance,Geography,Economics & Econometrics",False,False,False,
401-500,University of Pisa,32.6—37.5,4710,20.4,686,18.5,527,73.3,252,36.5,599,34.3,632,master_account,0,/world-university-rankings/university-pisa,795,Italy,"50,937",19.8,5%,52 : 48,University of Pisa,"Art, Performing Arts & Design,Civil Engineering,Sport Science,Law,Languages, Literature & Linguistics,Chemical Engineering,Economics & Econometrics,General Engineering,Veterinary Science,Mathematics & Statistics,Electrical & Electronic Engineering,Physics & Astronomy,Psychology,Other Health,Chemistry,Business & Management,Education,Archaeology,Communication & Media Studies,Computer Science,Accounting & Finance,History, Philosophy & Theology,Sociology,Biological Sciences,Politics & International Studies (incl Development Studies),Geology, Environmental, Earth & Marine Sciences,Mechanical & Aerospace Engineering,Agriculture & Forestry,Medicine & Dentistry",False,False,False,
401-500,Pontificia Universidad Católica de Chile,32.6—37.5,4720,27.5,423,23.0,421,41.8,549,35.7,634,53.2,362,master_account,0,/world-university-rankings/pontificia-universidad-catolica-de-chile,852,Chile,"26,188",15.6,7%,,Pontificia Universidad Católica de Chile,"Chemistry,General Engineering,Art, Performing Arts & Design,Medicine & Dentistry,Veterinary Science,Education,Other Health,Architecture,Sport Science,Geography,History, Philosophy & Theology,Civil Engineering,Physics & Astronomy,Languages, Literature & Linguistics,Chemical Engineering,Sociology,Archaeology,Biological Sciences,Law,Communication & Media Studies,Psychology,Agriculture & Forestry,Politics & International Studies (incl Development Studies),Computer Science,Economics & Econometrics,Electrical & Electronic Engineering,Geology, Environmental, Earth & Marine Sciences,Business & Management,Mechanical & Aerospace Engineering,Mathematics & Statistics,Accounting & Finance",False,False,False,
401-500,University of Porto,32.6—37.5,4730,28.6,393,26.2,347,42.3,542,39.9,462,45.3,468,master_account,0,/world-university-rankings/university-porto,798,Portugal,"31,753",18.6,9%,54 : 46,University of Porto,"Computer Science,Sport Science,Accounting & Finance,Other Health,Mathematics & Statistics,Geography,Electrical & Electronic Engineering,Geology, Environmental, Earth & Marine Sciences,Business & Management,Art, Performing Arts & Design,Communication & Media Studies,History, Philosophy & Theology,Biological Sciences,Architecture,Chemistry,Physics & Astronomy,Politics & International Studies (incl Development Studies),Psychology,Law,Sociology,Chemical Engineering,Civil Engineering,Economics & Econometrics,General Engineering,Archaeology,Mechanical & Aerospace Engineering,Medicine & Dentistry,Veterinary Science,Languages, Literature & Linguistics,Agriculture & Forestry,Education",False,False,False,
401-500,University of Portsmouth,32.6—37.5,4740,16.7,852,13.2,683,61.8,367,32.6,877,82.4,113,master_account,0,/world-university-rankings/university-portsmouth,893,United Kingdom,"18,950",16.4,25%,45 : 55,University of Portsmouth,"Geology, Environmental, Earth & Marine Sciences,Sociology,Art, Performing Arts & Design,Archaeology,Mathematics & Statistics,Geography,Economics & Econometrics,Architecture,Other Health,Accounting & Finance,Civil Engineering,Business & Management,Psychology,History, Philosophy & Theology,Medicine & Dentistry,Sport Science,General Engineering,Physics & Astronomy,Biological Sciences,Mechanical & Aerospace Engineering,Education,Languages, Literature & Linguistics,Chemical Engineering,Communication & Media Studies,Computer Science,Politics & International Studies (incl Development Studies),Law,Electrical & Electronic Engineering",False,False,False,https://www.timeshighereducation.com/student/register-interest/siuk?utm_medium=thewebsite&utm_campaign=cta-link&utm_source=rankings&iid=i-40952633
401-500,Université du Québec à Montréal,32.6—37.5,4750,23.9,539,20.7,471,54.3,434,32.4,897,58.5,304,master_account,0,/world-university-rankings/universite-du-quebec-a-montreal,1013,Canada,"28,830",26.1,19%,61 : 39,Université du Québec à Montréal,"Art, Performing Arts & Design,Business & Management,Education,History, Philosophy & Theology,Languages, Literature & Linguistics,Law,Other Health,Politics & International Studies (incl Development Studies)",False,False,False,https://www.timeshighereducation.com/student/register-interest/applyboard?utm_medium=thewebsite&utm_campaign=cta-link&utm_source=rankings&iid=i-29994672
401-500,RMIT University,32.6—37.5,4760,23.0,576,20.7,472,53.6,441,40.0,454,85.6,90,master_account,0,/world-university-rankings/rmit-university,915,Australia,"30,795",17.3,26%,47 : 53,RMIT University RMIT Australia Melbourne,"Other Health,Mathematics & Statistics,Psychology,Computer Science,Physics & Astronomy,Business & Management,Mechanical & Aerospace Engineering,Communication & Media Studies,Medicine & Dentistry,Education,Sport Science,Art, Performing Arts & Design,Chemical Engineering,Sociology,Languages, Literature & Linguistics,Agriculture & Forestry,Geography,General Engineering,Chemistry,Accounting & Finance,Architecture,Biological Sciences,Law,Civil Engineering,Politics & International Studies (incl Development Studies),Electrical & Electronic Engineering,Geology, Environmental, Earth & Marine Sciences,Economics & Econometrics",False,False,False,https://www.timeshighereducation.com/student/register-interest/aecc?utm_medium=thewebsite&utm_campaign=cta-link&utm_source=rankings&iid=i-01576523
401-500,Renmin University of China,32.6—37.5,4770,42.5,154,19.4,499,35.4,613,43.2,370,46.0,460,master_account,0,/world-university-rankings/renmin-university-china,894,China,"24,859",11.7,6%,,Renmin University of China,"Agriculture & Forestry,Psychology,Communication & Media Studies,Accounting & Finance,Chemistry,Languages, Literature & Linguistics,Sociology,History, Philosophy & Theology,Geology, Environmental, Earth & Marine Sciences,Mathematics & Statistics,Archaeology,Computer Science,Law,Art, Performing Arts & Design,Education,Physics & Astronomy,Politics & International Studies (incl Development Studies),Business & Management",False,False,False,
401-500,University of Rome II – Tor Vergata,32.6—37.5,4780,25.5,484,15.3,614,64.2,352,38.9,494,37.9,582,master_account,0,/world-university-rankings/university-rome-ii-tor-vergata,131526,Italy,"31,393",18.4,6%,51 : 49,University of Rome II – Tor Vergata,"Archaeology,Agriculture & Forestry,Physics & Astronomy,Sport Science,Mechanical & Aerospace Engineering,Chemistry,Other Health,Law,Psychology,Biological Sciences,History, Philosophy & Theology,Civil Engineering,Accounting & Finance,Architecture,Chemical Engineering,Business & Management,Languages, Literature & Linguistics,Mathematics & Statistics,General Engineering,Education,Electrical & Electronic Engineering,Communication & Media Studies,Computer Science,Economics & Econometrics,Medicine & Dentistry,Art, Performing Arts & Design",False,False,False,
401-500,University of Rome III,32.6—37.5,4790,23.4,561,20.6,474,67.5,307,37.6,541,37.2,591,master_account,0,/world-university-rankings/university-rome-iii,1016,Italy,"35,290",59.0,4%,59 : 41,University of Rome III,"Languages, Literature & Linguistics,Geology, Environmental, Earth & Marine Sciences,Economics & Econometrics,Mechanical & Aerospace Engineering,Business & Management,Electrical & Electronic Engineering,Mathematics & Statistics,Accounting & Finance,History, Philosophy & Theology,Sociology,Art, Performing Arts & Design,Biological Sciences,Civil Engineering,Education,Architecture,Physics & Astronomy,Computer Science,Politics & International Studies (incl Development Studies),Archaeology,Communication & Media Studies,Agriculture & Forestry,Law",False,False,False,
401-500,Rovira i Virgili University,32.6—37.5,4800,21.5,643,15.8,597,72.1,262,35.2,677,45.5,464,master_account,0,/world-university-rankings/rovira-i-virgili-university,968,Spain,"12,637",13.0,10%,60 : 40,Rovira i Virgili University,"Computer Science,Communication & Media Studies,Mechanical & Aerospace Engineering,Mathematics & Statistics,Other Health,Chemical Engineering,Archaeology,Economics & Econometrics,Biological Sciences,Law,History, Philosophy & Theology,Accounting & Finance,Electrical & Electronic Engineering,Education,Chemistry,Geography,Architecture,Psychology,Medicine & Dentistry,General Engineering,Sport Science,Physics & Astronomy,Agriculture & Forestry,Languages, Literature & Linguistics,Business & Management",False,False,False,
401-500,Saint Petersburg State University,32.6—37.5,4810,48.4,109,30.7,273,34.0,626,33.3,803,34.0,636,master_account,0,/world-university-rankings/saint-petersburg-state-university,853,Russian Federation,"21,924",5.5,7%,64 : 36,Saint Petersburg State University,"General Engineering,Languages, Literature & Linguistics,Sport Science,Psychology,Chemical Engineering,Sociology,Computer Science,Communication & Media Studies,History, Philosophy & Theology,Mathematics & Statistics,Business & Management,Art, Performing Arts & Design,Biological Sciences,Law,Other Health,Geology, Environmental, Earth & Marine Sciences,Archaeology,Physics & Astronomy,Accounting & Finance,Geography,Medicine & Dentistry,Chemistry,Economics & Econometrics,Politics & International Studies (incl Development Studies)",False,False,True,
401-500,University of Salento,32.6—37.5,4820,25.0,502,11.8,737,65.6,336,37.6,542,25.2,766,master_account,0,/world-university-rankings/university-salento,854,Italy,"19,983",58.8,1%,64 : 36,University of Salento,"Computer Science,Communication & Media Studies,Civil Engineering,Sociology,Business & Management,Agriculture & Forestry,Education,Languages, Literature & Linguistics,Sport Science,Law,Art, Performing Arts & Design,General Engineering,Physics & Astronomy,Biological Sciences,Psychology,Mechanical & Aerospace Engineering,Mathematics & Statistics,Accounting & Finance,Archaeology,Politics & International Studies (incl Development Studies),History, Philosophy & Theology,Geography,Medicine & Dentistry,Geology, Environmental, Earth & Marine Sciences",False,False,False,
401-500,San Diego State University,32.6—37.5,4830,20.9,669,28.8,304,64.4,349,33.2,816,27.3,735,public,0,/world-university-rankings/san-diego-state-university,969,United States,"28,358",31.8,6%,56 : 44,San Diego State University,"Languages, Literature & Linguistics,Chemistry,Other Health,Geography,Psychology,History, Philosophy & Theology,Physics & Astronomy,Electrical & Electronic Engineering,Politics & International Studies (incl Development Studies),Economics & Econometrics,Art, Performing Arts & Design,Mathematics & Statistics,Geology, Environmental, Earth & Marine Sciences,Business & Management,Mechanical & Aerospace Engineering,Education,Sport Science,Biological Sciences,Computer Science,Communication & Media Studies,Accounting & Finance,Civil Engineering,General Engineering,Sociology",False,False,False,https://www.timeshighereducation.com/student/register-interest/shorelight?utm_medium=thewebsite&utm_campaign=cta-link&utm_source=rankings&iid=i-78657722
401-500,University of Saskatchewan,32.6—37.5,4840,34.2,279,25.0,364,43.5,532,69.0,118,64.4,254,master_account,11,/world-university-rankings/university-saskatchewan,131576,Canada,"19,154",17.9,15%,57 : 43,University of Saskatchewan,"Geography,Medicine & Dentistry,Psychology,Veterinary Science,Education,Art, Performing Arts & Design,Sociology,Accounting & Finance,Civil Engineering,Chemical Engineering,History, Philosophy & Theology,Law,Geology, Environmental, Earth & Marine Sciences,Biological Sciences,General Engineering,Languages, Literature & Linguistics,Archaeology,Sport Science,Chemistry,Other Health,Computer Science,Electrical & Electronic Engineering,Business & Management,Mathematics & Statistics,Physics & Astronomy,Agriculture & Forestry,Mechanical & Aerospace Engineering,Politics & International Studies (incl Development Studies),Economics & Econometrics",False,False,False,https://www.timeshighereducation.com/student/register-interest/applyboard?utm_medium=thewebsite&utm_campaign=cta-link&utm_source=rankings&iid=i-56275942
401-500,University of Siegen,32.6—37.5,4850,22.2,612,24.0,395,60.8,380,40.7,434,50.1,401,master_account,0,/world-university-rankings/university-siegen,589187,Germany,"19,139",54.4,11%,50 : 50,University of Siegen,"Electrical & Electronic Engineering,Other Health,Mathematics & Statistics,Politics & International Studies (incl Development Studies),History, Philosophy & Theology,Computer Science,Art, Performing Arts & Design,Sociology,Business & Management,Economics & Econometrics,General Engineering,Biological Sciences,Architecture,Languages, Literature & Linguistics,Civil Engineering,Education,Accounting & Finance,Chemistry,Communication & Media Studies,Psychology,Physics & Astronomy",False,False,False,
401-500,SOAS University of London,32.6—37.5,4860,32.9,301,29.4,296,29.7,671,32.2,928,76.0,159,master_account,0,/world-university-rankings/soas-university-london,970,United Kingdom,"4,755",11.6,54%,63 : 37,SOAS University of London,"Politics & International Studies (incl Development Studies),Sociology,Geography,Languages, Literature & Linguistics,Archaeology,Law,Business & Management,Art, Performing Arts & Design,Mathematics & Statistics,History, Philosophy & Theology,Accounting & Finance,Communication & Media Studies,Education,Economics & Econometrics",False,False,False,
401-500,University of St Gallen,32.6—37.5,4870,27.2,434,14.8,628,50.9,461,42.8,380,96.5,10,master_account,0,/world-university-rankings/university-st-gallen,131326,Switzerland,"7,175",11.3,34%,33 : 67,University of St Gallen,"Economics & Econometrics,Law,Politics & International Studies (incl Development Studies),Computer Science,Accounting & Finance,Business & Management",False,False,False,
401-500,Stellenbosch University,32.6—37.5,4880,28.6,394,24.8,365,53.0,447,32.1,964,50.3,398,master_account,0,/world-university-rankings/stellenbosch-university,732,South Africa,"22,478",23.9,8%,53 : 47,Stellenbosch University SU South Africa,"Geology, Environmental, Earth & Marine Sciences,Accounting & Finance,Languages, Literature & Linguistics,Civil Engineering,Chemistry,Other Health,Mathematics & Statistics,Education,History, Philosophy & Theology,Chemical Engineering,Communication & Media Studies,Economics & Econometrics,Archaeology,Biological Sciences,General Engineering,Computer Science,Physics & Astronomy,Psychology,Art, Performing Arts & Design,Mechanical & Aerospace Engineering,Law,Medicine & Dentistry,Sport Science,Geography,Architecture,Agriculture & Forestry,Politics & International Studies (incl Development Studies),Electrical & Electronic Engineering,Sociology,Business & Management",False,False,False,
401-500,Stevens Institute of Technology,32.6—37.5,4890,21.8,631,18.3,535,52.2,452,33.7,766,77.3,145,private,0,/world-university-rankings/stevens-institute-technology,589226,United States,"5,999",18.3,34%,29 : 71,Stevens Institute of Technology,"Mechanical & Aerospace Engineering,History, Philosophy & Theology,Sociology,Languages, Literature & Linguistics,Mathematics & Statistics,Computer Science,Physics & Astronomy,General Engineering,Other Health,Chemical Engineering,Civil Engineering,Biological Sciences,Art, Performing Arts & Design,Geology, Environmental, Earth & Marine Sciences,Electrical & Electronic Engineering,Chemistry,Business & Management",False,False,False,https://www.timeshighereducation.com/student/register-interest/shorelight?utm_medium=thewebsite&utm_campaign=cta-link&utm_source=rankings&iid=i-42653531
401-500,University of Strathclyde,32.6—37.5,4900,24.2,528,31.2,265,36.2,603,46.6,298,75.1,169,master_account,0,/world-university-rankings/university-strathclyde,856,United Kingdom,"15,770",19.8,22%,49 : 51,University of Strathclyde,"Education,General Engineering,Physics & Astronomy,Chemical Engineering,Psychology,Biological Sciences,Other Health,Politics & International Studies (incl Development Studies),Sport Science,Sociology,Communication & Media Studies,Law,Mechanical & Aerospace Engineering,Civil Engineering,History, Philosophy & Theology,Electrical & Electronic Engineering,Geology, Environmental, Earth & Marine Sciences,Art, Performing Arts & Design,Business & Management,Mathematics & Statistics,Chemistry,Computer Science,Economics & Econometrics,Languages, Literature & Linguistics,Accounting & Finance",False,False,False,https://www.timeshighereducation.com/student/register-interest/siuk?utm_medium=thewebsite&utm_campaign=cta-link&utm_source=rankings&iid=i-30420621
401-500,Sun Yat-sen University,32.6—37.5,4910,35.3,257,26.3,343,50.0,476,54.1,204,29.6,698,master_account,0,/world-university-rankings/sun-yat-sen-university,760,China,"51,866",16.9,8%,51 : 49,Sun Yat-sen University,"Computer Science,Sport Science,Mechanical & Aerospace Engineering,History, Philosophy & Theology,Sociology,Chemistry,Electrical & Electronic Engineering,Medicine & Dentistry,Art, Performing Arts & Design,Veterinary Science,Accounting & Finance,Education,Biological Sciences,Geology, Environmental, Earth & Marine Sciences,General Engineering,Agriculture & Forestry,Architecture,Psychology,Economics & Econometrics,Physics & Astronomy,Business & Management,Languages, Literature & Linguistics,Law,Communication & Media Studies,Archaeology,Other Health,Chemical Engineering,Mathematics & Statistics,Geography,Politics & International Studies (incl Development Studies),Civil Engineering",False,False,False,
401-500,Tokyo Medical and Dental University (TMDU),32.6—37.5,4920,39.4,193,19.5,497,50.1,474,58.2,184,23.2,793,master_account,0,/world-university-rankings/tokyo-medical-and-dental-university-tmdu,762,Japan,"2,906",3.2,7%,50 : 50,Tokyo Medical and Dental University (TMDU),"Geology, Environmental, Earth & Marine Sciences,Medicine & Dentistry,Politics & International Studies (incl Development Studies),History, Philosophy & Theology,Education,Communication & Media Studies,Agriculture & Forestry,Veterinary Science,Art, Performing Arts & Design,Civil Engineering,Chemical Engineering,Electrical & Electronic Engineering,Biological Sciences,Physics & Astronomy,Accounting & Finance,Economics & Econometrics,Business & Management,Archaeology,Chemistry,Mechanical & Aerospace Engineering,Architecture,Computer Science,Psychology,Sport Science,Law,Mathematics & Statistics,General Engineering,Other Health,Sociology,Languages, Literature & Linguistics,Geography",False,False,False,
401-500,Tokyo Metropolitan University,32.6—37.5,4930,22.6,590,13.4,672,68.5,298,34.0,747,21.4,835,master_account,6,/world-university-rankings/tokyo-metropolitan-university,712,Japan,"9,294",9.6,4%,35 : 65,Tokyo Metropolitan University,"Civil Engineering,Politics & International Studies (incl Development Studies),General Engineering,Architecture,Business & Management,Electrical & Electronic Engineering,Sport Science,Communication & Media Studies,Medicine & Dentistry,Mathematics & Statistics,Accounting & Finance,Archaeology,Other Health,Geology, Environmental, Earth & Marine Sciences,History, Philosophy & Theology,Economics & Econometrics,Languages, Literature & Linguistics,Law,Chemistry,Education,Art, Performing Arts & Design,Biological Sciences,Psychology,Mechanical & Aerospace Engineering,Sociology,Geography,Agriculture & Forestry,Physics & Astronomy,Computer Science,Chemical Engineering",False,False,False,
401-500,University of Tsukuba,32.6—37.5,4940,40.1,185,32.7,249,35.1,618,42.4,384,37.1,595,master_account,0,/world-university-rankings/university-tsukuba,735,Japan,"16,271",12.6,17%,38 : 62,University of Tsukuba,"Chemical Engineering,Mechanical & Aerospace Engineering,Architecture,Computer Science,Agriculture & Forestry,Chemistry,History, Philosophy & Theology,Politics & International Studies (incl Development Studies),Education,Civil Engineering,Languages, Literature & Linguistics,Art, Performing Arts & Design,Psychology,Other Health,Medicine & Dentistry,Geology, Environmental, Earth & Marine Sciences,Business & Management,Economics & Econometrics,Physics & Astronomy,Communication & Media Studies,Accounting & Finance,Geography,Sociology,Electrical & Electronic Engineering,Biological Sciences,General Engineering,Archaeology,Mathematics & Statistics,Sport Science,Law",False,False,False,
401-500,UiT The Arctic University of Norway,32.6—37.5,4950,22.7,587,17.0,566,64.3,351,36.9,581,67.3,226,master_account,0,/world-university-rankings/uit-arctic-university-norway,764,Norway,"12,180",12.0,12%,60 : 40,UiT The Arctic University of Norway,"Electrical & Electronic Engineering,Mathematics & Statistics,Economics & Econometrics,Languages, Literature & Linguistics,Psychology,Law,Mechanical & Aerospace Engineering,Chemistry,Sociology,Medicine & Dentistry,Accounting & Finance,Chemical Engineering,Politics & International Studies (incl Development Studies),Business & Management,Sport Science,Veterinary Science,Education,Physics & Astronomy,Civil Engineering,Archaeology,Art, Performing Arts & Design,Other Health,General Engineering,Biological Sciences,Agriculture & Forestry,Geography,Architecture,Geology, Environmental, Earth & Marine Sciences,Computer Science,History, Philosophy & Theology,Communication & Media Studies",False,False,False,
401-500,Verona University,32.6—37.5,4960,23.1,572,13.4,673,73.4,251,42.1,391,40.9,534,master_account,0,/world-university-rankings/verona-university,131550,Italy,"24,390",18.7,6%,64 : 36,Verona University,"Business & Management,Languages, Literature & Linguistics,Biological Sciences,Accounting & Finance,Sport Science,Mathematics & Statistics,Art, Performing Arts & Design,Computer Science,Education,Other Health,Geography,Archaeology,General Engineering,History, Philosophy & Theology,Law,Psychology,Economics & Econometrics,Agriculture & Forestry,Medicine & Dentistry,Communication & Media Studies,Sociology",False,False,False,
401-500,University of Waikato,32.6—37.5,4970,20.9,671,23.2,417,49.5,481,34.7,709,87.8,73,master_account,0,/world-university-rankings/university-waikato,812,New Zealand,"9,904",16.8,26%,57 : 43,University of Waikato UoW,"Other Health,Mathematics & Statistics,Psychology,History, Philosophy & Theology,Sport Science,Law,Computer Science,Physics & Astronomy,Business & Management,Civil Engineering,Politics & International Studies (incl Development Studies),Art, Performing Arts & Design,Biological Sciences,Geography,Mechanical & Aerospace Engineering,Communication & Media Studies,Economics & Econometrics,Languages, Literature & Linguistics,Agriculture & Forestry,Education,General Engineering,Chemistry,Electrical & Electronic Engineering,Geology, Environmental, Earth & Marine Sciences,Accounting & Finance,Chemical Engineering,Sociology",False,False,False,https://www.timeshighereducation.com/student/register-interest/aecc?utm_medium=thewebsite&utm_campaign=cta-link&utm_source=rankings&iid=i-22862122
401-500,Western Sydney University,32.6—37.5,4980,17.9,811,24.4,387,57.9,400,35.6,651,77.5,144,master_account,0,/world-university-rankings/western-sydney-university,1014,Australia,"30,734",28.6,13%,57 : 43,Western Sydney University University of Western Sydney WSU UWS,"Geology, Environmental, Earth & Marine Sciences,Other Health,Electrical & Electronic Engineering,Civil Engineering,Politics & International Studies (incl Development Studies),Veterinary Science,Biological Sciences,Geography,Archaeology,Chemical Engineering,Psychology,Languages, Literature & Linguistics,Mathematics & Statistics,Architecture,Business & Management,Chemistry,Computer Science,Economics & Econometrics,Sociology,Communication & Media Studies,Mechanical & Aerospace Engineering,Accounting & Finance,History, Philosophy & Theology,Agriculture & Forestry,Law,General Engineering,Medicine & Dentistry,Education,Physics & Astronomy,Art, Performing Arts & Design,Sport Science",False,False,False,
401-500,Wuhan University,32.6—37.5,4990,40.9,175,30.2,280,29.2,677,91.1,46,37.5,589,master_account,0,/world-university-rankings/wuhan-university,863,China,"49,152",14.0,7%,,Wuhan University,"History, Philosophy & Theology,Mathematics & Statistics,Geography,Physics & Astronomy,Medicine & Dentistry,Biological Sciences,Languages, Literature & Linguistics,Communication & Media Studies,Law,Psychology,Business & Management,Other Health,Mechanical & Aerospace Engineering,Chemical Engineering,Accounting & Finance,Civil Engineering,Archaeology,Politics & International Studies (incl Development Studies),Electrical & Electronic Engineering,Art, Performing Arts & Design,Veterinary Science,Architecture,Sociology,Economics & Econometrics,Geology, Environmental, Earth & Marine Sciences,General Engineering,Chemistry,Computer Science",False,False,False,
401-500,Xiamen University,32.6—37.5,5000,26.7,451,21.6,452,54.2,436,7.7,972,25.5,760,master_account,0,/world-university-rankings/xiamen-university,131582,China,"42,210",15.6,4%,49 : 51,Xiamen University,"History, Philosophy & Theology,Biological Sciences,Veterinary Science,Electrical & Electronic Engineering,Other Health,Sport Science,Art, Performing Arts & Design,Sociology,Computer Science,Languages, Literature & Linguistics,Medicine & Dentistry,Accounting & Finance,Chemistry,Education,Agriculture & Forestry,Mathematics & Statistics,Politics & International Studies (incl Development Studies),Psychology,Geography,Architecture,Civil Engineering,Business & Management,Law,Physics & Astronomy,Economics & Econometrics,General Engineering,Chemical Engineering,Communication & Media Studies,Mechanical & Aerospace Engineering,Archaeology,Geology, Environmental, Earth & Marine Sciences",False,False,False,
401-500,École normale supérieure Paris-Saclay,32.6—37.5,5010,32.1,325,9.6,843,54.0,439,44.0,352,50.7,392,master_account,0,/world-university-rankings/ecole-normale-superieure-paris-saclay,131404,France,"1,505",9.6,7%,26 : 74,École normale supérieure Paris-Saclay,"Mechanical & Aerospace Engineering,Mathematics & Statistics,Architecture,Electrical & Electronic Engineering,Politics & International Studies (incl Development Studies),Art, Performing Arts & Design,Business & Management,History, Philosophy & Theology,Physics & Astronomy,General Engineering,Civil Engineering,Economics & Econometrics,Computer Science,Biological Sciences,Accounting & Finance,Sociology,Other Health,Chemistry,Communication & Media Studies,Languages, Literature & Linguistics,Education,Law",False,False,False,
501-600,American University of Beirut,27.6—32.5,5020,28.5,395,12.8,690,38.4,579,38.5,504,88.1,71,master_account,0,/world-university-rankings/american-university-beirut,947,Lebanon,"7,836",8.8,23%,52 : 48,American University of Beirut,"Biological Sciences,Civil Engineering,Accounting & Finance,Mechanical & Aerospace Engineering,Architecture,Mathematics & Statistics,Communication & Media Studies,Sociology,Archaeology,Art, Performing Arts & Design,Geology, Environmental, Earth & Marine Sciences,General Engineering,Business & Management,Chemical Engineering,Other Health,Psychology,Chemistry,Politics & International Studies (incl Development Studies),Education,Physics & Astronomy,Economics & Econometrics,Agriculture & Forestry,Computer Science,Electrical & Electronic Engineering,History, Philosophy & Theology,Languages, Literature & Linguistics,Medicine & Dentistry",False,False,False,
501-600,"University of the Andes, Colombia",27.6—32.5,5030,19.9,708,14.9,620,50.0,475,49.4,256,55.5,335,master_account,0,/world-university-rankings/university-andes-colombia,896,Colombia,"16,880",17.5,2%,44 : 56,"University of the Andes, Colombia","Languages, Literature & Linguistics,Electrical & Electronic Engineering,Politics & International Studies (incl Development Studies),Chemistry,Accounting & Finance,Art, Performing Arts & Design,Mechanical & Aerospace Engineering,Sociology,Medicine & Dentistry,Geology, Environmental, Earth & Marine Sciences,Economics & Econometrics,Architecture,Civil Engineering,Geography,Mathematics & Statistics,Education,Biological Sciences,Psychology,General Engineering,Communication & Media Studies,Chemical Engineering,Law,History, Philosophy & Theology,Computer Science,Physics & Astronomy,Business & Management",False,False,False,
501-600,University of Arkansas,27.6—32.5,5040,24.4,517,19.2,504,39.2,572,39.1,482,27.9,724,public,0,/world-university-rankings/university-arkansas,131806,United States,"23,545",20.3,5%,51 : 49,University of Arkansas,"Other Health,Communication & Media Studies,Accounting & Finance,Geology, Environmental, Earth & Marine Sciences,Art, Performing Arts & Design,Mathematics & Statistics,Education,Physics & Astronomy,Veterinary Science,Sport Science,Languages, Literature & Linguistics,Computer Science,Politics & International Studies (incl Development Studies),Medicine & Dentistry,Chemistry,Economics & Econometrics,Law,Architecture,Geography,Archaeology,Sociology,Civil Engineering,Chemical Engineering,History, Philosophy & Theology,Psychology,General Engineering,Mechanical & Aerospace Engineering,Agriculture & Forestry,Business & Management,Electrical & Electronic Engineering,Biological Sciences",False,False,False,https://www.timeshighereducation.com/student/register-interest/shorelight?utm_medium=thewebsite&utm_campaign=cta-link&utm_source=rankings&iid=i-97361274
501-600,Athens University of Economics and Business,27.6—32.5,5050,16.9,842,20.5,475,41.2,554,37.9,524,43.1,497,master_account,0,/world-university-rankings/athens-university-economics-and-business,131674,Greece,"11,659",48.0,6%,44 : 56,Athens University of Economics and Business,"Mathematics & Statistics,Computer Science,Politics & International Studies (incl Development Studies),Accounting & Finance,Communication & Media Studies,Business & Management,Economics & Econometrics",False,False,False,
501-600,Auckland University of Technology,27.6—32.5,5060,17.8,812,12.5,702,45.9,509,33.9,750,94.8,19,master_account,6,/world-university-rankings/auckland-university-technology,131438,New Zealand,"17,627",16.9,39%,59 : 41,Auckland University of Technology AUT,"Physics & Astronomy,Mechanical & Aerospace Engineering,Sport Science,Other Health,Accounting & Finance,Law,Education,Economics & Econometrics,Communication & Media Studies,Chemistry,Electrical & Electronic Engineering,Languages, Literature & Linguistics,Sociology,Business & Management,Geography,Psychology,Biological Sciences,Geology, Environmental, Earth & Marine Sciences,Architecture,Mathematics & Statistics,General Engineering,Art, Performing Arts & Design,Computer Science,Civil Engineering,Politics & International Studies (incl Development Studies),Medicine & Dentistry,History, Philosophy & Theology",False,False,False,
501-600,University of the Basque Country,27.6—32.5,5070,20.9,665,14.3,639,50.2,470,34.7,705,37.9,577,master_account,0,/world-university-rankings/university-basque-country,131556,Spain,"44,806",14.8,6%,52 : 48,University of the Basque Country,"Economics & Econometrics,Archaeology,Chemistry,General Engineering,Biological Sciences,Mechanical & Aerospace Engineering,Communication & Media Studies,Geography,Electrical & Electronic Engineering,Chemical Engineering,Art, Performing Arts & Design,Languages, Literature & Linguistics,Business & Management,Education,Sport Science,Medicine & Dentistry,Mathematics & Statistics,Physics & Astronomy,Law,Politics & International Studies (incl Development Studies),Psychology,History, Philosophy & Theology,Other Health,Computer Science,Civil Engineering,Geology, Environmental, Earth & Marine Sciences,Accounting & Finance,Sociology,Architecture",False,False,False,
501-600,Ben-Gurion University of the Negev,27.6—32.5,5080,23.8,540,27.5,322,35.5,612,42.9,373,34.5,626,master_account,0,/world-university-rankings/ben-gurion-university-negev,131788,Israel,"16,477",20.1,3%,51 : 49,Ben-Gurion University of the Negev,"Education,Mechanical & Aerospace Engineering,General Engineering,Archaeology,Electrical & Electronic Engineering,Mathematics & Statistics,Medicine & Dentistry,Civil Engineering,Chemistry,Agriculture & Forestry,Physics & Astronomy,Psychology,Sociology,Geology, Environmental, Earth & Marine Sciences,Art, Performing Arts & Design,Communication & Media Studies,Politics & International Studies (incl Development Studies),History, Philosophy & Theology,Chemical Engineering,Languages, Literature & Linguistics,Other Health,Business & Management,Biological Sciences,Geography,Economics & Econometrics,Computer Science",False,False,False,
501-600,Bond University,27.6—32.5,5090,18.7,768,21.2,459,37.1,593,36.3,605,89.5,58,master_account,0,/world-university-rankings/bond-university,131609,Australia,"3,201",13.6,35%,53 : 47,Bond University,"Mathematics & Statistics,Business & Management,Law,Politics & International Studies (incl Development Studies),Sport Science,Medicine & Dentistry,Sociology,Communication & Media Studies,Languages, Literature & Linguistics,Other Health,Art, Performing Arts & Design,Accounting & Finance,History, Philosophy & Theology,Psychology,Architecture,Economics & Econometrics",False,False,False,https://www.timeshighereducation.com/student/register-interest/aecc?utm_medium=thewebsite&utm_campaign=cta-link&utm_source=rankings&iid=i-62901393
501-600,Université Bourgogne Franche-Comté (UBFC),27.6—32.5,5100,21.5,639,11.7,739,56.6,415,34.5,715,51.6,376,master_account,0,/world-university-rankings/universite-bourgogne-franche-comte-ubfc,587667,France,"54,487",26.2,11%,53 : 47,Université Bourgogne Franche-Comté (UBFC),"Electrical & Electronic Engineering,Sport Science,Medicine & Dentistry,Geography,Civil Engineering,Sociology,Languages, Literature & Linguistics,Architecture,Other Health,Computer Science,Physics & Astronomy,Veterinary Science,Psychology,Chemistry,Chemical Engineering,Business & Management,Art, Performing Arts & Design,History, Philosophy & Theology,Mechanical & Aerospace Engineering,Politics & International Studies (incl Development Studies),Economics & Econometrics,Law,Biological Sciences,Communication & Media Studies,Mathematics & Statistics,General Engineering,Education,Agriculture & Forestry,Archaeology,Geology, Environmental, Earth & Marine Sciences,Accounting & Finance",False,False,False,
501-600,University of Cagliari,27.6—32.5,5110,19.0,746,12.2,717,56.6,416,35.2,673,34.5,627,master_account,0,/world-university-rankings/university-cagliari,131499,Italy,"29,743",30.5,2%,62 : 38,University of Cagliari,"General Engineering,Business & Management,Geology, Environmental, Earth & Marine Sciences,Physics & Astronomy,Other Health,Psychology,Law,Art, Performing Arts & Design,Mathematics & Statistics,Civil Engineering,Archaeology,Architecture,Electrical & Electronic Engineering,Biological Sciences,Geography,Economics & Econometrics,Communication & Media Studies,Mechanical & Aerospace Engineering,Agriculture & Forestry,Languages, Literature & Linguistics,Sociology,Computer Science,Chemistry,Politics & International Studies (incl Development Studies),Education,Medicine & Dentistry,Sport Science,Chemical Engineering,Accounting & Finance,History, Philosophy & Theology",False,False,False,
501-600,Carleton University,27.6—32.5,5120,19.5,723,25.6,356,33.9,627,33.9,752,63.6,258,master_account,11,/world-university-rankings/carleton-university,694,Canada,"25,795",30.4,19%,48 : 52,Carleton University,"Electrical & Electronic Engineering,Veterinary Science,Accounting & Finance,Languages, Literature & Linguistics,Communication & Media Studies,Civil Engineering,Computer Science,Physics & Astronomy,Business & Management,Art, Performing Arts & Design,General Engineering,Sport Science,Law,History, Philosophy & Theology,Biological Sciences,Geography,Architecture,Mathematics & Statistics,Psychology,Agriculture & Forestry,Politics & International Studies (incl Development Studies),Mechanical & Aerospace Engineering,Geology, Environmental, Earth & Marine Sciences,Chemistry,Archaeology,Economics & Econometrics,Chemical Engineering,Sociology",False,False,False,https://www.timeshighereducation.com/student/register-interest/applyboard?utm_medium=thewebsite&utm_campaign=cta-link&utm_source=rankings&iid=i-70245253
501-600,University of Catania,27.6—32.5,5130,15.3,909,12.9,688,68.3,303,34.6,711,26.8,741,master_account,0,/world-university-rankings/university-catania,131466,Italy,"53,120",33.9,1%,61 : 39,University of Catania,"Agriculture & Forestry,Politics & International Studies (incl Development Studies),Mathematics & Statistics,Electrical & Electronic Engineering,Mechanical & Aerospace Engineering,Languages, Literature & Linguistics,Business & Management,Art, Performing Arts & Design,Communication & Media Studies,Medicine & Dentistry,Physics & Astronomy,Geology, Environmental, Earth & Marine Sciences,Economics & Econometrics,Sport Science,Education,Architecture,Other Health,Psychology,Computer Science,Archaeology,Chemical Engineering,Civil Engineering,Accounting & Finance,Sociology,General Engineering,Law,Chemistry,History, Philosophy & Theology,Biological Sciences",False,False,False,
501-600,Università Cattolica del Sacro Cuore,27.6—32.5,5140,18.0,798,7.6,923,56.4,417,40.3,445,39.1,565,master_account,0,/world-university-rankings/universita-cattolica-del-sacro-cuore,131360,Italy,"30,263",18.9,8%,,Università Cattolica del Sacro Cuore,"Languages, Literature & Linguistics,Mathematics & Statistics,Economics & Econometrics,Medicine & Dentistry,Law,Art, Performing Arts & Design,Communication & Media Studies,Other Health,Education,Sport Science,Accounting & Finance,Physics & Astronomy,Agriculture & Forestry,Psychology,History, Philosophy & Theology,Politics & International Studies (incl Development Studies),Archaeology,Sociology,Business & Management",False,False,False,
501-600,Ca’ Foscari University of Venice,27.6—32.5,5150,21.1,658,25.9,350,46.1,507,35.3,670,41.2,530,master_account,0,/world-university-rankings/ca-foscari-university-venice,131648,Italy,"20,478",41.9,7%,65 : 35,Ca’ Foscari University of Venice,"Politics & International Studies (incl Development Studies),Agriculture & Forestry,Languages, Literature & Linguistics,Chemistry,Education,Biological Sciences,Business & Management,General Engineering,Communication & Media Studies,History, Philosophy & Theology,Sociology,Computer Science,Archaeology,Geology, Environmental, Earth & Marine Sciences,Geography,Art, Performing Arts & Design,Sport Science,Economics & Econometrics,Mathematics & Statistics,Accounting & Finance,Law,Civil Engineering",False,False,False,
501-600,University of Chile,27.6—32.5,5160,25.4,485,18.4,529,36.9,594,32.1,935,46.7,449,master_account,0,/world-university-rankings/university-chile,1000,Chile,"38,079",17.4,4%,47 : 53,University of Chile,"Law,Chemistry,Mathematics & Statistics,Geography,Art, Performing Arts & Design,Agriculture & Forestry,Veterinary Science,Archaeology,Psychology,Economics & Econometrics,Mechanical & Aerospace Engineering,Languages, Literature & Linguistics,Other Health,Politics & International Studies (incl Development Studies),General Engineering,Communication & Media Studies,Geology, Environmental, Earth & Marine Sciences,Education,Civil Engineering,Accounting & Finance,Physics & Astronomy,Business & Management,Medicine & Dentistry,Biological Sciences,History, Philosophy & Theology,Electrical & Electronic Engineering,Computer Science,Sociology,Architecture,Chemical Engineering",False,False,False,
501-600,China Agricultural University,27.6—32.5,5170,33.9,283,21.8,447,29.4,673,47.8,278,18.6,878,master_account,0,/world-university-rankings/china-agricultural-university,990,China,"18,945",11.7,2%,58 : 42,China Agricultural University,"Chemistry,Art, Performing Arts & Design,Physics & Astronomy,Biological Sciences,Geology, Environmental, Earth & Marine Sciences,General Engineering,Accounting & Finance,Agriculture & Forestry,Languages, Literature & Linguistics,Sociology,Veterinary Science,Politics & International Studies (incl Development Studies),History, Philosophy & Theology,Business & Management,Communication & Media Studies,Electrical & Electronic Engineering,Economics & Econometrics",False,False,False,
501-600,"China Medical University, Taiwan",27.6—32.5,5180,24.0,532,24.4,385,45.2,514,69.6,115,27.0,738,master_account,0,/world-university-rankings/china-medical-university-taiwan,933,Taiwan,"7,810",16.4,9%,53 : 47,"China Medical University, Taiwan","General Engineering,History, Philosophy & Theology,Business & Management,Medicine & Dentistry,Veterinary Science,Other Health,Biological Sciences,Geology, Environmental, Earth & Marine Sciences,Law,Sport Science",False,False,False,
501-600,Complutense University of Madrid,27.6—32.5,5190,30.7,352,27.1,334,36.7,596,36.0,618,40.1,548,master_account,0,/world-university-rankings/complutense-university-madrid,971,Spain,"63,925",20.3,12%,62 : 38,Complutense University of Madrid,"Politics & International Studies (incl Development Studies),Mathematics & Statistics,Law,Computer Science,Economics & Econometrics,Veterinary Science,Medicine & Dentistry,Other Health,Sociology,Art, Performing Arts & Design,Accounting & Finance,Communication & Media Studies,Chemical Engineering,Chemistry,Geography,Electrical & Electronic Engineering,Languages, Literature & Linguistics,History, Philosophy & Theology,Psychology,Physics & Astronomy,Business & Management,Geology, Environmental, Earth & Marine Sciences,Archaeology,Biological Sciences,Education",False,False,False,
501-600,Concordia University,27.6—32.5,5200,19.2,735,24.7,368,40.9,558,34.4,724,79.2,126,master_account,0,/world-university-rankings/concordia-university,913,Canada,"31,440",30.6,27%,50 : 50,Concordia University,"Electrical & Electronic Engineering,Communication & Media Studies,History, Philosophy & Theology,Business & Management,Physics & Astronomy,Economics & Econometrics,Other Health,Accounting & Finance,Sociology,Geography,Politics & International Studies (incl Development Studies),Mechanical & Aerospace Engineering,Sport Science,Mathematics & Statistics,Computer Science,Languages, Literature & Linguistics,Psychology,Art, Performing Arts & Design,Education,Biological Sciences,Chemical Engineering,Geology, Environmental, Earth & Marine Sciences,General Engineering,Chemistry,Civil Engineering",False,False,False,https://www.timeshighereducation.com/student/register-interest/applyboard?utm_medium=thewebsite&utm_campaign=cta-link&utm_source=rankings&iid=i-42348303
501-600,Creighton University,27.6—32.5,5210,42.3,156,9.7,835,45.1,518,35.7,633,27.8,728,private,0,/world-university-rankings/creighton-university,697,United States,"7,127",9.8,9%,57 : 43,Creighton University,"Art, Performing Arts & Design,Geography,Mathematics & Statistics,Business & Management,Sport Science,Communication & Media Studies,Chemistry,Accounting & Finance,Computer Science,Law,History, Philosophy & Theology,Politics & International Studies (incl Development Studies),Languages, Literature & Linguistics,Physics & Astronomy,Economics & Econometrics,Other Health,Geology, Environmental, Earth & Marine Sciences,Education,Biological Sciences,Psychology,Medicine & Dentistry,Sociology",False,False,False,https://www.timeshighereducation.com/student/register-interest/shorelight?utm_medium=thewebsite&utm_campaign=cta-link&utm_source=rankings&iid=i-19911524
501-600,East China Normal University,27.6—32.5,5220,27.4,425,18.7,516,46.7,501,45.1,320,41.6,523,master_account,0,/world-university-rankings/east-china-normal-university,976,China,"28,674",13.4,11%,64 : 36,East China Normal University ecnu,"Electrical & Electronic Engineering,Mathematics & Statistics,Psychology,Economics & Econometrics,Medicine & Dentistry,Sport Science,Languages, Literature & Linguistics,Art, Performing Arts & Design,Accounting & Finance,History, Philosophy & Theology,Business & Management,Communication & Media Studies,Geology, Environmental, Earth & Marine Sciences,Chemistry,Geography,Sociology,Law,Computer Science,Education,Biological Sciences,Politics & International Studies (incl Development Studies),Other Health,Physics & Astronomy",False,False,False,
501-600,East China University of Science and Technology,27.6—32.5,5230,22.5,592,15.2,617,51.9,454,60.7,166,25.6,756,master_account,0,/world-university-rankings/east-china-university-science-and-technology,1039,China,"23,869",13.3,5%,38 : 62,East China University of Science and Technology,"Economics & Econometrics,Chemical Engineering,Accounting & Finance,General Engineering,Physics & Astronomy,Politics & International Studies (incl Development Studies),Law,Biological Sciences,Geology, Environmental, Earth & Marine Sciences,Mechanical & Aerospace Engineering,Art, Performing Arts & Design,Business & Management,Education,Languages, Literature & Linguistics,Sport Science,Sociology,Medicine & Dentistry,Chemistry,Mathematics & Statistics,Computer Science,Agriculture & Forestry,History, Philosophy & Theology,Electrical & Electronic Engineering",False,False,False,
501-600,Edith Cowan University,27.6—32.5,5240,17.9,805,19.1,507,45.7,512,36.5,597,68.5,215,master_account,0,/world-university-rankings/edith-cowan-university,922,Australia,"16,540",35.8,17%,61 : 39,Edith Cowan University ecu edith cowan,"Mechanical & Aerospace Engineering,Chemical Engineering,Other Health,History, Philosophy & Theology,Psychology,Art, Performing Arts & Design,Law,Agriculture & Forestry,General Engineering,Biological Sciences,Languages, Literature & Linguistics,Business & Management,Accounting & Finance,Computer Science,Politics & International Studies (incl Development Studies),Civil Engineering,Sport Science,Education,Sociology,Geology, Environmental, Earth & Marine Sciences,Electrical & Electronic Engineering,Mathematics & Statistics,Chemistry,Communication & Media Studies,Physics & Astronomy",False,False,False,
501-600,University of Granada,27.6—32.5,5250,21.9,621,16.8,570,46.3,505,33.2,809,43.1,498,master_account,0,/world-university-rankings/university-granada,131272,Spain,"59,530",17.6,9%,58 : 42,University of Granada,"Communication & Media Studies,Economics & Econometrics,General Engineering,Other Health,Mathematics & Statistics,Business & Management,Archaeology,Biological Sciences,Law,Architecture,Chemical Engineering,Geography,History, Philosophy & Theology,Sport Science,Education,Computer Science,Chemistry,Accounting & Finance,Languages, Literature & Linguistics,Agriculture & Forestry,Politics & International Studies (incl Development Studies),Electrical & Electronic Engineering,Geology, Environmental, Earth & Marine Sciences,Mechanical & Aerospace Engineering,Art, Performing Arts & Design,Civil Engineering,Sociology,Medicine & Dentistry,Physics & Astronomy,Psychology",False,False,False,
501-600,Harbin Institute of Technology,27.6—32.5,5260,31.1,342,27.7,319,24.4,721,97.7,34,27.9,726,master_account,11,/world-university-rankings/harbin-institute-technology,827,China,"31,580",10.6,8%,29 : 71,Harbin Institute of Technology,"Law,Biological Sciences,Languages, Literature & Linguistics,Business & Management,Computer Science,Chemical Engineering,Chemistry,Civil Engineering,Accounting & Finance,Physics & Astronomy,Mechanical & Aerospace Engineering,Economics & Econometrics,Electrical & Electronic Engineering,Geology, Environmental, Earth & Marine Sciences,General Engineering,Mathematics & Statistics",False,False,False,
501-600,University of Hertfordshire,27.6—32.5,5270,15.9,878,11.5,748,56.2,422,33.0,822,77.5,142,master_account,0,/world-university-rankings/university-hertfordshire,779,United Kingdom,"17,550",17.0,27%,53 : 47,University of Hertfordshire,"Communication & Media Studies,Electrical & Electronic Engineering,General Engineering,Politics & International Studies (incl Development Studies),Accounting & Finance,Biological Sciences,Physics & Astronomy,Civil Engineering,Art, Performing Arts & Design,Business & Management,Psychology,Other Health,Sport Science,Law,Sociology,Veterinary Science,Mathematics & Statistics,Geology, Environmental, Earth & Marine Sciences,Economics & Econometrics,Education,Computer Science,Geography,Mechanical & Aerospace Engineering,Architecture",False,False,False,https://www.timeshighereducation.com/student/register-interest/siuk?utm_medium=thewebsite&utm_campaign=cta-link&utm_source=rankings&iid=i-38054073
501-600,Hiroshima University,27.6—32.5,5280,30.0,369,14.0,653,41.2,555,45.4,311,24.0,785,master_account,0,/world-university-rankings/hiroshima-university,829,Japan,"14,639",8.2,6%,36 : 64,Hiroshima University,"Civil Engineering,Sociology,Architecture,Archaeology,Psychology,Electrical & Electronic Engineering,Accounting & Finance,Mathematics & Statistics,Biological Sciences,Law,Physics & Astronomy,Art, Performing Arts & Design,Business & Management,Languages, Literature & Linguistics,Other Health,Mechanical & Aerospace Engineering,Veterinary Science,Geology, Environmental, Earth & Marine Sciences,Geography,Computer Science,General Engineering,Sport Science,Communication & Media Studies,Politics & International Studies (incl Development Studies),Medicine & Dentistry,Chemical Engineering,Agriculture & Forestry,History, Philosophy & Theology,Chemistry,Education,Economics & Econometrics",False,False,False,
501-600,University of Hull,27.6—32.5,5290,19.9,710,20.8,467,46.4,504,34.2,732,73.3,183,master_account,11,/world-university-rankings/university-hull,781,United Kingdom,"14,520",18.0,20%,52 : 48,University of Hull,"Art, Performing Arts & Design,Chemistry,Geography,Archaeology,Communication & Media Studies,Politics & International Studies (incl Development Studies),Electrical & Electronic Engineering,Sociology,Civil Engineering,Accounting & Finance,Medicine & Dentistry,Chemical Engineering,Education,Other Health,Mechanical & Aerospace Engineering,Geology, Environmental, Earth & Marine Sciences,General Engineering,Mathematics & Statistics,Psychology,History, Philosophy & Theology,Sport Science,Business & Management,Computer Science,Biological Sciences,Law,Languages, Literature & Linguistics,Physics & Astronomy,Economics & Econometrics",False,False,False,https://www.timeshighereducation.com/student/register-interest/siuk?utm_medium=thewebsite&utm_campaign=cta-link&utm_source=rankings&iid=i-22394063
501-600,Indian Institute of Technology Kharagpur,27.6—32.5,5300,31.0,347,19.4,498,44.5,523,49.5,255,16.0,931,master_account,0,/world-university-rankings/indian-institute-technology-kharagpur,874,India,"10,586",17.6,0%,16 : 84,Indian Institute of Technology Kharagpur,"Civil Engineering,Chemical Engineering,Chemistry,Computer Science,Architecture,Law,Mechanical & Aerospace Engineering,Electrical & Electronic Engineering,Physics & Astronomy,General Engineering,Mathematics & Statistics,Agriculture & Forestry,Geology, Environmental, Earth & Marine Sciences,Biological Sciences,Business & Management",False,False,False,
501-600,Indian Institute of Technology Roorkee,27.6—32.5,5310,26.9,443,15.8,594,55.1,428,64.3,144,15.2,949,master_account,0,/world-university-rankings/indian-institute-technology-roorkee,899,India,"8,134",14.2,1%,17 : 83,Indian Institute of Technology Roorkee,"Mechanical & Aerospace Engineering,General Engineering,Computer Science,Biological Sciences,Chemistry,Civil Engineering,Chemical Engineering,Physics & Astronomy,Business & Management,Mathematics & Statistics,Architecture,Geology, Environmental, Earth & Marine Sciences,Electrical & Electronic Engineering",False,False,False,
501-600,University of Ioannina,27.6—32.5,5320,14.3,945,14.8,626,64.8,342,35.5,654,40.3,546,master_account,0,/world-university-rankings/university-ioannina,131284,Greece,"21,266",39.3,4%,57 : 43,University of Ioannina,"General Engineering,Archaeology,Physics & Astronomy,Accounting & Finance,Electrical & Electronic Engineering,Economics & Econometrics,Psychology,Art, Performing Arts & Design,Chemical Engineering,Architecture,Geology, Environmental, Earth & Marine Sciences,Veterinary Science,Computer Science,Chemistry,History, Philosophy & Theology,Agriculture & Forestry,Medicine & Dentistry,Mathematics & Statistics,Business & Management,Languages, Literature & Linguistics,Biological Sciences,Other Health,Education",False,False,False,
501-600,Iran University of Science and Technology,27.6—32.5,5330,23.2,567,23.7,405,41.8,548,50.7,234,13.9,972,master_account,0,/world-university-rankings/iran-university-science-and-technology,128784,Iran,"12,236",28.2,0%,29 : 71,Iran University of Science and Technology,"Electrical & Electronic Engineering,Economics & Econometrics,Biological Sciences,Chemical Engineering,Mathematics & Statistics,Computer Science,Geology, Environmental, Earth & Marine Sciences,Physics & Astronomy,Languages, Literature & Linguistics,Mechanical & Aerospace Engineering,Chemistry,Civil Engineering,Architecture,Business & Management",False,False,False,
501-600,Istanbul Technical University,27.6—32.5,5340,24.0,533,24.6,378,32.4,646,100.0,4,24.8,769,master_account,0,/world-university-rankings/istanbul-technical-university,750,Turkey,"34,649",16.6,5%,33 : 67,Istanbul Technical University,"Archaeology,Civil Engineering,Business & Management,Economics & Econometrics,Geology, Environmental, Earth & Marine Sciences,Mechanical & Aerospace Engineering,Chemistry,Computer Science,Biological Sciences,General Engineering,Physics & Astronomy,Communication & Media Studies,Architecture,Chemical Engineering,Electrical & Electronic Engineering,Mathematics & Statistics,Politics & International Studies (incl Development Studies),Art, Performing Arts & Design,Sociology,Accounting & Finance",False,False,False,
501-600,Jadavpur University,27.6—32.5,5350,32.1,324,15.4,609,37.6,590,39.1,483,14.1,969,master_account,0,/world-university-rankings/jadavpur-university,979,India,"11,017",16.7,0%,32 : 68,Jadavpur University,"Chemistry,Computer Science,History, Philosophy & Theology,Mathematics & Statistics,Geology, Environmental, Earth & Marine Sciences,Education,Chemical Engineering,Architecture,Electrical & Electronic Engineering,Politics & International Studies (incl Development Studies),Mechanical & Aerospace Engineering,Languages, Literature & Linguistics,Physics & Astronomy,Economics & Econometrics,Geography,General Engineering,Communication & Media Studies,Biological Sciences,Civil Engineering,Sociology",False,False,False,
501-600,Kansas State University,27.6—32.5,5360,25.0,500,17.9,539,40.7,562,44.4,338,43.9,488,public,0,/world-university-rankings/kansas-state-university,831,United States,"21,472",14.3,10%,49 : 51,Kansas State University,"Electrical & Electronic Engineering,Other Health,Sport Science,Art, Performing Arts & Design,Economics & Econometrics,Geology, Environmental, Earth & Marine Sciences,Chemical Engineering,Politics & International Studies (incl Development Studies),Education,Architecture,Agriculture & Forestry,Biological Sciences,History, Philosophy & Theology,Civil Engineering,General Engineering,Geography,Languages, Literature & Linguistics,Accounting & Finance,Psychology,Sociology,Physics & Astronomy,Communication & Media Studies,Business & Management,Computer Science,Mathematics & Statistics,Chemistry,Law,Veterinary Science,Mechanical & Aerospace Engineering",False,False,False,https://www.timeshighereducation.com/student/register-interest/shorelight?utm_medium=thewebsite&utm_campaign=cta-link&utm_source=rankings&iid=i-29439461
501-600,"Khalifa University of Science, Technology and Research",27.6—32.5,5370,24.9,506,12.1,721,43.2,534,45.8,306,93.3,30,master_account,0,/world-university-rankings/khalifa-university-science-technology-and-research,131758,United Arab Emirates,"1,047",8.7,22%,49 : 51,"Khalifa University of Science, Technology and Research","Civil Engineering,Computer Science,Chemical Engineering,Mathematics & Statistics,Mechanical & Aerospace Engineering,Electrical & Electronic Engineering,Politics & International Studies (incl Development Studies),General Engineering,Chemistry,Geology, Environmental, Earth & Marine Sciences",False,False,False,
501-600,King Saud University,27.6—32.5,5380,24.0,534,27.9,315,28.7,681,96.4,35,76.0,158,master_account,0,/world-university-rankings/king-saud-university,938,Saudi Arabia,"40,404",13.4,7%,,King Saud University,"Electrical & Electronic Engineering,Mathematics & Statistics,Business & Management,Art, Performing Arts & Design,General Engineering,Sociology,Law,Medicine & Dentistry,Architecture,Computer Science,Other Health,Mechanical & Aerospace Engineering,Accounting & Finance,Archaeology,Geology, Environmental, Earth & Marine Sciences,Economics & Econometrics,Chemistry,Languages, Literature & Linguistics,Civil Engineering,Communication & Media Studies,Education,Politics & International Studies (incl Development Studies),History, Philosophy & Theology,Biological Sciences,Sport Science,Physics & Astronomy,Psychology,Agriculture & Forestry,Veterinary Science,Chemical Engineering,Geography",False,False,False,
501-600,University of KwaZulu-Natal,27.6—32.5,5390,21.5,640,25.3,361,42.9,538,39.5,473,59.4,298,master_account,0,/world-university-rankings/university-kwazulu-natal,902,South Africa,"32,074",25.9,5%,59 : 41,University of KwaZulu-Natal UKZN Kwazulu Natal Kwa zulu,"History, Philosophy & Theology,Languages, Literature & Linguistics,Chemical Engineering,Sociology,Art, Performing Arts & Design,Electrical & Electronic Engineering,Chemistry,Accounting & Finance,Other Health,Physics & Astronomy,Business & Management,Architecture,Sport Science,Civil Engineering,Politics & International Studies (incl Development Studies),Medicine & Dentistry,Mathematics & Statistics,Education,Mechanical & Aerospace Engineering,Communication & Media Studies,Economics & Econometrics,Computer Science,Geology, Environmental, Earth & Marine Sciences,Psychology,Agriculture & Forestry,Geography,Biological Sciences,Law",False,False,False,
501-600,LUT University,27.6—32.5,5400,28.4,401,26.3,341,28.7,682,61.5,162,55.9,328,master_account,0,/world-university-rankings/lut-university,1026,Finland,"3,576",23.0,20%,31 : 69,LUT University,"Chemical Engineering,Politics & International Studies (incl Development Studies),Geology, Environmental, Earth & Marine Sciences,Physics & Astronomy,Mathematics & Statistics,Chemistry,Computer Science,Accounting & Finance,General Engineering,Communication & Media Studies,Electrical & Electronic Engineering,Economics & Econometrics,Mechanical & Aerospace Engineering,Business & Management",False,False,False,
501-600,University of Limerick,27.6—32.5,5410,18.5,778,19.0,510,44.3,525,36.0,621,82.6,112,master_account,11,/world-university-rankings/university-limerick,919,Ireland,"13,250",20.8,17%,47 : 53,University of Limerick,"Mathematics & Statistics,Computer Science,General Engineering,Geology, Environmental, Earth & Marine Sciences,Biological Sciences,Sport Science,Other Health,Economics & Econometrics,Civil Engineering,Psychology,Languages, Literature & Linguistics,Chemistry,History, Philosophy & Theology,Business & Management,Electrical & Electronic Engineering,Communication & Media Studies,Politics & International Studies (incl Development Studies),Mechanical & Aerospace Engineering,Architecture,Education,Medicine & Dentistry,Accounting & Finance,Physics & Astronomy,Law,Art, Performing Arts & Design,Sociology,Chemical Engineering",False,False,False,
501-600,Liverpool John Moores University,27.6—32.5,5420,16.1,873,13.3,676,56.7,413,32.7,859,65.0,245,master_account,0,/world-university-rankings/liverpool-john-moores-university,836,United Kingdom,"18,200",18.4,14%,53 : 47,Liverpool John Moores University,"Sport Science,Biological Sciences,Politics & International Studies (incl Development Studies),Mechanical & Aerospace Engineering,Law,Mathematics & Statistics,Languages, Literature & Linguistics,Education,Other Health,Veterinary Science,General Engineering,Electrical & Electronic Engineering,Civil Engineering,Psychology,Geology, Environmental, Earth & Marine Sciences,Chemistry,Accounting & Finance,Communication & Media Studies,Computer Science,History, Philosophy & Theology,Sociology,Physics & Astronomy,Art, Performing Arts & Design,Architecture,Geography,Business & Management",False,False,False,https://www.timeshighereducation.com/student/register-interest/siuk?utm_medium=thewebsite&utm_campaign=cta-link&utm_source=rankings&iid=i-61631603
501-600,Louisiana State University,27.6—32.5,5430,31.1,343,20.2,485,42.1,545,32.1,954,29.7,696,public,0,/world-university-rankings/louisiana-state-university,131540,United States,"28,541",19.9,5%,52 : 48,Louisiana State University,"Art, Performing Arts & Design,Communication & Media Studies,Politics & International Studies (incl Development Studies),Chemical Engineering,Physics & Astronomy,Computer Science,History, Philosophy & Theology,Agriculture & Forestry,Languages, Literature & Linguistics,Medicine & Dentistry,Architecture,Mathematics & Statistics,Geography,Education,General Engineering,Electrical & Electronic Engineering,Sociology,Chemistry,Biological Sciences,Geology, Environmental, Earth & Marine Sciences,Civil Engineering,Psychology,Mechanical & Aerospace Engineering,Law,Veterinary Science,Other Health",False,False,False,https://www.timeshighereducation.com/student/register-interest/shorelight?utm_medium=thewebsite&utm_campaign=cta-link&utm_source=rankings&iid=i-48956002
501-600,Mahidol University,27.6—32.5,5440,29.4,384,13.4,670,36.8,595,50.8,233,42.9,501,master_account,0,/world-university-rankings/mahidol-university,838,Thailand,"28,665",7.7,3%,63 : 37,Mahidol University,"Electrical & Electronic Engineering,Physics & Astronomy,Economics & Econometrics,Chemical Engineering,Politics & International Studies (incl Development Studies),General Engineering,Mathematics & Statistics,Geography,Languages, Literature & Linguistics,Civil Engineering,Communication & Media Studies,Business & Management,Medicine & Dentistry,Sport Science,Education,Other Health,Veterinary Science,Psychology,Computer Science,Agriculture & Forestry,Sociology,Biological Sciences,Accounting & Finance,Art, Performing Arts & Design,Mechanical & Aerospace Engineering,Chemistry,History, Philosophy & Theology,Geology, Environmental, Earth & Marine Sciences",False,False,False,
501-600,University of Maribor,27.6—32.5,5450,16.0,877,13.1,685,51.2,459,39.6,469,35.5,611,master_account,0,/world-university-rankings/university-maribor,131610,Slovenia,"13,956",16.5,3%,,University of Maribor,"Chemical Engineering,Architecture,Art, Performing Arts & Design,Business & Management,Electrical & Electronic Engineering,Agriculture & Forestry,Law,Languages, Literature & Linguistics,Computer Science,Education,Economics & Econometrics,Geography,Mathematics & Statistics,Sociology,Mechanical & Aerospace Engineering,Chemistry,Biological Sciences,Accounting & Finance,Other Health,History, Philosophy & Theology,Civil Engineering,Psychology,Sport Science,General Engineering,Communication & Media Studies,Physics & Astronomy,Medicine & Dentistry",False,False,False,
501-600,Memorial University of Newfoundland,27.6—32.5,5460,18.8,761,16.8,572,50.9,460,52.1,222,37.9,581,master_account,0,/world-university-rankings/memorial-university-newfoundland,131430,Canada,"15,403",15.7,13%,57 : 43,Memorial University of Newfoundland,"Communication & Media Studies,Sociology,Geology, Environmental, Earth & Marine Sciences,Mathematics & Statistics,Chemical Engineering,Geography,Art, Performing Arts & Design,Chemistry,Psychology,Physics & Astronomy,Education,Accounting & Finance,Mechanical & Aerospace Engineering,Medicine & Dentistry,Agriculture & Forestry,Biological Sciences,Archaeology,Sport Science,Civil Engineering,Economics & Econometrics,General Engineering,Politics & International Studies (incl Development Studies),Languages, Literature & Linguistics,History, Philosophy & Theology,Electrical & Electronic Engineering,Other Health,Computer Science,Business & Management",False,False,False,
501-600,Middlesex University,27.6—32.5,5470,18.5,779,13.2,680,39.5,570,32.2,925,84.9,93,master_account,0,/world-university-rankings/middlesex-university,131410,United Kingdom,"16,035",20.4,44%,60 : 40,Middlesex University,"Sociology,Architecture,Art, Performing Arts & Design,Chemistry,Education,Veterinary Science,Economics & Econometrics,Computer Science,Politics & International Studies (incl Development Studies),Electrical & Electronic Engineering,Accounting & Finance,Sport Science,Biological Sciences,Mathematics & Statistics,Law,General Engineering,Business & Management,Other Health,Communication & Media Studies,Psychology",False,False,False,https://www.timeshighereducation.com/student/register-interest/siuk?utm_medium=thewebsite&utm_campaign=cta-link&utm_source=rankings&iid=i-25111084
501-600,University of Minho,27.6—32.5,5480,22.2,610,22.1,438,39.2,573,50.3,242,46.3,454,master_account,0,/world-university-rankings/university-minho,903,Portugal,"18,475",18.4,10%,54 : 46,University of Minho,"Communication & Media Studies,Psychology,Art, Performing Arts & Design,General Engineering,Geology, Environmental, Earth & Marine Sciences,Mechanical & Aerospace Engineering,Medicine & Dentistry,Mathematics & Statistics,Electrical & Electronic Engineering,Sociology,Other Health,Economics & Econometrics,Civil Engineering,Chemistry,Business & Management,Computer Science,Physics & Astronomy,Archaeology,Education,History, Philosophy & Theology,Law,Accounting & Finance,Languages, Literature & Linguistics,Architecture,Geography,Biological Sciences,Politics & International Studies (incl Development Studies),Chemical Engineering,Agriculture & Forestry",False,False,False,
501-600,Missouri University of Science and Technology,27.6—32.5,5490,20.0,704,24.7,372,34.0,625,45.4,312,65.3,242,public,0,/world-university-rankings/missouri-university-science-and-technology,131700,United States,"7,884",23.0,17%,23 : 77,Missouri University of Science and Technology,"Electrical & Electronic Engineering,Psychology,Sport Science,General Engineering,Agriculture & Forestry,Other Health,Economics & Econometrics,Mathematics & Statistics,Geography,Physics & Astronomy,Architecture,Civil Engineering,Medicine & Dentistry,Art, Performing Arts & Design,Business & Management,Sociology,Accounting & Finance,Law,Archaeology,Computer Science,History, Philosophy & Theology,Geology, Environmental, Earth & Marine Sciences,Mechanical & Aerospace Engineering,Communication & Media Studies,Politics & International Studies (incl Development Studies),Education,Chemistry,Veterinary Science,Chemical Engineering,Languages, Literature & Linguistics,Biological Sciences",False,False,False,https://www.timeshighereducation.com/student/register-interest/shorelight?utm_medium=thewebsite&utm_campaign=cta-link&utm_source=rankings&iid=i-79806122
501-600,Montana State University,27.6—32.5,5500,18.7,770,20.7,470,56.7,414,43.3,364,26.2,747,public,0,/world-university-rankings/montana-state-university,131503,United States,"13,360",18.6,5%,45 : 55,Montana State University,"Sociology,Languages, Literature & Linguistics,Veterinary Science,Civil Engineering,Business & Management,Politics & International Studies (incl Development Studies),Sport Science,Agriculture & Forestry,Medicine & Dentistry,Architecture,Psychology,Economics & Econometrics,Education,Mathematics & Statistics,Chemical Engineering,Biological Sciences,Accounting & Finance,Computer Science,Art, Performing Arts & Design,History, Philosophy & Theology,General Engineering,Electrical & Electronic Engineering,Geology, Environmental, Earth & Marine Sciences,Mechanical & Aerospace Engineering,Other Health,Physics & Astronomy,Chemistry",False,False,False,https://www.timeshighereducation.com/student/register-interest/shorelight?utm_medium=thewebsite&utm_campaign=cta-link&utm_source=rankings&iid=i-43390872
501-600,Tecnológico de Monterrey,27.6—32.5,5510,25.0,501,16.6,576,36.5,600,93.5,41,67.6,224,master_account,11,/world-university-rankings/tecnologico-de-monterrey,1009,Mexico,"14,168",20.0,15%,39 : 61,Tecnológico de Monterrey Tecnológico de Monterrey Instituto Tecnológico y de Estudios Superiores de Monterrey ITESM,"Psychology,Electrical & Electronic Engineering,Art, Performing Arts & Design,Biological Sciences,Business & Management,Physics & Astronomy,Politics & International Studies (incl Development Studies),Medicine & Dentistry,Mechanical & Aerospace Engineering,Agriculture & Forestry,History, Philosophy & Theology,Accounting & Finance,Other Health,Chemistry,General Engineering,Geology, Environmental, Earth & Marine Sciences,Architecture,Mathematics & Statistics,Economics & Econometrics,Communication & Media Studies,Computer Science,Sociology,Civil Engineering,Law,Languages, Literature & Linguistics,Education,Chemical Engineering",False,False,False,
501-600,National Autonomous University of Mexico,27.6—32.5,5520,36.8,237,33.0,243,17.8,802,60.2,169,37.2,590,master_account,0,/world-university-rankings/national-autonomous-university-mexico,897,Mexico,"139,544",11.9,5%,51 : 49,National Autonomous University of Mexico,"Art, Performing Arts & Design,Civil Engineering,Communication & Media Studies,History, Philosophy & Theology,Languages, Literature & Linguistics,Chemical Engineering,Archaeology,Physics & Astronomy,Accounting & Finance,Other Health,Biological Sciences,Business & Management,General Engineering,Agriculture & Forestry,Education,Architecture,Veterinary Science,Geography,Medicine & Dentistry,Mathematics & Statistics,Economics & Econometrics,Electrical & Electronic Engineering,Geology, Environmental, Earth & Marine Sciences,Computer Science,Mechanical & Aerospace Engineering,Sociology,Law,Chemistry,Psychology,Politics & International Studies (incl Development Studies)",False,False,False,
501-600,National Institute of Applied Sciences of Lyon (INSA Lyon),27.6—32.5,5530,27.3,429,11.9,729,43.0,537,66.7,131,76.4,154,master_account,0,/world-university-rankings/national-institute-applied-sciences-lyon-insa-lyon,131369,France,"6,215",8.6,30%,32 : 68,National Institute of Applied Sciences of Lyon (INSA Lyon),"Biological Sciences,Mechanical & Aerospace Engineering,Chemical Engineering,Civil Engineering,General Engineering,Computer Science,Electrical & Electronic Engineering",False,False,False,
501-600,National Taiwan Normal University,27.6—32.5,5540,28.2,405,31.1,268,17.6,807,78.3,81,44.4,479,master_account,0,/world-university-rankings/national-taiwan-normal-university,932,Taiwan,"10,752",12.9,23%,56 : 44,National Taiwan Normal University ntnu,"Communication & Media Studies,Psychology,Art, Performing Arts & Design,Languages, Literature & Linguistics,Mechanical & Aerospace Engineering,Education,Geography,Other Health,Sport Science,Chemistry,General Engineering,Computer Science,Biological Sciences,Politics & International Studies (incl Development Studies),Electrical & Electronic Engineering,Sociology,History, Philosophy & Theology,Geology, Environmental, Earth & Marine Sciences,Mathematics & Statistics,Business & Management,Physics & Astronomy",False,False,False,
501-600,National Yang-Ming University,27.6—32.5,5550,31.5,334,15.8,595,37.7,589,35.5,656,17.1,918,master_account,0,/world-university-rankings/national-yang-ming-university,917,Taiwan,"4,363",5.2,2%,48 : 52,National Yang-Ming University,"Art, Performing Arts & Design,History, Philosophy & Theology,General Engineering,Medicine & Dentistry,Other Health,Biological Sciences,Sociology",False,False,False,
501-600,National and Kapodistrian University of Athens,27.6—32.5,5560,27.0,440,16.4,579,46.8,500,38.0,523,43.0,500,master_account,0,/world-university-rankings/national-and-kapodistrian-university-athens,131656,Greece,"61,985",32.2,9%,61 : 39,National and Kapodistrian University of Athens,"Languages, Literature & Linguistics,Civil Engineering,Communication & Media Studies,Economics & Econometrics,Art, Performing Arts & Design,Agriculture & Forestry,Law,Education,General Engineering,Physics & Astronomy,Geography,Medicine & Dentistry,Biological Sciences,Sociology,Other Health,Sport Science,Archaeology,Mathematics & Statistics,Psychology,Electrical & Electronic Engineering,Chemistry,Accounting & Finance,Mechanical & Aerospace Engineering,History, Philosophy & Theology,Politics & International Studies (incl Development Studies),Veterinary Science,Business & Management,Computer Science,Architecture,Geology, Environmental, Earth & Marine Sciences,Chemical Engineering",False,False,False,
501-600,University of Nebraska Medical Center,27.6—32.5,5570,36.4,245,12.9,689,35.8,608,37.1,572,36.8,599,master_account,0,/world-university-rankings/university-nebraska-medical-center,1029,United States,"2,847",2.5,8%,66 : 34,University of Nebraska Medical Center,"Biological Sciences,Other Health,Politics & International Studies (incl Development Studies),Psychology,Medicine & Dentistry,Education,Business & Management",False,False,False,https://www.timeshighereducation.com/student/register-interest/shorelight?utm_medium=thewebsite&utm_campaign=cta-link&utm_source=rankings&iid=i-57877133
501-600,New Jersey Institute of Technology,27.6—32.5,5580,21.3,653,17.8,545,47.9,493,47.6,283,55.1,341,public,0,/world-university-rankings/new-jersey-institute-technology,845,United States,"9,743",18.0,21%,24 : 76,New Jersey Institute of Technology,"History, Philosophy & Theology,Chemical Engineering,Architecture,Economics & Econometrics,Business & Management,Chemistry,Communication & Media Studies,Physics & Astronomy,Biological Sciences,Other Health,Computer Science,Languages, Literature & Linguistics,Art, Performing Arts & Design,Law,Mathematics & Statistics,Mechanical & Aerospace Engineering,Civil Engineering,Electrical & Electronic Engineering,Geography,Sociology,Accounting & Finance,General Engineering,Geology, Environmental, Earth & Marine Sciences",False,False,False,https://www.timeshighereducation.com/student/register-interest/shorelight?utm_medium=thewebsite&utm_campaign=cta-link&utm_source=rankings&iid=i-67078664
501-600,NOVA University of Lisbon,27.6—32.5,5590,23.7,549,21.7,449,45.2,515,42.3,385,52.0,372,master_account,0,/world-university-rankings/nova-university-lisbon,846,Portugal,"19,425",18.5,12%,49 : 51,NOVA University of Lisbon,"Politics & International Studies (incl Development Studies),Computer Science,Communication & Media Studies,Mechanical & Aerospace Engineering,Law,Civil Engineering,Languages, Literature & Linguistics,History, Philosophy & Theology,Agriculture & Forestry,Other Health,Medicine & Dentistry,General Engineering,Mathematics & Statistics,Archaeology,Accounting & Finance,Geography,Physics & Astronomy,Biological Sciences,Art, Performing Arts & Design,Sociology,Geology, Environmental, Earth & Marine Sciences,Business & Management,Economics & Econometrics,Electrical & Electronic Engineering,Chemistry,Chemical Engineering,Education",False,False,False,
501-600,Oklahoma State University,27.6—32.5,5600,26.4,457,24.7,373,41.7,550,36.3,607,27.2,736,public,0,/world-university-rankings/oklahoma-state-university,131533,United States,"21,252",21.4,7%,49 : 51,Oklahoma State University,"Sociology,Economics & Econometrics,Communication & Media Studies,Geography,Politics & International Studies (incl Development Studies),Veterinary Science,Mechanical & Aerospace Engineering,Chemistry,Business & Management,Other Health,Biological Sciences,Electrical & Electronic Engineering,Agriculture & Forestry,Medicine & Dentistry,Physics & Astronomy,Accounting & Finance,History, Philosophy & Theology,Psychology,General Engineering,Languages, Literature & Linguistics,Archaeology,Mathematics & Statistics,Art, Performing Arts & Design,Education,Sport Science,Geology, Environmental, Earth & Marine Sciences,Computer Science,Chemical Engineering,Civil Engineering,Architecture",False,False,False,https://www.timeshighereducation.com/student/register-interest/shorelight?utm_medium=thewebsite&utm_campaign=cta-link&utm_source=rankings&iid=i-48119563
501-600,Old Dominion University,27.6—32.5,5610,23.1,571,17.7,548,53.2,446,1.7,974,27.5,732,public,0,/world-university-rankings/old-dominion-university,847,United States,"20,131",20.2,3%,54 : 46,Old Dominion University,"Art, Performing Arts & Design,Civil Engineering,Electrical & Electronic Engineering,Biological Sciences,Communication & Media Studies,Education,Medicine & Dentistry,Chemistry,Physics & Astronomy,History, Philosophy & Theology,General Engineering,Economics & Econometrics,Accounting & Finance,Geography,Politics & International Studies (incl Development Studies),Sport Science,Languages, Literature & Linguistics,Psychology,Business & Management,Other Health,Computer Science,Mathematics & Statistics,Sociology,Geology, Environmental, Earth & Marine Sciences,Mechanical & Aerospace Engineering",False,False,False,https://www.timeshighereducation.com/student/register-interest/shorelight?utm_medium=thewebsite&utm_campaign=cta-link&utm_source=rankings&iid=i-38583381
501-600,Otto von Guericke University of Magdeburg,27.6—32.5,5620,23.0,575,14.2,646,40.3,564,41.1,422,49.2,414,master_account,0,/world-university-rankings/otto-von-guericke-university-magdeburg,131713,Germany,"14,104",11.7,13%,42 : 58,Otto von Guericke University of Magdeburg,"Sport Science,Languages, Literature & Linguistics,Mathematics & Statistics,Medicine & Dentistry,History, Philosophy & Theology,Physics & Astronomy,Other Health,General Engineering,Mechanical & Aerospace Engineering,Sociology,Computer Science,Biological Sciences,Chemical Engineering,Business & Management,Accounting & Finance,Civil Engineering,Psychology,Communication & Media Studies,Education,Economics & Econometrics,Chemistry,Electrical & Electronic Engineering,Politics & International Studies (incl Development Studies)",False,False,False,
501-600,Paderborn University,27.6—32.5,5630,23.6,552,22.3,435,35.9,606,41.4,414,40.6,538,master_account,0,/world-university-rankings/paderborn-university,589334,Germany,"19,621",48.1,9%,,Paderborn University,"Languages, Literature & Linguistics,Physics & Astronomy,Economics & Econometrics,History, Philosophy & Theology,Psychology,Art, Performing Arts & Design,Sport Science,Business & Management,Computer Science,Sociology,Electrical & Electronic Engineering,General Engineering,Education,Chemical Engineering,Accounting & Finance,Mathematics & Statistics,Communication & Media Studies,Other Health,Chemistry,Mechanical & Aerospace Engineering",False,False,False,
501-600,University of Palermo,27.6—32.5,5640,17.8,813,11.1,777,70.5,280,34.2,738,24.1,783,master_account,0,/world-university-rankings/university-palermo,131270,Italy,"46,200",24.7,1%,59 : 41,University of Palermo,"Law,Chemistry,Other Health,Civil Engineering,Business & Management,Medicine & Dentistry,Economics & Econometrics,Accounting & Finance,Archaeology,Agriculture & Forestry,Sport Science,General Engineering,Mechanical & Aerospace Engineering,Psychology,Biological Sciences,Politics & International Studies (incl Development Studies),Education,Geology, Environmental, Earth & Marine Sciences,Architecture,Electrical & Electronic Engineering,Mathematics & Statistics,History, Philosophy & Theology,Computer Science,Communication & Media Studies,Art, Performing Arts & Design,Languages, Literature & Linguistics,Physics & Astronomy,Chemical Engineering",False,False,False,
501-600,University of Parma,27.6—32.5,5650,15.1,915,19.8,492,58.2,398,37.2,566,36.4,602,master_account,0,/world-university-rankings/university-parma,131545,Italy,"26,159",30.1,6%,56 : 44,University of Parma,"Accounting & Finance,Electrical & Electronic Engineering,Veterinary Science,Architecture,Education,Physics & Astronomy,Politics & International Studies (incl Development Studies),Medicine & Dentistry,Other Health,Communication & Media Studies,Chemistry,Chemical Engineering,Mechanical & Aerospace Engineering,Law,Geology, Environmental, Earth & Marine Sciences,Psychology,Art, Performing Arts & Design,Civil Engineering,Mathematics & Statistics,Archaeology,Sociology,Business & Management,Sport Science,Computer Science,Economics & Econometrics,Biological Sciences,General Engineering,Languages, Literature & Linguistics,History, Philosophy & Theology,Agriculture & Forestry",False,False,False,
501-600,Pontificia Universidad Javeriana,27.6—32.5,5660,15.8,889,8.0,908,63.7,356,32.8,850,44.0,487,master_account,0,/world-university-rankings/pontificia-universidad-javeriana,589217,Colombia,"22,794",17.3,1%,52 : 48,Pontificia Universidad Javeriana Pontifical Xavierian University,"Politics & International Studies (incl Development Studies),Civil Engineering,Geology, Environmental, Earth & Marine Sciences,Accounting & Finance,Electrical & Electronic Engineering,Biological Sciences,Computer Science,Communication & Media Studies,History, Philosophy & Theology,Sociology,Law,Languages, Literature & Linguistics,Agriculture & Forestry,Art, Performing Arts & Design,Education,Physics & Astronomy,Medicine & Dentistry,Sport Science,Psychology,Business & Management,General Engineering,Architecture,Mechanical & Aerospace Engineering,Geography,Chemistry,Economics & Econometrics,Mathematics & Statistics,Other Health",False,False,False,
501-600,Pusan National University,27.6—32.5,5670,27.8,411,27.1,336,25.6,709,63.8,147,33.9,637,master_account,0,/world-university-rankings/pusan-national-university,940,South Korea,"24,882",19.8,12%,51 : 49,Pusan National University Busan,"Education,Chemistry,Geography,Economics & Econometrics,Sociology,Chemical Engineering,Communication & Media Studies,Languages, Literature & Linguistics,Geology, Environmental, Earth & Marine Sciences,Sport Science,Other Health,Architecture,Biological Sciences,Mathematics & Statistics,Art, Performing Arts & Design,Psychology,Electrical & Electronic Engineering,General Engineering,Accounting & Finance,Archaeology,Law,Civil Engineering,History, Philosophy & Theology,Agriculture & Forestry,Business & Management,Computer Science,Medicine & Dentistry,Mechanical & Aerospace Engineering,Politics & International Studies (incl Development Studies),Physics & Astronomy",False,False,False,
501-600,Qatar University,27.6—32.5,5680,16.2,870,16.3,581,45.2,517,41.8,399,99.9,2,master_account,0,/world-university-rankings/qatar-university,131534,Qatar,"11,844",18.7,43%,72 : 28,Qatar University,"Law,Languages, Literature & Linguistics,Civil Engineering,Sociology,Politics & International Studies (incl Development Studies),Business & Management,Art, Performing Arts & Design,Geology, Environmental, Earth & Marine Sciences,Computer Science,Accounting & Finance,Chemical Engineering,Biological Sciences,Economics & Econometrics,History, Philosophy & Theology,Sport Science,Mechanical & Aerospace Engineering,Psychology,Medicine & Dentistry,Communication & Media Studies,Education,Mathematics & Statistics,Chemistry,Other Health,Physics & Astronomy,Architecture,General Engineering,Electrical & Electronic Engineering,Geography",False,False,False,
501-600,University of Regina,27.6—32.5,5690,16.5,861,11.9,730,48.8,487,34.8,704,50.9,389,master_account,11,/world-university-rankings/university-regina,131321,Canada,"11,821",23.4,14%,61 : 39,University of Regina,"History, Philosophy & Theology,Mathematics & Statistics,Business & Management,General Engineering,Geology, Environmental, Earth & Marine Sciences,Art, Performing Arts & Design,Biological Sciences,Education,Civil Engineering,Sociology,Electrical & Electronic Engineering,Communication & Media Studies,Other Health,Physics & Astronomy,Accounting & Finance,Computer Science,Chemistry,Economics & Econometrics,Mechanical & Aerospace Engineering,Politics & International Studies (incl Development Studies),Languages, Literature & Linguistics,Sport Science,Psychology,Agriculture & Forestry,Geography",False,False,False,
501-600,University of Rennes 1,27.6—32.5,5700,22.3,602,17.0,564,50.7,463,41.6,406,54.9,344,master_account,0,/world-university-rankings/university-rennes-1,131403,France,"26,171",29.8,14%,51 : 49,University of Rennes 1,"Other Health,Veterinary Science,Education,Electrical & Electronic Engineering,Chemistry,Mechanical & Aerospace Engineering,Communication & Media Studies,Civil Engineering,Geology, Environmental, Earth & Marine Sciences,Physics & Astronomy,Business & Management,Medicine & Dentistry,Biological Sciences,Sociology,Computer Science,Sport Science,Economics & Econometrics,History, Philosophy & Theology,Chemical Engineering,Law,Archaeology,Agriculture & Forestry,Politics & International Studies (incl Development Studies),General Engineering,Mathematics & Statistics,Accounting & Finance",False,False,False,
501-600,Roskilde University,27.6—32.5,5710,17.9,808,28.3,312,39.9,568,35.6,647,47.1,444,master_account,1,/world-university-rankings/roskilde-university,587943,Denmark,"6,023",14.6,8%,62 : 38,Roskilde University,"Psychology,Sociology,Art, Performing Arts & Design,History, Philosophy & Theology,Geology, Environmental, Earth & Marine Sciences,Mathematics & Statistics,Politics & International Studies (incl Development Studies),Biological Sciences,Communication & Media Studies,Chemistry,Other Health,Geography,Physics & Astronomy,Computer Science,Economics & Econometrics,Education,Business & Management",False,False,False,
501-600,Sejong University,27.6—32.5,5720,21.5,644,15.7,600,47.4,495,35.6,648,29.8,693,master_account,0,/world-university-rankings/sejong-university,131620,South Korea,"11,622",16.4,4%,45 : 55,Sejong University,"General Engineering,History, Philosophy & Theology,Mechanical & Aerospace Engineering,Education,Business & Management,Chemical Engineering,Biological Sciences,Sport Science,Art, Performing Arts & Design,Law,Sociology,Geology, Environmental, Earth & Marine Sciences,Other Health,Communication & Media Studies,Languages, Literature & Linguistics,Mathematics & Statistics,Architecture,Physics & Astronomy,Electrical & Electronic Engineering,Accounting & Finance,Computer Science,Medicine & Dentistry,Chemistry,Civil Engineering,Economics & Econometrics,Agriculture & Forestry",False,False,False,
501-600,Semmelweis University,27.6—32.5,5730,24.0,536,12.8,694,50.2,472,34.5,717,71.3,198,master_account,11,/world-university-rankings/semmelweis-university,988,Hungary,"12,592",10.7,25%,64 : 36,Semmelweis University,"Other Health,Biological Sciences,Sociology,Medicine & Dentistry,Education",False,False,False,
501-600,Sharif University of Technology,27.6—32.5,5740,25.1,497,27.4,326,37.6,591,85.3,60,17.9,900,master_account,0,/world-university-rankings/sharif-university-technology,802,Iran,"11,177",18.4,0%,26 : 74,Sharif University of Technology,"Mathematics & Statistics,Languages, Literature & Linguistics,History, Philosophy & Theology,Business & Management,Electrical & Electronic Engineering,Mechanical & Aerospace Engineering,Chemistry,Civil Engineering,Physics & Astronomy,Computer Science,General Engineering,Chemical Engineering",False,False,False,
501-600,Université de Sherbrooke,27.6—32.5,5750,22.2,611,13.3,677,45.8,510,34.7,707,56.2,323,master_account,0,/world-university-rankings/universite-de-sherbrooke,131415,Canada,"14,367",12.3,8%,55 : 45,Université de Sherbrooke,"Art, Performing Arts & Design,Politics & International Studies (incl Development Studies),Sociology,History, Philosophy & Theology,Geology, Environmental, Earth & Marine Sciences,Business & Management,Accounting & Finance,Geography,Economics & Econometrics,Law,Medicine & Dentistry,Mathematics & Statistics,Mechanical & Aerospace Engineering,Chemistry,Biological Sciences,Psychology,Other Health,Languages, Literature & Linguistics,Chemical Engineering,Education,General Engineering,Physics & Astronomy,Sport Science,Electrical & Electronic Engineering,Communication & Media Studies,Computer Science,Civil Engineering",False,False,False,https://www.timeshighereducation.com/student/register-interest/applyboard?utm_medium=thewebsite&utm_campaign=cta-link&utm_source=rankings&iid=i-26044114
501-600,University of Siena,27.6—32.5,5760,20.7,677,13.8,658,52.2,451,34.7,708,42.4,509,master_account,0,/world-university-rankings/university-siena,131379,Italy,"18,244",14.4,8%,59 : 41,University of Siena,"Medicine & Dentistry,Chemistry,Accounting & Finance,History, Philosophy & Theology,Physics & Astronomy,Mathematics & Statistics,Business & Management,Computer Science,Politics & International Studies (incl Development Studies),Art, Performing Arts & Design,Agriculture & Forestry,Law,Archaeology,Geology, Environmental, Earth & Marine Sciences,Other Health,Communication & Media Studies,Economics & Econometrics,Languages, Literature & Linguistics,Biological Sciences,Education,General Engineering,Sociology,Electrical & Electronic Engineering,Geography",False,False,False,
501-600,Sogang University,27.6—32.5,5770,24.9,510,27.5,325,32.7,644,48.4,270,26.0,751,master_account,0,/world-university-rankings/sogang-university,939,South Korea,"10,494",23.9,5%,42 : 58,Sogang University,"Languages, Literature & Linguistics,Sociology,Law,Computer Science,Mechanical & Aerospace Engineering,Education,Economics & Econometrics,Politics & International Studies (incl Development Studies),Psychology,Chemistry,Physics & Astronomy,History, Philosophy & Theology,Communication & Media Studies,Chemical Engineering,Business & Management,Electrical & Electronic Engineering,Mathematics & Statistics,Biological Sciences,Accounting & Finance",False,False,False,
501-600,"Soochow University, China",27.6—32.5,5780,19.7,719,15.8,598,58.8,396,68.1,121,18.3,894,master_account,11,/world-university-rankings/soochow-university-china,131518,China,"43,366",15.1,2%,53 : 47,"Soochow University, China","Psychology,Sport Science,Economics & Econometrics,Architecture,Agriculture & Forestry,Education,Electrical & Electronic Engineering,Medicine & Dentistry,General Engineering,Biological Sciences,Business & Management,Politics & International Studies (incl Development Studies),Mechanical & Aerospace Engineering,Languages, Literature & Linguistics,Computer Science,Chemistry,Law,Chemical Engineering,Other Health,Physics & Astronomy,Sociology,Accounting & Finance,History, Philosophy & Theology,Communication & Media Studies,Mathematics & Statistics,Art, Performing Arts & Design",False,False,False,
501-600,Southeast University,27.6—32.5,5790,27.2,433,30.4,276,28.9,679,92.7,44,22.0,820,master_account,0,/world-university-rankings/southeast-university,589112,China,"31,983",11.7,4%,,Southeast University,"Chemical Engineering,Sociology,Architecture,Sport Science,Accounting & Finance,Art, Performing Arts & Design,Mechanical & Aerospace Engineering,Law,Computer Science,Chemistry,Electrical & Electronic Engineering,Education,Medicine & Dentistry,Mathematics & Statistics,Economics & Econometrics,Languages, Literature & Linguistics,Civil Engineering,Psychology,Other Health,Physics & Astronomy,History, Philosophy & Theology,Biological Sciences,Business & Management,General Engineering,Geology, Environmental, Earth & Marine Sciences",False,False,False,
501-600,Southern Cross University,27.6—32.5,5800,16.9,847,23.1,418,47.1,497,38.6,501,52.6,367,master_account,0,/world-university-rankings/southern-cross-university,131754,Australia,"9,143",35.4,15%,65 : 35,Southern Cross University,"Education,Computer Science,Communication & Media Studies,Civil Engineering,Agriculture & Forestry,Geology, Environmental, Earth & Marine Sciences,Art, Performing Arts & Design,Law,Mechanical & Aerospace Engineering,Sport Science,Sociology,Psychology,Business & Management,Other Health,Accounting & Finance,Biological Sciences",False,False,False,https://www.timeshighereducation.com/student/register-interest/aecc?utm_medium=thewebsite&utm_campaign=cta-link&utm_source=rankings&iid=i-88772691
501-600,SUNY University at Albany,27.6—32.5,5810,23.5,559,22.8,425,45.8,511,32.7,863,34.4,629,public,0,/world-university-rankings/suny-university-albany,710,United States,"15,363",16.0,8%,52 : 48,SUNY University at Albany,"Business & Management,Sociology,Politics & International Studies (incl Development Studies),Geology, Environmental, Earth & Marine Sciences,Art, Performing Arts & Design,Archaeology,Economics & Econometrics,Other Health,Physics & Astronomy,Electrical & Electronic Engineering,Communication & Media Studies,Languages, Literature & Linguistics,Psychology,Education,Biological Sciences,Computer Science,Accounting & Finance,Geography,Chemistry,Mathematics & Statistics,History, Philosophy & Theology",False,False,False,https://www.timeshighereducation.com/student/register-interest/shorelight?utm_medium=thewebsite&utm_campaign=cta-link&utm_source=rankings&iid=i-55365012
501-600,University of the Sunshine Coast,27.6—32.5,5820,15.2,911,17.9,542,47.1,498,33.5,785,60.0,287,master_account,0,/world-university-rankings/university-sunshine-coast,131394,Australia,"7,512",28.5,16%,64 : 36,University of the Sunshine Coast USC UniSC University of the Sunshine Coast,"Chemical Engineering,Politics & International Studies (incl Development Studies),Mechanical & Aerospace Engineering,Sport Science,Education,General Engineering,Sociology,Business & Management,Art, Performing Arts & Design,Civil Engineering,Chemistry,Psychology,Other Health,Veterinary Science,History, Philosophy & Theology,Computer Science,Geology, Environmental, Earth & Marine Sciences,Accounting & Finance,Electrical & Electronic Engineering,Physics & Astronomy,Medicine & Dentistry,Geography,Architecture,Biological Sciences,Law,Languages, Literature & Linguistics,Agriculture & Forestry,Communication & Media Studies,Economics & Econometrics",False,False,False,
501-600,Tampere University of Technology,27.6—32.5,5830,23.0,577,14.9,624,44.3,526,64.6,142,56.1,326,master_account,0,/world-university-rankings/tampere-university-technology,958,Finland,"5,696",15.3,13%,23 : 77,Tampere University of Technology tut,"Mechanical & Aerospace Engineering,Chemistry,Architecture,Physics & Astronomy,Computer Science,General Engineering,Civil Engineering,Electrical & Electronic Engineering,Mathematics & Statistics",False,False,False,
501-600,University of Texas at Arlington,27.6—32.5,5840,20.0,707,17.4,553,48.3,492,40.7,435,36.3,603,public,0,/world-university-rankings/university-texas-arlington,131285,United States,"26,833",24.1,11%,58 : 42,University of Texas at Arlington,"Art, Performing Arts & Design,Agriculture & Forestry,Education,Computer Science,Chemistry,General Engineering,Geology, Environmental, Earth & Marine Sciences,Civil Engineering,Sociology,Architecture,Mathematics & Statistics,Accounting & Finance,History, Philosophy & Theology,Sport Science,Psychology,Mechanical & Aerospace Engineering,Politics & International Studies (incl Development Studies),Electrical & Electronic Engineering,Communication & Media Studies,Languages, Literature & Linguistics,Biological Sciences,Business & Management,Other Health,Physics & Astronomy,Economics & Econometrics",False,False,False,https://www.timeshighereducation.com/student/register-interest/shorelight?utm_medium=thewebsite&utm_campaign=cta-link&utm_source=rankings&iid=i-03548902
501-600,Tianjin University,27.6—32.5,5850,32.6,314,29.2,300,21.9,755,99.3,23,16.5,923,master_account,0,/world-university-rankings/tianjin-university,975,China,"30,103",12.1,1%,,Tianjin University,"Biological Sciences,Education,Architecture,Agriculture & Forestry,Politics & International Studies (incl Development Studies),Mechanical & Aerospace Engineering,Geology, Environmental, Earth & Marine Sciences,Economics & Econometrics,Sport Science,Computer Science,Veterinary Science,Mathematics & Statistics,Languages, Literature & Linguistics,Chemical Engineering,Business & Management,Chemistry,General Engineering,Electrical & Electronic Engineering,Accounting & Finance,Law,Civil Engineering",False,False,False,
501-600,University of Toledo,27.6—32.5,5860,32.8,306,14.1,650,33.6,631,44.3,340,38.8,571,public,0,/world-university-rankings/university-toledo,131368,United States,"18,916",16.5,10%,50 : 50,University of Toledo,"Mathematics & Statistics,Psychology,Languages, Literature & Linguistics,Electrical & Electronic Engineering,Politics & International Studies (incl Development Studies),Biological Sciences,Education,History, Philosophy & Theology,Mechanical & Aerospace Engineering,Sociology,General Engineering,Communication & Media Studies,Other Health,Chemistry,Business & Management,Civil Engineering,Geography,Accounting & Finance,Chemical Engineering,Law,Computer Science,Geology, Environmental, Earth & Marine Sciences,Art, Performing Arts & Design,Medicine & Dentistry,Physics & Astronomy,Economics & Econometrics",False,False,False,https://www.timeshighereducation.com/student/register-interest/shorelight?utm_medium=thewebsite&utm_campaign=cta-link&utm_source=rankings&iid=i-16356362
501-600,Tomsk Polytechnic University,27.6—32.5,5870,31.3,337,16.2,584,43.2,536,59.1,179,40.6,539,master_account,0,/world-university-rankings/tomsk-polytechnic-university,131349,Russian Federation,"10,980",6.5,20%,38 : 62,Tomsk Polytechnic University,"Chemical Engineering,General Engineering,Economics & Econometrics,Electrical & Electronic Engineering,Computer Science,Business & Management,Physics & Astronomy,Chemistry,Mathematics & Statistics,Mechanical & Aerospace Engineering,Geology, Environmental, Earth & Marine Sciences",False,False,True,
501-600,Tomsk State University,27.6—32.5,5880,38.2,215,22.7,427,15.4,833,61.8,161,48.0,432,master_account,0,/world-university-rankings/tomsk-state-university,131772,Russian Federation,"8,565",8.3,18%,58 : 42,Tomsk State University,"Geography,Physics & Astronomy,Archaeology,History, Philosophy & Theology,Education,Geology, Environmental, Earth & Marine Sciences,Agriculture & Forestry,Art, Performing Arts & Design,Medicine & Dentistry,Communication & Media Studies,Law,Economics & Econometrics,Politics & International Studies (incl Development Studies),Chemical Engineering,Electrical & Electronic Engineering,Biological Sciences,Accounting & Finance,Mathematics & Statistics,Languages, Literature & Linguistics,Civil Engineering,Sport Science,Sociology,Psychology,Chemistry,Other Health,Business & Management,Mechanical & Aerospace Engineering,Computer Science,General Engineering",False,False,True,
501-600,Tongji University,27.6—32.5,5890,32.4,319,35.2,224,22.3,750,98.7,27,39.2,564,master_account,0,/world-university-rankings/tongji-university,984,China,"36,432",13.6,12%,38 : 62,Tongji University,"Art, Performing Arts & Design,Computer Science,General Engineering,Electrical & Electronic Engineering,Sport Science,Languages, Literature & Linguistics,Civil Engineering,Geology, Environmental, Earth & Marine Sciences,History, Philosophy & Theology,Physics & Astronomy,Accounting & Finance,Medicine & Dentistry,Chemical Engineering,Sociology,Architecture,Agriculture & Forestry,Politics & International Studies (incl Development Studies),Other Health,Biological Sciences,Geography,Mechanical & Aerospace Engineering,Communication & Media Studies,Economics & Econometrics,Veterinary Science,Law,Mathematics & Statistics,Psychology,Chemistry,Business & Management,Education",False,False,False,
501-600,The University of Tulsa,27.6—32.5,5900,33.6,288,15.3,615,41.9,547,66.6,132,44.6,475,private,0,/world-university-rankings/university-tulsa,131482,United States,"4,682",12.4,26%,43 : 57,The University of Tulsa,"Civil Engineering,Geology, Environmental, Earth & Marine Sciences,Languages, Literature & Linguistics,Electrical & Electronic Engineering,Computer Science,Communication & Media Studies,Education,General Engineering,History, Philosophy & Theology,Economics & Econometrics,Physics & Astronomy,Accounting & Finance,Sport Science,Psychology,Chemistry,Politics & International Studies (incl Development Studies),Biological Sciences,Art, Performing Arts & Design,Chemical Engineering,Other Health,Law,Mechanical & Aerospace Engineering,Business & Management,Mathematics & Statistics,Sociology",False,False,False,https://www.timeshighereducation.com/student/register-interest/shorelight?utm_medium=thewebsite&utm_campaign=cta-link&utm_source=rankings&iid=i-38579964
501-600,University of Ulsan,27.6—32.5,5910,19.4,728,18.8,515,60.8,381,54.7,200,18.7,877,master_account,0,/world-university-rankings/university-ulsan,128781,South Korea,"14,841",13.6,2%,45 : 55,University of Ulsan,"Business & Management,Medicine & Dentistry,Languages, Literature & Linguistics,Education,Geology, Environmental, Earth & Marine Sciences,Chemistry,Computer Science,Veterinary Science,Architecture,Other Health,History, Philosophy & Theology,Economics & Econometrics,Civil Engineering,Electrical & Electronic Engineering,Biological Sciences,Law,Accounting & Finance,Chemical Engineering,Mechanical & Aerospace Engineering,Sociology,Mathematics & Statistics,Physics & Astronomy,Art, Performing Arts & Design,Sport Science,General Engineering,Politics & International Studies (incl Development Studies)",False,False,False,
501-600,Ulster University,27.6—32.5,5920,18.7,771,15.3,616,49.5,480,33.1,821,70.7,203,master_account,0,/world-university-rankings/ulster-university,128788,United Kingdom,"17,660",14.0,7%,56 : 44,Ulster University,"Other Health,Communication & Media Studies,Languages, Literature & Linguistics,Chemical Engineering,Psychology,Civil Engineering,Law,Art, Performing Arts & Design,Mechanical & Aerospace Engineering,Education,Electrical & Electronic Engineering,Sport Science,Computer Science,Politics & International Studies (incl Development Studies),General Engineering,Sociology,Architecture,Veterinary Science,Accounting & Finance,Medicine & Dentistry,Geology, Environmental, Earth & Marine Sciences,Economics & Econometrics,History, Philosophy & Theology,Biological Sciences,Business & Management",False,False,False,https://www.timeshighereducation.com/student/register-interest/siuk?utm_medium=thewebsite&utm_campaign=cta-link&utm_source=rankings&iid=i-23766844
501-600,United Arab Emirates University,27.6—32.5,5930,24.0,537,16.0,588,38.7,576,33.2,817,95.4,16,master_account,11,/world-university-rankings/united-arab-emirates-university,946,United Arab Emirates,"7,101",8.8,27%,77 : 23,United Arab Emirates University,"Languages, Literature & Linguistics,Geology, Environmental, Earth & Marine Sciences,Chemical Engineering,Accounting & Finance,Veterinary Science,Mathematics & Statistics,Psychology,General Engineering,Sociology,History, Philosophy & Theology,Electrical & Electronic Engineering,Biological Sciences,Mechanical & Aerospace Engineering,Archaeology,Education,Politics & International Studies (incl Development Studies),Sport Science,Business & Management,Medicine & Dentistry,Agriculture & Forestry,Civil Engineering,Geography,Economics & Econometrics,Chemistry,Other Health,Law,Physics & Astronomy,Art, Performing Arts & Design,Architecture,Communication & Media Studies,Computer Science",False,False,False,
501-600,University of Urbino Carlo Bo,27.6—32.5,5940,14.1,951,7.9,913,59.5,389,35.0,691,37.7,586,master_account,0,/world-university-rankings/university-urbino-carlo-bo,131665,Italy,"13,381",33.8,7%,61 : 39,University of Urbino Carlo Bo,"Chemistry,Law,Computer Science,Politics & International Studies (incl Development Studies),Biological Sciences,Accounting & Finance,Communication & Media Studies,History, Philosophy & Theology,Geography,Archaeology,Sociology,Economics & Econometrics,Languages, Literature & Linguistics,Physics & Astronomy,Business & Management,Geology, Environmental, Earth & Marine Sciences,Psychology,Sport Science,Mathematics & Statistics,Education",False,False,False,
501-600,University of Valencia,27.6—32.5,5950,20.9,670,18.4,531,50.5,466,34.4,725,41.7,522,master_account,0,/world-university-rankings/university-valencia,809,Spain,"52,339",16.4,9%,60 : 40,University of Valencia,"Chemical Engineering,Psychology,Physics & Astronomy,History, Philosophy & Theology,Mathematics & Statistics,Other Health,Education,Agriculture & Forestry,Art, Performing Arts & Design,Law,Biological Sciences,Computer Science,Sociology,Accounting & Finance,Business & Management,Politics & International Studies (incl Development Studies),Sport Science,Architecture,Geology, Environmental, Earth & Marine Sciences,Medicine & Dentistry,Geography,Communication & Media Studies,Languages, Literature & Linguistics,Economics & Econometrics,Chemistry,Electrical & Electronic Engineering",False,False,False,
501-600,Polytechnic University of Valencia,27.6—32.5,5960,22.1,617,24.8,366,43.9,530,44.3,341,41.9,519,master_account,0,/world-university-rankings/polytechnic-university-valencia,851,Spain,"25,288",10.6,11%,38 : 62,Polytechnic University of Valencia,"Mechanical & Aerospace Engineering,Politics & International Studies (incl Development Studies),Computer Science,Mathematics & Statistics,Economics & Econometrics,Electrical & Electronic Engineering,Sociology,Biological Sciences,Architecture,General Engineering,Accounting & Finance,Civil Engineering,Art, Performing Arts & Design,Languages, Literature & Linguistics,Other Health,Chemistry,Communication & Media Studies,Business & Management,Chemical Engineering,History, Philosophy & Theology,Agriculture & Forestry,Geology, Environmental, Earth & Marine Sciences,Physics & Astronomy",False,False,False,
501-600,University of Warsaw,27.6—32.5,5970,25.0,504,16.5,578,45.2,516,32.7,864,44.2,484,master_account,0,/world-university-rankings/university-warsaw,813,Poland,"47,940",13.7,7%,67 : 33,University of Warsaw,"Accounting & Finance,Law,Computer Science,Geography,Chemistry,Medicine & Dentistry,Languages, Literature & Linguistics,Mathematics & Statistics,History, Philosophy & Theology,Archaeology,Sociology,Biological Sciences,Art, Performing Arts & Design,Psychology,Business & Management,Education,Physics & Astronomy,Economics & Econometrics,Communication & Media Studies,Geology, Environmental, Earth & Marine Sciences,Politics & International Studies (incl Development Studies)",False,False,False,
501-600,Warsaw University of Technology,27.6—32.5,5980,18.4,783,9.9,832,59.0,392,36.7,590,21.5,831,master_account,0,/world-university-rankings/warsaw-university-technology,989,Poland,"34,708",14.6,3%,34 : 66,Warsaw University of Technology,"Physics & Astronomy,Architecture,Sociology,Business & Management,General Engineering,Computer Science,Civil Engineering,Chemical Engineering,Economics & Econometrics,Mathematics & Statistics,Electrical & Electronic Engineering,Mechanical & Aerospace Engineering",False,False,False,
501-600,University of Wisconsin-Milwaukee,27.6—32.5,5990,21.1,661,17.8,546,53.6,442,34.0,749,28.2,717,public,0,/world-university-rankings/university-wisconsin-milwaukee,131667,United States,"22,442",18.2,6%,52 : 48,University of Wisconsin-Milwaukee,"Languages, Literature & Linguistics,Sociology,Sport Science,History, Philosophy & Theology,Geology, Environmental, Earth & Marine Sciences,Medicine & Dentistry,Biological Sciences,Accounting & Finance,Mechanical & Aerospace Engineering,Politics & International Studies (incl Development Studies),Computer Science,Communication & Media Studies,General Engineering,Chemistry,Economics & Econometrics,Other Health,Business & Management,Art, Performing Arts & Design,Physics & Astronomy,Psychology,Architecture,Civil Engineering,Geography,Mathematics & Statistics,Electrical & Electronic Engineering,Education",False,False,False,https://www.timeshighereducation.com/student/register-interest/shorelight?utm_medium=thewebsite&utm_campaign=cta-link&utm_source=rankings&iid=i-73814902
501-600,Xi’an Jiaotong University,27.6—32.5,6000,35.3,258,26.3,344,32.9,641,54.9,197,26.2,748,master_account,0,/world-university-rankings/xian-jiaotong-university,948,China,"31,851",11.0,4%,33 : 67,Xi’an Jiaotong University,"Chemistry,Geography,Accounting & Finance,Art, Performing Arts & Design,Mechanical & Aerospace Engineering,Biological Sciences,History, Philosophy & Theology,Economics & Econometrics,Agriculture & Forestry,Politics & International Studies (incl Development Studies),Languages, Literature & Linguistics,Electrical & Electronic Engineering,Geology, Environmental, Earth & Marine Sciences,Sport Science,Education,Civil Engineering,Law,Medicine & Dentistry,Communication & Media Studies,Archaeology,General Engineering,Psychology,Veterinary Science,Chemical Engineering,Other Health,Physics & Astronomy,Architecture,Sociology,Computer Science,Mathematics & Statistics,Business & Management",False,False,False,
501-600,University of Zaragoza,27.6—32.5,6010,20.3,695,12.5,704,49.7,478,38.6,502,35.1,621,master_account,0,/world-university-rankings/university-zaragoza,866,Spain,"30,733",11.7,5%,55 : 45,University of Zaragoza,"Law,Biological Sciences,Business & Management,Sport Science,History, Philosophy & Theology,Mechanical & Aerospace Engineering,Accounting & Finance,Other Health,Art, Performing Arts & Design,Education,Communication & Media Studies,Civil Engineering,Geology, Environmental, Earth & Marine Sciences,General Engineering,Electrical & Electronic Engineering,Geography,Veterinary Science,Mathematics & Statistics,Economics & Econometrics,Physics & Astronomy,Languages, Literature & Linguistics,Medicine & Dentistry,Sociology,Chemistry,Computer Science,Architecture,Psychology,Agriculture & Forestry,Chemical Engineering",False,False,False,
601-800,University of A Coruña,18.6—27.5,6020,17.6,817,10.9,784,23.7,728,35.5,652,27.3,734,master_account,0,/world-university-rankings/university-coruna,131640,Spain,"16,598",12.7,2%,51 : 49,University of A Coruña,"History, Philosophy & Theology,Electrical & Electronic Engineering,Business & Management,Geology, Environmental, Earth & Marine Sciences,Biological Sciences,Languages, Literature & Linguistics,Psychology,Sport Science,Politics & International Studies (incl Development Studies),Civil Engineering,Medicine & Dentistry,Other Health,General Engineering,Computer Science,Physics & Astronomy,Chemistry,Art, Performing Arts & Design,Accounting & Finance,Mathematics & Statistics,Law,Agriculture & Forestry,Education,Communication & Media Studies,Economics & Econometrics,Sociology,Architecture,Mechanical & Aerospace Engineering",False,False,False,
601-800,AGH University of Krakow,18.6—27.5,6030,16.1,871,11.0,780,40.3,563,36.6,591,19.4,862,master_account,0,/world-university-rankings/agh-university-krakow,131429,Poland,"33,244",15.1,2%,36 : 64,AGH University of Krakow,"General Engineering,Mechanical & Aerospace Engineering,Electrical & Electronic Engineering,Chemical Engineering,Sociology,Business & Management,Computer Science,Civil Engineering,Geology, Environmental, Earth & Marine Sciences,Physics & Astronomy,Mathematics & Statistics",False,False,False,
601-800,Ajou University,18.6—27.5,6040,20.8,673,12.4,705,28.1,689,48.4,269,22.2,812,master_account,0,/world-university-rankings/ajou-university,131532,South Korea,"11,724",9.7,4%,35 : 65,Ajou University,"Computer Science,Electrical & Electronic Engineering,Physics & Astronomy,Civil Engineering,Languages, Literature & Linguistics,Medicine & Dentistry,Accounting & Finance,Sociology,Business & Management,Mechanical & Aerospace Engineering,Politics & International Studies (incl Development Studies),Law,History, Philosophy & Theology,Sport Science,Mathematics & Statistics,Architecture,Communication & Media Studies,Education,Biological Sciences,Geology, Environmental, Earth & Marine Sciences,General Engineering,Other Health,Psychology,Economics & Econometrics,Chemistry,Chemical Engineering",False,False,False,
601-800,University of Alcalá,18.6—27.5,6050,19.6,720,11.5,744,31.8,651,42.2,386,55.8,330,master_account,0,/world-university-rankings/university-alcala,131740,Spain,"16,820",12.5,20%,58 : 42,University of Alcalá alcala,"Business & Management,Computer Science,Languages, Literature & Linguistics,Sport Science,Electrical & Electronic Engineering,Politics & International Studies (incl Development Studies),History, Philosophy & Theology,Archaeology,Communication & Media Studies,Agriculture & Forestry,General Engineering,Civil Engineering,Architecture,Mathematics & Statistics,Education,Psychology,Law,Biological Sciences,Medicine & Dentistry,Chemical Engineering,Economics & Econometrics,Geology, Environmental, Earth & Marine Sciences,Veterinary Science,Physics & Astronomy,Geography,Mechanical & Aerospace Engineering,Chemistry,Other Health,Art, Performing Arts & Design,Sociology,Accounting & Finance",False,False,False,
601-800,Alfaisal University,18.6—27.5,6060,16.9,841,7.3,936,32.2,647,37.4,547,96.0,12,master_account,11,/world-university-rankings/alfaisal-university,131490,Saudi Arabia,"1,473",12.3,33%,36 : 64,Alfaisal University,"Mechanical & Aerospace Engineering,Biological Sciences,Accounting & Finance,General Engineering,Electrical & Electronic Engineering,Medicine & Dentistry,Law,Business & Management",False,False,False,
601-800,Aligarh Muslim University,18.6—27.5,6070,25.7,478,9.5,844,30.5,663,36.2,610,21.9,822,master_account,0,/world-university-rankings/aligarh-muslim-university,980,India,"15,627",12.3,2%,29 : 71,Aligarh Muslim University,"Chemistry,Electrical & Electronic Engineering,Medicine & Dentistry,Accounting & Finance,Physics & Astronomy,Sociology,Education,Law,Biological Sciences,History, Philosophy & Theology,Mathematics & Statistics,Economics & Econometrics,Art, Performing Arts & Design,Psychology,Sport Science,Computer Science,Other Health,Chemical Engineering,Geology, Environmental, Earth & Marine Sciences,Business & Management,General Engineering,Communication & Media Studies,Agriculture & Forestry,Architecture,Languages, Literature & Linguistics,Civil Engineering,Politics & International Studies (incl Development Studies),Mechanical & Aerospace Engineering,Geography",False,False,False,
601-800,American University of Sharjah,18.6—27.5,6080,16.3,864,12.3,712,13.6,860,33.2,805,95.3,17,master_account,1,/world-university-rankings/american-university-sharjah,995,United Arab Emirates,"5,545",15.0,84%,48 : 52,American University of Sharjah,"Computer Science,Mathematics & Statistics,Accounting & Finance,Business & Management,Mechanical & Aerospace Engineering,Psychology,Communication & Media Studies,Biological Sciences,Architecture,Geology, Environmental, Earth & Marine Sciences,Physics & Astronomy,Languages, Literature & Linguistics,General Engineering,Art, Performing Arts & Design,Politics & International Studies (incl Development Studies),Economics & Econometrics,Electrical & Electronic Engineering,Civil Engineering,Chemistry,Chemical Engineering",False,False,False,
601-800,American University in Cairo,18.6—27.5,6090,24.8,511,8.7,872,16.4,822,33.2,806,69.4,211,master_account,1,/world-university-rankings/american-university-cairo,131347,Egypt,"5,875",13.9,6%,53 : 47,American University in Cairo,"Computer Science,Geology, Environmental, Earth & Marine Sciences,Economics & Econometrics,Mechanical & Aerospace Engineering,Law,General Engineering,Sociology,Languages, Literature & Linguistics,Biological Sciences,Education,Architecture,Politics & International Studies (incl Development Studies),Communication & Media Studies,History, Philosophy & Theology,Mathematics & Statistics,Business & Management,Electrical & Electronic Engineering,Chemistry,Art, Performing Arts & Design,Civil Engineering,Psychology,Archaeology,Physics & Astronomy,Accounting & Finance",False,False,False,
601-800,Amirkabir University of Technology,18.6—27.5,6100,22.7,584,18.9,512,35.5,611,59.9,171,15.4,945,master_account,0,/world-university-rankings/amirkabir-university-technology,131497,Iran,"12,468",22.8,1%,35 : 65,Amirkabir University of Technology,"Physics & Astronomy,Geology, Environmental, Earth & Marine Sciences,General Engineering,Chemistry,Civil Engineering,Electrical & Electronic Engineering,Computer Science,Chemical Engineering,Mechanical & Aerospace Engineering,Business & Management,Mathematics & Statistics",False,False,False,
601-800,University of Antioquia,18.6—27.5,6110,16.5,860,18.5,523,13.9,858,43.3,363,38.8,570,master_account,0,/world-university-rankings/university-antioquia,131797,Colombia,"39,516",24.4,0%,50 : 50,University of Antioquia,"Economics & Econometrics,Physics & Astronomy,Mathematics & Statistics,Business & Management,Geography,Art, Performing Arts & Design,Education,Sociology,Chemistry,Law,Medicine & Dentistry,Mechanical & Aerospace Engineering,Architecture,Agriculture & Forestry,Languages, Literature & Linguistics,Accounting & Finance,Chemical Engineering,Electrical & Electronic Engineering,Biological Sciences,Geology, Environmental, Earth & Marine Sciences,Psychology,History, Philosophy & Theology,Civil Engineering,General Engineering,Sport Science,Veterinary Science,Other Health,Communication & Media Studies,Politics & International Studies (incl Development Studies)",False,False,False,
601-800,"Asia University, Taiwan",18.6—27.5,6120,13.5,961,18.4,528,24.1,723,45.1,319,19.6,861,master_account,0,/world-university-rankings/asia-university-taiwan,982,Taiwan,"12,330",26.5,2%,54 : 46,"Asia University, Taiwan","Art, Performing Arts & Design,Agriculture & Forestry,Economics & Econometrics,Biological Sciences,Computer Science,Law,Psychology,Communication & Media Studies,Other Health,Accounting & Finance,Electrical & Electronic Engineering,Veterinary Science,Education,Business & Management,Languages, Literature & Linguistics",False,False,False,
601-800,Auburn University,18.6—27.5,6130,31.7,331,18.3,532,24.2,722,40.0,452,30.9,678,public,0,/world-university-rankings/auburn-university,817,United States,"22,282",17.6,5%,50 : 50,Auburn University,"History, Philosophy & Theology,Biological Sciences,Geology, Environmental, Earth & Marine Sciences,Mechanical & Aerospace Engineering,Law,Architecture,Agriculture & Forestry,Education,Electrical & Electronic Engineering,Physics & Astronomy,Psychology,Medicine & Dentistry,Mathematics & Statistics,Business & Management,Art, Performing Arts & Design,Chemical Engineering,Chemistry,Economics & Econometrics,Languages, Literature & Linguistics,Civil Engineering,Geography,Computer Science,Communication & Media Studies,Accounting & Finance,Other Health,Veterinary Science,Sociology,General Engineering,Sport Science,Politics & International Studies (incl Development Studies)",False,False,False,https://www.timeshighereducation.com/student/register-interest/shorelight?utm_medium=thewebsite&utm_campaign=cta-link&utm_source=rankings&iid=i-23882234
601-800,Austral University of Chile,18.6—27.5,6140,16.6,853,9.8,833,20.0,781,43.8,355,47.4,438,master_account,0,/world-university-rankings/austral-university-chile,131762,Chile,"14,061",17.1,2%,49 : 51,Austral University of Chile,"Agriculture & Forestry,Languages, Literature & Linguistics,Veterinary Science,Architecture,Electrical & Electronic Engineering,Medicine & Dentistry,Civil Engineering,Business & Management,Communication & Media Studies,Other Health,Sport Science,Computer Science,Mechanical & Aerospace Engineering,Art, Performing Arts & Design,Archaeology,Mathematics & Statistics,Education,Geology, Environmental, Earth & Marine Sciences,General Engineering,Law,Biological Sciences,History, Philosophy & Theology,Chemistry,Accounting & Finance,Psychology,Economics & Econometrics,Geography",False,False,False,
601-800,Australian Catholic University,18.6—27.5,6150,14.9,920,17.7,547,44.2,527,35.4,662,40.3,544,master_account,0,/world-university-rankings/australian-catholic-university,587658,Australia,"21,123",31.1,10%,72 : 28,Australian Catholic University ACU,"Education,Politics & International Studies (incl Development Studies),Sociology,Communication & Media Studies,Other Health,Chemistry,Computer Science,Art, Performing Arts & Design,Business & Management,Sport Science,Psychology,Law,History, Philosophy & Theology,Biological Sciences,Accounting & Finance,Economics & Econometrics",False,False,False,https://www.timeshighereducation.com/student/register-interest/aecc?utm_medium=thewebsite&utm_campaign=cta-link&utm_source=rankings&iid=i-49154853
601-800,Babeş-Bolyai University,18.6—27.5,6160,25.2,492,11.5,745,29.9,669,32.7,854,38.1,575,master_account,0,/world-university-rankings/babes-bolyai-university,131789,Romania,"37,128",23.0,2%,62 : 38,Babeş-Bolyai University,"Mechanical & Aerospace Engineering,Economics & Econometrics,Business & Management,Other Health,Chemical Engineering,Communication & Media Studies,Electrical & Electronic Engineering,Art, Performing Arts & Design,Mathematics & Statistics,Accounting & Finance,Languages, Literature & Linguistics,Sport Science,Chemistry,Law,Geography,History, Philosophy & Theology,Archaeology,Education,Physics & Astronomy,Geology, Environmental, Earth & Marine Sciences,Sociology,Biological Sciences,Politics & International Studies (incl Development Studies),General Engineering,Psychology,Computer Science",False,False,False,
601-800,Bauman Moscow State Technical University,18.6—27.5,6170,35.9,249,18.3,533,3.1,966,44.0,347,17.4,908,master_account,0,/world-university-rankings/bauman-moscow-state-technical-university,1037,Russian Federation,"18,357",3.7,5%,23 : 77,Bauman Moscow State Technical University,"Chemical Engineering,History, Philosophy & Theology,Geology, Environmental, Earth & Marine Sciences,Business & Management,Civil Engineering,Computer Science,Biological Sciences,Sport Science,Other Health,General Engineering,Chemistry,Sociology,Physics & Astronomy,Mathematics & Statistics,Law,Accounting & Finance,Languages, Literature & Linguistics,Art, Performing Arts & Design,Veterinary Science,Agriculture & Forestry,Economics & Econometrics,Electrical & Electronic Engineering,Medicine & Dentistry,Mechanical & Aerospace Engineering",False,False,True,
601-800,University of Bedfordshire,18.6—27.5,6180,14.9,921,10.0,824,22.6,745,32.8,841,73.1,185,master_account,0,/world-university-rankings/university-bedfordshire,131393,United Kingdom,"12,960",19.1,33%,58 : 42,University of Bedfordshire,"Other Health,Communication & Media Studies,Art, Performing Arts & Design,Chemistry,Economics & Econometrics,Agriculture & Forestry,Psychology,Computer Science,Politics & International Studies (incl Development Studies),Business & Management,Mechanical & Aerospace Engineering,Electrical & Electronic Engineering,Law,Biological Sciences,Accounting & Finance,Languages, Literature & Linguistics,Sport Science,Civil Engineering,Education,General Engineering,Sociology",False,False,False,https://www.timeshighereducation.com/student/register-interest/siuk?utm_medium=thewebsite&utm_campaign=cta-link&utm_source=rankings&iid=i-21492601
601-800,Beijing Institute of Technology,18.6—27.5,6190,30.0,368,24.7,367,13.0,867,78.4,80,19.2,867,master_account,11,/world-university-rankings/beijing-institute-technology,1038,China,"27,603",12.7,6%,34 : 66,Beijing Institute of Technology,"Mechanical & Aerospace Engineering,General Engineering,Sport Science,Physics & Astronomy,Geology, Environmental, Earth & Marine Sciences,Psychology,Languages, Literature & Linguistics,Art, Performing Arts & Design,Chemical Engineering,Business & Management,Sociology,Education,Economics & Econometrics,Electrical & Electronic Engineering,Biological Sciences,Chemistry,Computer Science,Mathematics & Statistics,Accounting & Finance,Law,History, Philosophy & Theology",False,False,False,
601-800,University of Beira Interior,18.6—27.5,6200,18.5,775,12.7,695,42.4,541,32.6,868,37.7,585,master_account,0,/world-university-rankings/university-beira-interior,587724,Portugal,"6,930",15.4,7%,52 : 48,University of Beira Interior,"Electrical & Electronic Engineering,Architecture,Geology, Environmental, Earth & Marine Sciences,Mechanical & Aerospace Engineering,Sport Science,Education,Art, Performing Arts & Design,Politics & International Studies (incl Development Studies),Sociology,Economics & Econometrics,Accounting & Finance,General Engineering,Biological Sciences,Medicine & Dentistry,Business & Management,Chemistry,Mathematics & Statistics,Chemical Engineering,History, Philosophy & Theology,Other Health,Computer Science,Physics & Astronomy,Psychology,Languages, Literature & Linguistics,Civil Engineering,Communication & Media Studies",False,False,False,
601-800,"Birla Institute of Technology and Science, Pilani",18.6—27.5,6210,16.9,843,7.5,929,38.9,574,33.1,818,15.5,940,master_account,0,/world-university-rankings/birla-institute-technology-and-science-pilani,131761,India,"12,292",17.5,0%,19 : 81,"Birla Institute of Technology and Science, Pilani","Civil Engineering,Art, Performing Arts & Design,Physics & Astronomy,Other Health,General Engineering,Economics & Econometrics,Biological Sciences,Law,Business & Management,Chemistry,Accounting & Finance,Electrical & Electronic Engineering,Chemical Engineering,Mechanical & Aerospace Engineering,Computer Science,Mathematics & Statistics",False,False,False,
601-800,Bournemouth University,18.6—27.5,6220,17.0,838,14.9,621,32.4,645,32.4,889,72.7,187,master_account,0,/world-university-rankings/bournemouth-university,131397,United Kingdom,"11,690",17.4,18%,57 : 43,Bournemouth University,"Art, Performing Arts & Design,Mechanical & Aerospace Engineering,Education,Languages, Literature & Linguistics,Biological Sciences,Business & Management,Medicine & Dentistry,Geology, Environmental, Earth & Marine Sciences,Economics & Econometrics,Computer Science,Communication & Media Studies,Other Health,Sociology,History, Philosophy & Theology,Chemistry,Accounting & Finance,General Engineering,Geography,Electrical & Electronic Engineering,Law,Archaeology,Politics & International Studies (incl Development Studies),Sport Science,Psychology",False,False,False,https://www.timeshighereducation.com/student/register-interest/siuk?utm_medium=thewebsite&utm_campaign=cta-link&utm_source=rankings&iid=i-22247194
601-800,University of Bradford,18.6—27.5,6230,17.9,804,14.4,635,25.9,704,36.0,617,78.2,135,master_account,0,/world-university-rankings/university-bradford,914,United Kingdom,"10,295",18.9,29%,54 : 46,University of Bradford,"Architecture,Law,General Engineering,Business & Management,Electrical & Electronic Engineering,Education,Politics & International Studies (incl Development Studies),Communication & Media Studies,Mechanical & Aerospace Engineering,Psychology,Chemistry,Computer Science,Sport Science,Biological Sciences,Chemical Engineering,Sociology,Accounting & Finance,Medicine & Dentistry,Archaeology,Mathematics & Statistics,Civil Engineering,Other Health",False,False,False,https://www.timeshighereducation.com/student/register-interest/siuk?utm_medium=thewebsite&utm_campaign=cta-link&utm_source=rankings&iid=i-60961891
601-800,University of Brighton,18.6—27.5,6240,15.8,884,12.3,713,37.4,592,33.5,777,64.7,249,master_account,0,/world-university-rankings/university-brighton,131342,United Kingdom,"15,575",17.1,21%,58 : 42,University of Brighton,"Art, Performing Arts & Design,Electrical & Electronic Engineering,Communication & Media Studies,Architecture,Education,Mechanical & Aerospace Engineering,Politics & International Studies (incl Development Studies),Medicine & Dentistry,Geology, Environmental, Earth & Marine Sciences,Economics & Econometrics,History, Philosophy & Theology,Biological Sciences,Psychology,Computer Science,Chemistry,Accounting & Finance,Languages, Literature & Linguistics,Sport Science,Law,Civil Engineering,Geography,Other Health,Mathematics & Statistics,Business & Management,General Engineering,Sociology",False,False,False,https://www.timeshighereducation.com/student/register-interest/siuk?utm_medium=thewebsite&utm_campaign=cta-link&utm_source=rankings&iid=i-12990754
601-800,Brno University of Technology,18.6—27.5,6250,17.6,819,12.0,725,30.1,666,38.8,496,40.4,540,master_account,0,/world-university-rankings/brno-university-technology,999,Czechia,"22,985",20.5,17%,28 : 72,Brno University of Technology,"Chemical Engineering,Civil Engineering,Art, Performing Arts & Design,Business & Management,Mechanical & Aerospace Engineering,Computer Science,Economics & Econometrics,Electrical & Electronic Engineering,Sport Science,General Engineering,Architecture,Accounting & Finance,Chemistry",False,False,False,
601-800,Budapest University of Technology and Economics,18.6—27.5,6260,15.8,885,13.6,665,32.2,648,45.8,305,28.5,710,master_account,0,/world-university-rankings/budapest-university-technology-and-economics,131330,Hungary,"20,584",21.6,3%,31 : 69,Budapest University of Technology and Economics,"Chemical Engineering,Economics & Econometrics,Geology, Environmental, Earth & Marine Sciences,Physics & Astronomy,Mechanical & Aerospace Engineering,Accounting & Finance,Mathematics & Statistics,General Engineering,Education,Computer Science,Communication & Media Studies,Architecture,Chemistry,Civil Engineering,Business & Management,Electrical & Electronic Engineering,Psychology",False,False,False,
601-800,COMSATS University Islamabad,18.6—27.5,6270,16.7,850,7.1,943,45.2,513,32.1,934,43.5,491,master_account,0,/world-university-rankings/comsats-university-islamabad,587793,Pakistan,"28,626",10.6,0%,23 : 77,COMSATS University Islamabad,"Geography,Languages, Literature & Linguistics,General Engineering,Physics & Astronomy,Computer Science,Civil Engineering,Mathematics & Statistics,Art, Performing Arts & Design,Chemistry,Accounting & Finance,Psychology,Economics & Econometrics,Mechanical & Aerospace Engineering,Politics & International Studies (incl Development Studies),Electrical & Electronic Engineering,Communication & Media Studies,Biological Sciences,Architecture,Chemical Engineering,Business & Management,Agriculture & Forestry,Geology, Environmental, Earth & Marine Sciences",False,False,False,
601-800,University of Calcutta,18.6—27.5,6280,32.6,309,11.1,774,16.6,818,33.5,778,14.0,970,master_account,0,/world-university-rankings/university-calcutta,131348,India,"18,883",34.1,0%,50 : 50,University of Calcutta,"Architecture,Sport Science,Chemistry,Languages, Literature & Linguistics,Physics & Astronomy,Economics & Econometrics,Art, Performing Arts & Design,Mathematics & Statistics,Sociology,Biological Sciences,Psychology,Computer Science,Education,Chemical Engineering,Geography,Archaeology,Accounting & Finance,History, Philosophy & Theology,Business & Management,Agriculture & Forestry,Law,Geology, Environmental, Earth & Marine Sciences",False,False,False,
601-800,Capital Medical University,18.6—27.5,6290,27.1,436,18.2,536,17.1,809,34.2,730,19.1,869,master_account,0,/world-university-rankings/capital-medical-university,131688,China,"12,080",7.3,3%,70 : 30,Capital Medical University,"Other Health,Medicine & Dentistry",False,False,False,
601-800,University of Castilla-La Mancha,18.6—27.5,6300,16.8,849,10.8,790,35.3,614,34.3,727,30.5,682,master_account,0,/world-university-rankings/university-castilla-la-mancha,131613,Spain,"25,646",15.5,4%,56 : 44,University of Castilla-La Mancha,"Architecture,Psychology,Civil Engineering,General Engineering,Accounting & Finance,Chemistry,Geology, Environmental, Earth & Marine Sciences,Law,Computer Science,Chemical Engineering,Medicine & Dentistry,Other Health,Sport Science,Electrical & Electronic Engineering,Communication & Media Studies,Physics & Astronomy,Languages, Literature & Linguistics,Business & Management,Politics & International Studies (incl Development Studies),History, Philosophy & Theology,Biological Sciences,Art, Performing Arts & Design,Mechanical & Aerospace Engineering,Economics & Econometrics,Sociology,Agriculture & Forestry,Mathematics & Statistics,Geography,Education",False,False,False,
601-800,University of Lancashire,18.6—27.5,6310,15.4,905,11.1,775,33.0,637,32.7,855,55.7,332,master_account,0,/world-university-rankings/university-lancashire,131822,United Kingdom,"17,705",16.8,16%,57 : 43,University of Lancashire,"Mathematics & Statistics,Languages, Literature & Linguistics,Veterinary Science,Biological Sciences,Education,Computer Science,Geology, Environmental, Earth & Marine Sciences,Accounting & Finance,Chemistry,Art, Performing Arts & Design,Geography,General Engineering,Communication & Media Studies,Medicine & Dentistry,Archaeology,Physics & Astronomy,Psychology,Politics & International Studies (incl Development Studies),Sport Science,Civil Engineering,History, Philosophy & Theology,Electrical & Electronic Engineering,Other Health,Law,Sociology,Chemical Engineering,Mechanical & Aerospace Engineering,Business & Management,Architecture,Economics & Econometrics",False,False,False,https://www.timeshighereducation.com/student/register-interest/siuk?utm_medium=thewebsite&utm_campaign=cta-link&utm_source=rankings&iid=i-99203141
601-800,Chang Gung University,18.6—27.5,6320,21.3,648,25.1,363,30.3,665,36.4,600,17.1,916,master_account,0,/world-university-rankings/chang-gung-university,992,Taiwan,"7,504",12.6,1%,43 : 57,Chang Gung University chang gung,"Physics & Astronomy,Electrical & Electronic Engineering,General Engineering,Economics & Econometrics,Biological Sciences,Medicine & Dentistry,Other Health,Accounting & Finance,Chemistry,Mechanical & Aerospace Engineering,Computer Science,Chemical Engineering,Business & Management,Art, Performing Arts & Design,Mathematics & Statistics",False,False,False,
601-800,Carlos III University of Madrid,18.6—27.5,6330,24.7,514,15.9,589,29.6,672,37.2,564,53.1,363,master_account,6,/world-university-rankings/carlos-iii-university-madrid,131513,Spain,"15,787",10.9,14%,43 : 57,Carlos III University of Madrid,"Accounting & Finance,Mechanical & Aerospace Engineering,History, Philosophy & Theology,Politics & International Studies (incl Development Studies),Computer Science,Sociology,General Engineering,Physics & Astronomy,Law,Languages, Literature & Linguistics,Communication & Media Studies,Mathematics & Statistics,Business & Management,Civil Engineering,Economics & Econometrics,Chemical Engineering,Geology, Environmental, Earth & Marine Sciences,Electrical & Electronic Engineering",False,False,False,
601-800,"University of Chemistry and Technology, Prague",18.6—27.5,6340,24.1,529,7.2,939,23.4,734,39.0,487,48.6,420,master_account,0,/world-university-rankings/university-chemistry-and-technology-prague,131697,Czechia,"4,525",10.6,19%,63 : 37,"University of Chemistry and Technology, Prague","Chemistry,Education,Mathematics & Statistics,Geology, Environmental, Earth & Marine Sciences,Chemical Engineering,Economics & Econometrics,Physics & Astronomy,Biological Sciences,Other Health,Business & Management,Computer Science",False,False,False,
601-800,Chiang Mai University,18.6—27.5,6350,18.6,772,11.5,746,29.7,670,35.9,627,33.7,640,master_account,0,/world-university-rankings/chiang-mai-university,997,Thailand,"37,084",16.8,1%,45 : 55,Chiang Mai University,"History, Philosophy & Theology,Electrical & Electronic Engineering,General Engineering,Geology, Environmental, Earth & Marine Sciences,Education,Archaeology,Biological Sciences,Mathematics & Statistics,Veterinary Science,Communication & Media Studies,Law,Languages, Literature & Linguistics,Geography,Psychology,Other Health,Business & Management,Agriculture & Forestry,Economics & Econometrics,Accounting & Finance,Politics & International Studies (incl Development Studies),Art, Performing Arts & Design,Physics & Astronomy,Civil Engineering,Computer Science,Mechanical & Aerospace Engineering,Architecture,Chemistry,Medicine & Dentistry,Sport Science,Sociology",False,False,False,
601-800,Chiba University,18.6—27.5,6360,27.6,420,16.3,580,32.7,643,51.7,225,23.1,796,master_account,0,/world-university-rankings/chiba-university,937,Japan,"14,085",10.2,5%,37 : 63,Chiba University,"Art, Performing Arts & Design,Electrical & Electronic Engineering,Geology, Environmental, Earth & Marine Sciences,Other Health,Chemistry,Chemical Engineering,Mechanical & Aerospace Engineering,Accounting & Finance,Languages, Literature & Linguistics,Civil Engineering,History, Philosophy & Theology,Physics & Astronomy,Law,Business & Management,Agriculture & Forestry,Education,Medicine & Dentistry,Sport Science,Economics & Econometrics,Computer Science,Mathematics & Statistics,Architecture,General Engineering,Communication & Media Studies,Archaeology,Psychology,Sociology,Biological Sciences,Politics & International Studies (incl Development Studies),Geography",False,False,False,
601-800,"China University of Geosciences, Wuhan",18.6—27.5,6370,20.0,701,20.3,482,35.3,615,50.2,244,18.3,890,master_account,0,/world-university-rankings/china-university-geosciences-wuhan,131676,China,"29,098",20.1,3%,,"China University of Geosciences, Wuhan","General Engineering,Communication & Media Studies,Mathematics & Statistics,Politics & International Studies (incl Development Studies),Civil Engineering,Business & Management,Computer Science,Economics & Econometrics,Electrical & Electronic Engineering,Accounting & Finance,Physics & Astronomy,Geography,Geology, Environmental, Earth & Marine Sciences,Art, Performing Arts & Design,Chemistry,Mechanical & Aerospace Engineering,Chemical Engineering,Law",False,False,False,
601-800,"China University of Petroleum, Beijing",18.6—27.5,6380,24.3,521,25.5,357,8.8,926,100.0,1,18.3,891,master_account,0,/world-university-rankings/china-university-petroleum-beijing,131744,China,"14,997",20.2,6%,,"China University of Petroleum, Beijing","Mathematics & Statistics,Business & Management,Politics & International Studies (incl Development Studies),Mechanical & Aerospace Engineering,Chemistry,Chemical Engineering,Languages, Literature & Linguistics,Geology, Environmental, Earth & Marine Sciences,Electrical & Electronic Engineering,Physics & Astronomy,Economics & Econometrics,General Engineering,Computer Science,Accounting & Finance",False,False,False,
601-800,Jeonbuk National University,18.6—27.5,6390,19.2,734,14.9,622,25.6,707,36.1,613,27.7,730,master_account,11,/world-university-rankings/jeonbuk-national-university,131273,South Korea,"23,596",15.1,3%,44 : 56,Jeonbuk National University Chonbuk CBNU,"General Engineering,Psychology,Physics & Astronomy,Archaeology,Biological Sciences,Sociology,History, Philosophy & Theology,Chemical Engineering,Politics & International Studies (incl Development Studies),Geography,Agriculture & Forestry,Architecture,Computer Science,Mathematics & Statistics,Business & Management,Languages, Literature & Linguistics,Civil Engineering,Communication & Media Studies,Electrical & Electronic Engineering,Chemistry,Accounting & Finance,Art, Performing Arts & Design,Mechanical & Aerospace Engineering,Geology, Environmental, Earth & Marine Sciences,Economics & Econometrics,Other Health,Veterinary Science,Law,Medicine & Dentistry,Sport Science,Education",False,False,False,
601-800,Chonnam National University,18.6—27.5,6400,17.5,821,13.4,668,31.1,657,35.6,642,22.5,809,master_account,0,/world-university-rankings/chonnam-national-university,131702,South Korea,"35,577",19.3,3%,33 : 67,Chonnam National University,"History, Philosophy & Theology,Business & Management,Other Health,Law,Civil Engineering,Communication & Media Studies,Archaeology,Politics & International Studies (incl Development Studies),Accounting & Finance,Medicine & Dentistry,Sociology,Chemistry,Computer Science,Mathematics & Statistics,Education,Architecture,Psychology,Art, Performing Arts & Design,Mechanical & Aerospace Engineering,Geology, Environmental, Earth & Marine Sciences,Electrical & Electronic Engineering,Physics & Astronomy,Geography,Veterinary Science,Biological Sciences,Languages, Literature & Linguistics,Chemical Engineering,Economics & Econometrics,Sport Science,General Engineering,Agriculture & Forestry",False,False,False,
601-800,Chulalongkorn University,18.6—27.5,6410,26.6,453,16.8,569,19.0,790,50.2,245,33.0,646,master_account,6,/world-university-rankings/chulalongkorn-university,942,Thailand,"38,368",14.7,3%,59 : 41,Chulalongkorn University Chula Chulalongkorn thailand,"Education,Civil Engineering,Medicine & Dentistry,Psychology,Other Health,Geography,Electrical & Electronic Engineering,Mechanical & Aerospace Engineering,Computer Science,Architecture,Economics & Econometrics,Chemical Engineering,Physics & Astronomy,Mathematics & Statistics,Law,Languages, Literature & Linguistics,Biological Sciences,Sport Science,Business & Management,Veterinary Science,Chemistry,Sociology,General Engineering,Accounting & Finance,Politics & International Studies (incl Development Studies),Geology, Environmental, Earth & Marine Sciences,Archaeology,Art, Performing Arts & Design,History, Philosophy & Theology,Agriculture & Forestry,Communication & Media Studies",False,False,False,
601-800,Chung Yuan Christian University,18.6—27.5,6420,14.9,922,23.2,414,17.7,804,43.2,366,21.5,828,master_account,0,/world-university-rankings/chung-yuan-christian-university,935,Taiwan,"15,187",30.3,5%,41 : 59,Chung Yuan Christian University,"Business & Management,Physics & Astronomy,Architecture,Chemistry,Civil Engineering,Psychology,Mathematics & Statistics,Economics & Econometrics,Electrical & Electronic Engineering,Mechanical & Aerospace Engineering,Geology, Environmental, Earth & Marine Sciences,Biological Sciences,Languages, Literature & Linguistics,Accounting & Finance,Education,Computer Science,Law,History, Philosophy & Theology,Art, Performing Arts & Design,Chemical Engineering,General Engineering",False,False,False,
601-800,Clemson University,18.6—27.5,6430,23.5,556,22.0,441,33.0,638,38.8,497,35.6,609,public,0,/world-university-rankings/clemson-university,819,United States,"19,743",17.0,7%,46 : 54,Clemson University,"General Engineering,Biological Sciences,Sociology,History, Philosophy & Theology,Veterinary Science,Business & Management,Computer Science,Geography,Economics & Econometrics,Other Health,Politics & International Studies (incl Development Studies),Architecture,Agriculture & Forestry,Psychology,Civil Engineering,Geology, Environmental, Earth & Marine Sciences,Accounting & Finance,Electrical & Electronic Engineering,Mathematics & Statistics,Education,Mechanical & Aerospace Engineering,Physics & Astronomy,Art, Performing Arts & Design,Chemical Engineering,Chemistry,Languages, Literature & Linguistics,Communication & Media Studies",False,False,False,https://www.timeshighereducation.com/student/register-interest/shorelight?utm_medium=thewebsite&utm_campaign=cta-link&utm_source=rankings&iid=i-19014504
601-800,Comenius University Bratislava,18.6—27.5,6440,21.9,620,11.7,740,24.0,726,32.4,891,47.9,433,master_account,0,/world-university-rankings/comenius-university-bratislava,131488,Slovakia,"22,683",11.4,10%,64 : 36,Comenius University Bratislava,"Sport Science,Languages, Literature & Linguistics,Physics & Astronomy,History, Philosophy & Theology,Geology, Environmental, Earth & Marine Sciences,Biological Sciences,Business & Management,Geography,Psychology,Politics & International Studies (incl Development Studies),Medicine & Dentistry,Sociology,Chemistry,Law,Education,Other Health,Archaeology,Computer Science,Mathematics & Statistics,Communication & Media Studies",False,False,False,
601-800,University of Concepción,18.6—27.5,6450,15.5,903,13.0,687,20.8,763,56.4,192,46.2,457,master_account,0,/world-university-rankings/university-concepcion,584712,Chile,"26,253",17.6,1%,50 : 50,University of Concepción,"Other Health,Chemistry,Business & Management,Electrical & Electronic Engineering,Geology, Environmental, Earth & Marine Sciences,Languages, Literature & Linguistics,Civil Engineering,Communication & Media Studies,Medicine & Dentistry,Veterinary Science,Sociology,History, Philosophy & Theology,Chemical Engineering,Psychology,Archaeology,Geography,Agriculture & Forestry,General Engineering,Mathematics & Statistics,Economics & Econometrics,Architecture,Biological Sciences,Law,Art, Performing Arts & Design,Mechanical & Aerospace Engineering,Physics & Astronomy,Politics & International Studies (incl Development Studies),Accounting & Finance,Computer Science,Sport Science,Education",False,False,False,
601-800,Coventry University,18.6—27.5,6460,17.0,839,9.2,851,27.7,693,32.6,870,76.1,156,master_account,0,/world-university-rankings/coventry-university,131675,United Kingdom,"21,285",13.9,41%,48 : 52,Coventry University,"Psychology,Languages, Literature & Linguistics,Sport Science,Mathematics & Statistics,General Engineering,Architecture,Chemical Engineering,Computer Science,Physics & Astronomy,Business & Management,Electrical & Electronic Engineering,Politics & International Studies (incl Development Studies),Accounting & Finance,History, Philosophy & Theology,Biological Sciences,Sociology,Civil Engineering,Geology, Environmental, Earth & Marine Sciences,Art, Performing Arts & Design,Law,Mechanical & Aerospace Engineering,Chemistry,Economics & Econometrics,Other Health,Communication & Media Studies,Geography,Education,Agriculture & Forestry",False,False,False,
601-800,Czech Technical University in Prague,18.6—27.5,6470,18.9,753,20.8,466,36.4,601,38.5,505,42.4,507,master_account,0,/world-university-rankings/czech-technical-university-prague,131322,Czechia,"22,015",13.6,15%,30 : 70,Czech Technical University in Prague,"Mathematics & Statistics,Other Health,Business & Management,Civil Engineering,Electrical & Electronic Engineering,Computer Science,Accounting & Finance,Physics & Astronomy,Chemistry,General Engineering,Economics & Econometrics,Chemical Engineering,Biological Sciences,Mechanical & Aerospace Engineering",False,False,False,
601-800,Dalian University of Technology,18.6—27.5,6480,21.8,625,20.1,486,29.3,674,81.5,72,21.0,840,master_account,0,/world-university-rankings/dalian-university-technology,941,China,"36,595",15.5,2%,34 : 66,Dalian University of Technology,"Chemical Engineering,Architecture,Electrical & Electronic Engineering,Geology, Environmental, Earth & Marine Sciences,Civil Engineering,History, Philosophy & Theology,Agriculture & Forestry,Business & Management,Computer Science,Chemistry,Art, Performing Arts & Design,Sport Science,Economics & Econometrics,General Engineering,Communication & Media Studies,Mechanical & Aerospace Engineering,Physics & Astronomy,Other Health,Mathematics & Statistics,Languages, Literature & Linguistics,Biological Sciences,Law",False,False,False,
601-800,De Montfort University,18.6—27.5,6490,16.3,865,12.4,706,37.7,588,32.8,843,62.1,275,master_account,0,/world-university-rankings/de-montfort-university,131549,United Kingdom,"16,080",18.8,23%,58 : 42,De Montfort University,"Mechanical & Aerospace Engineering,Geography,Sociology,Mathematics & Statistics,Languages, Literature & Linguistics,Civil Engineering,Electrical & Electronic Engineering,General Engineering,Education,Computer Science,Chemistry,History, Philosophy & Theology,Politics & International Studies (incl Development Studies),Art, Performing Arts & Design,Business & Management,Communication & Media Studies,Architecture,Psychology,Economics & Econometrics,Biological Sciences,Sport Science,Other Health,Law,Chemical Engineering,Accounting & Finance",False,False,False,https://www.timeshighereducation.com/student/register-interest/siuk?utm_medium=thewebsite&utm_campaign=cta-link&utm_source=rankings&iid=i-50643454
601-800,University of Delhi,18.6—27.5,6500,39.0,199,17.3,554,21.9,754,32.1,938,15.9,933,master_account,0,/world-university-rankings/university-delhi,131479,India,"22,494",20.4,1%,49 : 51,University of Delhi,"Law,Business & Management,Languages, Literature & Linguistics,Education,Communication & Media Studies,Art, Performing Arts & Design,Psychology,Computer Science,Biological Sciences,Politics & International Studies (incl Development Studies),Mathematics & Statistics,Economics & Econometrics,Geology, Environmental, Earth & Marine Sciences,Physics & Astronomy,Sociology,Chemistry,Accounting & Finance,Geography,History, Philosophy & Theology",False,False,False,
601-800,Diego Portales University,18.6—27.5,6510,11.8,977,8.5,880,52.2,450,32.8,844,48.6,421,master_account,0,/world-university-rankings/diego-portales-university,131418,Chile,"15,868",14.2,2%,48 : 52,Diego Portales University,"Business & Management,Sociology,Art, Performing Arts & Design,Law,Physics & Astronomy,Medicine & Dentistry,History, Philosophy & Theology,Architecture,Civil Engineering,Education,General Engineering,Accounting & Finance,Politics & International Studies (incl Development Studies),Communication & Media Studies,Economics & Econometrics,Other Health,Psychology,Computer Science,Languages, Literature & Linguistics",False,False,False,
601-800,Dublin Institute of Technology,18.6—27.5,6520,15.0,917,10.4,811,27.7,694,32.1,939,72.6,188,master_account,0,/world-university-rankings/dublin-institute-technology,1015,Ireland,"14,215",19.6,24%,40 : 60,Dublin Institute of Technology,"Economics & Econometrics,Physics & Astronomy,Geology, Environmental, Earth & Marine Sciences,Computer Science,Architecture,Art, Performing Arts & Design,Mechanical & Aerospace Engineering,Other Health,Law,Chemistry,Geography,Electrical & Electronic Engineering,Biological Sciences,Education,Sociology,General Engineering,Communication & Media Studies,Mathematics & Statistics,Civil Engineering,Languages, Literature & Linguistics,Accounting & Finance,Business & Management",False,False,False,
601-800,University of East London,18.6—27.5,6530,18.8,758,12.8,692,11.7,885,32.2,922,76.7,152,master_account,0,/world-university-rankings/university-east-london,131563,United Kingdom,"13,185",23.3,33%,60 : 40,University of East London,"Economics & Econometrics,Electrical & Electronic Engineering,Mechanical & Aerospace Engineering,Law,Civil Engineering,Business & Management,Art, Performing Arts & Design,Sport Science,Chemistry,Accounting & Finance,Biological Sciences,Psychology,Education,Computer Science,General Engineering,Sociology,Architecture,Politics & International Studies (incl Development Studies),Communication & Media Studies",False,False,False,https://www.timeshighereducation.com/student/register-interest/siuk?utm_medium=thewebsite&utm_campaign=cta-link&utm_source=rankings&iid=i-53004296
601-800,Eastern Mediterranean University,18.6—27.5,6540,13.3,965,7.7,918,24.1,724,32.8,845,71.5,195,master_account,0,/world-university-rankings/eastern-mediterranean-university,587619,Northern Cyprus,"16,053",31.5,34%,37 : 63,Eastern Mediterranean University emu,"Archaeology,Medicine & Dentistry,Sport Science,Economics & Econometrics,Psychology,Architecture,Civil Engineering,Business & Management,Other Health,Languages, Literature & Linguistics,Art, Performing Arts & Design,Mathematics & Statistics,Politics & International Studies (incl Development Studies),Law,Communication & Media Studies,Chemistry,Education,Biological Sciences,Physics & Astronomy,Accounting & Finance,Electrical & Electronic Engineering,Mechanical & Aerospace Engineering,Computer Science",False,False,False,
601-800,Edinburgh Napier University,18.6—27.5,6550,14.2,946,10.6,802,23.6,731,35.1,683,73.6,179,master_account,0,/world-university-rankings/edinburgh-napier-university,131529,United Kingdom,"10,645",20.5,31%,56 : 44,Edinburgh Napier University,"Computer Science,Mechanical & Aerospace Engineering,Law,Sociology,Languages, Literature & Linguistics,Architecture,Geology, Environmental, Earth & Marine Sciences,Other Health,Psychology,Education,Communication & Media Studies,Sport Science,Electrical & Electronic Engineering,Business & Management,Biological Sciences,Art, Performing Arts & Design,Accounting & Finance,Civil Engineering",False,False,False,
601-800,Ehime University,18.6—27.5,6560,24.3,522,29.5,292,18.2,799,37.5,544,24.5,773,master_account,0,/world-university-rankings/ehime-university,131814,Japan,"9,597",11.3,3%,37 : 63,Ehime University,"Geology, Environmental, Earth & Marine Sciences,Agriculture & Forestry,Accounting & Finance,Psychology,History, Philosophy & Theology,General Engineering,Other Health,Geography,Sociology,Mathematics & Statistics,Business & Management,Education,Languages, Literature & Linguistics,Communication & Media Studies,Civil Engineering,Mechanical & Aerospace Engineering,Electrical & Electronic Engineering,Chemistry,Economics & Econometrics,Biological Sciences,Law,Medicine & Dentistry,Architecture,Politics & International Studies (incl Development Studies),Sport Science,Art, Performing Arts & Design,Chemical Engineering,Archaeology,Physics & Astronomy,Computer Science",False,False,False,
601-800,Eötvös Loránd University,18.6—27.5,6570,20.7,675,11.8,733,34.8,621,32.9,828,46.5,452,master_account,11,/world-university-rankings/eotvos-lorand-university,131314,Hungary,"24,868",15.7,7%,63 : 37,Eötvös Loránd University,"Computer Science,Politics & International Studies (incl Development Studies),Languages, Literature & Linguistics,Physics & Astronomy,Psychology,Art, Performing Arts & Design,Mathematics & Statistics,Business & Management,Archaeology,Communication & Media Studies,Mechanical & Aerospace Engineering,Sociology,Agriculture & Forestry,Geography,Sport Science,Education,History, Philosophy & Theology,Chemistry,Accounting & Finance,Other Health,Geology, Environmental, Earth & Marine Sciences,Economics & Econometrics,Biological Sciences,Law",False,False,False,
601-800,Universidade Federal do ABC (UFABC),18.6—27.5,6580,14.9,923,12.8,693,33.4,632,36.4,601,31.9,663,master_account,0,/world-university-rankings/universidade-federal-do-abc-ufabc,584718,Brazil,"11,423",20.8,1%,,Universidade Federal do ABC (UFABC),"Politics & International Studies (incl Development Studies),Agriculture & Forestry,Other Health,Computer Science,History, Philosophy & Theology,General Engineering,Mechanical & Aerospace Engineering,Economics & Econometrics,Mathematics & Statistics,Geography,Electrical & Electronic Engineering,Physics & Astronomy,Sociology,Chemistry,Education,Biological Sciences,Civil Engineering",False,False,False,
601-800,Federal University of Minas Gerais,18.6—27.5,6590,30.6,354,14.3,640,25.5,710,33.6,771,22.7,801,master_account,0,/world-university-rankings/federal-university-minas-gerais,131770,Brazil,"42,240",14.1,1%,55 : 45,Federal University of Minas Gerais,"Psychology,Biological Sciences,Civil Engineering,Mechanical & Aerospace Engineering,Mathematics & Statistics,Geography,Other Health,Communication & Media Studies,Sport Science,Law,Architecture,Computer Science,General Engineering,History, Philosophy & Theology,Chemistry,Physics & Astronomy,Veterinary Science,Art, Performing Arts & Design,Electrical & Electronic Engineering,Agriculture & Forestry,Medicine & Dentistry,Archaeology,Languages, Literature & Linguistics,Chemical Engineering,Politics & International Studies (incl Development Studies),Accounting & Finance,Sociology,Education,Business & Management,Economics & Econometrics,Geology, Environmental, Earth & Marine Sciences",False,False,False,
601-800,Universidade Federal do Paraná (UFPR),18.6—27.5,6600,24.3,523,23.9,399,8.0,936,32.1,942,17.2,912,master_account,0,/world-university-rankings/universidade-federal-do-parana-ufpr,131706,Brazil,"23,673",11.3,1%,54 : 46,Universidade Federal do Paraná (UFPR),"General Engineering,Agriculture & Forestry,Electrical & Electronic Engineering,Chemical Engineering,History, Philosophy & Theology,Computer Science,Physics & Astronomy,Economics & Econometrics,Medicine & Dentistry,Biological Sciences,Sociology,Architecture,Education,Civil Engineering,Communication & Media Studies,Business & Management,Mathematics & Statistics,Law,Sport Science,Chemistry,Accounting & Finance,Other Health,Art, Performing Arts & Design,Veterinary Science,Languages, Literature & Linguistics,Mechanical & Aerospace Engineering,Geology, Environmental, Earth & Marine Sciences,Psychology,Geography",False,False,False,
601-800,Universidade Federal do Rio Grande do Sul,18.6—27.5,6610,31.0,345,10.8,791,23.9,727,32.1,944,21.5,829,master_account,0,/world-university-rankings/universidade-federal-do-rio-grande-do-sul,131512,Brazil,"38,897",14.1,1%,51 : 49,Universidade Federal do Rio Grande do Sul,"Sport Science,Psychology,Geography,Other Health,Electrical & Electronic Engineering,Communication & Media Studies,Agriculture & Forestry,Art, Performing Arts & Design,Law,Medicine & Dentistry,Computer Science,History, Philosophy & Theology,Veterinary Science,Accounting & Finance,Economics & Econometrics,Chemical Engineering,Physics & Astronomy,Geology, Environmental, Earth & Marine Sciences,Architecture,Mechanical & Aerospace Engineering,Mathematics & Statistics,Politics & International Studies (incl Development Studies),Languages, Literature & Linguistics,General Engineering,Chemistry,Business & Management,Civil Engineering,Education,Biological Sciences,Sociology",False,False,False,
601-800,Federal University of Rio de Janeiro,18.6—27.5,6620,31.1,341,15.7,599,20.1,777,41.7,401,27.9,725,master_account,0,/world-university-rankings/federal-university-rio-de-janeiro,987,Brazil,"53,377",12.9,2%,54 : 46,Federal University of Rio de Janeiro,"Electrical & Electronic Engineering,General Engineering,Chemistry,Business & Management,Accounting & Finance,Art, Performing Arts & Design,Politics & International Studies (incl Development Studies),Economics & Econometrics,Computer Science,Mechanical & Aerospace Engineering,Mathematics & Statistics,Communication & Media Studies,Chemical Engineering,Architecture,Agriculture & Forestry,History, Philosophy & Theology,Archaeology,Languages, Literature & Linguistics,Geography,Geology, Environmental, Earth & Marine Sciences,Other Health,Medicine & Dentistry,Civil Engineering,Law,Physics & Astronomy,Sociology,Psychology,Sport Science,Biological Sciences,Education",False,False,False,
601-800,Universidade Federal de Santa Catarina,18.6—27.5,6630,25.3,488,12.4,707,20.1,778,54.0,205,24.4,778,master_account,0,/world-university-rankings/universidade-federal-de-santa-catarina,131416,Brazil,"33,360",14.3,3%,44 : 56,Universidade Federal de Santa Catarina,"Geography,Chemical Engineering,Languages, Literature & Linguistics,Veterinary Science,Psychology,Education,Mechanical & Aerospace Engineering,Architecture,Electrical & Electronic Engineering,History, Philosophy & Theology,Agriculture & Forestry,Computer Science,Sociology,Sport Science,Art, Performing Arts & Design,Civil Engineering,Geology, Environmental, Earth & Marine Sciences,Accounting & Finance,Medicine & Dentistry,Mathematics & Statistics,General Engineering,Politics & International Studies (incl Development Studies),Business & Management,Economics & Econometrics,Biological Sciences,Physics & Astronomy,Other Health,Law,Chemistry,Communication & Media Studies",False,False,False,
601-800,Universidade Federal de São Paulo (UNIFESP),18.6—27.5,6640,37.5,227,19.1,508,26.8,700,32.1,946,22.3,810,master_account,0,/world-university-rankings/universidade-federal-de-sao-paulo-unifesp,583809,Brazil,"12,525",8.4,1%,62 : 38,Universidade Federal de São Paulo (UNIFESP),"Languages, Literature & Linguistics,Geography,Medicine & Dentistry,Accounting & Finance,Art, Performing Arts & Design,Physics & Astronomy,Mathematics & Statistics,Business & Management,Chemistry,Sociology,General Engineering,Education,Geology, Environmental, Earth & Marine Sciences,History, Philosophy & Theology,Sport Science,Psychology,Law,Other Health,Politics & International Studies (incl Development Studies),Economics & Econometrics,Computer Science,Biological Sciences,Chemical Engineering",False,False,False,
601-800,Feng Chia University,18.6—27.5,6650,14.8,927,15.6,604,36.0,604,38.0,521,26.0,750,master_account,0,/world-university-rankings/feng-chia-university,911,Taiwan,"20,848",24.6,9%,37 : 63,Feng Chia University,"Politics & International Studies (incl Development Studies),Mechanical & Aerospace Engineering,Chemistry,Accounting & Finance,Electrical & Electronic Engineering,Civil Engineering,Law,Mathematics & Statistics,Architecture,Physics & Astronomy,Chemical Engineering,Art, Performing Arts & Design,Economics & Econometrics,Geology, Environmental, Earth & Marine Sciences,General Engineering,Computer Science,Languages, Literature & Linguistics,Geography,Business & Management,Sociology,History, Philosophy & Theology,Communication & Media Studies",False,False,False,
601-800,Florida Institute of Technology,18.6—27.5,6660,25.5,480,13.4,669,28.8,680,36.6,594,60.6,282,private,0,/world-university-rankings/florida-institute-technology,873,United States,"4,715",14.0,30%,33 : 67,Florida Institute of Technology,"Geology, Environmental, Earth & Marine Sciences,Mechanical & Aerospace Engineering,Electrical & Electronic Engineering,Mathematics & Statistics,Languages, Literature & Linguistics,Civil Engineering,Psychology,Chemical Engineering,Business & Management,Accounting & Finance,Chemistry,Computer Science,Education,Biological Sciences,Physics & Astronomy,Communication & Media Studies,General Engineering,History, Philosophy & Theology",False,False,False,https://www.timeshighereducation.com/student/register-interest/shorelight?utm_medium=thewebsite&utm_campaign=cta-link&utm_source=rankings&iid=i-81668434
601-800,University of La Frontera,18.6—27.5,6670,14.3,944,10.2,817,22.8,741,53.0,214,40.9,532,master_account,0,/world-university-rankings/university-la-frontera,584730,Chile,"9,731",24.9,1%,44 : 56,University of La Frontera,"Other Health,Mathematics & Statistics,Computer Science,Geology, Environmental, Earth & Marine Sciences,Psychology,Medicine & Dentistry,Biological Sciences,Languages, Literature & Linguistics,Sport Science,Civil Engineering,Sociology,Chemical Engineering,Education,Veterinary Science,Agriculture & Forestry,Communication & Media Studies,Accounting & Finance,General Engineering,Chemistry,Law,Electrical & Electronic Engineering,Geography",False,False,False,
601-800,University of Ghana,18.6—27.5,6680,16.1,872,24.7,369,19.5,785,34.8,701,49.5,410,master_account,0,/world-university-rankings/university-ghana,131352,Ghana,"37,804",31.7,2%,44 : 56,University of Ghana,"Sport Science,Law,Art, Performing Arts & Design,Physics & Astronomy,Business & Management,Languages, Literature & Linguistics,General Engineering,Politics & International Studies (incl Development Studies),Economics & Econometrics,Other Health,Communication & Media Studies,Veterinary Science,Education,Archaeology,Computer Science,Mathematics & Statistics,Psychology,Biological Sciences,Geography,Agriculture & Forestry,Sociology,Medicine & Dentistry,Geology, Environmental, Earth & Marine Sciences,Accounting & Finance,History, Philosophy & Theology,Chemistry",False,False,False,
601-800,Glasgow Caledonian University,18.6—27.5,6690,18.0,801,10.7,799,38.8,575,33.2,808,59.3,299,master_account,0,/world-university-rankings/glasgow-caledonian-university,131275,United Kingdom,"13,730",21.8,18%,59 : 41,Glasgow Caledonian University,"Psychology,Other Health,Business & Management,Electrical & Electronic Engineering,Politics & International Studies (incl Development Studies),Law,Biological Sciences,Sociology,Computer Science,Accounting & Finance,Communication & Media Studies,Civil Engineering,Economics & Econometrics,Mechanical & Aerospace Engineering,General Engineering",False,False,False,https://www.timeshighereducation.com/student/into-university-partnerships?utm_medium=thewebsite&utm_campaign=cta-link&utm_source=rankings&iid=i-01901723
601-800,University of Greenwich,18.6—27.5,6700,15.4,907,11.2,768,35.9,605,33.4,790,82.9,109,master_account,0,/world-university-rankings/university-greenwich,131553,United Kingdom,"15,210",19.6,34%,54 : 46,University of Greenwich,"Sport Science,Accounting & Finance,Business & Management,Electrical & Electronic Engineering,Politics & International Studies (incl Development Studies),Biological Sciences,Veterinary Science,Other Health,Languages, Literature & Linguistics,History, Philosophy & Theology,Art, Performing Arts & Design,Chemistry,Law,Education,Civil Engineering,Chemical Engineering,Computer Science,Mathematics & Statistics,Sociology,Agriculture & Forestry,Economics & Econometrics,Architecture,Psychology,Mechanical & Aerospace Engineering,Geology, Environmental, Earth & Marine Sciences,General Engineering,Communication & Media Studies",False,False,False,https://www.timeshighereducation.com/student/register-interest/siuk?utm_medium=thewebsite&utm_campaign=cta-link&utm_source=rankings&iid=i-51279343
601-800,Hacettepe University,18.6—27.5,6710,20.3,689,10.5,807,36.5,599,32.6,871,21.9,823,master_account,0,/world-university-rankings/hacettepe-university,996,Turkey,"38,109",18.2,5%,57 : 43,Hacettepe University,"Economics & Econometrics,Biological Sciences,Business & Management,Mathematics & Statistics,Languages, Literature & Linguistics,Law,Computer Science,Art, Performing Arts & Design,Mechanical & Aerospace Engineering,Education,Medicine & Dentistry,Geology, Environmental, Earth & Marine Sciences,Sport Science,History, Philosophy & Theology,Civil Engineering,Electrical & Electronic Engineering,Sociology,Architecture,General Engineering,Accounting & Finance,Other Health,Psychology,Physics & Astronomy,Chemical Engineering,Archaeology,Communication & Media Studies,Chemistry,Politics & International Studies (incl Development Studies)",False,False,False,
601-800,University of Haifa,18.6—27.5,6720,22.2,608,24.7,370,27.7,695,33.7,761,35.3,615,master_account,0,/world-university-rankings/university-haifa,131280,Israel,"17,871",30.1,1%,65 : 35,University of Haifa,"Physics & Astronomy,Geography,Computer Science,Business & Management,Other Health,Art, Performing Arts & Design,Sociology,Accounting & Finance,Languages, Literature & Linguistics,Biological Sciences,Politics & International Studies (incl Development Studies),Economics & Econometrics,Communication & Media Studies,Psychology,Mathematics & Statistics,History, Philosophy & Theology,Education,Archaeology,Geology, Environmental, Earth & Marine Sciences,Law",False,False,False,
601-800,Hofstra University,18.6—27.5,6730,35.8,251,4.8,972,18.9,792,32.1,949,26.6,742,private,0,/world-university-rankings/hofstra-university,131554,United States,"9,920",14.2,10%,55 : 45,Hofstra University,"Agriculture & Forestry,History, Philosophy & Theology,Communication & Media Studies,Geology, Environmental, Earth & Marine Sciences,Other Health,Chemistry,Civil Engineering,General Engineering,Psychology,Medicine & Dentistry,Computer Science,Economics & Econometrics,Sociology,Art, Performing Arts & Design,Electrical & Electronic Engineering,Mathematics & Statistics,Biological Sciences,Mechanical & Aerospace Engineering,Law,Politics & International Studies (incl Development Studies),Accounting & Finance,Languages, Literature & Linguistics,Sport Science,Geography,Business & Management,Education,Physics & Astronomy",False,False,False,
601-800,University of Huddersfield,18.6—27.5,6740,18.3,784,12.6,699,24.5,719,32.9,831,63.6,259,master_account,0,/world-university-rankings/university-huddersfield,131570,United Kingdom,"15,035",18.1,26%,55 : 45,University of Huddersfield,"Sport Science,Civil Engineering,Languages, Literature & Linguistics,Geography,Law,Physics & Astronomy,Psychology,General Engineering,Chemical Engineering,Mathematics & Statistics,Art, Performing Arts & Design,History, Philosophy & Theology,Business & Management,Education,Architecture,Biological Sciences,Communication & Media Studies,Mechanical & Aerospace Engineering,Sociology,Electrical & Electronic Engineering,Accounting & Finance,Other Health,Economics & Econometrics,Chemistry,Geology, Environmental, Earth & Marine Sciences,Computer Science",False,False,False,https://www.timeshighereducation.com/student/register-interest/siuk?utm_medium=thewebsite&utm_campaign=cta-link&utm_source=rankings&iid=i-54896541
601-800,Hunan University,18.6—27.5,6750,17.0,840,17.0,563,34.8,622,45.2,317,16.2,930,master_account,0,/world-university-rankings/hunan-university,981,China,"43,684",24.5,2%,45 : 55,Hunan University,"General Engineering,Biological Sciences,Education,Economics & Econometrics,Civil Engineering,Physics & Astronomy,Architecture,Accounting & Finance,History, Philosophy & Theology,Communication & Media Studies,Computer Science,Mathematics & Statistics,Geology, Environmental, Earth & Marine Sciences,Law,Art, Performing Arts & Design,Electrical & Electronic Engineering,Politics & International Studies (incl Development Studies),Mechanical & Aerospace Engineering,Business & Management,Chemical Engineering,Chemistry,Languages, Literature & Linguistics",False,False,False,
601-800,ISCTE-University Institute of Lisbon,18.6—27.5,6760,24.8,512,23.2,415,15.2,835,36.9,578,45.2,469,master_account,0,/world-university-rankings/iscte-university-institute-lisbon,131500,Portugal,"8,926",26.7,11%,50 : 50,ISCTE-University Institute of Lisbon,"Economics & Econometrics,Sociology,History, Philosophy & Theology,Business & Management,Electrical & Electronic Engineering,Politics & International Studies (incl Development Studies),Accounting & Finance,Psychology,Architecture,Communication & Media Studies,Computer Science",False,False,False,
601-800,Indian Institute of Technology Guwahati,18.6—27.5,6770,26.6,454,16.6,575,42.1,543,35.4,664,14.6,961,master_account,0,/world-university-rankings/indian-institute-technology-guwahati,977,India,"4,959",13.3,1%,15 : 85,Indian Institute of Technology Guwahati,"Mathematics & Statistics,Mechanical & Aerospace Engineering,Agriculture & Forestry,Business & Management,Politics & International Studies (incl Development Studies),Computer Science,Psychology,Chemical Engineering,Physics & Astronomy,Electrical & Electronic Engineering,Biological Sciences,Chemistry,Art, Performing Arts & Design,Sociology,Architecture,Languages, Literature & Linguistics,Civil Engineering,History, Philosophy & Theology,Geology, Environmental, Earth & Marine Sciences,General Engineering,Economics & Econometrics,Veterinary Science",False,False,False,
601-800,Inha University,18.6—27.5,6780,21.3,649,19.8,491,23.3,738,59.9,172,25.2,763,master_account,0,/world-university-rankings/inha-university,949,South Korea,"20,190",24.0,3%,37 : 63,Inha University,"Economics & Econometrics,Biological Sciences,Accounting & Finance,Architecture,Education,Mechanical & Aerospace Engineering,Law,Civil Engineering,Mathematics & Statistics,Physics & Astronomy,Languages, Literature & Linguistics,Art, Performing Arts & Design,Archaeology,Communication & Media Studies,Medicine & Dentistry,Sport Science,Electrical & Electronic Engineering,General Engineering,Chemistry,Computer Science,Psychology,History, Philosophy & Theology,Geology, Environmental, Earth & Marine Sciences,Business & Management,Chemical Engineering,Other Health,Politics & International Studies (incl Development Studies)",False,False,False,
601-800,Isfahan University of Technology,18.6—27.5,6790,19.5,724,20.0,488,38.4,581,89.8,49,18.9,874,master_account,0,/world-university-rankings/isfahan-university-technology,953,Iran,"9,182",19.5,1%,40 : 60,Isfahan University of Technology,"Physics & Astronomy,General Engineering,Veterinary Science,Civil Engineering,Agriculture & Forestry,Electrical & Electronic Engineering,Chemistry,Mechanical & Aerospace Engineering,Chemical Engineering,Mathematics & Statistics,Geology, Environmental, Earth & Marine Sciences,Computer Science,Biological Sciences",False,False,False,
601-800,Istanbul University,18.6—27.5,6800,22.5,593,23.6,409,11.8,884,52.4,220,22.2,815,master_account,0,/world-university-rankings/istanbul-university,993,Turkey,"90,614",43.8,6%,49 : 51,Istanbul University,"Business & Management,Languages, Literature & Linguistics,Physics & Astronomy,Other Health,Law,Accounting & Finance,Geography,Medicine & Dentistry,Communication & Media Studies,Archaeology,Computer Science,History, Philosophy & Theology,Biological Sciences,Psychology,Art, Performing Arts & Design,Architecture,Mathematics & Statistics,Economics & Econometrics,Sociology,Geology, Environmental, Earth & Marine Sciences,Politics & International Studies (incl Development Studies),Chemistry",False,False,False,
601-800,Jagiellonian University,18.6—27.5,6810,23.8,542,14.7,630,38.1,585,33.6,772,34.6,624,master_account,0,/world-university-rankings/jagiellonian-university,783,Poland,"41,788",11.8,6%,68 : 32,Jagiellonian University,"Economics & Econometrics,Computer Science,Geology, Environmental, Earth & Marine Sciences,Psychology,Biological Sciences,Archaeology,Geography,Medicine & Dentistry,Business & Management,History, Philosophy & Theology,Education,Communication & Media Studies,Physics & Astronomy,Other Health,Law,Accounting & Finance,Chemistry,Politics & International Studies (incl Development Studies),Sociology,Languages, Literature & Linguistics,Mathematics & Statistics,Art, Performing Arts & Design",False,False,False,
601-800,University of Jaén,18.6—27.5,6820,13.7,957,10.9,785,50.1,473,34.2,733,25.9,752,master_account,0,/world-university-rankings/university-jaen,589253,Spain,"16,665",20.1,3%,54 : 46,University of Jaén,"Biological Sciences,Civil Engineering,Other Health,History, Philosophy & Theology,Computer Science,Electrical & Electronic Engineering,Chemistry,Psychology,Economics & Econometrics,Archaeology,Accounting & Finance,Education,Mechanical & Aerospace Engineering,Business & Management,Geology, Environmental, Earth & Marine Sciences,Languages, Literature & Linguistics,Law,Geography,Chemical Engineering,Medicine & Dentistry,General Engineering",False,False,False,
601-800,The Jikei University School of Medicine,18.6—27.5,6830,32.4,318,10.9,786,15.2,837,35.3,671,13.9,973,master_account,0,/world-university-rankings/jikei-university-school-medicine,589292,Japan,"1,053",2.4,0%,44 : 56,The Jikei University School of Medicine,"Other Health,Medicine & Dentistry",False,False,False,
601-800,Jilin University,18.6—27.5,6840,28.1,409,15.9,590,20.5,772,42.2,387,25.2,765,master_account,0,/world-university-rankings/jilin-university,1044,China,"66,668",13.8,3%,46 : 54,Jilin University,"Medicine & Dentistry,Veterinary Science,Geography,Languages, Literature & Linguistics,Civil Engineering,Geology, Environmental, Earth & Marine Sciences,Architecture,Chemical Engineering,Politics & International Studies (incl Development Studies),History, Philosophy & Theology,Agriculture & Forestry,Sociology,Computer Science,Sport Science,Law,General Engineering,Physics & Astronomy,Education,Art, Performing Arts & Design,Electrical & Electronic Engineering,Communication & Media Studies,Accounting & Finance,Archaeology,Biological Sciences,Psychology,Other Health,Mathematics & Statistics,Business & Management,Mechanical & Aerospace Engineering,Chemistry,Economics & Econometrics",False,False,False,
601-800,University of Johannesburg,18.6—27.5,6850,16.7,851,18.4,530,23.5,732,37.4,551,43.2,496,master_account,0,/world-university-rankings/university-johannesburg,1036,South Africa,"38,156",31.5,4%,55 : 45,University of Johannesburg Johannesburg University UJ UOJ,"Languages, Literature & Linguistics,Electrical & Electronic Engineering,Communication & Media Studies,Other Health,Chemical Engineering,Sociology,Mechanical & Aerospace Engineering,Mathematics & Statistics,Psychology,Chemistry,Accounting & Finance,General Engineering,Sport Science,Education,Physics & Astronomy,Business & Management,History, Philosophy & Theology,Civil Engineering,Politics & International Studies (incl Development Studies),Architecture,Biological Sciences,Law,Computer Science,Agriculture & Forestry,Geography,Art, Performing Arts & Design,Geology, Environmental, Earth & Marine Sciences,Economics & Econometrics",False,False,False,
601-800,Jordan University of Science and Technology,18.6—27.5,6860,10.4,980,7.6,925,50.2,471,33.2,811,62.4,271,master_account,0,/world-university-rankings/jordan-university-science-and-technology,131603,Jordan,"24,889",21.5,20%,56 : 44,Jordan University of Science and Technology,"Architecture,Agriculture & Forestry,Civil Engineering,Computer Science,General Engineering,Veterinary Science,Chemical Engineering,Biological Sciences,Other Health,Mechanical & Aerospace Engineering,Electrical & Electronic Engineering,Chemistry,Languages, Literature & Linguistics,Mathematics & Statistics,Physics & Astronomy,Medicine & Dentistry",False,False,False,
601-800,Juntendo University,18.6—27.5,6870,34.5,274,11.3,766,23.5,733,49.1,260,18.3,892,master_account,0,/world-university-rankings/juntendo-university,930,Japan,"4,054",3.7,1%,51 : 49,Juntendo University,"Education,Politics & International Studies (incl Development Studies),Sociology,Communication & Media Studies,Computer Science,Other Health,Sport Science,Languages, Literature & Linguistics,Biological Sciences,Medicine & Dentistry,Economics & Econometrics",False,False,False,
601-800,K.N. Toosi University of Technology,18.6—27.5,6880,18.9,754,13.2,679,28.0,691,43.0,372,14.3,968,master_account,0,/world-university-rankings/kn-toosi-university-technology,131757,Iran,"7,050",17.4,0%,32 : 68,K.N. Toosi University of Technology,"Chemistry,Mathematics & Statistics,Business & Management,Electrical & Electronic Engineering,Mechanical & Aerospace Engineering,Accounting & Finance,Civil Engineering,General Engineering,Computer Science,Physics & Astronomy",False,False,False,
601-800,Kanazawa University,18.6—27.5,6890,27.5,422,16.0,586,36.6,598,34.2,734,20.3,847,master_account,0,/world-university-rankings/kanazawa-university,954,Japan,"10,500",10.3,5%,36 : 64,Kanazawa University,"Mechanical & Aerospace Engineering,Art, Performing Arts & Design,Civil Engineering,Mathematics & Statistics,General Engineering,Geology, Environmental, Earth & Marine Sciences,Architecture,Accounting & Finance,Law,Archaeology,Politics & International Studies (incl Development Studies),History, Philosophy & Theology,Chemical Engineering,Languages, Literature & Linguistics,Business & Management,Geography,Biological Sciences,Sociology,Economics & Econometrics,Medicine & Dentistry,Sport Science,Computer Science,Communication & Media Studies,Other Health,Psychology,Chemistry,Electrical & Electronic Engineering,Physics & Astronomy,Education",False,False,False,
601-800,Kaohsiung Medical University,18.6—27.5,6900,20.5,684,18.5,524,25.4,712,35.2,676,22.1,819,master_account,0,/world-university-rankings/kaohsiung-medical-university,131495,Taiwan,"6,981",12.0,5%,56 : 44,Kaohsiung Medical University,"Biological Sciences,Medicine & Dentistry,Sociology,Other Health",False,False,False,
601-800,Universiti Kebangsaan Malaysia,18.6—27.5,6910,30.6,355,18.6,521,11.1,895,34.0,744,33.8,638,master_account,0,/world-university-rankings/universiti-kebangsaan-malaysia,920,Malaysia,"20,427",11.8,10%,66 : 34,Universiti Kebangsaan Malaysia,"Electrical & Electronic Engineering,Education,Computer Science,Geology, Environmental, Earth & Marine Sciences,Business & Management,General Engineering,Chemistry,Medicine & Dentistry,Sport Science,Law,History, Philosophy & Theology,Biological Sciences,Communication & Media Studies,Mechanical & Aerospace Engineering,Civil Engineering,Accounting & Finance,Architecture,Mathematics & Statistics,Sociology,Languages, Literature & Linguistics,Other Health,Psychology,Archaeology,Physics & Astronomy,Geography,Chemical Engineering,Politics & International Studies (incl Development Studies),Economics & Econometrics",False,False,False,
601-800,Keio University,18.6—27.5,6920,30.3,362,20.7,469,30.5,664,40.9,430,25.9,753,master_account,0,/world-university-rankings/keio-university,785,Japan,"34,594",11.0,6%,34 : 66,Keio University,"Sport Science,Education,Archaeology,Biological Sciences,Geography,Economics & Econometrics,History, Philosophy & Theology,Civil Engineering,Law,Other Health,Physics & Astronomy,Psychology,Languages, Literature & Linguistics,Mechanical & Aerospace Engineering,Politics & International Studies (incl Development Studies),Accounting & Finance,Art, Performing Arts & Design,Electrical & Electronic Engineering,Communication & Media Studies,Computer Science,Chemistry,General Engineering,Geology, Environmental, Earth & Marine Sciences,Medicine & Dentistry,Mathematics & Statistics,Business & Management,Architecture,Chemical Engineering,Sociology",False,False,False,
601-800,University Rey Juan Carlos,18.6—27.5,6930,14.8,929,9.5,845,35.3,616,35.0,689,39.2,562,master_account,0,/world-university-rankings/university-rey-juan-carlos,587961,Spain,"33,335",26.6,10%,57 : 43,University Rey Juan Carlos,"Computer Science,Sociology,Accounting & Finance,Biological Sciences,Languages, Literature & Linguistics,Chemistry,Psychology,Mechanical & Aerospace Engineering,Physics & Astronomy,Business & Management,History, Philosophy & Theology,Law,Sport Science,Architecture,Communication & Media Studies,Politics & International Studies (incl Development Studies),Mathematics & Statistics,Education,General Engineering,Electrical & Electronic Engineering,Economics & Econometrics,Chemical Engineering,Other Health,Geology, Environmental, Earth & Marine Sciences,Art, Performing Arts & Design,Medicine & Dentistry",False,False,False,
601-800,King Mongkut’s University of Technology Thonburi,18.6—27.5,6940,16.6,854,11.4,755,42.1,544,80.3,75,28.8,705,master_account,0,/world-university-rankings/king-mongkuts-university-technology-thonburi,901,Thailand,"16,801",22.8,1%,57 : 43,King Mongkut’s University of Technology Thonburi,"Education,Computer Science,Civil Engineering,Electrical & Electronic Engineering,Architecture,General Engineering,Chemistry,Business & Management,Accounting & Finance,Agriculture & Forestry,Biological Sciences,Communication & Media Studies,Mathematics & Statistics,Languages, Literature & Linguistics,Chemical Engineering,Mechanical & Aerospace Engineering,Geology, Environmental, Earth & Marine Sciences,Physics & Astronomy",False,False,False,
601-800,Kingston University,18.6—27.5,6950,16.6,855,14.2,644,27.5,696,32.7,857,79.7,125,master_account,0,/world-university-rankings/kingston-university,131579,United Kingdom,"18,255",21.7,35%,55 : 45,Kingston University,"History, Philosophy & Theology,Mechanical & Aerospace Engineering,Civil Engineering,Economics & Econometrics,Biological Sciences,Sociology,Chemistry,Education,Architecture,Psychology,Geography,Languages, Literature & Linguistics,Law,Art, Performing Arts & Design,Computer Science,Communication & Media Studies,Chemical Engineering,Business & Management,Other Health,Sport Science,Geology, Environmental, Earth & Marine Sciences,General Engineering,Accounting & Finance",False,False,False,https://www.timeshighereducation.com/student/register-interest/siuk?utm_medium=thewebsite&utm_campaign=cta-link&utm_source=rankings&iid=i-56928712
601-800,Kindai University,18.6—27.5,6960,18.8,760,8.3,890,33.0,639,35.6,644,17.9,899,master_account,0,/world-university-rankings/kindai-university,131589,Japan,"32,010",12.4,2%,29 : 71,Kindai University,"Other Health,Economics & Econometrics,Civil Engineering,Art, Performing Arts & Design,Business & Management,Biological Sciences,Chemical Engineering,Agriculture & Forestry,History, Philosophy & Theology,Electrical & Electronic Engineering,Languages, Literature & Linguistics,Sociology,Mathematics & Statistics,Mechanical & Aerospace Engineering,Physics & Astronomy,Architecture,Computer Science,Accounting & Finance,General Engineering,Politics & International Studies (incl Development Studies),Law,Communication & Media Studies,Medicine & Dentistry,Chemistry",False,False,False,
601-800,Kobe University,18.6—27.5,6970,29.3,385,19.2,505,25.3,714,41.5,410,22.7,803,master_account,0,/world-university-rankings/kobe-university,833,Japan,"15,779",8.1,6%,34 : 66,Kobe University,"Chemical Engineering,Art, Performing Arts & Design,Geology, Environmental, Earth & Marine Sciences,Medicine & Dentistry,Sociology,Biological Sciences,History, Philosophy & Theology,Education,Mathematics & Statistics,Sport Science,Physics & Astronomy,Archaeology,Veterinary Science,Civil Engineering,Economics & Econometrics,Communication & Media Studies,Computer Science,Languages, Literature & Linguistics,Geography,Accounting & Finance,Psychology,Other Health,Politics & International Studies (incl Development Studies),General Engineering,Chemistry,Law,Mechanical & Aerospace Engineering,Electrical & Electronic Engineering,Business & Management,Agriculture & Forestry,Architecture",False,False,False,
601-800,Kochi University,18.6—27.5,6980,20.0,703,9.4,848,42.7,540,39.6,467,25.9,754,master_account,0,/world-university-rankings/kochi-university,589316,Japan,"5,608",9.1,1%,46 : 54,Kochi University,"History, Philosophy & Theology,Sociology,Biological Sciences,Mathematics & Statistics,Chemistry,Accounting & Finance,Law,Geology, Environmental, Earth & Marine Sciences,Other Health,Computer Science,Education,Agriculture & Forestry,Communication & Media Studies,Languages, Literature & Linguistics,Geography,Physics & Astronomy,Politics & International Studies (incl Development Studies),Medicine & Dentistry,Psychology,Business & Management",False,False,False,
601-800,Konkuk University,18.6—27.5,6990,23.8,543,24.5,381,20.2,775,36.7,587,24.0,786,master_account,0,/world-university-rankings/konkuk-university,950,South Korea,"26,890",31.5,6%,48 : 52,Konkuk University,"Accounting & Finance,Chemical Engineering,Geology, Environmental, Earth & Marine Sciences,Agriculture & Forestry,Law,Sociology,Physics & Astronomy,Geography,Mechanical & Aerospace Engineering,Medicine & Dentistry,Languages, Literature & Linguistics,Civil Engineering,Business & Management,Politics & International Studies (incl Development Studies),General Engineering,Communication & Media Studies,Mathematics & Statistics,History, Philosophy & Theology,Art, Performing Arts & Design,Sport Science,Other Health,Veterinary Science,Biological Sciences,Architecture,Electrical & Electronic Engineering,Education,Economics & Econometrics,Chemistry,Computer Science,Psychology",False,False,False,
601-800,Kumamoto University,18.6—27.5,7000,25.8,475,12.3,714,31.3,655,43.4,361,24.3,779,master_account,0,/world-university-rankings/kumamoto-university,131520,Japan,"10,221",7.5,5%,37 : 63,Kumamoto University,"Architecture,Geography,Medicine & Dentistry,Chemical Engineering,Archaeology,Psychology,History, Philosophy & Theology,Chemistry,Law,Communication & Media Studies,Civil Engineering,Computer Science,Sociology,Electrical & Electronic Engineering,Other Health,Geology, Environmental, Earth & Marine Sciences,Physics & Astronomy,Education,Mechanical & Aerospace Engineering,General Engineering,Politics & International Studies (incl Development Studies),Biological Sciences,Languages, Literature & Linguistics,Mathematics & Statistics,Art, Performing Arts & Design",False,False,False,
601-800,Kuwait University,18.6—27.5,7010,18.1,793,8.9,865,28.3,687,37.1,571,69.4,212,master_account,11,/world-university-rankings/kuwait-university,589247,Kuwait,"37,365",23.7,13%,70 : 30,Kuwait University,"Other Health,Languages, Literature & Linguistics,Biological Sciences,Geography,History, Philosophy & Theology,Politics & International Studies (incl Development Studies),Mechanical & Aerospace Engineering,Mathematics & Statistics,Psychology,Electrical & Electronic Engineering,Education,Art, Performing Arts & Design,Civil Engineering,Communication & Media Studies,Computer Science,Geology, Environmental, Earth & Marine Sciences,Economics & Econometrics,Medicine & Dentistry,Chemistry,Accounting & Finance,General Engineering,Physics & Astronomy,Business & Management,Architecture,Chemical Engineering,Law,Sociology",False,False,False,
601-800,Kyungpook National University (KNU),18.6—27.5,7020,19.2,737,17.9,540,21.4,757,39.6,468,23.4,791,master_account,11,/world-university-rankings/kyungpook-national-university-knu,944,South Korea,"27,191",18.2,4%,42 : 58,Kyungpook National University (KNU),"Computer Science,Business & Management,Law,Mathematics & Statistics,Agriculture & Forestry,General Engineering,Art, Performing Arts & Design,Languages, Literature & Linguistics,Other Health,Education,Civil Engineering,Chemical Engineering,Medicine & Dentistry,Geography,Sociology,Physics & Astronomy,Communication & Media Studies,Mechanical & Aerospace Engineering,Electrical & Electronic Engineering,Veterinary Science,Economics & Econometrics,Psychology,Geology, Environmental, Earth & Marine Sciences,Sport Science,Architecture,Chemistry,Politics & International Studies (incl Development Studies),Accounting & Finance,Archaeology,Biological Sciences,History, Philosophy & Theology",False,False,False,
601-800,University of La Laguna,18.6—27.5,7030,16.9,845,9.6,839,48.5,490,32.7,858,47.1,442,master_account,0,/world-university-rankings/university-la-laguna,131357,Spain,"21,497",14.6,6%,58 : 42,University of La Laguna,"Languages, Literature & Linguistics,Agriculture & Forestry,Computer Science,Chemistry,Accounting & Finance,Medicine & Dentistry,Mathematics & Statistics,History, Philosophy & Theology,Biological Sciences,Law,Art, Performing Arts & Design,Chemical Engineering,Sociology,Civil Engineering,Politics & International Studies (incl Development Studies),Mechanical & Aerospace Engineering,Communication & Media Studies,Other Health,Physics & Astronomy,Business & Management,Architecture,Sport Science,Education,Electrical & Electronic Engineering,Geology, Environmental, Earth & Marine Sciences,Economics & Econometrics,Geography,Psychology",False,False,False,
601-800,Leeds Beckett University,18.6—27.5,7040,15.7,895,10.8,793,28.4,685,32.6,872,41.5,525,master_account,0,/world-university-rankings/leeds-beckett-university,131802,United Kingdom,"19,910",20.8,12%,50 : 50,Leeds Beckett University Leeds  United Kingdom UK,"Politics & International Studies (incl Development Studies),Business & Management,Communication & Media Studies,Education,General Engineering,Computer Science,Electrical & Electronic Engineering,Other Health,Architecture,Languages, Literature & Linguistics,Accounting & Finance,Civil Engineering,Economics & Econometrics,Sociology,Psychology,History, Philosophy & Theology,Art, Performing Arts & Design,Biological Sciences,Law,Sport Science,Geography",False,False,False,https://www.timeshighereducation.com/student/register-interest/siuk?utm_medium=thewebsite&utm_campaign=cta-link&utm_source=rankings&iid=i-96771323
601-800,University of Lincoln,18.6—27.5,7050,15.8,887,12.1,722,22.6,746,33.3,799,61.2,278,master_account,0,/world-university-rankings/university-lincoln,131741,United Kingdom,"11,000",18.3,15%,56 : 44,University of Lincoln,"Chemistry,Sport Science,History, Philosophy & Theology,Business & Management,Architecture,Physics & Astronomy,Electrical & Electronic Engineering,Languages, Literature & Linguistics,Politics & International Studies (incl Development Studies),Mathematics & Statistics,Psychology,General Engineering,Mechanical & Aerospace Engineering,Agriculture & Forestry,Accounting & Finance,Art, Performing Arts & Design,Civil Engineering,Geology, Environmental, Earth & Marine Sciences,Computer Science,Sociology,Geography,Other Health,Law,Economics & Econometrics,Veterinary Science,Biological Sciences,Education,Communication & Media Studies",False,False,False,
601-800,University of Ljubljana,18.6—27.5,7060,24.0,535,14.7,631,27.3,697,35.4,666,35.8,607,master_account,0,/world-university-rankings/university-ljubljana,131432,Slovenia,"45,607",16.8,4%,60 : 40,University of Ljubljana,"Agriculture & Forestry,Chemistry,Archaeology,Veterinary Science,Business & Management,Architecture,Mathematics & Statistics,Geology, Environmental, Earth & Marine Sciences,Art, Performing Arts & Design,Psychology,Biological Sciences,Economics & Econometrics,Other Health,Languages, Literature & Linguistics,Computer Science,Politics & International Studies (incl Development Studies),Communication & Media Studies,Law,Physics & Astronomy,Electrical & Electronic Engineering,Medicine & Dentistry,Civil Engineering,Sport Science,Chemical Engineering,Sociology,Mechanical & Aerospace Engineering,Accounting & Finance,General Engineering,Education,History, Philosophy & Theology,Geography",False,False,False,
601-800,London Metropolitan University,18.6—27.5,7070,16.1,874,11.5,749,19.4,787,32.6,873,82.0,116,master_account,0,/world-university-rankings/london-metropolitan-university,131611,United Kingdom,"12,475",22.5,36%,61 : 39,London Metropolitan University,"Languages, Literature & Linguistics,Sociology,Economics & Econometrics,Chemistry,Politics & International Studies (incl Development Studies),Accounting & Finance,Art, Performing Arts & Design,Architecture,Psychology,Communication & Media Studies,Biological Sciences,Mechanical & Aerospace Engineering,Other Health,Law,Mathematics & Statistics,Education,Computer Science,Business & Management,Sport Science",False,False,False,https://www.timeshighereducation.com/student/register-interest/siuk?utm_medium=thewebsite&utm_campaign=cta-link&utm_source=rankings&iid=i-63247334
601-800,Manchester Metropolitan University,18.6—27.5,7080,18.2,790,11.4,756,32.8,642,32.3,910,57.2,317,master_account,0,/world-university-rankings/manchester-metropolitan-university,131283,United Kingdom,"27,325",17.5,14%,57 : 43,Manchester Metropolitan University,"Art, Performing Arts & Design,Psychology,Mathematics & Statistics,Languages, Literature & Linguistics,Chemistry,Accounting & Finance,Computer Science,Sociology,Law,Biological Sciences,History, Philosophy & Theology,Geology, Environmental, Earth & Marine Sciences,Economics & Econometrics,Other Health,Communication & Media Studies,Electrical & Electronic Engineering,Geography,Sport Science,Business & Management,Architecture,Politics & International Studies (incl Development Studies),Mechanical & Aerospace Engineering,Education",False,False,False,https://www.timeshighereducation.com/student/register-interest/siuk?utm_medium=thewebsite&utm_campaign=cta-link&utm_source=rankings&iid=i-03301432
601-800,Masaryk University,18.6—27.5,7090,20.8,674,18.1,537,34.3,624,33.5,781,54.3,355,master_account,0,/world-university-rankings/masaryk-university,983,Czechia,"38,249",24.6,19%,62 : 38,Masaryk University,"Agriculture & Forestry,Education,Communication & Media Studies,Psychology,Chemistry,Geography,Chemical Engineering,Physics & Astronomy,Sociology,Other Health,Business & Management,Politics & International Studies (incl Development Studies),Art, Performing Arts & Design,Mathematics & Statistics,Archaeology,Biological Sciences,Sport Science,Computer Science,Languages, Literature & Linguistics,Medicine & Dentistry,Economics & Econometrics,Geology, Environmental, Earth & Marine Sciences,Law,Accounting & Finance,History, Philosophy & Theology",False,False,False,
601-800,Miami University,18.6—27.5,7100,21.3,651,18.5,526,40.1,565,34.2,736,28.0,722,public,0,/world-university-rankings/miami-university,131462,United States,"16,659",22.3,8%,53 : 47,Miami University,"Chemistry,Communication & Media Studies,Business & Management,Computer Science,Sociology,General Engineering,Biological Sciences,Electrical & Electronic Engineering,Accounting & Finance,Languages, Literature & Linguistics,Geology, Environmental, Earth & Marine Sciences,Economics & Econometrics,Other Health,Physics & Astronomy,Chemical Engineering,History, Philosophy & Theology,Psychology,Geography,Mathematics & Statistics,Architecture,Art, Performing Arts & Design,Sport Science,Mechanical & Aerospace Engineering,Medicine & Dentistry,Politics & International Studies (incl Development Studies),Education",False,False,False,https://www.timeshighereducation.com/student/register-interest/shorelight?utm_medium=thewebsite&utm_campaign=cta-link&utm_source=rankings&iid=i-33743252
601-800,Middle East Technical University,18.6—27.5,7110,27.3,428,19.5,496,31.4,654,58.8,182,27.8,729,master_account,0,/world-university-rankings/middle-east-technical-university,754,Turkey,"26,355",23.3,7%,44 : 56,Middle East Technical University,"Mathematics & Statistics,Languages, Literature & Linguistics,Computer Science,Education,Biological Sciences,Sociology,Communication & Media Studies,Chemistry,Business & Management,Physics & Astronomy,Architecture,Archaeology,Sport Science,History, Philosophy & Theology,Economics & Econometrics,Chemical Engineering,Politics & International Studies (incl Development Studies),Civil Engineering,Mechanical & Aerospace Engineering,General Engineering,Electrical & Electronic Engineering,Geology, Environmental, Earth & Marine Sciences,Art, Performing Arts & Design,Psychology",False,False,False,
601-800,University of Murcia,18.6—27.5,7120,18.4,782,12.7,696,31.0,658,33.5,782,32.0,662,master_account,0,/world-university-rankings/university-murcia,131331,Spain,"30,192",15.4,5%,61 : 39,University of Murcia,"Mathematics & Statistics,Psychology,History, Philosophy & Theology,Chemistry,Accounting & Finance,Computer Science,Sociology,Medicine & Dentistry,Communication & Media Studies,Art, Performing Arts & Design,Other Health,Politics & International Studies (incl Development Studies),Physics & Astronomy,Economics & Econometrics,Chemical Engineering,Geography,Languages, Literature & Linguistics,Sport Science,Business & Management,Veterinary Science,Education,Biological Sciences,Law",False,False,False,
601-800,Nagasaki University,18.6—27.5,7130,25.1,496,10.8,794,17.9,800,35.0,690,23.7,789,master_account,0,/world-university-rankings/nagasaki-university,131509,Japan,"9,172",7.1,4%,37 : 63,Nagasaki University,"Mechanical & Aerospace Engineering,Languages, Literature & Linguistics,Mathematics & Statistics,Biological Sciences,Art, Performing Arts & Design,Civil Engineering,Physics & Astronomy,Politics & International Studies (incl Development Studies),Computer Science,Communication & Media Studies,Archaeology,General Engineering,Electrical & Electronic Engineering,Geography,Education,Chemistry,Other Health,Accounting & Finance,Sociology,Economics & Econometrics,Geology, Environmental, Earth & Marine Sciences,Business & Management,History, Philosophy & Theology,Chemical Engineering,Medicine & Dentistry",False,False,False,
601-800,Nagoya City University,18.6—27.5,7140,26.1,468,12.2,718,31.2,656,41.5,411,18.4,889,master_account,0,/world-university-rankings/nagoya-city-university,589313,Japan,"4,313",8.0,2%,52 : 48,Nagoya City University,"Electrical & Electronic Engineering,Physics & Astronomy,Archaeology,Business & Management,Geography,Medicine & Dentistry,General Engineering,Law,Architecture,Politics & International Studies (incl Development Studies),Psychology,Mathematics & Statistics,Computer Science,Accounting & Finance,Mechanical & Aerospace Engineering,Chemistry,Communication & Media Studies,Art, Performing Arts & Design,Languages, Literature & Linguistics,Economics & Econometrics,History, Philosophy & Theology,Biological Sciences,Education,Sport Science,Other Health,Sociology,Geology, Environmental, Earth & Marine Sciences,Civil Engineering",False,False,False,
601-800,Nagoya Institute of Technology,18.6—27.5,7150,19.1,742,18.7,519,18.5,797,48.0,274,19.7,860,master_account,0,/world-university-rankings/nagoya-institute-technology,589352,Japan,"5,763",16.8,4%,13 : 87,Nagoya Institute of Technology,"Chemical Engineering,Geology, Environmental, Earth & Marine Sciences,Civil Engineering,Architecture,Sport Science,Physics & Astronomy,Chemistry,General Engineering,Mechanical & Aerospace Engineering,Communication & Media Studies,Mathematics & Statistics,Biological Sciences,Computer Science,Business & Management,Electrical & Electronic Engineering",False,False,False,
601-800,Nanjing Agricultural University,18.6—27.5,7160,22.8,582,15.2,618,38.6,577,42.9,375,16.4,925,master_account,0,/world-university-rankings/nanjing-agricultural-university,589166,China,"25,828",16.3,1%,,Nanjing Agricultural University,"Veterinary Science,Accounting & Finance,Art, Performing Arts & Design,Business & Management,Agriculture & Forestry,General Engineering,Biological Sciences,Sociology,Sport Science,Computer Science",False,False,False,
601-800,Nanjing Medical University,18.6—27.5,7170,27.2,432,22.9,423,33.0,640,33.2,813,18.2,895,master_account,0,/world-university-rankings/nanjing-medical-university,589109,China,"12,013",9.0,4%,,Nanjing Medical University,Medicine & Dentistry,False,False,False,
601-800,Nanjing Normal University,18.6—27.5,7180,17.9,807,9.0,861,33.8,628,46.9,294,15.7,938,master_account,0,/world-university-rankings/nanjing-normal-university,587616,China,"26,588",14.7,3%,68 : 32,Nanjing Normal University,"Art, Performing Arts & Design,Sport Science,Education,Computer Science,Geology, Environmental, Earth & Marine Sciences,Economics & Econometrics,Biological Sciences,Law,Chemical Engineering,Sociology,Languages, Literature & Linguistics,Mathematics & Statistics,Psychology,History, Philosophy & Theology,Physics & Astronomy,Business & Management,Archaeology,Chemistry,Accounting & Finance,Agriculture & Forestry,Geography,General Engineering,Communication & Media Studies,Electrical & Electronic Engineering,Politics & International Studies (incl Development Studies)",False,False,False,
601-800,National Central University,18.6—27.5,7190,26.6,455,23.6,410,21.3,759,65.8,136,28.4,711,master_account,0,/world-university-rankings/national-central-university,841,Taiwan,"10,826",9.6,7%,34 : 66,National Central University,"Psychology,Chemical Engineering,General Engineering,Chemistry,Civil Engineering,Art, Performing Arts & Design,Agriculture & Forestry,Archaeology,Communication & Media Studies,Architecture,Law,Medicine & Dentistry,Geography,Politics & International Studies (incl Development Studies),Biological Sciences,Mathematics & Statistics,Economics & Econometrics,Other Health,Languages, Literature & Linguistics,Geology, Environmental, Earth & Marine Sciences,Electrical & Electronic Engineering,Education,Veterinary Science,Accounting & Finance,Sociology,Mechanical & Aerospace Engineering,History, Philosophy & Theology,Computer Science,Physics & Astronomy,Business & Management",False,False,False,
601-800,National Chung Cheng University,18.6—27.5,7200,19.6,721,21.6,450,17.5,808,39.7,466,18.5,883,master_account,0,/world-university-rankings/national-chung-cheng-university,943,Taiwan,"10,129",19.4,4%,44 : 56,National Chung Cheng University,"Chemistry,Biological Sciences,Computer Science,Communication & Media Studies,Electrical & Electronic Engineering,Business & Management,Economics & Econometrics,Psychology,Chemical Engineering,Physics & Astronomy,Education,Law,History, Philosophy & Theology,General Engineering,Mechanical & Aerospace Engineering,Politics & International Studies (incl Development Studies),Geology, Environmental, Earth & Marine Sciences,Accounting & Finance,Mathematics & Statistics,Sport Science,Languages, Literature & Linguistics,Sociology",False,False,False,
601-800,National Chung Hsing University,18.6—27.5,7210,18.8,762,15.4,611,25.5,711,42.1,389,18.5,884,master_account,0,/world-university-rankings/national-chung-hsing-university,951,Taiwan,"15,729",19.2,4%,39 : 61,National Chung Hsing University NCHU Taiwan Zhong Xing,"Politics & International Studies (incl Development Studies),Mathematics & Statistics,Electrical & Electronic Engineering,Other Health,Languages, Literature & Linguistics,Business & Management,Sport Science,Economics & Econometrics,Education,Sociology,Accounting & Finance,Agriculture & Forestry,Communication & Media Studies,Physics & Astronomy,Biological Sciences,Civil Engineering,Mechanical & Aerospace Engineering,Chemistry,Computer Science,General Engineering,Chemical Engineering,History, Philosophy & Theology,Medicine & Dentistry,Geology, Environmental, Earth & Marine Sciences,Veterinary Science,Law",False,False,False,
601-800,National University of Sciences and Technology,18.6—27.5,7220,19.9,712,8.1,900,36.2,602,32.6,874,35.2,618,master_account,0,/world-university-rankings/national-university-sciences-and-technology,1040,Pakistan,"10,227",8.0,3%,33 : 67,National University of Sciences and Technology,"Architecture,Chemical Engineering,Psychology,Mechanical & Aerospace Engineering,Geology, Environmental, Earth & Marine Sciences,Sociology,Other Health,Physics & Astronomy,Economics & Econometrics,Medicine & Dentistry,Mathematics & Statistics,Business & Management,Chemistry,Accounting & Finance,General Engineering,Communication & Media Studies,Education,Agriculture & Forestry,Civil Engineering,Computer Science,Law,Politics & International Studies (incl Development Studies),Electrical & Electronic Engineering,Biological Sciences",False,False,False,
601-800,National Sun Yat-Sen University,18.6—27.5,7230,23.8,544,27.2,332,28.9,678,44.5,334,26.4,744,master_account,0,/world-university-rankings/national-sun-yat-sen-university,728,Taiwan,"9,344",17.2,5%,37 : 63,National Sun Yat-Sen University,"Languages, Literature & Linguistics,Education,Agriculture & Forestry,Art, Performing Arts & Design,Architecture,Chemistry,Medicine & Dentistry,Biological Sciences,Law,Communication & Media Studies,Electrical & Electronic Engineering,History, Philosophy & Theology,Chemical Engineering,Physics & Astronomy,Psychology,Civil Engineering,Sociology,Computer Science,Geology, Environmental, Earth & Marine Sciences,Economics & Econometrics,Mechanical & Aerospace Engineering,Politics & International Studies (incl Development Studies),Accounting & Finance,General Engineering,Geography,Other Health,Mathematics & Statistics,Business & Management",False,False,False,
601-800,National Taiwan Ocean University,18.6—27.5,7240,16.3,866,18.7,520,23.0,739,51.3,230,21.1,837,master_account,0,/world-university-rankings/national-taiwan-ocean-university,844,Taiwan,"8,371",21.0,5%,30 : 70,National Taiwan Ocean University,"History, Philosophy & Theology,Civil Engineering,Economics & Econometrics,Accounting & Finance,Business & Management,Sociology,Art, Performing Arts & Design,Psychology,Mechanical & Aerospace Engineering,Communication & Media Studies,Agriculture & Forestry,Mathematics & Statistics,Law,Veterinary Science,Medicine & Dentistry,Physics & Astronomy,Archaeology,Sport Science,Chemical Engineering,Politics & International Studies (incl Development Studies),Education,Computer Science,Other Health,Geology, Environmental, Earth & Marine Sciences,General Engineering,Chemistry,Geography,Biological Sciences,Electrical & Electronic Engineering,Architecture,Languages, Literature & Linguistics",False,False,False,
601-800,National Institute of Technology Rourkela,18.6—27.5,7250,21.5,642,8.6,876,31.7,652,32.7,860,14.0,971,master_account,0,/world-university-rankings/national-institute-technology-rourkela,587715,India,"5,675",19.2,3%,22 : 78,National Institute of Technology Rourkela,"Chemistry,General Engineering,Physics & Astronomy,Mathematics & Statistics,Civil Engineering,Geology, Environmental, Earth & Marine Sciences,Architecture,Languages, Literature & Linguistics,Biological Sciences,Chemical Engineering,Electrical & Electronic Engineering,Business & Management,Computer Science",False,False,False,
601-800,Niigata University,18.6—27.5,7260,23.7,550,10.6,803,19.1,789,36.1,615,22.2,817,master_account,0,/world-university-rankings/niigata-university,131303,Japan,"12,479",8.5,4%,38 : 62,Niigata University,"History, Philosophy & Theology,Mechanical & Aerospace Engineering,Chemistry,Accounting & Finance,Architecture,Electrical & Electronic Engineering,Physics & Astronomy,Business & Management,Other Health,Communication & Media Studies,Art, Performing Arts & Design,General Engineering,Geology, Environmental, Earth & Marine Sciences,Economics & Econometrics,Civil Engineering,Politics & International Studies (incl Development Studies),Archaeology,Chemical Engineering,Geography,Biological Sciences,Education,Medicine & Dentistry,Sport Science,Law,Agriculture & Forestry,Sociology,Languages, Literature & Linguistics,Computer Science,Mathematics & Statistics,Psychology",False,False,False,
601-800,University of North Carolina at Greensboro,18.6—27.5,7270,19.3,731,15.5,607,41.6,552,33.2,814,19.4,863,public,0,/world-university-rankings/university-north-carolina-greensboro,131588,United States,"18,497",22.1,3%,66 : 34,University of North Carolina at Greensboro,"Economics & Econometrics,Business & Management,Art, Performing Arts & Design,Chemistry,History, Philosophy & Theology,Computer Science,Psychology,Education,Mathematics & Statistics,Communication & Media Studies,Biological Sciences,Languages, Literature & Linguistics,Other Health,Physics & Astronomy,Geography,Archaeology,Accounting & Finance,Sociology,Law,Politics & International Studies (incl Development Studies),Sport Science,Medicine & Dentistry",False,False,False,https://www.timeshighereducation.com/student/register-interest/shorelight?utm_medium=thewebsite&utm_campaign=cta-link&utm_source=rankings&iid=i-58845043
601-800,Northeast Normal University,18.6—27.5,7280,19.0,748,5.1,968,54.2,435,34.0,746,15.0,956,master_account,0,/world-university-rankings/northeast-normal-university,587649,China,"23,287",15.0,2%,,Northeast Normal University,"Electrical & Electronic Engineering,Education,Chemistry,Architecture,Biological Sciences,Archaeology,Communication & Media Studies,General Engineering,Psychology,Art, Performing Arts & Design,Sociology,Languages, Literature & Linguistics,Mathematics & Statistics,Business & Management,History, Philosophy & Theology,Physics & Astronomy,Computer Science,Politics & International Studies (incl Development Studies),Geology, Environmental, Earth & Marine Sciences,Law,Geography,Agriculture & Forestry,Economics & Econometrics,Sport Science",False,False,False,
601-800,"Northeastern University, China",18.6—27.5,7290,21.0,663,22.0,444,7.8,938,98.6,30,24.8,771,master_account,0,/world-university-rankings/northeastern-university-china,589202,China,"31,278",15.4,4%,,"Northeastern University, China","Languages, Literature & Linguistics,Mathematics & Statistics,Computer Science,Communication & Media Studies,Biological Sciences,Business & Management,Art, Performing Arts & Design,Sport Science,Civil Engineering,Education,Medicine & Dentistry,Chemistry,Architecture,Physics & Astronomy,Other Health,Geology, Environmental, Earth & Marine Sciences,Mechanical & Aerospace Engineering,Law,General Engineering,Sociology",False,False,False,
601-800,Northumbria University,18.6—27.5,7300,17.6,820,13.2,681,38.4,582,33.0,823,61.2,279,master_account,0,/world-university-rankings/northumbria-university,131684,United Kingdom,"22,445",18.3,16%,55 : 45,Northumbria University,"History, Philosophy & Theology,Computer Science,Electrical & Electronic Engineering,Mathematics & Statistics,Psychology,General Engineering,Sport Science,Other Health,Communication & Media Studies,Accounting & Finance,Languages, Literature & Linguistics,Sociology,Business & Management,Civil Engineering,Geography,Art, Performing Arts & Design,Biological Sciences,Politics & International Studies (incl Development Studies),Chemical Engineering,Geology, Environmental, Earth & Marine Sciences,Economics & Econometrics,Mechanical & Aerospace Engineering,Law,Architecture,Physics & Astronomy,Chemistry,Education",False,False,False,https://www.timeshighereducation.com/student/register-interest/siuk?utm_medium=thewebsite&utm_campaign=cta-link&utm_source=rankings&iid=i-76477402
601-800,Northwestern Polytechnical University,18.6—27.5,7310,26.3,464,27.2,333,8.4,933,78.3,82,16.4,926,master_account,11,/world-university-rankings/northwestern-polytechnical-university,1008,China,"26,345",15.5,3%,25 : 75,Northwestern Polytechnical University,"Civil Engineering,Law,Architecture,Mathematics & Statistics,Economics & Econometrics,Art, Performing Arts & Design,Biological Sciences,Accounting & Finance,Languages, Literature & Linguistics,Sport Science,Computer Science,Chemistry,Electrical & Electronic Engineering,Geology, Environmental, Earth & Marine Sciences,Medicine & Dentistry,Physics & Astronomy,Chemical Engineering,Business & Management,Mechanical & Aerospace Engineering,Politics & International Studies (incl Development Studies),General Engineering,Education",False,False,False,
601-800,Nottingham Trent University,18.6—27.5,7320,16.1,875,10.6,804,32.2,649,32.3,911,55.3,338,master_account,0,/world-university-rankings/nottingham-trent-university,131450,United Kingdom,"21,930",17.0,18%,55 : 45,Nottingham Trent University,"Mathematics & Statistics,Business & Management,Computer Science,Sociology,Languages, Literature & Linguistics,Mechanical & Aerospace Engineering,Veterinary Science,Geography,Economics & Econometrics,Art, Performing Arts & Design,Education,Communication & Media Studies,History, Philosophy & Theology,Architecture,Agriculture & Forestry,Biological Sciences,Civil Engineering,Politics & International Studies (incl Development Studies),Psychology,Electrical & Electronic Engineering,Geology, Environmental, Earth & Marine Sciences,Sport Science,General Engineering,Accounting & Finance,Physics & Astronomy,Law,Other Health,Chemistry",False,False,False,https://www.timeshighereducation.com/student/register-interest/siuk?utm_medium=thewebsite&utm_campaign=cta-link&utm_source=rankings&iid=i-31415663
601-800,Oakland University,18.6—27.5,7330,17.4,830,11.8,735,24.5,720,33.5,783,24.5,774,public,0,/world-university-rankings/oakland-university,131458,United States,"15,083",20.4,2%,59 : 41,Oakland University,"Law,Geology, Environmental, Earth & Marine Sciences,Psychology,Physics & Astronomy,Electrical & Electronic Engineering,Mathematics & Statistics,Communication & Media Studies,Mechanical & Aerospace Engineering,Biological Sciences,Art, Performing Arts & Design,Accounting & Finance,Medicine & Dentistry,Computer Science,Education,Other Health,Languages, Literature & Linguistics,Sociology,Economics & Econometrics,History, Philosophy & Theology,Politics & International Studies (incl Development Studies),General Engineering,Business & Management,Chemistry",False,False,False,https://www.timeshighereducation.com/student/register-interest/shorelight?utm_medium=thewebsite&utm_campaign=cta-link&utm_source=rankings&iid=i-32714413
601-800,Ohio University (Main campus),18.6—27.5,7340,24.9,509,14.2,645,28.5,684,34.2,737,29.5,699,public,0,/world-university-rankings/ohio-university-main-campus,131281,United States,"30,341",20.9,6%,57 : 43,Ohio University (Main campus),"History, Philosophy & Theology,Sport Science,Psychology,Civil Engineering,General Engineering,Electrical & Electronic Engineering,Communication & Media Studies,Art, Performing Arts & Design,Chemical Engineering,Geography,Medicine & Dentistry,Physics & Astronomy,Business & Management,Other Health,Mathematics & Statistics,Economics & Econometrics,Mechanical & Aerospace Engineering,Politics & International Studies (incl Development Studies),Languages, Literature & Linguistics,Biological Sciences,Education,Computer Science,Chemistry,Accounting & Finance,Geology, Environmental, Earth & Marine Sciences,Sociology",False,False,False,https://www.timeshighereducation.com/student/register-interest/shorelight?utm_medium=thewebsite&utm_campaign=cta-link&utm_source=rankings&iid=i-02343009
601-800,Okayama University,18.6—27.5,7350,26.1,469,14.6,633,26.4,702,44.0,350,21.9,824,master_account,0,/world-university-rankings/okayama-university,945,Japan,"13,186",8.2,4%,38 : 62,Okayama University,"Languages, Literature & Linguistics,General Engineering,Accounting & Finance,Civil Engineering,Law,Archaeology,Agriculture & Forestry,Economics & Econometrics,Medicine & Dentistry,Biological Sciences,Other Health,Education,Electrical & Electronic Engineering,Geology, Environmental, Earth & Marine Sciences,Mechanical & Aerospace Engineering,Physics & Astronomy,History, Philosophy & Theology,Chemistry,Art, Performing Arts & Design,Chemical Engineering,Business & Management,Architecture,Mathematics & Statistics",False,False,False,
601-800,Osaka City University,18.6—27.5,7360,28.5,398,13.4,671,33.6,630,40.2,449,21.8,825,master_account,0,/world-university-rankings/osaka-city-university,934,Japan,"8,493",9.8,4%,36 : 64,Osaka City University,"Art, Performing Arts & Design,Sociology,Mathematics & Statistics,Civil Engineering,Other Health,Languages, Literature & Linguistics,Business & Management,Sport Science,Computer Science,Geography,Communication & Media Studies,Politics & International Studies (incl Development Studies),Mechanical & Aerospace Engineering,Agriculture & Forestry,History, Philosophy & Theology,Archaeology,Education,Physics & Astronomy,Geology, Environmental, Earth & Marine Sciences,Psychology,Electrical & Electronic Engineering,Law,Chemical Engineering,Biological Sciences,Accounting & Finance,Architecture,Economics & Econometrics,Medicine & Dentistry,Chemistry,General Engineering",False,False,False,
601-800,University of Oviedo,18.6—27.5,7370,18.3,786,12.4,711,44.2,528,33.4,792,30.5,684,master_account,0,/world-university-rankings/university-oviedo,131605,Spain,"24,845",14.5,2%,54 : 46,University of Oviedo,"History, Philosophy & Theology,Sociology,Civil Engineering,Electrical & Electronic Engineering,Physics & Astronomy,Art, Performing Arts & Design,Economics & Econometrics,Accounting & Finance,Education,Geology, Environmental, Earth & Marine Sciences,Mathematics & Statistics,Law,Medicine & Dentistry,Agriculture & Forestry,Business & Management,Chemical Engineering,Other Health,General Engineering,Languages, Literature & Linguistics,Psychology,Chemistry,Biological Sciences,Geography,Archaeology,Mechanical & Aerospace Engineering,Computer Science",False,False,False,
601-800,Palacký University Olomouc,18.6—27.5,7380,19.0,749,12.6,700,40.8,561,32.9,835,52.2,371,master_account,0,/world-university-rankings/palacky-university-olomouc,131685,Czechia,"18,482",11.1,9%,69 : 31,Palacký University Olomouc,"Other Health,Chemistry,Languages, Literature & Linguistics,Physics & Astronomy,Medicine & Dentistry,Mathematics & Statistics,General Engineering,Geography,Archaeology,Politics & International Studies (incl Development Studies),Biological Sciences,Business & Management,Geology, Environmental, Earth & Marine Sciences,Economics & Econometrics,Communication & Media Studies,Sport Science,Education,Art, Performing Arts & Design,Psychology,Law,History, Philosophy & Theology,Computer Science,Sociology",False,False,False,
601-800,Panjab University,18.6—27.5,7390,23.8,545,9.2,854,46.2,506,32.3,913,15.2,950,master_account,0,/world-university-rankings/panjab-university,960,India,"15,778",22.3,1%,48 : 52,Panjab University,"Archaeology,Electrical & Electronic Engineering,Economics & Econometrics,Other Health,Politics & International Studies (incl Development Studies),Mechanical & Aerospace Engineering,Computer Science,Education,Accounting & Finance,Chemistry,Languages, Literature & Linguistics,Psychology,Physics & Astronomy,Communication & Media Studies,Business & Management,Art, Performing Arts & Design,Law,History, Philosophy & Theology,Mathematics & Statistics,Chemical Engineering,Geology, Environmental, Earth & Marine Sciences,Sport Science,Sociology,Biological Sciences,Medicine & Dentistry,Geography,General Engineering",False,False,False,
601-800,University of Patras,18.6—27.5,7400,15.3,910,11.4,758,35.9,607,43.6,360,34.6,625,master_account,0,/world-university-rankings/university-patras,131718,Greece,"24,477",32.9,6%,51 : 49,University of Patras,"Chemistry,Computer Science,Languages, Literature & Linguistics,Biological Sciences,Geology, Environmental, Earth & Marine Sciences,Civil Engineering,Economics & Econometrics,Agriculture & Forestry,Architecture,Medicine & Dentistry,Art, Performing Arts & Design,Business & Management,Chemical Engineering,Other Health,Electrical & Electronic Engineering,Mathematics & Statistics,Physics & Astronomy,Mechanical & Aerospace Engineering,Education,History, Philosophy & Theology,Archaeology",False,False,False,
601-800,Peter the Great St Petersburg Polytechnic University,18.6—27.5,7410,30.9,351,15.9,591,17.1,810,48.8,262,40.1,549,master_account,0,/world-university-rankings/peter-great-st-petersburg-polytechnic-university,131339,Russian Federation,"15,759",6.0,15%,43 : 57,Peter the Great St Petersburg Polytechnic University,"Art, Performing Arts & Design,Sport Science,Accounting & Finance,General Engineering,Sociology,Electrical & Electronic Engineering,Law,Mathematics & Statistics,Economics & Econometrics,Architecture,Physics & Astronomy,Psychology,Civil Engineering,Politics & International Studies (incl Development Studies),Biological Sciences,Business & Management,History, Philosophy & Theology,Mechanical & Aerospace Engineering,Communication & Media Studies,Languages, Literature & Linguistics,Chemical Engineering,Education,Computer Science,Chemistry,Geology, Environmental, Earth & Marine Sciences",False,False,True,
601-800,Pontifical Catholic University of Rio Grande do Sul (PUCRS),18.6—27.5,7420,20.3,691,11.8,736,28.7,683,46.2,303,23.1,797,master_account,0,/world-university-rankings/pontifical-catholic-university-rio-grande-do-sul-pucrs,131304,Brazil,"21,471",21.1,1%,47 : 53,Pontifical Catholic University of Rio Grande do Sul (PUCRS),"Medicine & Dentistry,Communication & Media Studies,Mechanical & Aerospace Engineering,Economics & Econometrics,Computer Science,Business & Management,General Engineering,Sociology,Architecture,Sport Science,Psychology,Electrical & Electronic Engineering,Accounting & Finance,Languages, Literature & Linguistics,History, Philosophy & Theology,Biological Sciences,Education,Art, Performing Arts & Design,Chemical Engineering,Law,Other Health,Politics & International Studies (incl Development Studies),Civil Engineering",False,False,False,
601-800,Pontifical Catholic University of Rio de Janeiro (PUC-Rio),18.6—27.5,7430,27.3,430,23.9,402,20.6,771,100.0,9,35.2,619,master_account,0,/world-university-rankings/pontifical-catholic-university-rio-de-janeiro-puc-rio,131524,Brazil,"15,047",21.9,3%,51 : 49,Pontifical Catholic University of Rio de Janeiro (PUC-Rio),"Computer Science,Politics & International Studies (incl Development Studies),Psychology,Accounting & Finance,General Engineering,Physics & Astronomy,Languages, Literature & Linguistics,Communication & Media Studies,Biological Sciences,History, Philosophy & Theology,Chemistry,Art, Performing Arts & Design,Business & Management,Mathematics & Statistics,Law,Architecture,Civil Engineering,Economics & Econometrics,Electrical & Electronic Engineering,Geography,Chemical Engineering,Mechanical & Aerospace Engineering,Education,Sociology",False,False,False,
601-800,University of Pretoria,18.6—27.5,7440,22.7,586,24.1,390,25.6,708,63.2,154,47.1,443,master_account,0,/world-university-rankings/university-pretoria,994,South Africa,"34,447",23.3,8%,57 : 43,University of Pretoria UP,"Agriculture & Forestry,Languages, Literature & Linguistics,Chemical Engineering,Medicine & Dentistry,Art, Performing Arts & Design,Geology, Environmental, Earth & Marine Sciences,Economics & Econometrics,Biological Sciences,Sociology,Electrical & Electronic Engineering,Archaeology,Geography,Veterinary Science,Chemistry,General Engineering,Law,Architecture,Other Health,Physics & Astronomy,Psychology,Education,Mathematics & Statistics,Accounting & Finance,Business & Management,Civil Engineering,Computer Science,Communication & Media Studies,Politics & International Studies (incl Development Studies),Sport Science,Mechanical & Aerospace Engineering,History, Philosophy & Theology",False,False,False,
601-800,Universiti Putra Malaysia,18.6—27.5,7450,26.9,444,24.3,388,14.4,849,36.3,608,59.6,294,master_account,0,/world-university-rankings/universiti-putra-malaysia,1007,Malaysia,"24,161",12.0,17%,73 : 27,Universiti Putra Malaysia,"Other Health,Archaeology,Geology, Environmental, Earth & Marine Sciences,Business & Management,Computer Science,Communication & Media Studies,Civil Engineering,Languages, Literature & Linguistics,Veterinary Science,Accounting & Finance,Art, Performing Arts & Design,Architecture,Agriculture & Forestry,Mathematics & Statistics,Geography,Physics & Astronomy,History, Philosophy & Theology,Politics & International Studies (incl Development Studies),Mechanical & Aerospace Engineering,Biological Sciences,Education,Electrical & Electronic Engineering,Medicine & Dentistry,Chemistry,Chemical Engineering,Sociology,Sport Science,Psychology,General Engineering,Economics & Econometrics",False,False,False,
601-800,University of Pécs,18.6—27.5,7460,20.0,706,9.1,856,33.1,635,38.2,515,55.9,329,master_account,1,/world-university-rankings/university-pecs,131815,Hungary,"18,109",14.6,13%,54 : 46,University of Pécs,"Art, Performing Arts & Design,Archaeology,Accounting & Finance,Languages, Literature & Linguistics,Chemistry,Architecture,Law,Geography,Economics & Econometrics,Other Health,Civil Engineering,History, Philosophy & Theology,Medicine & Dentistry,General Engineering,Geology, Environmental, Earth & Marine Sciences,Mechanical & Aerospace Engineering,Physics & Astronomy,Psychology,Sociology,Mathematics & Statistics,Business & Management,Politics & International Studies (incl Development Studies),Sport Science,Agriculture & Forestry,Biological Sciences,Electrical & Electronic Engineering,Computer Science,Education,Communication & Media Studies",False,False,False,
601-800,Quaid-i-Azam University,18.6—27.5,7470,18.2,791,0.8,981,56.9,410,32.1,958,39.9,554,master_account,0,/world-university-rankings/quaid-i-azam-university,131310,Pakistan,"13,126",26.0,0%,52 : 48,Quaid-i-Azam University,"Physics & Astronomy,Biological Sciences,Psychology,Other Health,Business & Management,Archaeology,Law,Computer Science,Chemistry,Mathematics & Statistics,Economics & Econometrics,History, Philosophy & Theology,Politics & International Studies (incl Development Studies),Languages, Literature & Linguistics,Sociology,Geology, Environmental, Earth & Marine Sciences",False,False,False,
601-800,Rochester Institute of Technology,18.6—27.5,7480,19.8,717,16.2,582,30.9,660,33.7,763,33.8,639,private,0,/world-university-rankings/rochester-institute-technology,131644,United States,"13,518",14.1,16%,34 : 66,Rochester Institute of Technology,"Chemistry,Psychology,Architecture,General Engineering,Art, Performing Arts & Design,Agriculture & Forestry,Economics & Econometrics,Civil Engineering,Mathematics & Statistics,History, Philosophy & Theology,Electrical & Electronic Engineering,Politics & International Studies (incl Development Studies),Communication & Media Studies,Business & Management,Physics & Astronomy,Computer Science,Accounting & Finance,Other Health,Sport Science,Languages, Literature & Linguistics,Sociology,Biological Sciences,Mechanical & Aerospace Engineering,Education,Geology, Environmental, Earth & Marine Sciences,Chemical Engineering",False,False,False,https://www.timeshighereducation.com/student/register-interest/shorelight?utm_medium=thewebsite&utm_campaign=cta-link&utm_source=rankings&iid=i-68826652
601-800,University of Roehampton,18.6—27.5,7490,16.6,857,17.4,552,18.3,798,32.2,927,66.5,232,master_account,0,/world-university-rankings/university-roehampton,131781,United Kingdom,"7,455",18.4,23%,73 : 27,University of Roehampton,"History, Philosophy & Theology,Education,Accounting & Finance,Languages, Literature & Linguistics,Sport Science,Sociology,Politics & International Studies (incl Development Studies),Communication & Media Studies,Computer Science,Other Health,Psychology,Law,Business & Management,Art, Performing Arts & Design,Biological Sciences,Economics & Econometrics",False,False,False,https://www.timeshighereducation.com/student/register-interest/siuk?utm_medium=thewebsite&utm_campaign=cta-link&utm_source=rankings&iid=i-93316802
601-800,Universiti Sains Malaysia,18.6—27.5,7500,33.1,293,16.0,587,13.1,866,37.9,527,44.2,483,master_account,0,/world-university-rankings/universiti-sains-malaysia,131486,Malaysia,"28,592",14.7,8%,62 : 38,Universiti Sains Malaysia,"Chemical Engineering,Art, Performing Arts & Design,Business & Management,Economics & Econometrics,Archaeology,Physics & Astronomy,Communication & Media Studies,Medicine & Dentistry,Mathematics & Statistics,Civil Engineering,Geography,Education,General Engineering,Politics & International Studies (incl Development Studies),Computer Science,Mechanical & Aerospace Engineering,Languages, Literature & Linguistics,Geology, Environmental, Earth & Marine Sciences,Chemistry,Architecture,Sociology,Biological Sciences,Other Health,Electrical & Electronic Engineering,Sport Science,Accounting & Finance,History, Philosophy & Theology",False,False,False,
601-800,University of Salamanca,18.6—27.5,7510,23.3,565,14.4,637,32.2,650,35.2,678,44.5,478,master_account,0,/world-university-rankings/university-salamanca,131422,Spain,"32,517",19.1,12%,60 : 40,University of Salamanca,"Geography,Other Health,History, Philosophy & Theology,Art, Performing Arts & Design,Psychology,Mechanical & Aerospace Engineering,Communication & Media Studies,Economics & Econometrics,Mathematics & Statistics,Geology, Environmental, Earth & Marine Sciences,Chemistry,Accounting & Finance,General Engineering,Politics & International Studies (incl Development Studies),Chemical Engineering,Electrical & Electronic Engineering,Business & Management,Languages, Literature & Linguistics,Agriculture & Forestry,Sociology,Computer Science,Archaeology,Architecture,Law,Medicine & Dentistry,Physics & Astronomy,Education,Civil Engineering,Biological Sciences",False,False,False,
601-800,University of Salford,18.6—27.5,7520,19.6,722,14.4,638,23.7,729,32.7,861,64.9,247,master_account,0,/world-university-rankings/university-salford,131658,United Kingdom,"15,610",16.9,22%,51 : 49,University of Salford,"Business & Management,Biological Sciences,General Engineering,Other Health,Economics & Econometrics,Chemistry,Mathematics & Statistics,Art, Performing Arts & Design,Civil Engineering,Geology, Environmental, Earth & Marine Sciences,Psychology,Computer Science,Politics & International Studies (incl Development Studies),Mechanical & Aerospace Engineering,Geography,Electrical & Electronic Engineering,Sociology,History, Philosophy & Theology,Law,Sport Science,Chemical Engineering,Communication & Media Studies,Architecture,Physics & Astronomy,Accounting & Finance",False,False,False,https://www.timeshighereducation.com/student/register-interest/siuk?utm_medium=thewebsite&utm_campaign=cta-link&utm_source=rankings&iid=i-72056655
601-800,University of Santiago de Compostela,18.6—27.5,7530,19.8,718,14.9,623,40.9,559,35.7,636,42.4,508,master_account,0,/world-university-rankings/university-santiago-de-compostela,131790,Spain,"28,259",15.9,9%,63 : 37,University of Santiago de Compostela,"History, Philosophy & Theology,Mathematics & Statistics,Physics & Astronomy,Geography,Geology, Environmental, Earth & Marine Sciences,Medicine & Dentistry,General Engineering,Agriculture & Forestry,Psychology,Politics & International Studies (incl Development Studies),Computer Science,Veterinary Science,Communication & Media Studies,Languages, Literature & Linguistics,Accounting & Finance,Sociology,Chemistry,Education,Electrical & Electronic Engineering,Business & Management,Other Health,Chemical Engineering,Civil Engineering,Economics & Econometrics,Biological Sciences,Art, Performing Arts & Design,Law",False,False,False,
601-800,Savitribai Phule Pune University,18.6—27.5,7540,38.7,206,11.4,759,14.8,844,33.0,825,18.6,879,master_account,0,/world-university-rankings/savitribai-phule-pune-university,131809,India,"5,493",14.7,4%,33 : 67,Savitribai Phule Pune University,"Chemistry,Geography,Languages, Literature & Linguistics,Accounting & Finance,Psychology,Sociology,Politics & International Studies (incl Development Studies),History, Philosophy & Theology,Other Health,Art, Performing Arts & Design,Mathematics & Statistics,Geology, Environmental, Earth & Marine Sciences,Sport Science,Biological Sciences,Physics & Astronomy,Communication & Media Studies,Computer Science,Law,Education,Business & Management,Economics & Econometrics",False,False,False,
601-800,University of Science and Technology Beijing,18.6—27.5,7550,26.8,446,22.4,431,10.8,902,63.3,153,16.3,928,master_account,0,/world-university-rankings/university-science-and-technology-beijing,131351,China,"24,136",15.8,4%,35 : 65,University of Science and Technology Beijing,"Electrical & Electronic Engineering,Law,Computer Science,Biological Sciences,History, Philosophy & Theology,Mathematics & Statistics,Chemical Engineering,Mechanical & Aerospace Engineering,Accounting & Finance,General Engineering,Chemistry,Languages, Literature & Linguistics,Business & Management,Civil Engineering,Sociology,Geology, Environmental, Earth & Marine Sciences,Art, Performing Arts & Design,Physics & Astronomy",False,False,False,
601-800,University of Seville,18.6—27.5,7560,19.5,725,13.9,657,33.1,636,37.9,528,34.4,628,master_account,0,/world-university-rankings/university-seville,131701,Spain,"62,090",17.0,6%,54 : 46,University of Seville,"Medicine & Dentistry,Mathematics & Statistics,Art, Performing Arts & Design,Archaeology,Sport Science,Education,General Engineering,Geology, Environmental, Earth & Marine Sciences,Architecture,Agriculture & Forestry,Sociology,Other Health,Politics & International Studies (incl Development Studies),Computer Science,Biological Sciences,Geography,History, Philosophy & Theology,Mechanical & Aerospace Engineering,Chemistry,Accounting & Finance,Civil Engineering,Physics & Astronomy,Economics & Econometrics,Languages, Literature & Linguistics,Electrical & Electronic Engineering,Business & Management,Psychology,Communication & Media Studies,Law,Chemical Engineering",False,False,False,
601-800,Shantou University,18.6—27.5,7570,17.5,826,10.2,819,33.3,633,35.1,686,32.4,655,master_account,0,/world-university-rankings/shantou-university,131502,China,"9,805",13.8,0%,49 : 51,Shantou University,"Communication & Media Studies,Other Health,History, Philosophy & Theology,Civil Engineering,General Engineering,Languages, Literature & Linguistics,Chemistry,Physics & Astronomy,Agriculture & Forestry,Architecture,Electrical & Electronic Engineering,Education,Chemical Engineering,Law,Art, Performing Arts & Design,Sociology,Geography,Geology, Environmental, Earth & Marine Sciences,Business & Management,Biological Sciences,Sport Science,Computer Science,Mechanical & Aerospace Engineering,Mathematics & Statistics,Medicine & Dentistry,Economics & Econometrics,Veterinary Science,Accounting & Finance",False,False,False,
601-800,Shinshu University,18.6—27.5,7580,22.3,603,11.4,760,26.2,703,37.3,561,21.1,838,master_account,0,/world-university-rankings/shinshu-university,131444,Japan,"11,026",10.4,2%,32 : 68,Shinshu University Shindai Shin shu,"Architecture,Other Health,Physics & Astronomy,Mechanical & Aerospace Engineering,General Engineering,Mathematics & Statistics,Business & Management,Medicine & Dentistry,Electrical & Electronic Engineering,Economics & Econometrics,Accounting & Finance,Biological Sciences,Law,Agriculture & Forestry,History, Philosophy & Theology,Geology, Environmental, Earth & Marine Sciences,Chemical Engineering,Languages, Literature & Linguistics,Education,Chemistry,Civil Engineering,Art, Performing Arts & Design",False,False,False,
601-800,Shiraz University,18.6—27.5,7590,19.1,744,19.4,500,17.7,805,54.7,199,15.2,951,master_account,0,/world-university-rankings/shiraz-university,589124,Iran,"13,686",21.5,1%,52 : 48,Shiraz University,"Art, Performing Arts & Design,General Engineering,Chemistry,Business & Management,Archaeology,Law,Sport Science,History, Philosophy & Theology,Veterinary Science,Sociology,Chemical Engineering,Communication & Media Studies,Computer Science,Mathematics & Statistics,Education,Languages, Literature & Linguistics,Agriculture & Forestry,Psychology,Architecture,Biological Sciences,Politics & International Studies (incl Development Studies),Mechanical & Aerospace Engineering,Geology, Environmental, Earth & Marine Sciences,Accounting & Finance,Civil Engineering,Geography,Electrical & Electronic Engineering,Physics & Astronomy,Economics & Econometrics",False,False,False,
601-800,Sichuan University,18.6—27.5,7600,26.1,470,21.2,460,20.1,780,76.3,90,18.3,893,master_account,0,/world-university-rankings/sichuan-university,1003,China,"61,533",14.1,4%,49 : 51,Sichuan University,"Other Health,Chemistry,Art, Performing Arts & Design,Mechanical & Aerospace Engineering,Sociology,Medicine & Dentistry,Physics & Astronomy,Economics & Econometrics,History, Philosophy & Theology,Chemical Engineering,Education,Archaeology,Mathematics & Statistics,Accounting & Finance,General Engineering,Communication & Media Studies,Architecture,Biological Sciences,Business & Management,Languages, Literature & Linguistics,Civil Engineering,Law,Electrical & Electronic Engineering,Politics & International Studies (incl Development Studies),Computer Science,Geology, Environmental, Earth & Marine Sciences",False,False,False,
601-800,Sohag University,18.6—27.5,7610,21.6,638,1.8,980,30.9,661,32.1,962,43.4,493,master_account,0,/world-university-rankings/sohag-university,587892,Egypt,"36,460",24.4,0%,76 : 24,Sohag University,"Mechanical & Aerospace Engineering,Architecture,Education,Law,Physics & Astronomy,Agriculture & Forestry,Sociology,General Engineering,Medicine & Dentistry,Business & Management,Mathematics & Statistics,Electrical & Electronic Engineering,Geology, Environmental, Earth & Marine Sciences,Communication & Media Studies,Art, Performing Arts & Design,Economics & Econometrics,Civil Engineering,Archaeology,Psychology,Computer Science,Languages, Literature & Linguistics,Sport Science,Accounting & Finance,Politics & International Studies (incl Development Studies),Other Health,Chemistry,Veterinary Science,History, Philosophy & Theology,Geography,Biological Sciences",False,False,False,
601-800,South China University of Technology,18.6—27.5,7620,20.3,694,19.4,501,39.5,571,67.9,123,18.6,880,master_account,0,/world-university-rankings/south-china-university-technology,128785,China,"41,868",17.0,3%,34 : 66,South China University of Technology,"Politics & International Studies (incl Development Studies),Mechanical & Aerospace Engineering,Geology, Environmental, Earth & Marine Sciences,Accounting & Finance,Art, Performing Arts & Design,Mathematics & Statistics,Sport Science,History, Philosophy & Theology,Electrical & Electronic Engineering,Physics & Astronomy,Business & Management,Chemistry,Law,Communication & Media Studies,Medicine & Dentistry,Computer Science,Economics & Econometrics,Biological Sciences,Other Health,Sociology,Languages, Literature & Linguistics,Architecture,General Engineering,Civil Engineering,Chemical Engineering,Agriculture & Forestry",False,False,False,
601-800,University of Southern Queensland,18.6—27.5,7630,21.8,630,14.6,634,20.7,767,32.7,862,67.7,222,master_account,1,/world-university-rankings/university-southern-queensland,131305,Australia,"14,388",27.9,20%,55 : 45,University of Southern Queensland usq,"History, Philosophy & Theology,Electrical & Electronic Engineering,Education,Sport Science,Agriculture & Forestry,Communication & Media Studies,Accounting & Finance,Other Health,Civil Engineering,Business & Management,General Engineering,Geology, Environmental, Earth & Marine Sciences,Law,Biological Sciences,Politics & International Studies (incl Development Studies),Economics & Econometrics,Computer Science,Sociology,Languages, Literature & Linguistics,Physics & Astronomy,Archaeology,Mechanical & Aerospace Engineering,Psychology,Art, Performing Arts & Design,Mathematics & Statistics",False,False,False,
601-800,Sri Venkateswara University,18.6—27.5,7640,34.3,277,11.5,752,11.2,894,32.8,851,15.5,942,master_account,0,/world-university-rankings/sri-venkateswara-university,587880,India,"6,880",15.5,0%,25 : 75,Sri Venkateswara University,"Civil Engineering,Law,Mathematics & Statistics,Accounting & Finance,Biological Sciences,Languages, Literature & Linguistics,Education,Chemistry,Politics & International Studies (incl Development Studies),Business & Management,Computer Science,Mechanical & Aerospace Engineering,Geography,General Engineering,Sport Science,Physics & Astronomy,Archaeology,Psychology,Veterinary Science,Electrical & Electronic Engineering,Economics & Econometrics,Sociology,Geology, Environmental, Earth & Marine Sciences,Chemical Engineering",False,False,False,
601-800,Suez Canal University,18.6—27.5,7650,16.6,859,22.5,429,18.7,794,32.1,965,44.9,473,master_account,0,/world-university-rankings/suez-canal-university,131354,Egypt,"34,490",12.3,2%,61 : 39,Suez Canal University,"Other Health,Sport Science,Business & Management,Mechanical & Aerospace Engineering,Chemistry,Computer Science,Mathematics & Statistics,Accounting & Finance,Architecture,Biological Sciences,Education,Medicine & Dentistry,Veterinary Science,Psychology,Languages, Literature & Linguistics,Chemical Engineering,Sociology,Art, Performing Arts & Design,Civil Engineering,Communication & Media Studies,General Engineering,Physics & Astronomy,Economics & Econometrics,History, Philosophy & Theology,Agriculture & Forestry,Geography,Electrical & Electronic Engineering,Geology, Environmental, Earth & Marine Sciences",False,False,False,
601-800,Sultan Qaboos University,18.6—27.5,7660,23.2,569,9.6,841,17.0,812,40.9,431,70.3,205,master_account,0,/world-university-rankings/sultan-qaboos-university,131572,Oman,"7,634",8.5,3%,50 : 50,Sultan Qaboos University,"Geography,Chemistry,Computer Science,Politics & International Studies (incl Development Studies),Business & Management,Sociology,Civil Engineering,Mechanical & Aerospace Engineering,Veterinary Science,Electrical & Electronic Engineering,Art, Performing Arts & Design,Psychology,Biological Sciences,Economics & Econometrics,Languages, Literature & Linguistics,Architecture,Education,Geology, Environmental, Earth & Marine Sciences,Agriculture & Forestry,Law,Chemical Engineering,Mathematics & Statistics,Physics & Astronomy,General Engineering,Accounting & Finance,History, Philosophy & Theology,Communication & Media Studies,Archaeology,Other Health",False,False,False,
601-800,Suranaree University of Technology,18.6—27.5,7670,20.6,680,10.9,789,22.4,749,33.6,774,31.5,667,master_account,0,/world-university-rankings/suranaree-university-technology,131291,Thailand,"10,548",26.8,1%,53 : 47,Suranaree University of Technology Suranaree University of Technology Thiland SUT,"Chemical Engineering,Geography,General Engineering,Psychology,Mechanical & Aerospace Engineering,Sport Science,Civil Engineering,Agriculture & Forestry,Communication & Media Studies,Languages, Literature & Linguistics,Mathematics & Statistics,Medicine & Dentistry,Physics & Astronomy,Other Health,Chemistry,Computer Science,Geology, Environmental, Earth & Marine Sciences,Electrical & Electronic Engineering,Biological Sciences,Business & Management",False,False,False,
601-800,University of Szeged,18.6—27.5,7680,20.6,681,11.0,782,30.0,668,36.1,616,50.8,390,master_account,0,/world-university-rankings/university-szeged,1005,Hungary,"21,420",13.1,11%,58 : 42,University of Szeged,"Archaeology,Computer Science,Physics & Astronomy,History, Philosophy & Theology,Chemical Engineering,Education,Geology, Environmental, Earth & Marine Sciences,Business & Management,Economics & Econometrics,Communication & Media Studies,Electrical & Electronic Engineering,Languages, Literature & Linguistics,Psychology,Sport Science,Sociology,Chemistry,Medicine & Dentistry,Law,Geography,Mechanical & Aerospace Engineering,Agriculture & Forestry,Art, Performing Arts & Design,Mathematics & Statistics,Politics & International Studies (incl Development Studies),Other Health,Biological Sciences,Accounting & Finance",False,False,False,
601-800,Universidade Estadual Paulista (Unesp),18.6—27.5,7690,29.5,382,18.8,514,9.2,923,34.5,718,18.8,876,master_account,0,/world-university-rankings/universidade-estadual-paulista-unesp,921,Brazil,"53,884",14.1,2%,51 : 49,Universidade Estadual Paulista (Unesp),"Archaeology,Civil Engineering,Geology, Environmental, Earth & Marine Sciences,Computer Science,Sport Science,Law,Art, Performing Arts & Design,General Engineering,Chemistry,Economics & Econometrics,Medicine & Dentistry,Mechanical & Aerospace Engineering,Communication & Media Studies,History, Philosophy & Theology,Chemical Engineering,Politics & International Studies (incl Development Studies),Physics & Astronomy,Education,Architecture,Mathematics & Statistics,Psychology,Languages, Literature & Linguistics,Biological Sciences,Business & Management,Other Health,Agriculture & Forestry,Sociology,Electrical & Electronic Engineering,Veterinary Science,Geography",False,False,False,
601-800,TOBB University of Economics and Technology,18.6—27.5,7700,13.6,959,10.6,805,28.3,688,32.4,900,30.1,688,master_account,0,/world-university-rankings/tobb-university-economics-and-technology,131687,Turkey,"4,506",17.6,1%,42 : 58,TOBB University of Economics and Technology,"Languages, Literature & Linguistics,Physics & Astronomy,Mechanical & Aerospace Engineering,Computer Science,Electrical & Electronic Engineering,General Engineering,History, Philosophy & Theology,Psychology,Architecture,Chemistry,Communication & Media Studies,Medicine & Dentistry,Law,Art, Performing Arts & Design,Accounting & Finance,Mathematics & Statistics,Business & Management,Economics & Econometrics,Politics & International Studies (incl Development Studies)",False,False,False,
601-800,Taipei Medical University,18.6—27.5,7710,26.4,459,21.1,461,27.3,698,97.9,33,28.4,712,master_account,11,/world-university-rankings/taipei-medical-university,991,Taiwan,"6,102",10.4,6%,57 : 43,Taipei Medical University TMU Taiwan medicine,"History, Philosophy & Theology,Business & Management,Electrical & Electronic Engineering,General Engineering,Medicine & Dentistry,Sociology,Law,Other Health,Politics & International Studies (incl Development Studies),Biological Sciences",False,False,False,
601-800,Tallinn University of Technology,18.6—27.5,7720,14.7,937,11.4,761,44.7,520,44.7,328,42.5,505,master_account,0,/world-university-rankings/tallinn-university-technology,131586,Estonia,"13,050",24.5,6%,45 : 55,Tallinn University of Technology,"Business & Management,Politics & International Studies (incl Development Studies),Chemistry,Mechanical & Aerospace Engineering,Civil Engineering,Economics & Econometrics,Electrical & Electronic Engineering,Computer Science,Law,Physics & Astronomy,Geology, Environmental, Earth & Marine Sciences,General Engineering,Biological Sciences,Mathematics & Statistics,Chemical Engineering",False,False,False,
601-800,Tata Institute of Fundamental Research,18.6—27.5,7730,24.4,519,10.0,826,45.1,519,32.1,967,37.2,592,master_account,0,/world-university-rankings/tata-institute-fundamental-research,131821,India,579,2.2,1%,33 : 67,Tata Institute of Fundamental Research,"Physics & Astronomy,Education,Chemistry,Mathematics & Statistics,Biological Sciences,Computer Science",False,False,False,
601-800,Technical University of Madrid,18.6—27.5,7740,21.9,624,13.7,662,30.8,662,39.1,485,41.9,518,master_account,0,/world-university-rankings/technical-university-madrid,131334,Spain,"40,523",13.3,12%,32 : 68,Technical University of Madrid,"Mechanical & Aerospace Engineering,Computer Science,Geology, Environmental, Earth & Marine Sciences,Civil Engineering,Biological Sciences,Chemical Engineering,Electrical & Electronic Engineering,Business & Management,General Engineering,Education,Art, Performing Arts & Design,Sport Science,Agriculture & Forestry,Architecture,Mathematics & Statistics",False,False,False,
601-800,Teesside University,18.6—27.5,7750,15.8,893,8.8,870,34.4,623,32.4,901,44.4,481,master_account,0,/world-university-rankings/teesside-university,131694,United Kingdom,"11,375",18.5,11%,57 : 43,Teesside University,"Accounting & Finance,Chemical Engineering,History, Philosophy & Theology,Law,Business & Management,Psychology,Economics & Econometrics,Sociology,Education,Languages, Literature & Linguistics,Biological Sciences,Other Health,Sport Science,Electrical & Electronic Engineering,Geology, Environmental, Earth & Marine Sciences,Veterinary Science,Computer Science,Chemistry,Art, Performing Arts & Design,Geography,General Engineering,Communication & Media Studies,Medicine & Dentistry,Agriculture & Forestry,Mechanical & Aerospace Engineering,Mathematics & Statistics,Civil Engineering,Politics & International Studies (incl Development Studies)",False,False,False,https://www.timeshighereducation.com/student/register-interest/siuk?utm_medium=thewebsite&utm_campaign=cta-link&utm_source=rankings&iid=i-78415043
601-800,University of Tehran,18.6—27.5,7760,27.8,413,12.6,701,22.1,753,32.1,968,19.1,872,master_account,0,/world-university-rankings/university-tehran,131551,Iran,"54,000",27.0,1%,45 : 55,University of Tehran,"General Engineering,Accounting & Finance,Communication & Media Studies,Civil Engineering,Art, Performing Arts & Design,Mechanical & Aerospace Engineering,Archaeology,Business & Management,Computer Science,Architecture,Politics & International Studies (incl Development Studies),Education,Physics & Astronomy,Sport Science,Biological Sciences,Economics & Econometrics,Veterinary Science,Sociology,Psychology,Geography,Geology, Environmental, Earth & Marine Sciences,Mathematics & Statistics,Chemistry,Electrical & Electronic Engineering,History, Philosophy & Theology,Chemical Engineering,Law,Languages, Literature & Linguistics,Agriculture & Forestry",False,False,False,
601-800,Tehran University of Medical Sciences,18.6—27.5,7770,50.2,97,14.2,647,14.1,853,33.6,775,15.5,943,master_account,0,/world-university-rankings/tehran-university-medical-sciences,931,Iran,"13,388",8.1,2%,60 : 40,Tehran University of Medical Sciences,"Medicine & Dentistry,Biological Sciences",False,False,False,
601-800,Universiti Teknologi Malaysia,18.6—27.5,7780,26.8,447,15.7,601,27.1,699,33.1,820,54.8,345,master_account,0,/world-university-rankings/universiti-teknologi-malaysia,1042,Malaysia,"21,992",11.9,19%,49 : 51,Universiti Teknologi Malaysia,"Mechanical & Aerospace Engineering,Business & Management,Chemical Engineering,Psychology,Computer Science,Geology, Environmental, Earth & Marine Sciences,Biological Sciences,Accounting & Finance,Economics & Econometrics,History, Philosophy & Theology,Mathematics & Statistics,General Engineering,Education,Languages, Literature & Linguistics,Architecture,Chemistry,Art, Performing Arts & Design,Electrical & Electronic Engineering,Politics & International Studies (incl Development Studies),Sport Science,Physics & Astronomy,Civil Engineering,Communication & Media Studies",False,False,False,
601-800,Texas Tech University,18.6—27.5,7790,27.7,419,16.6,577,25.4,713,33.6,776,41.1,531,public,0,/world-university-rankings/texas-tech-university,131276,United States,"30,145",20.2,7%,45 : 55,Texas Tech University,"Electrical & Electronic Engineering,Chemistry,Psychology,Architecture,Sociology,Veterinary Science,General Engineering,Physics & Astronomy,Education,Mechanical & Aerospace Engineering,Geology, Environmental, Earth & Marine Sciences,Business & Management,Civil Engineering,Communication & Media Studies,Accounting & Finance,Computer Science,Mathematics & Statistics,Law,History, Philosophy & Theology,Biological Sciences,Other Health,Sport Science,Geography,Art, Performing Arts & Design,Chemical Engineering,Politics & International Studies (incl Development Studies),Economics & Econometrics,Languages, Literature & Linguistics,Agriculture & Forestry",False,False,False,https://www.timeshighereducation.com/student/register-interest/shorelight?utm_medium=thewebsite&utm_campaign=cta-link&utm_source=rankings&iid=i-02032561
601-800,University of Texas at El Paso,18.6—27.5,7800,20.7,678,20.9,465,20.9,762,32.1,969,33.0,649,public,0,/world-university-rankings/university-texas-el-paso,131296,United States,"16,389",24.3,7%,53 : 47,University of Texas at El Paso,"Electrical & Electronic Engineering,Chemistry,Economics & Econometrics,Computer Science,Physics & Astronomy,Business & Management,Languages, Literature & Linguistics,Politics & International Studies (incl Development Studies),Mechanical & Aerospace Engineering,Communication & Media Studies,Other Health,Psychology,Mathematics & Statistics,Civil Engineering,Agriculture & Forestry,Sociology,History, Philosophy & Theology,Biological Sciences,Education,Art, Performing Arts & Design,Sport Science,Geography,General Engineering,Geology, Environmental, Earth & Marine Sciences,Accounting & Finance",False,False,False,https://www.timeshighereducation.com/student/register-interest/shorelight?utm_medium=thewebsite&utm_campaign=cta-link&utm_source=rankings&iid=i-04696203
601-800,Tezpur University,18.6—27.5,7810,22.4,597,14.2,648,39.8,569,32.2,929,12.3,979,master_account,0,/world-university-rankings/tezpur-university,131574,India,"3,300",13.6,0%,42 : 58,Tezpur University,"Chemistry,Business & Management,Civil Engineering,Education,Communication & Media Studies,Mathematics & Statistics,Accounting & Finance,Languages, Literature & Linguistics,Sociology,Mechanical & Aerospace Engineering,Computer Science,Biological Sciences,Electrical & Electronic Engineering,Physics & Astronomy,General Engineering,Law,Geology, Environmental, Earth & Marine Sciences",False,False,False,
601-800,Tokushima University,18.6—27.5,7820,27.4,426,17.9,543,14.2,852,54.3,203,18.5,886,master_account,0,/world-university-rankings/tokushima-university,131742,Japan,"7,550",9.0,3%,34 : 66,Tokushima University,"History, Philosophy & Theology,Civil Engineering,Chemical Engineering,Medicine & Dentistry,Biological Sciences,Mechanical & Aerospace Engineering,Art, Performing Arts & Design,Agriculture & Forestry,General Engineering,Other Health,Electrical & Electronic Engineering,Languages, Literature & Linguistics",False,False,False,
601-800,Tokyo University of Agriculture and Technology,18.6—27.5,7830,26.4,460,22.9,424,20.8,764,44.6,330,20.9,843,master_account,0,/world-university-rankings/tokyo-university-agriculture-and-technology,860,Japan,"5,802",14.8,5%,27 : 73,Tokyo University of Agriculture and Technology,"Chemistry,Agriculture & Forestry,Communication & Media Studies,Sport Science,Physics & Astronomy,Computer Science,Mechanical & Aerospace Engineering,Politics & International Studies (incl Development Studies),Mathematics & Statistics,Civil Engineering,General Engineering,Geology, Environmental, Earth & Marine Sciences,Electrical & Electronic Engineering,Biological Sciences,Chemical Engineering,Veterinary Science",False,False,False,
601-800,Tokyo University of Science,18.6—27.5,7840,21.1,660,23.7,406,22.5,747,37.8,534,16.8,921,master_account,0,/world-university-rankings/tokyo-university-science,131726,Japan,"19,911",25.2,1%,20 : 80,Tokyo University of Science tus rikadai tokyo,"Other Health,Electrical & Electronic Engineering,Business & Management,Chemical Engineering,Accounting & Finance,Architecture,Chemistry,Computer Science,Economics & Econometrics,Physics & Astronomy,Civil Engineering,General Engineering,Mathematics & Statistics,Mechanical & Aerospace Engineering,Geology, Environmental, Earth & Marine Sciences,Biological Sciences",False,False,False,
601-800,Toyohashi University of Technology (TUT),18.6—27.5,7850,22.3,605,17.2,557,16.8,817,47.7,281,24.7,772,master_account,0,/world-university-rankings/toyohashi-university-technology-tut,131816,Japan,"2,331",9.9,8%,10 : 90,Toyohashi University of Technology (TUT),"Physics & Astronomy,Electrical & Electronic Engineering,General Engineering,Computer Science,Mathematics & Statistics,Civil Engineering,Chemistry,Chemical Engineering,Biological Sciences,Mechanical & Aerospace Engineering",False,False,False,
601-800,Universiti Teknologi Petronas,18.6—27.5,7860,25.1,498,17.0,567,10.3,909,65.5,138,64.4,255,master_account,0,/world-university-rankings/universiti-teknologi-petronas,589229,Malaysia,"5,466",14.1,27%,36 : 64,Universiti Teknologi Petronas UTP Petronas University of Technology University Technology Petronas,"Mechanical & Aerospace Engineering,Geology, Environmental, Earth & Marine Sciences,Electrical & Electronic Engineering,Computer Science,Business & Management,Chemical Engineering,Civil Engineering,General Engineering,Chemistry",False,False,False,
601-800,University of Vigo,18.6—27.5,7870,15.5,904,11.7,741,33.2,634,37.0,577,36.5,601,master_account,0,/world-university-rankings/university-vigo,908,Spain,"20,834",17.2,4%,50 : 50,University of Vigo,"Mechanical & Aerospace Engineering,Politics & International Studies (incl Development Studies),General Engineering,Chemistry,Economics & Econometrics,Computer Science,Physics & Astronomy,Accounting & Finance,Art, Performing Arts & Design,Chemical Engineering,Sociology,History, Philosophy & Theology,Biological Sciences,Law,Languages, Literature & Linguistics,Agriculture & Forestry,Geography,Electrical & Electronic Engineering,Communication & Media Studies,Other Health,Mathematics & Statistics,Education,Civil Engineering,Geology, Environmental, Earth & Marine Sciences,Archaeology,Sport Science,Business & Management",False,False,False,
601-800,Vilnius University,18.6—27.5,7880,19.2,738,12.7,698,35.0,619,40.2,450,40.4,543,master_account,0,/world-university-rankings/vilnius-university,131748,Lithuania,"18,442",11.9,4%,64 : 36,Vilnius University,"Geography,Communication & Media Studies,Geology, Environmental, Earth & Marine Sciences,Chemical Engineering,Economics & Econometrics,Other Health,History, Philosophy & Theology,Law,Archaeology,Chemistry,Politics & International Studies (incl Development Studies),Business & Management,Education,General Engineering,Electrical & Electronic Engineering,Mathematics & Statistics,Accounting & Finance,Computer Science,Biological Sciences,Languages, Literature & Linguistics,Psychology,Medicine & Dentistry,Physics & Astronomy,Sociology",False,False,False,
601-800,Waseda University,18.6—27.5,7890,25.9,474,20.0,489,30.1,667,35.6,650,32.4,657,master_account,6,/world-university-rankings/waseda-university,862,Japan,"51,809",16.6,8%,35 : 65,Waseda University Waseda Japan Tokyo,"Electrical & Electronic Engineering,Physics & Astronomy,Education,Architecture,Geology, Environmental, Earth & Marine Sciences,Psychology,Other Health,Sport Science,Economics & Econometrics,Medicine & Dentistry,Politics & International Studies (incl Development Studies),History, Philosophy & Theology,Chemical Engineering,Geography,Languages, Literature & Linguistics,Mechanical & Aerospace Engineering,Chemistry,Law,General Engineering,Mathematics & Statistics,Business & Management,Art, Performing Arts & Design,Civil Engineering,Biological Sciences,Accounting & Finance,Computer Science,Communication & Media Studies,Archaeology,Sociology",False,False,False,
601-800,UWE Bristol (University of the West of England),18.6—27.5,7900,15.6,901,13.4,674,38.3,583,32.9,837,53.3,361,master_account,0,/world-university-rankings/uwe-bristol-university-west-england,131439,United Kingdom,"20,755",19.3,17%,53 : 47,UWE Bristol (University of the West of England),"Accounting & Finance,Languages, Literature & Linguistics,Mathematics & Statistics,Computer Science,Geology, Environmental, Earth & Marine Sciences,History, Philosophy & Theology,Sociology,Politics & International Studies (incl Development Studies),Art, Performing Arts & Design,Mechanical & Aerospace Engineering,Education,Law,Biological Sciences,Electrical & Electronic Engineering,Business & Management,Architecture,Geography,Psychology,Other Health,Civil Engineering,General Engineering,Communication & Media Studies,Economics & Econometrics",False,False,False,https://www.timeshighereducation.com/student/register-interest/siuk?utm_medium=thewebsite&utm_campaign=cta-link&utm_source=rankings&iid=i-28947501
601-800,University of the West of Scotland,18.6—27.5,7910,14.0,955,10.3,816,40.0,567,32.3,916,56.7,321,master_account,0,/world-university-rankings/university-west-scotland,131427,United Kingdom,"11,595",20.7,11%,60 : 40,University of the West of Scotland,"Physics & Astronomy,Communication & Media Studies,Sport Science,Computer Science,Politics & International Studies (incl Development Studies),Chemical Engineering,Mathematics & Statistics,Accounting & Finance,Business & Management,Mechanical & Aerospace Engineering,General Engineering,Biological Sciences,Chemistry,Education,Sociology,Languages, Literature & Linguistics,Other Health,Law,Civil Engineering,Geology, Environmental, Earth & Marine Sciences,Psychology,Art, Performing Arts & Design",False,False,False,https://www.timeshighereducation.com/student/register-interest/siuk?utm_medium=thewebsite&utm_campaign=cta-link&utm_source=rankings&iid=i-27453906
601-800,West University of Timişoara,18.6—27.5,7920,18.1,796,7.9,914,29.2,676,32.1,971,29.8,695,master_account,0,/world-university-rankings/west-university-timisoara,131390,Romania,"13,555",18.3,4%,65 : 35,West University of Timişoara,"History, Philosophy & Theology,Sociology,Biological Sciences,Law,Sport Science,Education,Mathematics & Statistics,Psychology,Physics & Astronomy,Business & Management,Archaeology,Geology, Environmental, Earth & Marine Sciences,Economics & Econometrics,Art, Performing Arts & Design,Chemistry,Accounting & Finance,Computer Science,Communication & Media Studies,Languages, Literature & Linguistics,Politics & International Studies (incl Development Studies),Other Health,Geography",False,False,False,
601-800,University of the Western Cape,18.6—27.5,7930,17.9,810,14.3,642,40.1,566,32.7,865,58.4,305,master_account,0,/world-university-rankings/university-western-cape,587871,South Africa,"20,182",33.2,8%,60 : 40,University of the Western Cape,"Physics & Astronomy,Chemistry,Medicine & Dentistry,Communication & Media Studies,Agriculture & Forestry,Law,History, Philosophy & Theology,Psychology,Computer Science,Geography,Accounting & Finance,Biological Sciences,Sociology,Other Health,Education,Economics & Econometrics,Sport Science,Geology, Environmental, Earth & Marine Sciences,Languages, Literature & Linguistics,Politics & International Studies (incl Development Studies),Mathematics & Statistics,Business & Management",False,False,False,
601-800,University of Westminster,18.6—27.5,7940,15.6,902,14.0,654,22.2,752,32.4,905,81.0,119,master_account,0,/world-university-rankings/university-westminster,131626,United Kingdom,"16,570",20.1,45%,58 : 42,University of Westminster,"History, Philosophy & Theology,Sociology,Economics & Econometrics,Business & Management,Other Health,Law,Architecture,Electrical & Electronic Engineering,Art, Performing Arts & Design,Biological Sciences,Languages, Literature & Linguistics,Psychology,Communication & Media Studies,Accounting & Finance,Politics & International Studies (incl Development Studies),Computer Science",False,False,False,https://www.timeshighereducation.com/student/register-interest/siuk?utm_medium=thewebsite&utm_campaign=cta-link&utm_source=rankings&iid=i-65712765
601-800,University of Windsor,18.6—27.5,7950,18.0,803,13.7,664,24.7,717,35.3,672,48.3,425,master_account,0,/world-university-rankings/university-windsor,589268,Canada,"15,453",18.7,16%,52 : 48,University of Windsor,"Electrical & Electronic Engineering,Other Health,Architecture,Art, Performing Arts & Design,Psychology,Mathematics & Statistics,Civil Engineering,Physics & Astronomy,Accounting & Finance,Business & Management,Sport Science,Languages, Literature & Linguistics,Mechanical & Aerospace Engineering,Economics & Econometrics,General Engineering,Geology, Environmental, Earth & Marine Sciences,Politics & International Studies (incl Development Studies),Biological Sciences,Education,Agriculture & Forestry,Computer Science,Sociology,Chemistry,Communication & Media Studies,Law,History, Philosophy & Theology",False,False,False,https://www.timeshighereducation.com/student/register-interest/applyboard?utm_medium=thewebsite&utm_campaign=cta-link&utm_source=rankings&iid=i-88327862
601-800,Yamagata University,18.6—27.5,7960,22.3,606,10.0,827,22.8,743,50.4,240,19.4,864,master_account,0,/world-university-rankings/yamagata-university,589193,Japan,"8,866",8.3,2%,34 : 66,Yamagata University,"Chemistry,Medicine & Dentistry,Sport Science,Electrical & Electronic Engineering,Civil Engineering,Chemical Engineering,Business & Management,Mechanical & Aerospace Engineering,Education,Sociology,Mathematics & Statistics,Other Health,Physics & Astronomy,History, Philosophy & Theology,General Engineering,Agriculture & Forestry,Communication & Media Studies,Geology, Environmental, Earth & Marine Sciences,Architecture,Computer Science,Law,Economics & Econometrics,Geography,Art, Performing Arts & Design,Biological Sciences,Languages, Literature & Linguistics,Archaeology,Politics & International Studies (incl Development Studies),Accounting & Finance,Psychology",False,False,False,
601-800,University of Yamanashi,18.6—27.5,7970,25.3,491,10.2,820,19.5,786,35.9,630,19.8,858,master_account,0,/world-university-rankings/university-yamanashi,589280,Japan,"4,842",6.9,4%,30 : 70,University of Yamanashi,"Chemical Engineering,Education,Electrical & Electronic Engineering,Politics & International Studies (incl Development Studies),Economics & Econometrics,Geology, Environmental, Earth & Marine Sciences,Languages, Literature & Linguistics,Chemistry,History, Philosophy & Theology,Computer Science,Civil Engineering,Medicine & Dentistry,Art, Performing Arts & Design,Mathematics & Statistics,Mechanical & Aerospace Engineering,Agriculture & Forestry,Other Health,Physics & Astronomy,Biological Sciences,Geography,Business & Management,General Engineering,Psychology",False,False,False,
601-800,Yeungnam University,18.6—27.5,7980,33.1,295,11.4,762,35.0,620,38.9,495,28.0,723,master_account,0,/world-university-rankings/yeungnam-university,131728,South Korea,"22,658",16.2,3%,49 : 51,Yeungnam University,"Computer Science,Geology, Environmental, Earth & Marine Sciences,Agriculture & Forestry,Law,General Engineering,Physics & Astronomy,Electrical & Electronic Engineering,Economics & Econometrics,History, Philosophy & Theology,Education,Civil Engineering,Medicine & Dentistry,Mechanical & Aerospace Engineering,Psychology,Mathematics & Statistics,Sport Science,Sociology,Chemical Engineering,Chemistry,Accounting & Finance,Biological Sciences,Business & Management,Politics & International Studies (incl Development Studies),Other Health,Languages, Literature & Linguistics,Communication & Media Studies,Archaeology,Architecture,Art, Performing Arts & Design",False,False,False,
601-800,Yokohama City University,18.6—27.5,7990,23.8,547,6.4,960,38.0,586,39.4,478,16.9,920,master_account,0,/world-university-rankings/yokohama-city-university,131820,Japan,"4,851",5.0,2%,55 : 45,Yokohama City University,"Other Health,Accounting & Finance,Mathematics & Statistics,Economics & Econometrics,Medicine & Dentistry,Business & Management,Biological Sciences,Sociology,Chemistry,Politics & International Studies (incl Development Studies)",False,False,False,
601-800,Yuan Ze University,18.6—27.5,8000,17.1,837,14.1,651,25.3,715,45.7,307,20.9,844,master_account,0,/world-university-rankings/yuan-ze-university,865,Taiwan,"8,814",20.9,5%,42 : 58,Yuan Ze University,"Languages, Literature & Linguistics,Sociology,Art, Performing Arts & Design,Communication & Media Studies,Chemical Engineering,Computer Science,General Engineering,Accounting & Finance,Mechanical & Aerospace Engineering,Other Health,Business & Management,Electrical & Electronic Engineering,Biological Sciences",False,False,False,
601-800,École Centrale de Lyon,18.6—27.5,8010,28.8,390,15.0,619,23.7,730,82.7,69,64.9,248,master_account,0,/world-university-rankings/ecole-centrale-de-lyon,587796,France,"1,872",17.7,23%,26 : 74,École Centrale de Lyon,"Mechanical & Aerospace Engineering,Civil Engineering,General Engineering,Mathematics & Statistics,Electrical & Electronic Engineering",False,False,False,
601-800,Izmir Institute of Technology,18.6—27.5,8020,17.7,816,9.0,863,25.2,716,42.5,383,29.2,702,master_account,0,/world-university-rankings/izmir-institute-technology,587835,Turkey,"4,201",19.0,4%,45 : 55,Izmir Institute of Technology,"Geology, Environmental, Earth & Marine Sciences,Electrical & Electronic Engineering,Chemistry,Biological Sciences,Art, Performing Arts & Design,Physics & Astronomy,Mathematics & Statistics,General Engineering,Chemical Engineering,Business & Management,Architecture,Civil Engineering,Computer Science",False,False,False,
801+,Acharya Nagarjuna University,8.3—18.5,8030,36.2,246,7.8,915,1.7,976,39.9,457,17.1,915,master_account,0,/world-university-rankings/acharya-nagarjuna-university,587874,India,"5,605",17.4,3%,27 : 73,Acharya Nagarjuna University,"Sport Science,Education,Languages, Literature & Linguistics,Biological Sciences,Psychology,History, Philosophy & Theology,Physics & Astronomy,Sociology,Architecture,Electrical & Electronic Engineering,Business & Management,Mechanical & Aerospace Engineering,Geology, Environmental, Earth & Marine Sciences,Archaeology,Chemistry,Economics & Econometrics,Civil Engineering,Law,Chemical Engineering,Accounting & Finance,Computer Science,Communication & Media Studies,Mathematics & Statistics,Art, Performing Arts & Design",False,False,False,
801+,"Adam Mickiewicz University, Poznań",8.3—18.5,8040,17.6,818,10.4,810,20.4,773,32.7,853,28.1,718,master_account,0,/world-university-rankings/adam-mickiewicz-university-poznan,131738,Poland,"39,291",15.0,2%,71 : 29,"Adam Mickiewicz University, Poznań","Politics & International Studies (incl Development Studies),Archaeology,Physics & Astronomy,Geography,Mathematics & Statistics,Computer Science,Law,History, Philosophy & Theology,Sociology,Communication & Media Studies,Psychology,Biological Sciences,Education,Chemistry,Art, Performing Arts & Design,Languages, Literature & Linguistics,Business & Management,Geology, Environmental, Earth & Marine Sciences",False,False,False,
801+,"University of Agriculture, Faisalabad",8.3—18.5,8050,14.8,926,12.2,716,20.6,769,32.2,918,26.2,746,master_account,0,/world-university-rankings/university-agriculture-faisalabad,587862,Pakistan,"15,122",29.0,0%,36 : 64,"University of Agriculture, Faisalabad","Physics & Astronomy,Biological Sciences,Mathematics & Statistics,Chemistry,Economics & Econometrics,Languages, Literature & Linguistics,Accounting & Finance,General Engineering,Sociology,Other Health,Art, Performing Arts & Design,Geology, Environmental, Earth & Marine Sciences,Agriculture & Forestry,Computer Science,Education,Business & Management,Veterinary Science",False,False,False,
801+,Ain Shams University,8.3—18.5,8060,19.2,732,7.9,910,9.6,916,33.3,796,31.2,673,master_account,0,/world-university-rankings/ain-shams-university,131494,Egypt,"133,048",12.5,2%,59 : 41,Ain Shams University,"Business & Management,Mechanical & Aerospace Engineering,Mathematics & Statistics,Chemical Engineering,Other Health,Archaeology,Medicine & Dentistry,Physics & Astronomy,Politics & International Studies (incl Development Studies),General Engineering,Geology, Environmental, Earth & Marine Sciences,Education,Civil Engineering,Psychology,Law,Computer Science,Sociology,Architecture,Languages, Literature & Linguistics,Geography,Veterinary Science,Agriculture & Forestry,Economics & Econometrics,Art, Performing Arts & Design,Communication & Media Studies,Electrical & Electronic Engineering,History, Philosophy & Theology,Chemistry,Accounting & Finance,Biological Sciences",False,False,False,
801+,Alexandria University,8.3—18.5,8070,16.2,867,8.7,871,20.6,770,34.8,699,42.2,510,master_account,0,/world-university-rankings/alexandria-university,768,Egypt,"154,366",26.9,3%,47 : 53,Alexandria University,"Biological Sciences,Business & Management,Geology, Environmental, Earth & Marine Sciences,Civil Engineering,Computer Science,Geography,Languages, Literature & Linguistics,Chemical Engineering,Law,Mathematics & Statistics,Archaeology,Physics & Astronomy,Politics & International Studies (incl Development Studies),Mechanical & Aerospace Engineering,Accounting & Finance,General Engineering,Veterinary Science,History, Philosophy & Theology,Architecture,Electrical & Electronic Engineering,Other Health,Communication & Media Studies,Economics & Econometrics,Sociology,Art, Performing Arts & Design,Medicine & Dentistry,Education,Psychology,Sport Science,Chemistry,Agriculture & Forestry",False,False,False,
801+,Alexandru Ioan Cuza University,8.3—18.5,8080,20.1,696,11.7,738,11.2,893,32.2,919,48.7,417,master_account,0,/world-university-rankings/alexandru-ioan-cuza-university,131673,Romania,"23,707",29.7,3%,59 : 41,Alexandru Ioan Cuza University,"Sociology,Languages, Literature & Linguistics,History, Philosophy & Theology,Geology, Environmental, Earth & Marine Sciences,Psychology,Computer Science,Archaeology,Politics & International Studies (incl Development Studies),Education,Chemistry,Geography,Physics & Astronomy,Accounting & Finance,Mathematics & Statistics,Law,Biological Sciences,Economics & Econometrics,Sport Science,Business & Management,Communication & Media Studies",False,False,False,
801+,"Amity University, Noida",8.3—18.5,8090,15.0,916,7.5,928,10.0,912,32.9,827,16.6,922,master_account,0,/world-university-rankings/amity-university-noida,131629,India,"25,391",15.0,3%,38 : 62,"Amity University, Noida","Physics & Astronomy,Computer Science,Law,Business & Management,Chemical Engineering,Languages, Literature & Linguistics,Mathematics & Statistics,Communication & Media Studies,Sport Science,History, Philosophy & Theology,Education,Geography,Psychology,Chemistry,General Engineering,Art, Performing Arts & Design,Economics & Econometrics,Biological Sciences,Other Health,Architecture,Civil Engineering,Electrical & Electronic Engineering,Sociology,Accounting & Finance,Politics & International Studies (incl Development Studies),Mechanical & Aerospace Engineering,Agriculture & Forestry,Geology, Environmental, Earth & Marine Sciences",False,False,False,
801+,Amrita Vishwa Vidyapeetham,8.3—18.5,8100,18.7,767,6.0,963,10.8,901,44.4,337,37.1,593,master_account,0,/world-university-rankings/amrita-vishwa-vidyapeetham,131729,India,"18,938",11.9,9%,,Amrita Vishwa Vidyapeetham,"Biological Sciences,Physics & Astronomy,Civil Engineering,Geology, Environmental, Earth & Marine Sciences,Agriculture & Forestry,Computer Science,Mathematics & Statistics,Languages, Literature & Linguistics,General Engineering,Business & Management,Mechanical & Aerospace Engineering,Accounting & Finance,Medicine & Dentistry,Chemical Engineering,Economics & Econometrics,History, Philosophy & Theology,Electrical & Electronic Engineering,Chemistry,Other Health",False,False,False,
801+,Anadolu University,8.3—18.5,8110,10.9,979,8.9,864,15.3,834,39.3,479,15.1,952,master_account,0,/world-university-rankings/anadolu-university,131583,Turkey,"1,414,640",594.4,0%,44 : 56,Anadolu University,"Business & Management,Accounting & Finance,Art, Performing Arts & Design,Archaeology,Law,Politics & International Studies (incl Development Studies),Languages, Literature & Linguistics,Sociology,History, Philosophy & Theology,Education,Communication & Media Studies,Other Health,Psychology,Economics & Econometrics",False,False,False,
801+,"University of the Andes, Venezuela",8.3—18.5,8120,13.1,968,6.9,948,13.2,863,32.1,930,41.5,524,master_account,0,/world-university-rankings/university-andes-venezuela,131353,Venezuela,"54,595",23.2,0%,60 : 40,"University of the Andes, Venezuela","Medicine & Dentistry,Geology, Environmental, Earth & Marine Sciences,Computer Science,Civil Engineering,Geography,Electrical & Electronic Engineering,Physics & Astronomy,Communication & Media Studies,Art, Performing Arts & Design,Mathematics & Statistics,Accounting & Finance,Other Health,Chemistry,Economics & Econometrics,History, Philosophy & Theology,Biological Sciences,Psychology,Architecture,Agriculture & Forestry,Education,Mechanical & Aerospace Engineering,Politics & International Studies (incl Development Studies),Languages, Literature & Linguistics,Sport Science,Business & Management,Chemical Engineering,Law",False,False,False,
801+,Andhra University,8.3—18.5,8130,33.0,296,8.1,898,1.6,977,35.5,653,15.0,954,master_account,0,/world-university-rankings/andhra-university,131464,India,"10,882",21.0,4%,55 : 45,Andhra University,"Computer Science,Mathematics & Statistics,Communication & Media Studies,Chemical Engineering,Business & Management,Law,Sport Science,Art, Performing Arts & Design,Geology, Environmental, Earth & Marine Sciences,Other Health,Mechanical & Aerospace Engineering,Civil Engineering,Psychology,Chemistry,Electrical & Electronic Engineering,History, Philosophy & Theology,Education,Physics & Astronomy,Languages, Literature & Linguistics,Sociology,Politics & International Studies (incl Development Studies),General Engineering,Geography,Accounting & Finance,Biological Sciences,Architecture",False,False,False,
801+,Ankara University,8.3—18.5,8140,18.0,797,5.3,966,10.4,906,32.6,867,18.8,875,master_account,0,/world-university-rankings/ankara-university,131389,Turkey,"59,554",16.4,4%,53 : 47,Ankara University,"Other Health,Geology, Environmental, Earth & Marine Sciences,Law,Architecture,Agriculture & Forestry,Politics & International Studies (incl Development Studies),Electrical & Electronic Engineering,Physics & Astronomy,Geography,Archaeology,Biological Sciences,Chemistry,Languages, Literature & Linguistics,Civil Engineering,Mathematics & Statistics,Education,Computer Science,Communication & Media Studies,Economics & Econometrics,Art, Performing Arts & Design,Mechanical & Aerospace Engineering,Sociology,Medicine & Dentistry,Veterinary Science,Accounting & Finance,General Engineering,Sport Science,Psychology,History, Philosophy & Theology,Chemical Engineering,Business & Management",False,False,False,
801+,Universidad Autónoma de Nuevo León (UANL),8.3—18.5,8150,11.6,978,6.7,954,8.1,935,32.1,931,28.2,716,master_account,0,/world-university-rankings/universidad-autonoma-de-nuevo-leon-uanl,131435,Mexico,"104,912",28.9,0%,,Universidad Autónoma de Nuevo León (UANL),"Business & Management,Physics & Astronomy,Veterinary Science,General Engineering,Sociology,Accounting & Finance,Medicine & Dentistry,History, Philosophy & Theology,Architecture,Communication & Media Studies,Biological Sciences,Agriculture & Forestry,Law,Civil Engineering,Art, Performing Arts & Design,Geography,Mathematics & Statistics,Chemistry,Electrical & Electronic Engineering,Computer Science,Psychology,Economics & Econometrics,Mechanical & Aerospace Engineering,Sport Science,Other Health,Education,Geology, Environmental, Earth & Marine Sciences,Politics & International Studies (incl Development Studies),Chemical Engineering,Languages, Literature & Linguistics",False,False,False,
801+,Benemérita Universidad Autónoma de Puebla,8.3—18.5,8160,14.6,938,8.2,896,9.7,915,32.1,932,22.2,813,master_account,0,/world-university-rankings/benemerita-universidad-autonoma-de-puebla,131328,Mexico,"64,029",14.3,0%,52 : 48,Benemérita Universidad Autónoma de Puebla,"History, Philosophy & Theology,Agriculture & Forestry,Education,Medicine & Dentistry,Veterinary Science,Psychology,Art, Performing Arts & Design,Computer Science,Mathematics & Statistics,Accounting & Finance,Mechanical & Aerospace Engineering,Communication & Media Studies,Electrical & Electronic Engineering,Chemistry,Other Health,Sport Science,Business & Management,General Engineering,Physics & Astronomy,Economics & Econometrics,Architecture,Biological Sciences,Law,Languages, Literature & Linguistics,Chemical Engineering,Sociology,Civil Engineering,Politics & International Studies (incl Development Studies)",False,False,False,
801+,Universidad Autónoma del Estado de Mexico (UAEMex),8.3—18.5,8170,15.6,897,8.6,874,5.4,956,32.4,888,23.1,795,master_account,0,/world-university-rankings/universidad-autonoma-del-estado-de-mexico-uaemex,131803,Mexico,"52,482",22.8,0%,56 : 44,Universidad Autónoma del Estado de Mexico (UAEMex),"Geology, Environmental, Earth & Marine Sciences,Languages, Literature & Linguistics,Law,Education,General Engineering,Physics & Astronomy,Civil Engineering,Geography,Biological Sciences,Politics & International Studies (incl Development Studies),Archaeology,Other Health,Chemical Engineering,Veterinary Science,Sociology,Art, Performing Arts & Design,Psychology,Accounting & Finance,Medicine & Dentistry,Chemistry,Computer Science,Agriculture & Forestry,Mathematics & Statistics,Sport Science,Communication & Media Studies,Electrical & Electronic Engineering,Mechanical & Aerospace Engineering,Business & Management,Architecture,Economics & Econometrics,History, Philosophy & Theology",False,False,False,
801+,Bahauddin Zakariya University,8.3—18.5,8180,13.2,967,10.1,821,24.0,725,0.0,981,25.8,755,master_account,0,/world-university-rankings/bahauddin-zakariya-university,587643,Pakistan,"21,433",30.2,0%,47 : 53,Bahauddin Zakariya University,"Psychology,Sport Science,Education,Languages, Literature & Linguistics,Agriculture & Forestry,Law,Accounting & Finance,General Engineering,Business & Management,Architecture,Biological Sciences,Veterinary Science,History, Philosophy & Theology,Mathematics & Statistics,Chemistry,Art, Performing Arts & Design,Geography,Politics & International Studies (incl Development Studies),Civil Engineering,Communication & Media Studies,Mechanical & Aerospace Engineering,Sociology,Computer Science,Chemical Engineering,Economics & Econometrics,Electrical & Electronic Engineering,Geology, Environmental, Earth & Marine Sciences,Physics & Astronomy",False,False,False,
801+,Institut Teknologi Bandung,8.3—18.5,8190,19.0,745,11.1,773,1.9,975,84.4,63,28.0,720,master_account,0,/world-university-rankings/institut-teknologi-bandung,589106,Indonesia,"19,757",13.9,1%,41 : 59,Institut Teknologi Bandung,"Education,General Engineering,Physics & Astronomy,Geography,Chemistry,Computer Science,Architecture,Sociology,Chemical Engineering,Psychology,Communication & Media Studies,Archaeology,Accounting & Finance,Civil Engineering,Art, Performing Arts & Design,Mechanical & Aerospace Engineering,Geology, Environmental, Earth & Marine Sciences,Veterinary Science,Sport Science,History, Philosophy & Theology,Business & Management,Electrical & Electronic Engineering,Languages, Literature & Linguistics,Agriculture & Forestry,Economics & Econometrics,Medicine & Dentistry,Other Health,Politics & International Studies (incl Development Studies),Law,Mathematics & Statistics,Biological Sciences",False,False,False,
801+,Belarusian State University,8.3—18.5,8200,20.1,697,9.0,859,11.0,896,32.1,933,52.3,369,master_account,0,/world-university-rankings/belarusian-state-university,131559,Belarus,"28,822",10.0,6%,69 : 31,Belarusian State University,"Economics & Econometrics,Geology, Environmental, Earth & Marine Sciences,Archaeology,Geography,Biological Sciences,Languages, Literature & Linguistics,Law,Communication & Media Studies,General Engineering,History, Philosophy & Theology,Accounting & Finance,Physics & Astronomy,Agriculture & Forestry,Chemical Engineering,Mechanical & Aerospace Engineering,Politics & International Studies (incl Development Studies),Psychology,Computer Science,Business & Management,Electrical & Electronic Engineering,Chemistry,Veterinary Science,Art, Performing Arts & Design,Sociology,Education,Mathematics & Statistics",False,False,True,
801+,University of Belgrade,8.3—18.5,8210,17.4,828,12.5,703,20.7,766,36.7,585,32.2,659,master_account,0,/world-university-rankings/university-belgrade,131292,Serbia,"99,335",25.4,4%,60 : 40,University of Belgrade,"Agriculture & Forestry,Law,History, Philosophy & Theology,Archaeology,Biological Sciences,Education,Other Health,Geology, Environmental, Earth & Marine Sciences,Economics & Econometrics,Computer Science,Sport Science,Business & Management,Languages, Literature & Linguistics,Chemical Engineering,Geography,Electrical & Electronic Engineering,Mathematics & Statistics,Politics & International Studies (incl Development Studies),General Engineering,Communication & Media Studies,Mechanical & Aerospace Engineering,Physics & Astronomy,Sociology,Accounting & Finance,Architecture,Civil Engineering,Chemistry,Medicine & Dentistry,Veterinary Science,Psychology",False,False,False,
801+,University of Bucharest,8.3—18.5,8220,22.3,598,7.4,932,9.4,922,32.2,920,25.5,759,master_account,0,/world-university-rankings/university-bucharest,131536,Romania,"31,305",23.5,2%,70 : 30,University of Bucharest,"Sport Science,History, Philosophy & Theology,Politics & International Studies (incl Development Studies),Psychology,Physics & Astronomy,Languages, Literature & Linguistics,Mathematics & Statistics,Economics & Econometrics,Education,Business & Management,Computer Science,Biological Sciences,Chemistry,Communication & Media Studies,Geography,Law,Sociology,Geology, Environmental, Earth & Marine Sciences",False,False,False,
801+,Cairo University,8.3—18.5,8230,18.2,789,11.8,732,15.8,830,33.4,787,30.6,680,master_account,0,/world-university-rankings/cairo-university,1006,Egypt,"256,470",46.3,2%,48 : 52,Cairo University,"Agriculture & Forestry,Medicine & Dentistry,Economics & Econometrics,Chemistry,Mechanical & Aerospace Engineering,General Engineering,Education,Communication & Media Studies,Physics & Astronomy,Languages, Literature & Linguistics,Business & Management,Geography,Architecture,Biological Sciences,History, Philosophy & Theology,Politics & International Studies (incl Development Studies),Archaeology,Chemical Engineering,Psychology,Veterinary Science,Geology, Environmental, Earth & Marine Sciences,Computer Science,Law,Civil Engineering,Sociology,Mathematics & Statistics,Electrical & Electronic Engineering,Other Health,Accounting & Finance",False,False,False,
801+,Central South University,8.3—18.5,8240,23.7,548,11.3,763,18.5,796,48.7,265,14.6,960,master_account,11,/world-university-rankings/central-south-university,589367,China,"55,100",17.0,1%,40 : 60,Central South University CSU Central South University,"Communication & Media Studies,Architecture,Medicine & Dentistry,Chemistry,Biological Sciences,Sociology,Art, Performing Arts & Design,Geology, Environmental, Earth & Marine Sciences,Mechanical & Aerospace Engineering,General Engineering,Economics & Econometrics,Languages, Literature & Linguistics,Electrical & Electronic Engineering,Law,Psychology,Civil Engineering,Business & Management,Chemical Engineering,Computer Science,Physics & Astronomy,Mathematics & Statistics,History, Philosophy & Theology,Other Health,Accounting & Finance",False,False,False,
801+,University of Cergy-Pontoise,8.3—18.5,8250,18.9,752,7.5,930,16.8,815,34.8,700,55.8,331,master_account,0,/world-university-rankings/university-cergy-pontoise,131787,France,"17,165",9.3,14%,57 : 43,University of Cergy-Pontoise,"Veterinary Science,Agriculture & Forestry,Electrical & Electronic Engineering,Mechanical & Aerospace Engineering,Sport Science,Mathematics & Statistics,Chemistry,History, Philosophy & Theology,Computer Science,Communication & Media Studies,Physics & Astronomy,General Engineering,Economics & Econometrics,Languages, Literature & Linguistics,Accounting & Finance,Geology, Environmental, Earth & Marine Sciences,Civil Engineering,Politics & International Studies (incl Development Studies),Education,Archaeology,Art, Performing Arts & Design,Architecture,Business & Management,Geography,Law,Biological Sciences,Chemical Engineering,Sociology",False,False,False,
801+,Chiba Institute of Technology,8.3—18.5,8260,13.5,962,9.6,838,8.9,925,34.5,716,15.0,955,master_account,0,/world-university-rankings/chiba-institute-technology,131383,Japan,"9,644",34.0,1%,10 : 90,Chiba Institute of Technology,"Electrical & Electronic Engineering,Economics & Econometrics,Biological Sciences,Computer Science,Accounting & Finance,Chemical Engineering,Civil Engineering,Chemistry,General Engineering,Business & Management,Art, Performing Arts & Design,Geology, Environmental, Earth & Marine Sciences,Architecture,Communication & Media Studies,Mechanical & Aerospace Engineering",False,False,False,
801+,China University of Mining and Technology,8.3—18.5,8270,19.2,733,14.4,636,11.3,890,65.4,140,13.4,976,master_account,0,/world-university-rankings/china-university-mining-and-technology,589298,China,"43,024",19.0,1%,26 : 74,China University of Mining and Technology,"Electrical & Electronic Engineering,Art, Performing Arts & Design,Civil Engineering,Education,Psychology,Computer Science,Physics & Astronomy,Sport Science,General Engineering,Languages, Literature & Linguistics,Chemistry,Chemical Engineering,Communication & Media Studies,Mathematics & Statistics,History, Philosophy & Theology,Geology, Environmental, Earth & Marine Sciences,Mechanical & Aerospace Engineering",False,False,False,
801+,Chongqing University,8.3—18.5,8280,18.0,799,17.5,551,14.4,847,65.4,141,18.4,888,master_account,0,/world-university-rankings/chongqing-university,131440,China,"46,461",16.5,3%,,Chongqing University,"Business & Management,Architecture,Biological Sciences,Law,Chemistry,Civil Engineering,Communication & Media Studies,Other Health,History, Philosophy & Theology,Mechanical & Aerospace Engineering,Languages, Literature & Linguistics,Education,Electrical & Electronic Engineering,Art, Performing Arts & Design,Mathematics & Statistics,Chemical Engineering,Psychology,Economics & Econometrics,General Engineering,Sport Science,Physics & Astronomy,Medicine & Dentistry,Politics & International Studies (incl Development Studies),Computer Science,Accounting & Finance,Geology, Environmental, Earth & Marine Sciences",False,False,False,
801+,Chungnam National University,8.3—18.5,8290,23.6,551,9.2,850,13.0,868,48.5,267,20.5,846,master_account,0,/world-university-rankings/chungnam-national-university,131405,South Korea,"22,433",21.9,3%,34 : 66,Chungnam National University CNU Chung Nam National University Chung-Nam,"Art, Performing Arts & Design,Mechanical & Aerospace Engineering,Sport Science,Psychology,Archaeology,Chemical Engineering,Law,Architecture,Veterinary Science,Sociology,Other Health,Mathematics & Statistics,Business & Management,Electrical & Electronic Engineering,Communication & Media Studies,Computer Science,Chemistry,Accounting & Finance,History, Philosophy & Theology,Agriculture & Forestry,Geology, Environmental, Earth & Marine Sciences,Geography,General Engineering,Physics & Astronomy,Economics & Econometrics,Medicine & Dentistry,Biological Sciences,Education,Languages, Literature & Linguistics,Civil Engineering,Politics & International Studies (incl Development Studies)",False,False,False,
801+,Chuo University,8.3—18.5,8300,23.3,562,8.5,879,18.6,795,34.4,723,20.0,852,master_account,0,/world-university-rankings/chuo-university,589244,Japan,"26,908",38.8,3%,34 : 66,Chuo University,"History, Philosophy & Theology,Chemistry,Mechanical & Aerospace Engineering,Education,Computer Science,Politics & International Studies (incl Development Studies),Accounting & Finance,Electrical & Electronic Engineering,Communication & Media Studies,Psychology,Mathematics & Statistics,Chemical Engineering,Law,Languages, Literature & Linguistics,Physics & Astronomy,Biological Sciences,Geography,Civil Engineering,Sociology,Business & Management,General Engineering,Geology, Environmental, Earth & Marine Sciences,Economics & Econometrics",False,False,False,
801+,Cochin University of Science and Technology,8.3—18.5,8310,25.9,473,12.8,691,4.4,960,32.1,936,14.8,958,master_account,0,/world-university-rankings/cochin-university-science-and-technology,131318,India,"7,615",32.1,0%,35 : 65,Cochin University of Science and Technology,"Biological Sciences,Physics & Astronomy,Languages, Literature & Linguistics,Business & Management,General Engineering,Law,Computer Science,Mathematics & Statistics,Geology, Environmental, Earth & Marine Sciences,Chemistry",False,False,False,
801+,University of Colombo,8.3—18.5,8320,12.2,973,6.8,951,11.0,897,32.1,937,37.0,596,master_account,0,/world-university-rankings/university-colombo,589250,Sri Lanka,"16,296",22.4,1%,40 : 60,University of Colombo,"History, Philosophy & Theology,Other Health,Sport Science,Communication & Media Studies,Law,General Engineering,Geography,Sociology,Computer Science,Business & Management,Mathematics & Statistics,Education,Physics & Astronomy,Languages, Literature & Linguistics,Chemistry,Geology, Environmental, Earth & Marine Sciences,Economics & Econometrics,Accounting & Finance,Biological Sciences,Psychology,Agriculture & Forestry,Art, Performing Arts & Design,Politics & International Studies (incl Development Studies),Medicine & Dentistry",False,False,False,
801+,University of Costa Rica,8.3—18.5,8330,19.3,729,7.7,917,16.6,819,2.5,973,42.4,506,master_account,0,/world-university-rankings/university-costa-rica,584721,Costa Rica,"30,067",10.1,%,52 : 48,University of Costa Rica,"Electrical & Electronic Engineering,Biological Sciences,Geography,Chemistry,Psychology,Computer Science,Art, Performing Arts & Design,Chemical Engineering,Politics & International Studies (incl Development Studies),History, Philosophy & Theology,Sport Science,Business & Management,Economics & Econometrics,General Engineering,Law,Other Health,Physics & Astronomy,Accounting & Finance,Civil Engineering,Communication & Media Studies,Languages, Literature & Linguistics,Mathematics & Statistics,Education,Architecture,Mechanical & Aerospace Engineering,Geology, Environmental, Earth & Marine Sciences,Medicine & Dentistry,Agriculture & Forestry,Sociology",False,False,False,
801+,Czech University of Life Sciences Prague (CZU),8.3—18.5,8340,15.8,886,11.4,754,9.1,924,48.5,268,65.7,238,master_account,0,/world-university-rankings/czech-university-life-sciences-prague-czu,587883,Czechia,"18,149",22.0,16%,55 : 45,Czech University of Life Sciences Prague (CZU),"Agriculture & Forestry,Computer Science,General Engineering,Business & Management,Architecture,Politics & International Studies (incl Development Studies),Biological Sciences,Civil Engineering,Economics & Econometrics,Geology, Environmental, Earth & Marine Sciences,Electrical & Electronic Engineering,Accounting & Finance,Other Health,Education,Veterinary Science,Geography,Sociology",False,False,False,
801+,University of Debrecen,8.3—18.5,8350,17.5,822,4.3,976,23.4,735,37.1,569,48.7,419,master_account,6,/world-university-rankings/university-debrecen,986,Hungary,"28,812",19.7,13%,57 : 43,University of Debrecen,"Computer Science,Sociology,Agriculture & Forestry,Politics & International Studies (incl Development Studies),Art, Performing Arts & Design,Civil Engineering,Communication & Media Studies,Electrical & Electronic Engineering,Geology, Environmental, Earth & Marine Sciences,Accounting & Finance,History, Philosophy & Theology,Sport Science,Geography,Languages, Literature & Linguistics,General Engineering,Mathematics & Statistics,Education,Medicine & Dentistry,Chemical Engineering,Economics & Econometrics,Other Health,Chemistry,Business & Management,Architecture,Biological Sciences,Law,Mechanical & Aerospace Engineering,Physics & Astronomy,Psychology",False,False,False,
801+,Doshisha University,8.3—18.5,8360,14.7,935,6.2,961,7.2,946,33.5,779,22.1,818,master_account,0,/world-university-rankings/doshisha-university,589211,Japan,"28,899",23.0,3%,38 : 62,Doshisha University,"Accounting & Finance,Business & Management,Law,Chemistry,Mechanical & Aerospace Engineering,Economics & Econometrics,Communication & Media Studies,Education,Biological Sciences,Archaeology,Geology, Environmental, Earth & Marine Sciences,Computer Science,Electrical & Electronic Engineering,Sociology,Mathematics & Statistics,History, Philosophy & Theology,Sport Science,Art, Performing Arts & Design,Psychology,Languages, Literature & Linguistics,Chemical Engineering,General Engineering,Politics & International Studies (incl Development Studies)",False,False,False,
801+,University of Electronic Science and Technology of China,8.3—18.5,8370,16.0,876,6.6,957,15.0,840,32.1,940,17.2,911,master_account,0,/world-university-rankings/university-electronic-science-and-technology-china,131759,China,"34,483",16.1,1%,23 : 77,University of Electronic Science and Technology of China,"Economics & Econometrics,Chemical Engineering,Chemistry,Psychology,Languages, Literature & Linguistics,Accounting & Finance,Sociology,Medicine & Dentistry,Geology, Environmental, Earth & Marine Sciences,Mechanical & Aerospace Engineering,Mathematics & Statistics,General Engineering,Biological Sciences,Physics & Astronomy,Computer Science,Electrical & Electronic Engineering,Business & Management,Other Health",False,False,False,
801+,Embry-Riddle Aeronautical University,8.3—18.5,8380,18.0,800,6.6,958,12.2,878,33.2,807,25.6,757,private,0,/world-university-rankings/embry-riddle-aeronautical-university,131624,United States,"15,259",10.2,10%,16 : 84,Embry-Riddle Aeronautical University,"Psychology,Mechanical & Aerospace Engineering,Languages, Literature & Linguistics,Computer Science,Business & Management,Physics & Astronomy,Communication & Media Studies,Biological Sciences",False,False,False,https://www.timeshighereducation.com/student/register-interest/shorelight?utm_medium=thewebsite&utm_campaign=cta-link&utm_source=rankings&iid=i-65057233
801+,Erciyes University,8.3—18.5,8390,15.4,906,10.1,822,26.6,701,37.1,570,19.8,855,master_account,0,/world-university-rankings/erciyes-university,131784,Turkey,"31,185",24.2,3%,46 : 54,Erciyes University,"Chemical Engineering,Electrical & Electronic Engineering,Sociology,Economics & Econometrics,Politics & International Studies (incl Development Studies),Law,Geography,Veterinary Science,Education,General Engineering,Agriculture & Forestry,Civil Engineering,History, Philosophy & Theology,Geology, Environmental, Earth & Marine Sciences,Archaeology,Computer Science,Other Health,Communication & Media Studies,Business & Management,Art, Performing Arts & Design,Mathematics & Statistics,Accounting & Finance,Physics & Astronomy,Architecture,Languages, Literature & Linguistics,Psychology,Chemistry,Sport Science,Mechanical & Aerospace Engineering,Biological Sciences,Medicine & Dentistry",False,False,False,
801+,Universidade Federal da Bahia,8.3—18.5,8400,18.5,776,5.2,967,14.4,848,1.1,976,22.2,814,master_account,0,/world-university-rankings/universidade-federal-da-bahia,131825,Brazil,"35,173",14.2,1%,47 : 53,Universidade Federal da Bahia,"Geography,Veterinary Science,Accounting & Finance,Archaeology,Mechanical & Aerospace Engineering,Politics & International Studies (incl Development Studies),Mathematics & Statistics,Chemistry,Art, Performing Arts & Design,General Engineering,Other Health,Psychology,Communication & Media Studies,Languages, Literature & Linguistics,Electrical & Electronic Engineering,Chemical Engineering,Civil Engineering,Computer Science,Business & Management,Education,Biological Sciences,Economics & Econometrics,Sociology,Geology, Environmental, Earth & Marine Sciences,Physics & Astronomy,Medicine & Dentistry,Architecture,Sport Science,History, Philosophy & Theology,Law",False,False,False,
801+,Universidade Federal do Ceará (UFC),8.3—18.5,8410,22.9,578,4.7,973,16.6,820,1.5,975,19.8,856,master_account,0,/world-university-rankings/universidade-federal-do-ceara-ufc,131288,Brazil,"34,836",17.8,1%,48 : 52,Universidade Federal do Ceará (UFC),"History, Philosophy & Theology,Agriculture & Forestry,Law,General Engineering,Physics & Astronomy,Politics & International Studies (incl Development Studies),Languages, Literature & Linguistics,Chemical Engineering,Business & Management,Other Health,Sport Science,Sociology,Medicine & Dentistry,Veterinary Science,Psychology,Art, Performing Arts & Design,Civil Engineering,Geography,Architecture,Biological Sciences,Education,Mechanical & Aerospace Engineering,Geology, Environmental, Earth & Marine Sciences,Computer Science,Mathematics & Statistics,Communication & Media Studies,Economics & Econometrics,Electrical & Electronic Engineering,Chemistry,Accounting & Finance",False,False,False,
801+,Federal University of Goiás,8.3—18.5,8420,17.4,829,7.1,944,14.0,855,32.1,941,18.9,873,master_account,0,/world-university-rankings/federal-university-goias,131286,Brazil,"29,785",5.2,0%,46 : 54,Federal University of Goiás,"Chemical Engineering,Politics & International Studies (incl Development Studies),Languages, Literature & Linguistics,General Engineering,Mathematics & Statistics,Psychology,Medicine & Dentistry,Civil Engineering,Communication & Media Studies,Other Health,Veterinary Science,Geography,Biological Sciences,Law,Agriculture & Forestry,Sociology,Mechanical & Aerospace Engineering,Geology, Environmental, Earth & Marine Sciences,Economics & Econometrics,Architecture,Electrical & Electronic Engineering,Chemistry,Accounting & Finance,Art, Performing Arts & Design,Computer Science,Sport Science,Education,History, Philosophy & Theology,Physics & Astronomy,Business & Management",False,False,False,
801+,Universidade Federal de Pernambuco,8.3—18.5,8430,23.5,557,5.0,969,11.5,887,32.1,943,18.5,881,master_account,0,/world-university-rankings/universidade-federal-de-pernambuco,131505,Brazil,"31,512",12.3,1%,51 : 49,Universidade Federal de Pernambuco,"Chemistry,History, Philosophy & Theology,Mechanical & Aerospace Engineering,Computer Science,Archaeology,Accounting & Finance,Law,Art, Performing Arts & Design,Biological Sciences,General Engineering,Mathematics & Statistics,Psychology,Education,Chemical Engineering,Communication & Media Studies,Geology, Environmental, Earth & Marine Sciences,Business & Management,Politics & International Studies (incl Development Studies),Sociology,Languages, Literature & Linguistics,Electrical & Electronic Engineering,Geography,Medicine & Dentistry,Civil Engineering,Economics & Econometrics,Other Health,Architecture,Physics & Astronomy",False,False,False,
801+,Federal University of Rio Grande do Norte (UFRN),8.3—18.5,8440,20.9,667,8.2,897,10.6,904,44.0,348,18.5,882,master_account,0,/world-university-rankings/federal-university-rio-grande-do-norte-ufrn,584736,Brazil,"40,110",18.7,1%,48 : 52,Federal University of Rio Grande do Norte (UFRN),"Architecture,Veterinary Science,Education,Art, Performing Arts & Design,Civil Engineering,Politics & International Studies (incl Development Studies),Languages, Literature & Linguistics,Agriculture & Forestry,Sociology,Chemical Engineering,Communication & Media Studies,Medicine & Dentistry,Sport Science,Law,History, Philosophy & Theology,Biological Sciences,Geography,Computer Science,Mathematics & Statistics,Business & Management,Other Health,Physics & Astronomy,Psychology,Electrical & Electronic Engineering,Chemistry,Accounting & Finance,Mechanical & Aerospace Engineering,Geology, Environmental, Earth & Marine Sciences,Economics & Econometrics",False,False,False,
801+,Federal University of Santa Maria,8.3—18.5,8450,20.3,688,5.0,970,7.2,947,32.8,847,14.5,963,master_account,0,/world-university-rankings/federal-university-santa-maria,131632,Brazil,"24,695",13.0,0%,,Federal University of Santa Maria,"Geography,Business & Management,Architecture,Mechanical & Aerospace Engineering,Computer Science,History, Philosophy & Theology,Psychology,Physics & Astronomy,Law,General Engineering,Communication & Media Studies,Archaeology,Biological Sciences,Chemical Engineering,Veterinary Science,Other Health,Politics & International Studies (incl Development Studies),Geology, Environmental, Earth & Marine Sciences,Sociology,Economics & Econometrics,Education,Sport Science,Agriculture & Forestry,Art, Performing Arts & Design,Medicine & Dentistry,Electrical & Electronic Engineering,Mathematics & Statistics,Accounting & Finance,Chemistry,Civil Engineering,Languages, Literature & Linguistics",False,False,False,
801+,Federal University of São Carlos,8.3—18.5,8460,23.0,574,6.8,952,12.9,869,32.1,945,21.4,833,master_account,0,/world-university-rankings/federal-university-sao-carlos,131663,Brazil,"16,556",14.3,2%,,Federal University of São Carlos,"Languages, Literature & Linguistics,Chemical Engineering,Politics & International Studies (incl Development Studies),General Engineering,Sport Science,Geology, Environmental, Earth & Marine Sciences,Electrical & Electronic Engineering,Sociology,Mathematics & Statistics,Other Health,Economics & Econometrics,Computer Science,Chemistry,Biological Sciences,Communication & Media Studies,History, Philosophy & Theology,Physics & Astronomy,Business & Management,Medicine & Dentistry,Civil Engineering,Education,Psychology,Mechanical & Aerospace Engineering,Art, Performing Arts & Design,Agriculture & Forestry,Geography",False,False,False,
801+,Federal University of Viçosa,8.3—18.5,8470,21.8,626,8.8,868,6.4,950,53.1,213,16.2,929,master_account,0,/world-university-rankings/federal-university-vicosa,131785,Brazil,"16,819",13.9,2%,51 : 49,Federal University of Viçosa,"Architecture,Agriculture & Forestry,Electrical & Electronic Engineering,Sport Science,Biological Sciences,Languages, Literature & Linguistics,Chemical Engineering,Education,History, Philosophy & Theology,Geography,Physics & Astronomy,Computer Science,Accounting & Finance,Business & Management,Mechanical & Aerospace Engineering,General Engineering,Sociology,Civil Engineering,Chemistry,Law,Veterinary Science,Communication & Media Studies,Other Health,Art, Performing Arts & Design,Medicine & Dentistry,Economics & Econometrics,Mathematics & Statistics",False,False,False,
801+,Federal University of Lavras,8.3—18.5,8480,31.9,327,14.2,643,5.1,957,43.7,358,14.9,957,master_account,0,/world-university-rankings/federal-university-lavras,131376,Brazil,"11,894",20.8,1%,52 : 48,Federal University of Lavras,"Languages, Literature & Linguistics,Agriculture & Forestry,Education,Chemical Engineering,Law,Other Health,Veterinary Science,General Engineering,Chemistry,Civil Engineering,Business & Management,Medicine & Dentistry,Biological Sciences,History, Philosophy & Theology,Sport Science,Computer Science,Geology, Environmental, Earth & Marine Sciences,Electrical & Electronic Engineering,Physics & Astronomy,Mechanical & Aerospace Engineering,Mathematics & Statistics",False,False,False,
801+,Ferdowsi University of Mashhad,8.3—18.5,8490,21.6,636,8.6,875,16.1,827,0.6,979,19.3,865,master_account,0,/world-university-rankings/ferdowsi-university-mashhad,131530,Iran,"23,187",29.4,4%,57 : 43,Ferdowsi University of Mashhad,"Physics & Astronomy,Sport Science,Sociology,Agriculture & Forestry,Chemistry,Languages, Literature & Linguistics,Education,Veterinary Science,General Engineering,Accounting & Finance,History, Philosophy & Theology,Architecture,Business & Management,Mechanical & Aerospace Engineering,Chemical Engineering,Electrical & Electronic Engineering,Communication & Media Studies,Politics & International Studies (incl Development Studies),Computer Science,Psychology,Law,Geology, Environmental, Earth & Marine Sciences,Archaeology,Civil Engineering,Art, Performing Arts & Design,Economics & Econometrics,Biological Sciences,Geography,Mathematics & Statistics",False,False,False,
801+,Fluminense Federal University,8.3—18.5,8500,18.4,781,7.9,911,8.5,932,32.3,906,22.7,802,master_account,0,/world-university-rankings/fluminense-federal-university,131557,Brazil,"43,821",13.0,0%,55 : 45,Fluminense Federal University,"Psychology,Accounting & Finance,Physics & Astronomy,Sport Science,Architecture,Computer Science,Law,Communication & Media Studies,Electrical & Electronic Engineering,Art, Performing Arts & Design,Business & Management,Agriculture & Forestry,Politics & International Studies (incl Development Studies),Geology, Environmental, Earth & Marine Sciences,Chemistry,General Engineering,Sociology,Languages, Literature & Linguistics,Chemical Engineering,Biological Sciences,History, Philosophy & Theology,Economics & Econometrics,Mechanical & Aerospace Engineering,Education,Veterinary Science,Medicine & Dentistry,Mathematics & Statistics,Civil Engineering,Other Health,Geography",False,False,False,
801+,Fu Jen Catholic University,8.3—18.5,8510,13.8,956,9.9,829,19.3,788,45.9,304,20.9,841,master_account,0,/world-university-rankings/fu-jen-catholic-university,131690,Taiwan,"27,427",25.2,5%,58 : 42,Fu Jen Catholic University,"Business & Management,Architecture,Computer Science,Communication & Media Studies,Accounting & Finance,Languages, Literature & Linguistics,Mechanical & Aerospace Engineering,Sociology,Other Health,Biological Sciences,Law,Economics & Econometrics,Archaeology,Sport Science,History, Philosophy & Theology,Chemical Engineering,Geography,Medicine & Dentistry,Mathematics & Statistics,Education,General Engineering,Politics & International Studies (incl Development Studies),Electrical & Electronic Engineering,Chemistry,Art, Performing Arts & Design,Civil Engineering,Geology, Environmental, Earth & Marine Sciences,Agriculture & Forestry,Physics & Astronomy,Psychology",False,False,False,
801+,Gazi University,8.3—18.5,8520,17.5,823,9.1,855,9.6,917,36.8,584,14.5,964,master_account,0,/world-university-rankings/gazi-university,131307,Turkey,"76,768",25.0,3%,49 : 51,Gazi University,"Computer Science,Physics & Astronomy,Chemical Engineering,Other Health,Mathematics & Statistics,Civil Engineering,Electrical & Electronic Engineering,Geography,General Engineering,Chemistry,Architecture,Medicine & Dentistry,Sport Science,Mechanical & Aerospace Engineering,Education,Languages, Literature & Linguistics,Biological Sciences",False,False,False,
801+,Gdańsk University of Technology,8.3—18.5,8530,14.8,928,9.2,852,28.3,686,37.6,539,17.6,905,master_account,0,/world-university-rankings/gdansk-university-technology,131337,Poland,"25,491",20.9,1%,39 : 61,Gdańsk University of Technology,"Computer Science,Accounting & Finance,Chemical Engineering,Economics & Econometrics,General Engineering,Business & Management,Civil Engineering,Electrical & Electronic Engineering,Mathematics & Statistics,Physics & Astronomy,Mechanical & Aerospace Engineering,Architecture,Chemistry",False,False,False,
801+,Gifu University,8.3—18.5,8540,21.8,627,12.0,726,16.2,825,36.0,620,19.7,859,master_account,0,/world-university-rankings/gifu-university,131324,Japan,"7,280",10.0,4%,34 : 66,Gifu University,"Biological Sciences,General Engineering,Education,Agriculture & Forestry,Civil Engineering,Economics & Econometrics,Electrical & Electronic Engineering,Business & Management,Medicine & Dentistry,Sociology,Other Health,Mechanical & Aerospace Engineering,Accounting & Finance,Veterinary Science,Chemical Engineering",False,False,False,
801+,University of Guadalajara,8.3—18.5,8550,14.9,924,3.1,978,6.1,951,32.1,947,27.7,731,master_account,0,/world-university-rankings/university-guadalajara,131406,Mexico,"109,375",51.0,1%,51 : 49,University of Guadalajara Universidad de Guadalajara UdeG UDG,"Languages, Literature & Linguistics,Chemical Engineering,Education,Civil Engineering,Sociology,Medicine & Dentistry,Veterinary Science,Physics & Astronomy,History, Philosophy & Theology,Biological Sciences,Chemistry,Psychology,Computer Science,Mathematics & Statistics,Law,Art, Performing Arts & Design,Electrical & Electronic Engineering,Politics & International Studies (incl Development Studies),Other Health,Sport Science,Accounting & Finance,Mechanical & Aerospace Engineering,Communication & Media Studies,Economics & Econometrics,General Engineering,Geography,Architecture,Agriculture & Forestry,Geology, Environmental, Earth & Marine Sciences,Business & Management",False,False,False,
801+,Gunma University,8.3—18.5,8560,22.3,600,11.5,747,13.1,865,44.1,345,17.1,917,master_account,0,/world-university-rankings/gunma-university,589373,Japan,"6,393",9.6,3%,36 : 64,Gunma University,"Physics & Astronomy,History, Philosophy & Theology,Electrical & Electronic Engineering,Communication & Media Studies,General Engineering,Geology, Environmental, Earth & Marine Sciences,Civil Engineering,Politics & International Studies (incl Development Studies),Computer Science,Law,Other Health,Mathematics & Statistics,Geography,Medicine & Dentistry,Biological Sciences,Psychology,Languages, Literature & Linguistics,Mechanical & Aerospace Engineering,Education,Art, Performing Arts & Design,Chemistry,Chemical Engineering,Sociology",False,False,False,
801+,Hallym University,8.3—18.5,8570,18.6,773,7.2,940,11.3,891,33.3,798,17.7,904,master_account,0,/world-university-rankings/hallym-university,589301,South Korea,"9,497",11.1,2%,,Hallym University,"Computer Science,Communication & Media Studies,Physics & Astronomy,Electrical & Electronic Engineering,Sociology,Languages, Literature & Linguistics,Biological Sciences,Psychology,Art, Performing Arts & Design,General Engineering,Accounting & Finance,History, Philosophy & Theology,Mathematics & Statistics,Law,Other Health,Politics & International Studies (incl Development Studies),Medicine & Dentistry,Geology, Environmental, Earth & Marine Sciences,Economics & Econometrics,Chemistry,Sport Science,Business & Management",False,False,False,
801+,The Hashemite University,8.3—18.5,8580,8.2,981,7.6,924,20.3,774,32.1,948,40.8,535,master_account,11,/world-university-rankings/hashemite-university,587787,Jordan,"29,803",32.8,1%,61 : 39,The Hashemite University,"Other Health,Mathematics & Statistics,Politics & International Studies (incl Development Studies),General Engineering,Architecture,Education,Electrical & Electronic Engineering,Economics & Econometrics,Medicine & Dentistry,Business & Management,Geology, Environmental, Earth & Marine Sciences,Sport Science,Civil Engineering,Biological Sciences,Physics & Astronomy,Computer Science,Archaeology,Chemistry,Languages, Literature & Linguistics,Accounting & Finance,Mechanical & Aerospace Engineering",False,False,False,
801+,Hosei University,8.3—18.5,8590,14.1,948,4.9,971,14.0,856,33.1,819,20.8,845,master_account,0,/world-university-rankings/hosei-university,589151,Japan,"29,171",38.7,1%,34 : 66,Hosei University,"Electrical & Electronic Engineering,Communication & Media Studies,Mechanical & Aerospace Engineering,Geology, Environmental, Earth & Marine Sciences,Economics & Econometrics,General Engineering,Chemistry,Business & Management,Architecture,Other Health,Mathematics & Statistics,Education,Archaeology,Sport Science,Psychology,Agriculture & Forestry,Sociology,Civil Engineering,Politics & International Studies (incl Development Studies),History, Philosophy & Theology,Medicine & Dentistry,Biological Sciences,Law,Languages, Literature & Linguistics,Computer Science,Physics & Astronomy,Accounting & Finance,Art, Performing Arts & Design,Chemical Engineering,Geography",False,False,False,
801+,I-Shou University,8.3—18.5,8600,12.7,970,14.8,625,15.7,832,47.9,277,27.0,739,master_account,0,/world-university-rankings/i-shou-university,131739,Taiwan,"16,583",30.5,11%,45 : 55,I-Shou University,"Law,Mathematics & Statistics,Art, Performing Arts & Design,Geography,Sport Science,Sociology,Biological Sciences,Languages, Literature & Linguistics,Politics & International Studies (incl Development Studies),General Engineering,Civil Engineering,Accounting & Finance,Medicine & Dentistry,Physics & Astronomy,Electrical & Electronic Engineering,History, Philosophy & Theology,Archaeology,Other Health,Computer Science,Economics & Econometrics,Communication & Media Studies,Chemical Engineering,Mechanical & Aerospace Engineering,Architecture,Geology, Environmental, Earth & Marine Sciences,Chemistry,Business & Management,Agriculture & Forestry,Veterinary Science",False,False,False,
801+,University of Ibadan,8.3—18.5,8610,27.5,421,11.3,765,5.7,953,40.4,443,28.8,704,master_account,0,/world-university-rankings/university-ibadan,131386,Nigeria,"26,753",17.3,1%,45 : 55,University of Ibadan,"Agriculture & Forestry,Geology, Environmental, Earth & Marine Sciences,Education,Medicine & Dentistry,Chemical Engineering,Politics & International Studies (incl Development Studies),Sociology,Languages, Literature & Linguistics,Veterinary Science,Geography,History, Philosophy & Theology,Civil Engineering,Physics & Astronomy,Computer Science,Sport Science,Other Health,Communication & Media Studies,Business & Management,Archaeology,Mechanical & Aerospace Engineering,Chemistry,Psychology,Art, Performing Arts & Design,Biological Sciences,Economics & Econometrics,Electrical & Electronic Engineering,Law,Accounting & Finance,Architecture,General Engineering,Mathematics & Statistics",False,False,False,
801+,University of Indonesia,8.3—18.5,8620,17.5,824,9.7,836,12.6,872,44.0,349,33.0,647,master_account,0,/world-university-rankings/university-indonesia,131810,Indonesia,"46,775",21.3,0%,57 : 43,University of Indonesia Universitas Indonesia UI,"Geography,Geology, Environmental, Earth & Marine Sciences,Business & Management,Archaeology,Civil Engineering,Politics & International Studies (incl Development Studies),Medicine & Dentistry,Mechanical & Aerospace Engineering,Agriculture & Forestry,Chemical Engineering,Art, Performing Arts & Design,Sociology,Economics & Econometrics,General Engineering,Physics & Astronomy,Communication & Media Studies,Psychology,Languages, Literature & Linguistics,Architecture,Computer Science,Electrical & Electronic Engineering,Accounting & Finance,Mathematics & Statistics,Chemistry,History, Philosophy & Theology,Other Health,Biological Sciences,Law",False,False,False,
801+,Islamic Azad University Karaj,8.3—18.5,8630,14.0,952,7.8,916,15.2,836,32.1,950,15.8,937,master_account,0,/world-university-rankings/islamic-azad-university-karaj,587685,Iran,"30,000",52.4,1%,53 : 47,Islamic Azad University Karaj,,False,False,False,
801+,Ivane Javakhishvili Tbilisi State University,8.3—18.5,8640,12.1,976,9.0,860,2.1,974,32.9,832,37.8,584,master_account,0,/world-university-rankings/ivane-javakhishvili-tbilisi-state-university,131568,Georgia,"21,675",28.6,2%,62 : 38,Ivane Javakhishvili Tbilisi State University,"Education,Biological Sciences,Art, Performing Arts & Design,Accounting & Finance,Languages, Literature & Linguistics,Politics & International Studies (incl Development Studies),Sociology,Electrical & Electronic Engineering,Chemistry,Communication & Media Studies,Other Health,Mathematics & Statistics,Computer Science,Physics & Astronomy,Economics & Econometrics,History, Philosophy & Theology,Law,Business & Management,Psychology,Archaeology,Geography,Geology, Environmental, Earth & Marine Sciences,Medicine & Dentistry",False,False,False,
801+,Iwate University,8.3—18.5,8650,19.8,715,6.6,959,12.8,870,42.0,392,20.2,850,master_account,0,/world-university-rankings/iwate-university,589136,Japan,"5,719",14.4,3%,37 : 63,Iwate University,"Computer Science,Veterinary Science,General Engineering,Sociology,Psychology,Civil Engineering,Politics & International Studies (incl Development Studies),Education,History, Philosophy & Theology,Geology, Environmental, Earth & Marine Sciences,Chemical Engineering,Geography,Mechanical & Aerospace Engineering,Sport Science,Accounting & Finance,Languages, Literature & Linguistics,Agriculture & Forestry,Communication & Media Studies,Electrical & Electronic Engineering,Physics & Astronomy,Art, Performing Arts & Design,Archaeology,Chemistry,Biological Sciences,Mathematics & Statistics,Law",False,False,False,
801+,Jiangsu University,8.3—18.5,8660,20.5,683,8.5,881,11.6,886,52.8,217,25.2,764,master_account,0,/world-university-rankings/jiangsu-university,131581,China,"32,664",7.2,3%,41 : 59,Jiangsu University,"Languages, Literature & Linguistics,Geology, Environmental, Earth & Marine Sciences,Sociology,Medicine & Dentistry,Economics & Econometrics,Electrical & Electronic Engineering,Communication & Media Studies,Education,Computer Science,Accounting & Finance,General Engineering,Chemistry,Civil Engineering,Chemical Engineering,Mathematics & Statistics,Law,History, Philosophy & Theology,Physics & Astronomy,Other Health,Art, Performing Arts & Design,Agriculture & Forestry,Business & Management,Biological Sciences,Mechanical & Aerospace Engineering",False,False,False,
801+,Jinan University (China),8.3—18.5,8670,19.1,741,13.2,678,14.8,843,36.7,586,41.9,516,master_account,0,/world-university-rankings/jinan-university-china,404757,China,"45,094",19.7,26%,58 : 42,Jinan University (China),"Languages, Literature & Linguistics,Other Health,Electrical & Electronic Engineering,Sport Science,Computer Science,Chemistry,Agriculture & Forestry,Art, Performing Arts & Design,Mechanical & Aerospace Engineering,Mathematics & Statistics,Biological Sciences,Communication & Media Studies,Law,Business & Management,History, Philosophy & Theology,Civil Engineering,Economics & Econometrics,General Engineering,Physics & Astronomy,Sociology,Chemical Engineering,Architecture,Politics & International Studies (incl Development Studies),Medicine & Dentistry,Accounting & Finance,Geology, Environmental, Earth & Marine Sciences,Education,Psychology",False,False,False,
801+,The University of Jordan,8.3—18.5,8680,19.2,736,6.0,964,9.6,918,33.8,757,66.4,234,master_account,11,/world-university-rankings/university-jordan,131487,Jordan,"26,532",12.5,17%,65 : 35,The University of Jordan,"Economics & Econometrics,Business & Management,Computer Science,Physics & Astronomy,Electrical & Electronic Engineering,Chemistry,Geology, Environmental, Earth & Marine Sciences,Agriculture & Forestry,Chemical Engineering,Law,Communication & Media Studies,Geography,Biological Sciences,Archaeology,History, Philosophy & Theology,Politics & International Studies (incl Development Studies),Mechanical & Aerospace Engineering,Art, Performing Arts & Design,Civil Engineering,Mathematics & Statistics,Medicine & Dentistry,Languages, Literature & Linguistics,Other Health,Architecture,Psychology,Education,Veterinary Science,Sociology,Accounting & Finance,Sport Science",False,False,False,
801+,Kansai University,8.3—18.5,8690,24.3,524,6.7,955,9.9,913,32.7,856,21.4,834,master_account,0,/world-university-rankings/kansai-university,589283,Japan,"30,178",10.9,3%,39 : 61,Kansai University,"Agriculture & Forestry,Business & Management,Psychology,Physics & Astronomy,Mathematics & Statistics,Other Health,Archaeology,Economics & Econometrics,Chemical Engineering,Sociology,Biological Sciences,Law,Education,History, Philosophy & Theology,Languages, Literature & Linguistics,Communication & Media Studies,Sport Science,Electrical & Electronic Engineering,Art, Performing Arts & Design,Geography,Civil Engineering,Computer Science,General Engineering,Geology, Environmental, Earth & Marine Sciences,Mechanical & Aerospace Engineering,Accounting & Finance,Architecture,Chemistry,Politics & International Studies (incl Development Studies)",False,False,False,
801+,University of Karachi,8.3—18.5,8700,17.1,835,8.3,889,4.3,961,32.1,951,29.4,700,master_account,0,/world-university-rankings/university-karachi,131680,Pakistan,"22,990",19.6,0%,57 : 43,University of Karachi,"Mathematics & Statistics,Sociology,Architecture,Agriculture & Forestry,Education,History, Philosophy & Theology,Geology, Environmental, Earth & Marine Sciences,Accounting & Finance,Languages, Literature & Linguistics,Veterinary Science,Psychology,Chemical Engineering,Communication & Media Studies,Chemistry,Business & Management,Other Health,Politics & International Studies (incl Development Studies),Computer Science,Sport Science,Law,Physics & Astronomy,Economics & Econometrics,Biological Sciences,Geography",False,False,False,
801+,Kasetsart University,8.3—18.5,8710,14.5,940,9.7,837,8.7,929,40.2,448,34.7,622,master_account,0,/world-university-rankings/kasetsart-university,131364,Thailand,"67,148",23.0,1%,60 : 40,Kasetsart University,"Chemistry,Economics & Econometrics,Chemical Engineering,Architecture,Civil Engineering,Communication & Media Studies,Art, Performing Arts & Design,General Engineering,Geology, Environmental, Earth & Marine Sciences,Accounting & Finance,History, Philosophy & Theology,Mechanical & Aerospace Engineering,Politics & International Studies (incl Development Studies),Other Health,Mathematics & Statistics,Education,Biological Sciences,Geography,Medicine & Dentistry,Veterinary Science,Law,Languages, Literature & Linguistics,Electrical & Electronic Engineering,Physics & Astronomy,Business & Management,Archaeology,Agriculture & Forestry,Sociology,Computer Science,Sport Science,Psychology",False,False,False,
801+,Kaunas University of Technology,8.3—18.5,8720,17.5,825,10.9,787,4.2,962,36.1,614,21.5,830,master_account,6,/world-university-rankings/kaunas-university-technology,131361,Lithuania,"9,873",12.7,4%,40 : 60,Kaunas University of Technology,"Computer Science,Geology, Environmental, Earth & Marine Sciences,General Engineering,Communication & Media Studies,Languages, Literature & Linguistics,Mathematics & Statistics,Accounting & Finance,Mechanical & Aerospace Engineering,Sociology,Architecture,Physics & Astronomy,Other Health,Chemistry,Economics & Econometrics,Electrical & Electronic Engineering,Politics & International Studies (incl Development Studies),History, Philosophy & Theology,Agriculture & Forestry,Business & Management,Civil Engineering,Education,Art, Performing Arts & Design,Chemical Engineering",False,False,False,
801+,Khon Kaen University,8.3—18.5,8730,18.5,777,8.5,882,21.3,758,45.6,308,29.9,689,master_account,0,/world-university-rankings/khon-kaen-university,131523,Thailand,"37,320",15.6,1%,63 : 37,Khon Kaen University,"Civil Engineering,Other Health,Languages, Literature & Linguistics,Electrical & Electronic Engineering,Accounting & Finance,Geology, Environmental, Earth & Marine Sciences,Biological Sciences,General Engineering,Chemistry,History, Philosophy & Theology,Computer Science,Communication & Media Studies,Politics & International Studies (incl Development Studies),Agriculture & Forestry,Mechanical & Aerospace Engineering,Medicine & Dentistry,Business & Management,Sociology,Education,Physics & Astronomy,Chemical Engineering,Sport Science,Art, Performing Arts & Design,Architecture,Law,Veterinary Science,Economics & Econometrics,Mathematics & Statistics",False,False,False,
801+,KMITL – King Mongkut’s Institute of Technology Ladkrabang,8.3—18.5,8740,14.0,953,21.8,448,11.3,892,83.1,67,17.9,898,master_account,0,/world-university-rankings/kmitl-king-mongkuts-institute-technology-ladkrabang,589118,Thailand,"24,642",25.3,0%,51 : 49,KMITL – King Mongkut’s Institute of Technology Ladkrabang,"Politics & International Studies (incl Development Studies),Geology, Environmental, Earth & Marine Sciences,Physics & Astronomy,Economics & Econometrics,Chemical Engineering,Communication & Media Studies,Computer Science,Biological Sciences,Civil Engineering,Agriculture & Forestry,Mechanical & Aerospace Engineering,History, Philosophy & Theology,General Engineering,Art, Performing Arts & Design,Architecture,Chemistry,Languages, Literature & Linguistics,Electrical & Electronic Engineering,Veterinary Science,Mathematics & Statistics,Geography,Accounting & Finance,Medicine & Dentistry,Sociology,Business & Management,Education",False,False,False,
801+,Kwansei Gakuin University,8.3—18.5,8750,15.1,913,7.1,945,5.7,954,32.8,848,25.6,758,master_account,0,/world-university-rankings/kwansei-gakuin-university,587742,Japan,"24,107",15.6,4%,47 : 53,Kwansei Gakuin University,"Languages, Literature & Linguistics,Sport Science,Geography,Computer Science,Biological Sciences,Education,General Engineering,Geology, Environmental, Earth & Marine Sciences,Communication & Media Studies,Electrical & Electronic Engineering,Civil Engineering,Politics & International Studies (incl Development Studies),Economics & Econometrics,Architecture,Mathematics & Statistics,Psychology,History, Philosophy & Theology,Business & Management,Physics & Astronomy,Law,Art, Performing Arts & Design,Chemical Engineering,Chemistry,Accounting & Finance,Mechanical & Aerospace Engineering,Sociology,Agriculture & Forestry",False,False,False,
801+,Kyushu Institute of Technology (Kyutech),8.3—18.5,8760,18.0,802,10.5,808,14.3,851,50.5,238,22.6,805,master_account,0,/world-university-rankings/kyushu-institute-technology-kyutech,725,Japan,"5,872",16.1,4%,12 : 88,Kyushu Institute of Technology (Kyutech),"Physics & Astronomy,Electrical & Electronic Engineering,Mathematics & Statistics,Chemical Engineering,Chemistry,Computer Science,Geology, Environmental, Earth & Marine Sciences,General Engineering,Biological Sciences,Civil Engineering,Mechanical & Aerospace Engineering",False,False,False,
801+,University of Lahore,8.3—18.5,8770,12.2,974,7.5,931,10.9,899,32.1,952,32.1,661,master_account,0,/world-university-rankings/university-lahore,131769,Pakistan,"23,831",19.0,2%,32 : 68,University of Lahore,"Politics & International Studies (incl Development Studies),Chemistry,Medicine & Dentistry,Physics & Astronomy,Mechanical & Aerospace Engineering,Architecture,Mathematics & Statistics,Geology, Environmental, Earth & Marine Sciences,Other Health,Psychology,Communication & Media Studies,Sport Science,Veterinary Science,Computer Science,Business & Management,Art, Performing Arts & Design,Agriculture & Forestry,Civil Engineering,Electrical & Electronic Engineering,Education,Languages, Literature & Linguistics,Biological Sciences,Accounting & Finance,Law,Sociology,General Engineering,Economics & Econometrics",False,False,False,
801+,University of Latvia,8.3—18.5,8780,21.7,634,12.0,727,14.9,842,32.9,833,31.8,665,master_account,0,/world-university-rankings/university-latvia,131474,Latvia,"12,480",31.0,6%,,University of Latvia,"Art, Performing Arts & Design,Biological Sciences,Languages, Literature & Linguistics,Sociology,Politics & International Studies (incl Development Studies),Accounting & Finance,Education,Sport Science,Geology, Environmental, Earth & Marine Sciences,Economics & Econometrics,Archaeology,Other Health,Computer Science,Communication & Media Studies,History, Philosophy & Theology,Geography,Medicine & Dentistry,Psychology,Physics & Astronomy,Mathematics & Statistics,Law,Chemistry,Business & Management",False,False,False,
801+,Lobachevsky State University of Nizhni Novgorod,8.3—18.5,8790,25.8,476,10.9,788,7.3,941,41.2,420,23.8,787,master_account,0,/world-university-rankings/lobachevsky-state-university-nizhni-novgorod,131630,Russian Federation,"18,662",8.8,5%,53 : 47,Lobachevsky State University of Nizhni Novgorod,"Economics & Econometrics,Chemical Engineering,Chemistry,Sociology,Psychology,Biological Sciences,History, Philosophy & Theology,Education,Physics & Astronomy,Geology, Environmental, Earth & Marine Sciences,Other Health,Languages, Literature & Linguistics,Medicine & Dentistry,Accounting & Finance,Sport Science,Business & Management,Communication & Media Studies,Politics & International Studies (incl Development Studies),Mathematics & Statistics,Law,Art, Performing Arts & Design,Computer Science,Electrical & Electronic Engineering",False,False,True,
801+,London South Bank University,8.3—18.5,8800,14.4,942,8.3,891,15.2,838,32.5,880,68.5,216,master_account,0,/world-university-rankings/london-south-bank-university,131793,United Kingdom,"12,480",17.1,34%,54 : 46,London South Bank University,"Agriculture & Forestry,Economics & Econometrics,Civil Engineering,Computer Science,Sport Science,Biological Sciences,Mechanical & Aerospace Engineering,Politics & International Studies (incl Development Studies),Electrical & Electronic Engineering,Communication & Media Studies,Law,Chemical Engineering,Education,Other Health,Psychology,General Engineering,Art, Performing Arts & Design,Architecture,Accounting & Finance,Business & Management,Sociology",False,False,False,https://www.timeshighereducation.com/student/register-interest/siuk?utm_medium=thewebsite&utm_campaign=cta-link&utm_source=rankings&iid=i-95568503
801+,Londrina State University,8.3—18.5,8810,19.9,711,6.7,956,7.9,937,32.1,953,15.5,941,master_account,0,/world-university-rankings/londrina-state-university,131755,Brazil,"20,546",12.1,1%,57 : 43,Londrina State University,"Architecture,History, Philosophy & Theology,Law,Sociology,Languages, Literature & Linguistics,Medicine & Dentistry,Chemistry,Politics & International Studies (incl Development Studies),Geography,Communication & Media Studies,Veterinary Science,Psychology,Business & Management,Geology, Environmental, Earth & Marine Sciences,Archaeology,Art, Performing Arts & Design,General Engineering,Chemical Engineering,Computer Science,Other Health,Education,Civil Engineering,Economics & Econometrics,Biological Sciences,Electrical & Electronic Engineering,Mathematics & Statistics,Agriculture & Forestry,Accounting & Finance",False,False,False,
801+,Lviv Polytechnic National University,8.3—18.5,8820,16.6,856,7.6,926,1.0,980,32.4,894,25.0,767,master_account,0,/world-university-rankings/lviv-polytechnic-national-university,131716,Ukraine,"28,037",13.5,1%,,Lviv Polytechnic National University,"General Engineering,Politics & International Studies (incl Development Studies),Architecture,Geology, Environmental, Earth & Marine Sciences,Mechanical & Aerospace Engineering,Business & Management,Civil Engineering,Psychology,Languages, Literature & Linguistics,Chemical Engineering,Art, Performing Arts & Design,Mathematics & Statistics,Education,Computer Science,Communication & Media Studies,Economics & Econometrics,Other Health,Physics & Astronomy,Law,Archaeology,Chemistry,Electrical & Electronic Engineering,Sociology,Accounting & Finance,History, Philosophy & Theology",False,False,False,
801+,Maharaja Sayajirao University of Baroda,8.3—18.5,8830,15.9,879,8.5,883,16.4,823,32.3,909,12.3,978,master_account,0,/world-university-rankings/maharaja-sayajirao-university-baroda,587700,India,"37,783",54.8,0%,52 : 48,Maharaja Sayajirao University of Baroda,"Geography,Civil Engineering,Electrical & Electronic Engineering,Politics & International Studies (incl Development Studies),Chemistry,Archaeology,Mechanical & Aerospace Engineering,Languages, Literature & Linguistics,Communication & Media Studies,Geology, Environmental, Earth & Marine Sciences,Biological Sciences,Chemical Engineering,Economics & Econometrics,Business & Management,Law,Architecture,Art, Performing Arts & Design,Other Health,History, Philosophy & Theology,General Engineering,Education,Medicine & Dentistry,Sociology,Mathematics & Statistics,Computer Science,Accounting & Finance,Physics & Astronomy,Psychology",False,False,False,
801+,Manipal Academy of Higher Education,8.3—18.5,8840,20.7,676,9.2,853,2.3,971,32.2,924,25.0,768,master_account,0,/world-university-rankings/manipal-academy-higher-education,131750,India,"24,022",9.8,10%,45 : 55,Manipal Academy of Higher Education,"Mechanical & Aerospace Engineering,Civil Engineering,Computer Science,Biological Sciences,General Engineering,Economics & Econometrics,Physics & Astronomy,Chemistry,Architecture,Languages, Literature & Linguistics,Electrical & Electronic Engineering,Communication & Media Studies,Accounting & Finance,Chemical Engineering,Medicine & Dentistry,Mathematics & Statistics,Art, Performing Arts & Design,Other Health,Business & Management",False,False,False,
801+,Mansoura University,8.3—18.5,8850,15.7,896,2.6,979,19.0,791,32.1,955,37.1,594,master_account,0,/world-university-rankings/mansoura-university,918,Egypt,"113,021",18.0,3%,54 : 46,Mansoura University,"History, Philosophy & Theology,Agriculture & Forestry,Law,Computer Science,Physics & Astronomy,Economics & Econometrics,Archaeology,Chemistry,Mechanical & Aerospace Engineering,Business & Management,Architecture,Psychology,Veterinary Science,Mathematics & Statistics,General Engineering,Education,Art, Performing Arts & Design,Civil Engineering,Politics & International Studies (incl Development Studies),Biological Sciences,Communication & Media Studies,Other Health,Sport Science,Geography,Medicine & Dentistry,Electrical & Electronic Engineering,Geology, Environmental, Earth & Marine Sciences,Accounting & Finance,Chemical Engineering,Sociology,Languages, Literature & Linguistics",False,False,False,
801+,Marmara University,8.3—18.5,8860,14.8,930,3.2,977,10.4,907,32.1,956,19.8,857,master_account,0,/world-university-rankings/marmara-university,589181,Turkey,"66,212",32.6,4%,50 : 50,Marmara University,"Electrical & Electronic Engineering,History, Philosophy & Theology,Geography,Computer Science,Art, Performing Arts & Design,General Engineering,Geology, Environmental, Earth & Marine Sciences,Accounting & Finance,Chemistry,Business & Management,Medicine & Dentistry,Mathematics & Statistics,Law,Civil Engineering,Architecture,Mechanical & Aerospace Engineering,Sociology,Chemical Engineering,Education,Other Health,Politics & International Studies (incl Development Studies),Biological Sciences,Sport Science,Psychology,Physics & Astronomy,Economics & Econometrics,Communication & Media Studies,Languages, Literature & Linguistics",False,False,False,
801+,University Cadi Ayyad of Marrakech,8.3—18.5,8870,14.1,949,6.8,953,23.4,736,34.2,735,41.9,517,master_account,0,/world-university-rankings/university-cadi-ayyad-marrakech,998,Morocco,"64,260",44.1,1%,44 : 56,University Cadi Ayyad of Marrakech,"Law,Computer Science,Mathematics & Statistics,Education,Physics & Astronomy,Business & Management,General Engineering,Geology, Environmental, Earth & Marine Sciences,Chemistry,Accounting & Finance,Languages, Literature & Linguistics,Civil Engineering,Sociology,Mechanical & Aerospace Engineering,Politics & International Studies (incl Development Studies),Medicine & Dentistry,Agriculture & Forestry,Electrical & Electronic Engineering,Communication & Media Studies,Economics & Econometrics,Other Health,Biological Sciences,Psychology,History, Philosophy & Theology,Chemical Engineering,Geography",False,False,False,
801+,Meiji University,8.3—18.5,8880,14.7,936,10.5,809,16.9,813,43.2,369,20.9,842,master_account,0,/world-university-rankings/meiji-university,589097,Japan,"32,433",29.6,4%,31 : 69,Meiji University,"Archaeology,Geography,General Engineering,Law,Computer Science,Sociology,History, Philosophy & Theology,Biological Sciences,Business & Management,Art, Performing Arts & Design,Civil Engineering,Politics & International Studies (incl Development Studies),Electrical & Electronic Engineering,Physics & Astronomy,Economics & Econometrics,Mathematics & Statistics,Accounting & Finance,Architecture,Chemical Engineering,Chemistry,Mechanical & Aerospace Engineering,Communication & Media Studies,Languages, Literature & Linguistics,Agriculture & Forestry,Psychology",False,False,False,
801+,Ming Chuan University,8.3—18.5,8890,12.2,975,8.0,904,8.8,927,32.5,881,24.8,770,master_account,0,/world-university-rankings/ming-chuan-university,131363,Taiwan,"18,809",24.5,10%,60 : 40,Ming Chuan University,"Medicine & Dentistry,Mathematics & Statistics,Education,General Engineering,Business & Management,Biological Sciences,Politics & International Studies (incl Development Studies),Law,Electrical & Electronic Engineering,Economics & Econometrics,Architecture,Sociology,Languages, Literature & Linguistics,Communication & Media Studies,Art, Performing Arts & Design,Psychology,Computer Science,Accounting & Finance,Sport Science",False,False,False,
801+,Mohammed V University of Rabat,8.3—18.5,8900,21.8,628,7.7,919,9.8,914,37.6,540,31.3,671,master_account,0,/world-university-rankings/mohammed-v-university-rabat,131298,Morocco,"75,403",35.8,3%,48 : 52,Mohammed V University of Rabat,"History, Philosophy & Theology,Mathematics & Statistics,Accounting & Finance,Electrical & Electronic Engineering,Chemical Engineering,Sociology,Archaeology,Chemistry,Economics & Econometrics,Art, Performing Arts & Design,Mechanical & Aerospace Engineering,Agriculture & Forestry,Psychology,Medicine & Dentistry,Physics & Astronomy,Business & Management,Other Health,Communication & Media Studies,Civil Engineering,Politics & International Studies (incl Development Studies),Computer Science,Geology, Environmental, Earth & Marine Sciences,General Engineering,Law,Languages, Literature & Linguistics,Biological Sciences,Education",False,False,False,
801+,University of Monastir,8.3—18.5,8910,15.9,880,7.0,946,9.6,919,32.1,957,39.4,560,master_account,0,/world-university-rankings/university-monastir,131421,Tunisia,"24,724",13.8,1%,66 : 34,University of Monastir,"Chemistry,Mathematics & Statistics,Accounting & Finance,Medicine & Dentistry,Computer Science,Geology, Environmental, Earth & Marine Sciences,Languages, Literature & Linguistics,General Engineering,Chemical Engineering,Art, Performing Arts & Design,Biological Sciences,Other Health,Education,Physics & Astronomy,Business & Management,Electrical & Electronic Engineering,Economics & Econometrics,Mechanical & Aerospace Engineering",False,False,False,
801+,Tokyo City University,8.3—18.5,8920,16.4,862,8.8,869,10.1,910,36.9,579,17.4,909,master_account,0,/world-university-rankings/tokyo-city-university,587859,Japan,"8,150",15.9,1%,21 : 79,Tokyo City University,"Physics & Astronomy,Mathematics & Statistics,Chemistry,Psychology,Education,Geology, Environmental, Earth & Marine Sciences,Chemical Engineering,General Engineering,Communication & Media Studies,Politics & International Studies (incl Development Studies),Mechanical & Aerospace Engineering,Geography,Agriculture & Forestry,Computer Science,Electrical & Electronic Engineering,Civil Engineering,Other Health,Sociology,Architecture,Business & Management",False,False,False,
801+,Nagaoka University of Technology,8.3—18.5,8930,24.2,527,12.4,709,14.0,857,38.9,491,31.4,668,master_account,0,/world-university-rankings/nagaoka-university-technology,589271,Japan,"2,297",9.8,11%,10 : 90,Nagaoka University of Technology,"General Engineering,Computer Science,Civil Engineering,Mechanical & Aerospace Engineering,Electrical & Electronic Engineering,Chemical Engineering",False,False,False,
801+,University of Nairobi,8.3—18.5,8940,13.6,958,10.0,825,20.2,776,32.9,834,46.3,455,master_account,0,/world-university-rankings/university-nairobi,131543,Kenya,"74,654",42.2,1%,40 : 60,University of Nairobi,"Physics & Astronomy,Architecture,Veterinary Science,Chemical Engineering,Languages, Literature & Linguistics,Business & Management,Sport Science,Civil Engineering,Education,Sociology,Mechanical & Aerospace Engineering,Computer Science,History, Philosophy & Theology,Other Health,Politics & International Studies (incl Development Studies),Medicine & Dentistry,Electrical & Electronic Engineering,Economics & Econometrics,Agriculture & Forestry,Biological Sciences,Chemistry,Communication & Media Studies,Accounting & Finance,Geography,Geology, Environmental, Earth & Marine Sciences,General Engineering,Mathematics & Statistics,Law,Psychology,Art, Performing Arts & Design,Archaeology",False,False,False,
801+,Nanjing Tech University,8.3—18.5,8950,15.4,908,11.5,750,16.1,828,67.7,126,15.7,939,master_account,0,/world-university-rankings/nanjing-tech-university,587781,China,"28,861",18.3,1%,,Nanjing Tech University,"Languages, Literature & Linguistics,Computer Science,Mathematics & Statistics,Chemical Engineering,Geology, Environmental, Earth & Marine Sciences,Electrical & Electronic Engineering,Sport Science,General Engineering,Physics & Astronomy,Biological Sciences,Business & Management,Architecture,Law,Civil Engineering,Chemistry,Mechanical & Aerospace Engineering,Accounting & Finance",False,False,False,
801+,National Chengchi University,8.3—18.5,8960,18.9,755,13.7,660,10.9,900,34.6,712,41.4,528,master_account,0,/world-university-rankings/national-chengchi-university,1004,Taiwan,"15,922",17.4,12%,58 : 42,National Chengchi University,"Mathematics & Statistics,Psychology,Chemistry,Archaeology,Geography,History, Philosophy & Theology,Law,Accounting & Finance,Physics & Astronomy,Architecture,Sociology,Communication & Media Studies,Business & Management,Art, Performing Arts & Design,Geology, Environmental, Earth & Marine Sciences,Politics & International Studies (incl Development Studies),Economics & Econometrics,Languages, Literature & Linguistics,Computer Science,Education",False,False,False,
801+,National Research University of Electronic Technology (MIET),8.3—18.5,8970,18.8,763,11.1,776,11.9,881,33.8,759,28.3,714,master_account,0,/world-university-rankings/national-research-university-electronic-technology-miet,131601,Russian Federation,"4,460",10.5,2%,28 : 72,National Research University of Electronic Technology (MIET),"Chemical Engineering,Sociology,Psychology,Biological Sciences,Mechanical & Aerospace Engineering,Education,Electrical & Electronic Engineering,Politics & International Studies (incl Development Studies),Languages, Literature & Linguistics,Law,General Engineering,Chemistry,Economics & Econometrics,Physics & Astronomy,History, Philosophy & Theology,Geology, Environmental, Earth & Marine Sciences,Business & Management,Civil Engineering,Computer Science,Mathematics & Statistics,Art, Performing Arts & Design",False,False,True,
801+,National Research Saratov State University,8.3—18.5,8980,19.4,727,12.3,715,18.7,793,36.0,624,31.4,669,master_account,0,/world-university-rankings/national-research-saratov-state-university,131671,Russian Federation,"11,663",12.9,6%,63 : 37,National Research Saratov State University,"Geography,Physics & Astronomy,Biological Sciences,Chemical Engineering,Languages, Literature & Linguistics,Art, Performing Arts & Design,Education,Mathematics & Statistics,Communication & Media Studies,Geology, Environmental, Earth & Marine Sciences,Accounting & Finance,Electrical & Electronic Engineering,Psychology,Chemistry,History, Philosophy & Theology,Politics & International Studies (incl Development Studies),Business & Management,Computer Science,Sociology",False,False,True,
801+,National University of Science and Technology (MISiS),8.3—18.5,8990,23.5,558,13.9,656,8.7,930,50.2,247,40.9,533,master_account,0,/world-university-rankings/national-university-science-and-technology-misis,131519,Russian Federation,"8,326",9.2,17%,38 : 62,National University of Science and Technology (MISiS) Russia Moscow,"Chemical Engineering,Accounting & Finance,Biological Sciences,Physics & Astronomy,Chemistry,Geology, Environmental, Earth & Marine Sciences,Computer Science,Business & Management,General Engineering,Languages, Literature & Linguistics,Economics & Econometrics,Electrical & Electronic Engineering,Mathematics & Statistics,Mechanical & Aerospace Engineering",False,False,True,
801+,National University of the South,8.3—18.5,9000,21.3,652,6.9,949,8.8,928,1.1,977,17.5,907,master_account,0,/world-university-rankings/national-university-south,131712,Argentina,"19,086",6.8,1%,58 : 42,National University of the South,"Computer Science,Civil Engineering,Mechanical & Aerospace Engineering,Geography,Other Health,Chemistry,Biological Sciences,Business & Management,General Engineering,Physics & Astronomy,Architecture,Education,Agriculture & Forestry,Economics & Econometrics,Sport Science,Law,History, Philosophy & Theology,Accounting & Finance,Electrical & Electronic Engineering,Medicine & Dentistry,Chemical Engineering,Geology, Environmental, Earth & Marine Sciences,Mathematics & Statistics",False,False,False,
801+,National Taipei University of Technology,8.3—18.5,9010,15.8,888,13.7,661,17.9,801,74.0,97,19.1,870,master_account,0,/world-university-rankings/national-taipei-university-technology,131306,Taiwan,"10,409",17.0,5%,26 : 74,National Taipei University of Technology,"Civil Engineering,Art, Performing Arts & Design,Mechanical & Aerospace Engineering,Biological Sciences,General Engineering,Mathematics & Statistics,Business & Management,Languages, Literature & Linguistics,Geology, Environmental, Earth & Marine Sciences,Architecture,Chemical Engineering,Other Health,Computer Science,Electrical & Electronic Engineering",False,False,False,
801+,National Technical University of Ukraine – Igor Sikorsky Kyiv Polytechnic Institute,8.3—18.5,9020,21.8,629,9.5,846,1.5,978,33.3,800,17.8,902,master_account,0,/world-university-rankings/national-technical-university-ukraine-igor-sikorsky-kyiv-polytechnic,131309,Ukraine,"22,328",8.8,2%,32 : 68,National Technical University of Ukraine – Igor Sikorsky Kyiv Polytechnic Institute,"Electrical & Electronic Engineering,Education,Mechanical & Aerospace Engineering,Law,General Engineering,Geology, Environmental, Earth & Marine Sciences,Other Health,Communication & Media Studies,Art, Performing Arts & Design,Mathematics & Statistics,Languages, Literature & Linguistics,Biological Sciences,Business & Management,History, Philosophy & Theology,Chemistry,Physics & Astronomy,Chemical Engineering,Psychology,Computer Science,Sociology",False,False,False,
801+,Nicolaus Copernicus University in Toruń,8.3—18.5,9030,18.6,774,8.0,906,16.3,824,33.7,762,22.6,806,master_account,0,/world-university-rankings/nicolaus-copernicus-university-torun,131506,Poland,"22,551",11.2,1%,69 : 31,Nicolaus Copernicus University in Toruń,"Physics & Astronomy,Accounting & Finance,Politics & International Studies (incl Development Studies),Other Health,Sociology,Chemical Engineering,Languages, Literature & Linguistics,Computer Science,Chemistry,Biological Sciences,Business & Management,Psychology,Geology, Environmental, Earth & Marine Sciences,Mathematics & Statistics,Education,Art, Performing Arts & Design,Geography,Archaeology,Communication & Media Studies,Sport Science,Electrical & Electronic Engineering,Veterinary Science,History, Philosophy & Theology,Medicine & Dentistry,Law,Economics & Econometrics",False,False,False,
801+,Novosibirsk State Technical University,8.3—18.5,9040,20.3,690,10.4,812,3.2,965,37.2,565,31.3,672,master_account,0,/world-university-rankings/novosibirsk-state-technical-university,587832,Russian Federation,"11,358",12.6,17%,54 : 46,Novosibirsk State Technical University,"Accounting & Finance,Communication & Media Studies,Economics & Econometrics,Business & Management,General Engineering,Mechanical & Aerospace Engineering,Physics & Astronomy,Languages, Literature & Linguistics,Mathematics & Statistics,Chemistry,Chemical Engineering,Politics & International Studies (incl Development Studies),Computer Science,Sociology,Electrical & Electronic Engineering,Psychology",False,False,True,
801+,Ocean University of China,8.3—18.5,9050,18.9,756,11.4,757,21.0,761,46.6,297,17.2,913,master_account,0,/world-university-rankings/ocean-university-china,131798,China,"35,373",19.8,1%,,Ocean University of China,"Languages, Literature & Linguistics,General Engineering,Politics & International Studies (incl Development Studies),Biological Sciences,Chemical Engineering,Veterinary Science,Economics & Econometrics,Sociology,Law,Computer Science,Electrical & Electronic Engineering,Civil Engineering,Communication & Media Studies,History, Philosophy & Theology,Geography,Mathematics & Statistics,Physics & Astronomy,Education,Accounting & Finance,Agriculture & Forestry,Business & Management,Geology, Environmental, Earth & Marine Sciences,Mechanical & Aerospace Engineering,Chemistry,Medicine & Dentistry,Sport Science",False,False,False,
801+,Oita University,8.3—18.5,9060,22.7,585,7.3,937,10.3,908,33.3,801,16.4,927,master_account,0,/world-university-rankings/oita-university,589160,Japan,"5,834",7.1,2%,38 : 62,Oita University,"Mechanical & Aerospace Engineering,Geology, Environmental, Earth & Marine Sciences,Physics & Astronomy,Mathematics & Statistics,Education,Sociology,Architecture,Business & Management,Electrical & Electronic Engineering,Medicine & Dentistry,Chemistry,Civil Engineering,Accounting & Finance,Other Health,Psychology,Computer Science,Economics & Econometrics",False,False,False,
801+,Osaka Prefecture University,8.3—18.5,9070,23.2,568,11.5,751,16.9,814,39.8,464,19.1,871,master_account,0,/world-university-rankings/osaka-prefecture-university,131633,Japan,"7,931",7.4,3%,35 : 65,Osaka Prefecture University,"Electrical & Electronic Engineering,Languages, Literature & Linguistics,Agriculture & Forestry,Business & Management,Geology, Environmental, Earth & Marine Sciences,Geography,Politics & International Studies (incl Development Studies),General Engineering,Economics & Econometrics,Biological Sciences,Sociology,Chemical Engineering,Chemistry,History, Philosophy & Theology,Sport Science,Law,Veterinary Science,Physics & Astronomy,Communication & Media Studies,Computer Science,Other Health,Education,Accounting & Finance,Mathematics & Statistics,Psychology,Mechanical & Aerospace Engineering",False,False,False,
801+,Osmania University,8.3—18.5,9080,29.6,380,12.2,719,7.3,942,32.4,895,9.1,981,master_account,0,/world-university-rankings/osmania-university,587967,India,"11,921",12.2,4%,34 : 66,Osmania University,"Economics & Econometrics,Communication & Media Studies,Civil Engineering,Geography,Chemical Engineering,Chemistry,Mechanical & Aerospace Engineering,Sport Science,Electrical & Electronic Engineering,Business & Management,Sociology,General Engineering,Biological Sciences,Accounting & Finance,Law,Geology, Environmental, Earth & Marine Sciences,Languages, Literature & Linguistics,Computer Science,History, Philosophy & Theology,Mathematics & Statistics,Psychology,Physics & Astronomy,Politics & International Studies (incl Development Studies),Education",False,False,False,
801+,Universidade Federal de Ouro Preto (UFOP),8.3—18.5,9090,14.5,941,4.6,974,13.2,864,33.9,753,17.2,914,master_account,0,/world-university-rankings/universidade-federal-de-ouro-preto-ufop,584778,Brazil,"15,948",17.5,0%,50 : 50,Universidade Federal de Ouro Preto (UFOP),"Geology, Environmental, Earth & Marine Sciences,Electrical & Electronic Engineering,Sociology,Art, Performing Arts & Design,Architecture,Languages, Literature & Linguistics,History, Philosophy & Theology,Mathematics & Statistics,Physics & Astronomy,Business & Management,Law,Biological Sciences,Mechanical & Aerospace Engineering,Education,General Engineering,Geography,Communication & Media Studies,Economics & Econometrics,Sport Science,Civil Engineering,Medicine & Dentistry,Chemistry,Computer Science",False,False,False,
801+,University of Pardubice,8.3—18.5,9100,15.6,898,12.1,723,16.5,821,32.8,849,23.5,790,master_account,0,/world-university-rankings/university-pardubice,131473,Czechia,"10,508",19.4,4%,55 : 45,University of Pardubice,"Business & Management,Biological Sciences,Sociology,Art, Performing Arts & Design,Other Health,Accounting & Finance,Civil Engineering,Chemistry,Languages, Literature & Linguistics,Chemical Engineering,Economics & Econometrics,Mechanical & Aerospace Engineering,Sport Science,Education,Mathematics & Statistics,History, Philosophy & Theology,Physics & Astronomy,Electrical & Electronic Engineering,Computer Science,Archaeology,Geology, Environmental, Earth & Marine Sciences,General Engineering",False,False,False,
801+,RUDN University,8.3—18.5,9110,23.3,564,9.8,834,2.6,968,35.1,685,44.6,474,master_account,0,/world-university-rankings/rudn-university,131343,Russian Federation,"14,773",8.8,34%,51 : 49,RUDN University,"Architecture,Chemistry,General Engineering,Biological Sciences,Geography,Economics & Econometrics,Art, Performing Arts & Design,Mechanical & Aerospace Engineering,Sport Science,Education,Electrical & Electronic Engineering,Veterinary Science,Law,History, Philosophy & Theology,Mathematics & Statistics,Other Health,Chemical Engineering,Politics & International Studies (incl Development Studies),Business & Management,Medicine & Dentistry,Communication & Media Studies,Computer Science,Agriculture & Forestry,Sociology,Accounting & Finance,Archaeology,Geology, Environmental, Earth & Marine Sciences,Languages, Literature & Linguistics,Civil Engineering,Physics & Astronomy,Psychology",False,False,True,
801+,University of the Philippines,8.3—18.5,9120,20.1,698,9.3,849,13.5,861,40.8,432,42.1,513,master_account,0,/world-university-rankings/university-philippines,131459,Philippines,"48,501",11.1,1%,59 : 41,University of the Philippines,"Other Health,Civil Engineering,Mechanical & Aerospace Engineering,General Engineering,Politics & International Studies (incl Development Studies),Geography,History, Philosophy & Theology,Sport Science,Education,Medicine & Dentistry,Veterinary Science,Economics & Econometrics,Geology, Environmental, Earth & Marine Sciences,Architecture,Languages, Literature & Linguistics,Business & Management,Mathematics & Statistics,Physics & Astronomy,Chemical Engineering,Communication & Media Studies,Psychology,Chemistry,Sociology,Law,Computer Science,Electrical & Electronic Engineering,Agriculture & Forestry,Archaeology,Art, Performing Arts & Design,Accounting & Finance,Biological Sciences",False,False,False,
801+,Pontifícia Universidade Católica do Paraná,8.3—18.5,9130,14.4,943,8.0,907,24.6,718,33.9,754,19.3,866,master_account,0,/world-university-rankings/pontificia-universidade-catolica-do-parana,131752,Brazil,"24,682",22.3,1%,53 : 47,Pontifícia Universidade Católica do Paraná,"Sociology,Physics & Astronomy,Psychology,Economics & Econometrics,Languages, Literature & Linguistics,Chemistry,Communication & Media Studies,Accounting & Finance,Mathematics & Statistics,Law,Electrical & Electronic Engineering,Computer Science,Education,General Engineering,Civil Engineering,Other Health,Veterinary Science,Biological Sciences,History, Philosophy & Theology,Chemical Engineering,Architecture,Medicine & Dentistry,Sport Science,Art, Performing Arts & Design,Agriculture & Forestry,Mechanical & Aerospace Engineering,Business & Management",False,False,False,
801+,Pontifical Catholic University of Valparaíso,8.3—18.5,9140,14.0,954,10.7,800,13.5,862,51.7,226,45.2,470,master_account,0,/world-university-rankings/pontifical-catholic-university-valparaiso,131340,Chile,"15,241",25.0,1%,44 : 56,Pontifical Catholic University of Valparaíso,"Chemical Engineering,Other Health,Physics & Astronomy,Communication & Media Studies,Computer Science,Chemistry,Sociology,Mechanical & Aerospace Engineering,Geography,History, Philosophy & Theology,Sport Science,Psychology,Languages, Literature & Linguistics,Agriculture & Forestry,Education,Civil Engineering,Architecture,Mathematics & Statistics,Business & Management,Electrical & Electronic Engineering,Art, Performing Arts & Design,General Engineering,Biological Sciences,Law",False,False,False,
801+,Prince of Songkla University,8.3—18.5,9150,14.6,939,7.6,927,25.7,705,33.2,815,31.2,675,master_account,0,/world-university-rankings/prince-songkla-university,1002,Thailand,"41,043",17.2,1%,71 : 29,Prince of Songkla University,"Computer Science,Biological Sciences,Law,Electrical & Electronic Engineering,Geography,Architecture,Chemistry,Economics & Econometrics,General Engineering,Veterinary Science,Agriculture & Forestry,Education,Medicine & Dentistry,Communication & Media Studies,Psychology,History, Philosophy & Theology,Chemical Engineering,Sociology,Other Health,Geology, Environmental, Earth & Marine Sciences,Languages, Literature & Linguistics,Civil Engineering,Physics & Astronomy,Accounting & Finance,Art, Performing Arts & Design,Mechanical & Aerospace Engineering,Mathematics & Statistics,Business & Management",False,False,False,
801+,Riga Technical University,8.3—18.5,9160,15.8,890,10.3,814,16.2,826,38.9,492,24.5,775,master_account,0,/world-university-rankings/riga-technical-university,131704,Latvia,"11,790",27.3,7%,39 : 61,Riga Technical University,"Chemical Engineering,Accounting & Finance,Business & Management,Architecture,General Engineering,Mechanical & Aerospace Engineering,Chemistry,Computer Science,Electrical & Electronic Engineering,Civil Engineering,Economics & Econometrics",False,False,False,
801+,Universidade do Estado do Rio de Janeiro (UERJ),8.3—18.5,9170,20.9,668,10.8,795,17.8,803,49.2,258,17.8,903,master_account,0,/world-university-rankings/universidade-do-estado-do-rio-de-janeiro-uerj,131279,Brazil,"24,276",11.6,0%,55 : 45,Universidade do Estado do Rio de Janeiro (UERJ),"Architecture,Geography,Business & Management,Chemical Engineering,General Engineering,Geology, Environmental, Earth & Marine Sciences,Economics & Econometrics,Mathematics & Statistics,Art, Performing Arts & Design,Electrical & Electronic Engineering,Communication & Media Studies,History, Philosophy & Theology,Civil Engineering,Sociology,Law,Psychology,Biological Sciences,Archaeology,Languages, Literature & Linguistics,Mechanical & Aerospace Engineering,Politics & International Studies (incl Development Studies),Accounting & Finance,Medicine & Dentistry,Sport Science,Education,Computer Science,Chemistry,Other Health,Physics & Astronomy",False,False,False,
801+,Ritsumeikan University,8.3—18.5,9180,15.6,899,8.5,884,12.8,871,33.5,784,24.3,780,master_account,0,/world-university-rankings/ritsumeikan-university,131385,Japan,"34,867",23.8,4%,36 : 64,Ritsumeikan University,"Archaeology,Biological Sciences,Geology, Environmental, Earth & Marine Sciences,Economics & Econometrics,Electrical & Electronic Engineering,Geography,History, Philosophy & Theology,Agriculture & Forestry,Physics & Astronomy,Business & Management,Art, Performing Arts & Design,Civil Engineering,Psychology,Computer Science,Mathematics & Statistics,Politics & International Studies (incl Development Studies),General Engineering,Sociology,Architecture,Chemistry,Accounting & Finance,Other Health,Communication & Media Studies,Languages, Literature & Linguistics,Chemical Engineering,Sport Science,Education,Mechanical & Aerospace Engineering,Law",False,False,False,
801+,Robert Gordon University,8.3—18.5,9190,15.0,918,9.6,840,15.1,839,33.0,824,63.4,263,master_account,0,/world-university-rankings/robert-gordon-university,131467,United Kingdom,"9,630",19.1,23%,60 : 40,Robert Gordon University,"Mechanical & Aerospace Engineering,Art, Performing Arts & Design,Sport Science,Law,Biological Sciences,Psychology,Accounting & Finance,Communication & Media Studies,Sociology,Chemistry,Civil Engineering,Other Health,Computer Science,Electrical & Electronic Engineering,General Engineering,Business & Management",False,False,False,https://www.timeshighereducation.com/student/register-interest/siuk?utm_medium=thewebsite&utm_campaign=cta-link&utm_source=rankings&iid=i-34564743
801+,SASTRA University,8.3—18.5,9200,12.9,969,7.4,933,14.7,846,32.3,914,11.6,980,master_account,0,/world-university-rankings/sastra-university,587904,India,"13,649",18.5,0%,48 : 52,SASTRA University,"Chemical Engineering,Mechanical & Aerospace Engineering,Computer Science,Biological Sciences,Civil Engineering,Electrical & Electronic Engineering",False,False,False,
801+,SRM Institute of Science and Technology,8.3—18.5,9210,14.9,925,7.2,942,7.1,948,32.6,878,14.8,959,master_account,0,/world-university-rankings/srm-institute-science-and-technology,131575,India,"42,345",15.6,2%,23 : 77,SRM Institute of Science and Technology SRM Institute of Science and Technology SRMIST SRM University,"Civil Engineering,Business & Management,Other Health,Accounting & Finance,Agriculture & Forestry,Chemistry,Art, Performing Arts & Design,Physics & Astronomy,Geology, Environmental, Earth & Marine Sciences,Electrical & Electronic Engineering,Computer Science,Architecture,Education,Mathematics & Statistics,Languages, Literature & Linguistics,Mechanical & Aerospace Engineering,Biological Sciences,Chemical Engineering,Medicine & Dentistry,Economics & Econometrics,Communication & Media Studies,Law",False,False,False,
801+,Saitama University,8.3—18.5,9220,19.1,743,11.0,781,22.8,742,33.3,804,22.6,807,master_account,0,/world-university-rankings/saitama-university,131763,Japan,"7,459",11.7,2%,33 : 67,Saitama University,"Chemical Engineering,Psychology,Business & Management,Economics & Econometrics,Physics & Astronomy,Law,General Engineering,Archaeology,Geology, Environmental, Earth & Marine Sciences,Accounting & Finance,Languages, Literature & Linguistics,Computer Science,Education,Art, Performing Arts & Design,Chemistry,History, Philosophy & Theology,Mechanical & Aerospace Engineering,Politics & International Studies (incl Development Studies),Electrical & Electronic Engineering,Geography,Communication & Media Studies,Civil Engineering,Biological Sciences,Mathematics & Statistics,Sociology",False,False,False,
801+,Saitama Medical University,8.3—18.5,9230,22.8,583,7.3,938,21.3,760,37.2,567,13.5,975,master_account,0,/world-university-rankings/saitama-medical-university,587613,Japan,"1,888",1.5,1%,53 : 47,Saitama Medical University,"Other Health,Medicine & Dentistry",False,False,False,
801+,Samara State Aerospace University,8.3—18.5,9240,18.3,787,7.4,934,16.0,829,46.5,301,15.4,946,master_account,0,/world-university-rankings/samara-state-aerospace-university,131599,Russian Federation,"6,833",10.2,4%,,Samara State Aerospace University,"Business & Management,Mechanical & Aerospace Engineering,General Engineering,Physics & Astronomy,Chemistry,Accounting & Finance,Economics & Econometrics,Archaeology,Biological Sciences,Politics & International Studies (incl Development Studies),Psychology,Education,Mathematics & Statistics,History, Philosophy & Theology,Law,Electrical & Electronic Engineering,Computer Science,Sociology,Communication & Media Studies,Languages, Literature & Linguistics",False,False,True,
801+,"University of Santiago, Chile (USACH)",8.3—18.5,9250,15.9,881,10.8,796,9.6,920,32.3,915,40.4,542,master_account,0,/world-university-rankings/university-santiago-chile-usach,131443,Chile,"22,720",20.7,1%,40 : 60,"University of Santiago, Chile (USACH)","General Engineering,Psychology,Chemical Engineering,Politics & International Studies (incl Development Studies),History, Philosophy & Theology,Communication & Media Studies,Sport Science,Civil Engineering,Medicine & Dentistry,Law,Economics & Econometrics,Chemistry,Computer Science,Business & Management,Languages, Literature & Linguistics,Other Health,Art, Performing Arts & Design,Accounting & Finance,Biological Sciences,Electrical & Electronic Engineering,Education,Mechanical & Aerospace Engineering,Agriculture & Forestry,Physics & Astronomy,Architecture,Mathematics & Statistics",False,False,False,
801+,Sathyabama Institute of Science and Technology,8.3—18.5,9260,14.8,931,7.9,912,3.7,963,32.4,898,12.4,977,master_account,6,/world-university-rankings/sathyabama-institute-science-and-technology,131645,India,"15,918",20.1,1%,45 : 55,Sathyabama Institute of Science and Technology,"Communication & Media Studies,Other Health,Electrical & Electronic Engineering,Medicine & Dentistry,Mechanical & Aerospace Engineering,Chemical Engineering,Business & Management,Politics & International Studies (incl Development Studies),General Engineering,Law,Languages, Literature & Linguistics,Physics & Astronomy,Accounting & Finance,Computer Science,Civil Engineering,Geology, Environmental, Earth & Marine Sciences,Mathematics & Statistics,Architecture,Biological Sciences,Psychology,Chemistry",False,False,False,
801+,Sechenov University,8.3—18.5,9270,25.4,487,9.1,857,0.7,981,33.4,793,23.8,788,master_account,0,/world-university-rankings/sechenov-university,131316,Russian Federation,"16,774",9.0,11%,56 : 44,Sechenov University,"Biological Sciences,Medicine & Dentistry,Sociology,General Engineering,Civil Engineering,Chemical Engineering,Psychology,Other Health,Electrical & Electronic Engineering",False,False,True,
801+,University of Seoul,8.3—18.5,9280,22.0,619,8.7,873,20.1,779,33.0,826,21.2,836,master_account,0,/world-university-rankings/university-seoul,1017,South Korea,"10,498",18.6,3%,36 : 64,University of Seoul,"Physics & Astronomy,Computer Science,History, Philosophy & Theology,Accounting & Finance,Mathematics & Statistics,Chemical Engineering,Geography,Geology, Environmental, Earth & Marine Sciences,Economics & Econometrics,Chemistry,General Engineering,Architecture,Electrical & Electronic Engineering,Biological Sciences,Business & Management,Mechanical & Aerospace Engineering,Politics & International Studies (incl Development Studies),Education,Sociology,Art, Performing Arts & Design,Sport Science,Languages, Literature & Linguistics,Civil Engineering,Law",False,False,False,
801+,Shaanxi Normal University,8.3—18.5,9290,16.4,863,9.0,862,21.7,756,32.1,959,14.5,965,master_account,0,/world-university-rankings/shaanxi-normal-university,589286,China,"25,799",16.3,1%,73 : 27,Shaanxi Normal University,,False,False,False,
801+,Shahid Beheshti University,8.3—18.5,9300,18.9,757,14.8,627,14.8,845,53.8,207,15.1,953,master_account,0,/world-university-rankings/shahid-beheshti-university,131498,Iran,"18,607",24.6,1%,52 : 48,Shahid Beheshti University,"Biological Sciences,Architecture,Languages, Literature & Linguistics,Communication & Media Studies,Mechanical & Aerospace Engineering,Agriculture & Forestry,Medicine & Dentistry,Education,Politics & International Studies (incl Development Studies),General Engineering,Law,Art, Performing Arts & Design,Civil Engineering,Electrical & Electronic Engineering,Physics & Astronomy,Psychology,Sociology,Economics & Econometrics,Veterinary Science,Geography,Accounting & Finance,Chemistry,Computer Science,Archaeology,Sport Science,Business & Management,Other Health,Mathematics & Statistics,Chemical Engineering,History, Philosophy & Theology,Geology, Environmental, Earth & Marine Sciences",False,False,False,
801+,Shanghai University,8.3—18.5,9310,18.1,794,14.7,632,19.8,782,44.5,335,16.0,932,master_account,0,/world-university-rankings/shanghai-university,1001,China,"48,397",18.6,1%,45 : 55,Shanghai University,"Law,Sociology,Physics & Astronomy,Languages, Literature & Linguistics,Politics & International Studies (incl Development Studies),General Engineering,Accounting & Finance,Computer Science,History, Philosophy & Theology,Mechanical & Aerospace Engineering,Education,Biological Sciences,Chemical Engineering,Electrical & Electronic Engineering,Economics & Econometrics,Mathematics & Statistics,Geology, Environmental, Earth & Marine Sciences,Chemistry,Art, Performing Arts & Design,Architecture,Civil Engineering,Business & Management,Communication & Media Studies",False,False,False,
801+,Sheffield Hallam University,8.3—18.5,9320,16.6,858,10.3,815,19.7,784,32.5,885,48.6,422,master_account,0,/world-university-rankings/sheffield-hallam-university,131621,United Kingdom,"25,505",17.1,16%,54 : 46,Sheffield Hallam University,"Sport Science,Chemistry,Mechanical & Aerospace Engineering,Languages, Literature & Linguistics,Psychology,Politics & International Studies (incl Development Studies),History, Philosophy & Theology,Accounting & Finance,Physics & Astronomy,Other Health,Education,Electrical & Electronic Engineering,Art, Performing Arts & Design,Communication & Media Studies,Biological Sciences,Geology, Environmental, Earth & Marine Sciences,Economics & Econometrics,Computer Science,Law,Architecture,Sociology,Chemical Engineering,Business & Management,Mathematics & Statistics,Geography",False,False,False,https://www.timeshighereducation.com/student/register-interest/siuk?utm_medium=thewebsite&utm_campaign=cta-link&utm_source=rankings&iid=i-64588463
801+,Shibaura Institute of Technology,8.3—18.5,9330,15.8,891,8.4,887,6.9,949,34.6,713,17.1,919,master_account,0,/world-university-rankings/shibaura-institute-technology,587799,Japan,"9,357",17.4,2%,13 : 87,Shibaura Institute of Technology SHIBAURA Science Engineering,"Sport Science,Computer Science,Mathematics & Statistics,General Engineering,Geology, Environmental, Earth & Marine Sciences,Architecture,Chemistry,Electrical & Electronic Engineering,Physics & Astronomy,Biological Sciences,Civil Engineering,Chemical Engineering,Mechanical & Aerospace Engineering,Art, Performing Arts & Design",False,False,False,
801+,Shimane University,8.3—18.5,9340,22.5,595,9.1,858,10.1,911,35.4,667,17.3,910,master_account,0,/world-university-rankings/shimane-university,589307,Japan,"5,974",9.3,2%,38 : 62,Shimane University Shimane Shimadai,"Archaeology,Art, Performing Arts & Design,Geography,Architecture,Chemical Engineering,Physics & Astronomy,Agriculture & Forestry,Other Health,Computer Science,Sociology,Civil Engineering,Biological Sciences,Languages, Literature & Linguistics,Medicine & Dentistry,Sport Science,Psychology,Chemistry,Electrical & Electronic Engineering,Economics & Econometrics,History, Philosophy & Theology,Education,Geology, Environmental, Earth & Marine Sciences,General Engineering,Politics & International Studies (incl Development Studies),Mathematics & Statistics,Law,Mechanical & Aerospace Engineering",False,False,False,
801+,Shizuoka University,8.3—18.5,9350,17.4,831,12.2,720,15.0,841,36.2,612,22.7,804,master_account,0,/world-university-rankings/shizuoka-university,589295,Japan,"10,083",14.4,3%,29 : 71,Shizuoka University,"Archaeology,Chemistry,Economics & Econometrics,Physics & Astronomy,History, Philosophy & Theology,Electrical & Electronic Engineering,Communication & Media Studies,Chemical Engineering,Sociology,Agriculture & Forestry,Law,Computer Science,Mathematics & Statistics,Accounting & Finance,General Engineering,Geology, Environmental, Earth & Marine Sciences,Languages, Literature & Linguistics,Mechanical & Aerospace Engineering,Politics & International Studies (incl Development Studies),Biological Sciences,Education,Sport Science,Business & Management",False,False,False,
801+,Showa University,8.3—18.5,9360,28.2,406,8.3,892,10.5,905,35.8,632,14.4,967,master_account,0,/world-university-rankings/showa-university,131411,Japan,"3,728",2.5,0%,58 : 42,Showa University,"Medicine & Dentistry,Other Health",False,False,False,
801+,Siberian Federal University,8.3—18.5,9370,20.3,692,8.9,866,3.1,967,36.3,609,15.4,947,master_account,0,/world-university-rankings/siberian-federal-university,131484,Russian Federation,"26,156",11.0,1%,46 : 54,Siberian Federal University,"Education,Law,Psychology,Sociology,Communication & Media Studies,Sport Science,Mechanical & Aerospace Engineering,Business & Management,General Engineering,Computer Science,Mathematics & Statistics,Geology, Environmental, Earth & Marine Sciences,History, Philosophy & Theology,Languages, Literature & Linguistics,Civil Engineering,Architecture,Chemical Engineering,Physics & Astronomy,Politics & International Studies (incl Development Studies),Electrical & Electronic Engineering,Art, Performing Arts & Design,Accounting & Finance,Geography,Economics & Econometrics,Chemistry",False,False,True,
801+,Sidi Mohamed Ben Abdellah University,8.3—18.5,9380,21.9,623,6.2,962,2.4,969,32.1,960,21.1,839,master_account,0,/world-university-rankings/sidi-mohamed-ben-abdellah-university,131760,Morocco,"82,019",59.2,1%,43 : 57,Sidi Mohamed Ben Abdellah University,"Accounting & Finance,Business & Management,Physics & Astronomy,General Engineering,Economics & Econometrics,Psychology,Mechanical & Aerospace Engineering,Chemical Engineering,Medicine & Dentistry,History, Philosophy & Theology,Electrical & Electronic Engineering,Chemistry,Sociology,Geography,Sport Science,Geology, Environmental, Earth & Marine Sciences,Biological Sciences,Education,Languages, Literature & Linguistics,Computer Science,Law,Mathematics & Statistics",False,False,False,
801+,University of Silesia in Katowice,8.3—18.5,9390,17.1,836,7.7,920,22.7,744,32.1,961,21.8,826,master_account,0,/world-university-rankings/university-silesia-katowice,131460,Poland,"26,470",14.0,2%,68 : 32,University of Silesia in Katowice,"Computer Science,Art, Performing Arts & Design,Politics & International Studies (incl Development Studies),Physics & Astronomy,Mathematics & Statistics,History, Philosophy & Theology,Psychology,Biological Sciences,Geology, Environmental, Earth & Marine Sciences,Education,Communication & Media Studies,Chemistry,Sociology,Languages, Literature & Linguistics,Geography,Law",False,False,False,
801+,Simón Bolívar University,8.3—18.5,9400,15.8,892,11.3,767,16.8,816,0.7,978,39.2,563,master_account,0,/world-university-rankings/simon-bolivar-university,131346,Venezuela,"12,545",15.0,0%,45 : 55,Simón Bolívar University,"Architecture,Physics & Astronomy,Accounting & Finance,General Engineering,Geology, Environmental, Earth & Marine Sciences,Civil Engineering,Sociology,Computer Science,Politics & International Studies (incl Development Studies),Mechanical & Aerospace Engineering,Psychology,History, Philosophy & Theology,Mathematics & Statistics,Art, Performing Arts & Design,Chemical Engineering,Economics & Econometrics,Electrical & Electronic Engineering,Education,Languages, Literature & Linguistics,Biological Sciences,Business & Management,Other Health,Chemistry",False,False,False,
801+,Slovak University of Technology in Bratislava,8.3—18.5,9410,20.3,693,9.5,847,13.8,859,34.9,697,27.9,727,master_account,0,/world-university-rankings/slovak-university-technology-bratislava,131818,Slovakia,"16,402",15.2,2%,30 : 70,Slovak University of Technology in Bratislava,"Agriculture & Forestry,Architecture,General Engineering,Physics & Astronomy,Mathematics & Statistics,Biological Sciences,Mechanical & Aerospace Engineering,Geology, Environmental, Earth & Marine Sciences,Art, Performing Arts & Design,Electrical & Electronic Engineering,Civil Engineering,Computer Science,Business & Management,Economics & Econometrics,Chemistry,Chemical Engineering",False,False,False,
801+,Sofia University,8.3—18.5,9420,18.8,766,10.8,797,9.5,921,33.7,764,38.0,576,master_account,0,/world-university-rankings/sofia-university,131753,Bulgaria,"23,158",13.7,4%,51 : 49,Sofia University,"Chemical Engineering,Psychology,Accounting & Finance,Art, Performing Arts & Design,Politics & International Studies (incl Development Studies),Economics & Econometrics,Archaeology,Other Health,Communication & Media Studies,History, Philosophy & Theology,Mathematics & Statistics,Medicine & Dentistry,Chemistry,Physics & Astronomy,Computer Science,Business & Management,Sociology,Biological Sciences,Law,Geography,Geology, Environmental, Earth & Marine Sciences,Languages, Literature & Linguistics,Education",False,False,False,
801+,Sophia University,8.3—18.5,9430,19.9,713,10.4,813,7.7,939,33.4,794,36.9,597,master_account,6,/world-university-rankings/sophia-university,131287,Japan,"13,468",25.2,9%,55 : 45,Sophia University sofia SU,"Electrical & Electronic Engineering,Politics & International Studies (incl Development Studies),Physics & Astronomy,Accounting & Finance,General Engineering,Sociology,Chemical Engineering,Education,Biological Sciences,Psychology,Computer Science,Geology, Environmental, Earth & Marine Sciences,Mechanical & Aerospace Engineering,Law,History, Philosophy & Theology,Communication & Media Studies,Other Health,Mathematics & Statistics,Business & Management,Languages, Literature & Linguistics,Chemistry,Economics & Econometrics",False,False,False,
801+,University of South Africa,8.3—18.5,9440,16.9,846,9.9,830,12.6,873,32.4,899,34.3,633,master_account,0,/world-university-rankings/university-south-africa,131710,South Africa,"187,043",97.4,9%,65 : 35,University of South Africa,"Mechanical & Aerospace Engineering,Art, Performing Arts & Design,Geology, Environmental, Earth & Marine Sciences,Other Health,Mathematics & Statistics,Accounting & Finance,Civil Engineering,Languages, Literature & Linguistics,Agriculture & Forestry,Politics & International Studies (incl Development Studies),Electrical & Electronic Engineering,Law,History, Philosophy & Theology,Archaeology,Computer Science,Chemistry,Architecture,General Engineering,Psychology,Business & Management,Communication & Media Studies,Education,Geography,Physics & Astronomy,Sociology,Chemical Engineering,Biological Sciences,Economics & Econometrics",False,False,False,
801+,Qena University,8.3—18.5,9450,12.5,971,4.4,975,22.2,751,32.1,963,43.5,492,master_account,0,/world-university-rankings/qena-university,587901,Egypt,"42,020",53.7,1%,62 : 38,Qena University,"Architecture,Accounting & Finance,Psychology,Agriculture & Forestry,Sport Science,Communication & Media Studies,Business & Management,Politics & International Studies (incl Development Studies),General Engineering,Electrical & Electronic Engineering,Mechanical & Aerospace Engineering,History, Philosophy & Theology,Education,Other Health,Mathematics & Statistics,Geography,Archaeology,Veterinary Science,Law,Chemical Engineering,Computer Science,Chemistry,Civil Engineering,Geology, Environmental, Earth & Marine Sciences,Art, Performing Arts & Design,Biological Sciences,Physics & Astronomy,Sociology,Economics & Econometrics,Languages, Literature & Linguistics,Medicine & Dentistry",False,False,False,
801+,Southern Federal University,8.3—18.5,9460,22.1,616,8.0,909,10.7,903,40.0,455,21.7,827,master_account,0,/world-university-rankings/southern-federal-university,131480,Russian Federation,"22,455",7.7,6%,79 : 21,Southern Federal University,"History, Philosophy & Theology,Education,Art, Performing Arts & Design,Business & Management,Physics & Astronomy,Communication & Media Studies,Civil Engineering,Chemical Engineering,Sociology,Chemistry,Politics & International Studies (incl Development Studies),Languages, Literature & Linguistics,Law,Mechanical & Aerospace Engineering,Computer Science,Electrical & Electronic Engineering,Geology, Environmental, Earth & Marine Sciences,Economics & Econometrics,Accounting & Finance,Psychology,Biological Sciences,Mathematics & Statistics,Agriculture & Forestry,Geography,Architecture,General Engineering,Archaeology",False,False,True,
801+,University of Southern Mississippi,8.3—18.5,9470,20.1,699,8.5,885,23.0,740,38.3,510,22.6,808,public,0,/world-university-rankings/university-southern-mississippi,131782,United States,"14,143",17.8,3%,63 : 37,University of Southern Mississippi,"Sport Science,Psychology,General Engineering,History, Philosophy & Theology,Chemistry,Biological Sciences,Communication & Media Studies,Geology, Environmental, Earth & Marine Sciences,Architecture,Business & Management,Physics & Astronomy,Accounting & Finance,Computer Science,Chemical Engineering,Sociology,Politics & International Studies (incl Development Studies),Other Health,Law,Geography,Mathematics & Statistics,Electrical & Electronic Engineering,Education,Art, Performing Arts & Design,Languages, Literature & Linguistics",False,False,False,https://www.timeshighereducation.com/student/register-interest/shorelight?utm_medium=thewebsite&utm_campaign=cta-link&utm_source=rankings&iid=i-93442262
801+,Southwest Jiaotong University,8.3—18.5,9480,18.1,795,12.1,724,5.8,952,76.5,88,18.5,885,master_account,0,/world-university-rankings/southwest-jiaotong-university,131768,China,"40,075",15.1,2%,27 : 73,Southwest Jiaotong University,"Agriculture & Forestry,Sport Science,Art, Performing Arts & Design,Education,Biological Sciences,Chemistry,Architecture,Other Health,Medicine & Dentistry,Mechanical & Aerospace Engineering,Economics & Econometrics,Physics & Astronomy,Psychology,Computer Science,Geology, Environmental, Earth & Marine Sciences,General Engineering,Mathematics & Statistics,Business & Management,Languages, Literature & Linguistics,Electrical & Electronic Engineering",False,False,False,
801+,Universidade Estadual de Maringá,8.3—18.5,9490,16.9,848,9.9,831,5.1,958,32.5,886,13.8,974,master_account,0,/world-university-rankings/universidade-estadual-de-maringa,131470,Brazil,"23,532",14.9,1%,59 : 41,Universidade Estadual de Maringá,"Electrical & Electronic Engineering,Physics & Astronomy,Geography,History, Philosophy & Theology,Mathematics & Statistics,Mechanical & Aerospace Engineering,Civil Engineering,Law,Art, Performing Arts & Design,Chemical Engineering,Psychology,Languages, Literature & Linguistics,General Engineering,Other Health,Sociology,Architecture,Accounting & Finance,Medicine & Dentistry,Veterinary Science,Communication & Media Studies,Chemistry,Biological Sciences,Computer Science,Business & Management,Economics & Econometrics,Agriculture & Forestry,Education,Sport Science",False,False,False,
801+,University of Talca,8.3—18.5,9500,14.1,950,11.2,770,12.3,877,32.1,966,46.2,458,master_account,0,/world-university-rankings/university-talca,131660,Chile,"10,436",25.1,1%,50 : 50,University of Talca,"Law,Biological Sciences,Computer Science,General Engineering,Architecture,Civil Engineering,Art, Performing Arts & Design,Agriculture & Forestry,Economics & Econometrics,Business & Management,Mechanical & Aerospace Engineering,Psychology,Medicine & Dentistry,Geology, Environmental, Earth & Marine Sciences,Electrical & Electronic Engineering,Education,Accounting & Finance,Other Health,Mathematics & Statistics,History, Philosophy & Theology,Sociology",False,False,False,
801+,Tamkang University,8.3—18.5,9510,13.4,963,11.2,771,12.2,879,34.6,714,23.0,800,master_account,0,/world-university-rankings/tamkang-university,131693,Taiwan,"27,612",26.5,6%,48 : 52,Tamkang University,"Other Health,Geology, Environmental, Earth & Marine Sciences,Languages, Literature & Linguistics,Mechanical & Aerospace Engineering,General Engineering,Education,Electrical & Electronic Engineering,Psychology,Chemistry,History, Philosophy & Theology,Mathematics & Statistics,Accounting & Finance,Computer Science,Communication & Media Studies,Sociology,Civil Engineering,Business & Management,Architecture,Physics & Astronomy,Chemical Engineering,Economics & Econometrics,Politics & International Studies (incl Development Studies)",False,False,False,
801+,Taras Shevchenko National University of Kyiv,8.3—18.5,9520,29.5,383,10.7,801,5.7,955,32.8,852,30.5,685,master_account,0,/world-university-rankings/taras-shevchenko-national-university-kyiv,131734,Ukraine,"20,759",8.2,3%,60 : 40,Taras Shevchenko National University of Kyiv,"Economics & Econometrics,Communication & Media Studies,Psychology,Medicine & Dentistry,Languages, Literature & Linguistics,Education,Geology, Environmental, Earth & Marine Sciences,Business & Management,Politics & International Studies (incl Development Studies),Other Health,Geography,Mathematics & Statistics,Accounting & Finance,Chemistry,Agriculture & Forestry,Computer Science,History, Philosophy & Theology,Physics & Astronomy,Biological Sciences,Architecture,Archaeology,Sociology,Electrical & Electronic Engineering,Law",False,False,False,
801+,Technical University of Liberec,8.3—18.5,9530,17.8,814,9.6,842,3.7,964,35.7,639,28.8,707,master_account,0,/world-university-rankings/technical-university-liberec,131345,Czechia,"6,599",13.5,7%,65 : 35,Technical University of Liberec,"Languages, Literature & Linguistics,Mathematics & Statistics,General Engineering,Business & Management,Mechanical & Aerospace Engineering,Electrical & Electronic Engineering,Other Health,Computer Science,Chemistry,Physics & Astronomy,Architecture,Civil Engineering,Economics & Econometrics,Education,History, Philosophy & Theology,Art, Performing Arts & Design,Chemical Engineering",False,False,False,
801+,Universiti Teknologi MARA,8.3—18.5,9540,14.8,932,8.6,877,11.5,888,32.4,902,15.9,935,master_account,0,/world-university-rankings/universiti-teknologi-mara,131773,Malaysia,"59,795",15.3,0%,65 : 35,Universiti Teknologi MARA,"Accounting & Finance,General Engineering,Biological Sciences,Languages, Literature & Linguistics,Agriculture & Forestry,Computer Science,Mechanical & Aerospace Engineering,Economics & Econometrics,Mathematics & Statistics,History, Philosophy & Theology,Other Health,Geology, Environmental, Earth & Marine Sciences,Psychology,Geography,Electrical & Electronic Engineering,Chemistry,Civil Engineering,Chemical Engineering,Education,Sport Science,Physics & Astronomy,Art, Performing Arts & Design,Architecture,Business & Management,Sociology,Communication & Media Studies,Medicine & Dentistry,Law,Politics & International Studies (incl Development Studies),Veterinary Science",False,False,False,
801+,University of Abou Bekr Belkaïd Tlemcen,8.3—18.5,9550,21.7,635,10.1,823,4.5,959,32.1,970,39.1,567,master_account,0,/world-university-rankings/university-abou-bekr-belkaid-tlemcen,587841,Algeria,"43,008",25.1,1%,67 : 33,University of Abou Bekr Belkaïd Tlemcen,"Languages, Literature & Linguistics,Chemistry,Computer Science,Electrical & Electronic Engineering,Education,Civil Engineering,Sociology,Physics & Astronomy,General Engineering,Politics & International Studies (incl Development Studies),Chemical Engineering,Veterinary Science,History, Philosophy & Theology,Business & Management,Psychology,Biological Sciences,Agriculture & Forestry,Mechanical & Aerospace Engineering,Archaeology,Law,Economics & Econometrics,Accounting & Finance,Mathematics & Statistics,Art, Performing Arts & Design",False,False,False,
801+,Tokai University,8.3—18.5,9560,19.5,726,8.6,878,20.7,768,36.4,603,20.2,851,master_account,0,/world-university-rankings/tokai-university,131413,Japan,"29,959",12.9,1%,27 : 73,Tokai University,"Computer Science,Mathematics & Statistics,Archaeology,Biological Sciences,Accounting & Finance,History, Philosophy & Theology,Chemical Engineering,Law,Languages, Literature & Linguistics,Electrical & Electronic Engineering,Sport Science,Communication & Media Studies,Economics & Econometrics,Medicine & Dentistry,Physics & Astronomy,Politics & International Studies (incl Development Studies),General Engineering,Veterinary Science,Geology, Environmental, Earth & Marine Sciences,Art, Performing Arts & Design,Mechanical & Aerospace Engineering,Education,Architecture,Psychology,Other Health,Chemistry,Geography,Agriculture & Forestry,Civil Engineering,Sociology,Business & Management",False,False,False,
801+,Tokyo Denki University,8.3—18.5,9570,13.4,964,7.7,921,2.3,972,0.4,980,15.9,936,master_account,0,/world-university-rankings/tokyo-denki-university,589262,Japan,"9,652",26.8,2%,10 : 90,Tokyo Denki University,"Electrical & Electronic Engineering,Computer Science,Civil Engineering,General Engineering,Mechanical & Aerospace Engineering,Chemical Engineering",False,False,False,
801+,Tokyo University of Marine Science and Technology,8.3—18.5,9580,22.2,613,12.7,697,11.0,898,53.0,215,26.4,745,master_account,0,/world-university-rankings/tokyo-university-marine-science-and-technology,131398,Japan,"2,678",11.4,6%,33 : 67,Tokyo University of Marine Science and Technology,"General Engineering,Geology, Environmental, Earth & Marine Sciences,Biological Sciences,Agriculture & Forestry,Civil Engineering,Mechanical & Aerospace Engineering",False,False,False,
801+,Tomas Bata University in Zlín,8.3—18.5,9590,15.9,882,13.7,663,12.6,874,34.5,720,46.0,461,master_account,0,/world-university-rankings/tomas-bata-university-zlin,589364,Czechia,"10,223",23.3,8%,,Tomas Bata University in Zlín,"Chemistry,Biological Sciences,Business & Management,Chemical Engineering,Languages, Literature & Linguistics,Communication & Media Studies,Art, Performing Arts & Design,Accounting & Finance,Economics & Econometrics,Computer Science,Education,Other Health",False,False,False,
801+,Tottori University,8.3—18.5,9600,25.0,503,8.4,888,11.4,889,36.7,589,17.9,901,master_account,0,/world-university-rankings/tottori-university,131538,Japan,"6,185",8.2,2%,35 : 65,Tottori University,"Physics & Astronomy,Electrical & Electronic Engineering,Geography,Agriculture & Forestry,General Engineering,Education,Mathematics & Statistics,Business & Management,Geology, Environmental, Earth & Marine Sciences,Psychology,Mechanical & Aerospace Engineering,Languages, Literature & Linguistics,Archaeology,Economics & Econometrics,Veterinary Science,Medicine & Dentistry,Civil Engineering,Law,Sport Science,History, Philosophy & Theology,Politics & International Studies (incl Development Studies),Sociology,Art, Performing Arts & Design,Chemistry,Chemical Engineering,Other Health,Architecture,Accounting & Finance,Communication & Media Studies,Computer Science,Biological Sciences",False,False,False,
801+,University of Toyama,8.3—18.5,9610,21.4,647,12.0,728,17.7,806,41.9,397,24.5,776,master_account,0,/world-university-rankings/university-toyama,589241,Japan,"9,308",11.3,3%,39 : 61,University of Toyama,"Architecture,Civil Engineering,Physics & Astronomy,Psychology,Education,Computer Science,History, Philosophy & Theology,Mathematics & Statistics,Electrical & Electronic Engineering,General Engineering,Chemistry,Sociology,Accounting & Finance,Archaeology,Chemical Engineering,Medicine & Dentistry,Business & Management,Other Health,Art, Performing Arts & Design,Geography,Economics & Econometrics,Law,Mechanical & Aerospace Engineering,Communication & Media Studies,Sport Science,Geology, Environmental, Earth & Marine Sciences,Biological Sciences,Languages, Literature & Linguistics,Politics & International Studies (incl Development Studies)",False,False,False,
801+,University of Tunis El Manar,8.3—18.5,9620,17.9,809,7.4,935,7.3,944,32.5,887,39.6,556,master_account,0,/world-university-rankings/university-tunis-el-manar,131771,Tunisia,"37,781",21.1,1%,65 : 35,University of Tunis El Manar,"General Engineering,Psychology,Mathematics & Statistics,Chemical Engineering,Economics & Econometrics,Other Health,Computer Science,Education,Law,Communication & Media Studies,Accounting & Finance,Physics & Astronomy,Civil Engineering,Agriculture & Forestry,Electrical & Electronic Engineering,Mechanical & Aerospace Engineering,Archaeology,Politics & International Studies (incl Development Studies),Business & Management,Sociology,Medicine & Dentistry,Languages, Literature & Linguistics,History, Philosophy & Theology,Veterinary Science,Biological Sciences,Geology, Environmental, Earth & Marine Sciences,Chemistry",False,False,False,
801+,Ural Federal University,8.3—18.5,9630,22.2,615,11.2,772,8.6,931,38.1,518,20.0,853,master_account,0,/world-university-rankings/ural-federal-university,131493,Russian Federation,"28,089",10.0,4%,47 : 53,Ural Federal University,"Sport Science,Archaeology,Medicine & Dentistry,History, Philosophy & Theology,Geology, Environmental, Earth & Marine Sciences,Education,Veterinary Science,Mechanical & Aerospace Engineering,Communication & Media Studies,Civil Engineering,Sociology,Economics & Econometrics,Physics & Astronomy,Psychology,Agriculture & Forestry,Geography,Computer Science,Biological Sciences,Architecture,Law,Other Health,Art, Performing Arts & Design,Accounting & Finance,Electrical & Electronic Engineering,Languages, Literature & Linguistics,Chemical Engineering,General Engineering,Chemistry,Politics & International Studies (incl Development Studies),Mathematics & Statistics,Business & Management",False,False,True,
801+,Universiti Utara Malaysia,8.3—18.5,9640,20.5,685,11.0,783,2.2,973,35.4,668,45.1,471,master_account,0,/world-university-rankings/universiti-utara-malaysia,131511,Malaysia,"12,538",12.1,18%,73 : 27,Universiti Utara Malaysia,"Accounting & Finance,Computer Science,Politics & International Studies (incl Development Studies),Communication & Media Studies,Art, Performing Arts & Design,Law,Education,Mathematics & Statistics,Psychology,Geography,History, Philosophy & Theology,Business & Management,Sociology,Languages, Literature & Linguistics,Economics & Econometrics",False,False,False,
801+,Utsunomiya University,8.3—18.5,9650,16.2,869,8.3,893,8.2,934,34.0,748,23.1,798,master_account,0,/world-university-rankings/utsunomiya-university,589184,Japan,"5,024",14.6,5%,36 : 64,Utsunomiya University,"Accounting & Finance,General Engineering,Agriculture & Forestry,Civil Engineering,Geology, Environmental, Earth & Marine Sciences,Education,History, Philosophy & Theology,Communication & Media Studies,Mechanical & Aerospace Engineering,Languages, Literature & Linguistics,Chemical Engineering,Politics & International Studies (incl Development Studies),Computer Science,Mathematics & Statistics,Business & Management,Architecture,Psychology,Physics & Astronomy,Sport Science,Geography,Biological Sciences,Sociology,Art, Performing Arts & Design,Law,Electrical & Electronic Engineering,Economics & Econometrics,Chemistry",False,False,False,
801+,V.N. Karazin Kharkiv National University,8.3—18.5,9660,21.2,657,8.3,894,2.4,970,32.4,904,50.8,391,master_account,0,/world-university-rankings/vn-karazin-kharkiv-national-university,131424,Ukraine,"15,778",10.4,25%,54 : 46,V.N. Karazin Kharkiv National University,"History, Philosophy & Theology,Mechanical & Aerospace Engineering,Law,Sport Science,Politics & International Studies (incl Development Studies),Languages, Literature & Linguistics,Sociology,Accounting & Finance,General Engineering,Medicine & Dentistry,Physics & Astronomy,Civil Engineering,Mathematics & Statistics,Archaeology,Economics & Econometrics,Biological Sciences,Geography,Business & Management,Communication & Media Studies,Psychology,Geology, Environmental, Earth & Marine Sciences,Education,Art, Performing Arts & Design,Chemical Engineering,Computer Science,Chemistry,Electrical & Electronic Engineering",False,False,False,
801+,VIT University,8.3—18.5,9670,15.0,919,7.7,922,7.3,945,33.4,795,20.3,848,master_account,0,/world-university-rankings/vit-university,587706,India,"29,572",20.0,2%,25 : 75,VIT University,"Communication & Media Studies,Computer Science,Civil Engineering,Accounting & Finance,Agriculture & Forestry,Chemical Engineering,Biological Sciences,Business & Management,Chemistry,Mechanical & Aerospace Engineering,Languages, Literature & Linguistics,General Engineering,Architecture,Mathematics & Statistics,Physics & Astronomy,Electrical & Electronic Engineering,Law",False,False,False,
801+,Voronezh State University,8.3—18.5,9680,19.2,739,7.0,947,1.3,979,34.1,741,23.2,794,master_account,0,/world-university-rankings/voronezh-state-university,131433,Russian Federation,"14,011",10.1,9%,53 : 47,Voronezh State University,"Geology, Environmental, Earth & Marine Sciences,Chemical Engineering,Computer Science,Accounting & Finance,Sociology,Law,Psychology,Biological Sciences,Communication & Media Studies,Languages, Literature & Linguistics,General Engineering,Other Health,History, Philosophy & Theology,Architecture,Chemistry,Economics & Econometrics,Education,Politics & International Studies (incl Development Studies),Electrical & Electronic Engineering,Business & Management,Archaeology,Physics & Astronomy,Mathematics & Statistics,Geography",False,False,True,
801+,VSB – Technical University of Ostrava,8.3—18.5,9690,15.6,900,11.7,742,20.8,765,37.9,530,27.1,737,master_account,11,/world-university-rankings/vsb-technical-university-ostrava,131319,Czechia,"20,191",25.2,7%,,VSB – Technical University of Ostrava,"Electrical & Electronic Engineering,Geology, Environmental, Earth & Marine Sciences,General Engineering,Chemistry,Chemical Engineering,Accounting & Finance,Civil Engineering,Computer Science,Physics & Astronomy,Architecture,Mathematics & Statistics,Mechanical & Aerospace Engineering,Business & Management,Economics & Econometrics",False,False,False,
801+,University of West Bohemia,8.3—18.5,9700,15.8,894,11.1,778,19.8,783,35.9,629,24.5,777,master_account,0,/world-university-rankings/university-west-bohemia,131333,Czechia,"14,067",19.7,3%,52 : 48,University of West Bohemia,"Computer Science,Geography,General Engineering,Law,Other Health,Sociology,Accounting & Finance,Mathematics & Statistics,Geology, Environmental, Earth & Marine Sciences,History, Philosophy & Theology,Electrical & Electronic Engineering,Business & Management,Languages, Literature & Linguistics,Physics & Astronomy,Art, Performing Arts & Design,Civil Engineering,Economics & Econometrics,Archaeology,Politics & International Studies (incl Development Studies),Mechanical & Aerospace Engineering,Education",False,False,False,
801+,Wuhan University of Technology,8.3—18.5,9710,18.3,788,11.1,779,15.8,831,59.2,178,16.5,924,master_account,0,/world-university-rankings/wuhan-university-technology,929,China,"50,753",14.9,3%,30 : 70,Wuhan University of Technology,"Electrical & Electronic Engineering,Mathematics & Statistics,Languages, Literature & Linguistics,Civil Engineering,Geology, Environmental, Earth & Marine Sciences,Business & Management,Physics & Astronomy,Sociology,Architecture,History, Philosophy & Theology,Chemistry,Accounting & Finance,Computer Science,Communication & Media Studies,Biological Sciences,Sport Science,Art, Performing Arts & Design,Chemical Engineering,Education,Law,Geography,Mechanical & Aerospace Engineering,Politics & International Studies (incl Development Studies),General Engineering,Economics & Econometrics",False,False,False,
801+,Xiangtan University,8.3—18.5,9720,13.3,966,8.9,867,31.5,653,36.4,604,14.6,962,master_account,0,/world-university-rankings/xiangtan-university,587829,China,"28,407",19.7,1%,51 : 49,Xiangtan University,"Civil Engineering,Computer Science,Chemistry,Mathematics & Statistics,Mechanical & Aerospace Engineering,Physics & Astronomy,Sociology,Electrical & Electronic Engineering,Law,History, Philosophy & Theology,Communication & Media Studies,Chemical Engineering,Economics & Econometrics,Art, Performing Arts & Design,Biological Sciences,Accounting & Finance,Geology, Environmental, Earth & Marine Sciences,Languages, Literature & Linguistics,General Engineering,Politics & International Studies (incl Development Studies),Business & Management",False,False,False,
801+,Xidian University,8.3—18.5,9730,17.5,827,13.4,675,12.4,876,78.2,83,14.5,966,master_account,0,/world-university-rankings/xidian-university,1043,China,"32,064",16.8,2%,29 : 71,Xidian University,"Accounting & Finance,Sport Science,Electrical & Electronic Engineering,Computer Science,Physics & Astronomy,Mathematics & Statistics,Art, Performing Arts & Design,General Engineering,History, Philosophy & Theology,Mechanical & Aerospace Engineering,Politics & International Studies (incl Development Studies),Chemistry,Business & Management,Education,Languages, Literature & Linguistics,Economics & Econometrics,Biological Sciences,Chemical Engineering,Law",False,False,False,
801+,Yamaguchi University,8.3—18.5,9740,21.5,645,11.5,753,11.9,882,41.0,427,20.3,849,master_account,0,/world-university-rankings/yamaguchi-university,131669,Japan,"10,573",11.0,3%,35 : 65,Yamaguchi University,"Veterinary Science,Computer Science,Sport Science,Psychology,Chemical Engineering,Communication & Media Studies,Sociology,General Engineering,Physics & Astronomy,Geography,History, Philosophy & Theology,Mechanical & Aerospace Engineering,Law,Mathematics & Statistics,Biological Sciences,Business & Management,Chemistry,Architecture,Civil Engineering,Geology, Environmental, Earth & Marine Sciences,Education,Languages, Literature & Linguistics,Agriculture & Forestry,Economics & Econometrics,Other Health,Medicine & Dentistry,Politics & International Studies (incl Development Studies),Accounting & Finance,Archaeology,Art, Performing Arts & Design,Electrical & Electronic Engineering",False,False,False,
801+,Yazd University,8.3—18.5,9750,28.0,410,10.8,798,14.4,850,34.2,739,15.5,944,master_account,0,/world-university-rankings/yazd-university,587751,Iran,"12,500",32.1,0%,61 : 39,Yazd University,"Languages, Literature & Linguistics,History, Philosophy & Theology,Civil Engineering,Psychology,Architecture,Agriculture & Forestry,Politics & International Studies (incl Development Studies),Computer Science,Biological Sciences,Sociology,General Engineering,Sport Science,Geography,Mathematics & Statistics,Business & Management,Art, Performing Arts & Design,Mechanical & Aerospace Engineering,Education,Electrical & Electronic Engineering,Law,Physics & Astronomy,Accounting & Finance,Chemical Engineering,Chemistry,Economics & Econometrics,Geology, Environmental, Earth & Marine Sciences",False,False,False,
801+,Yokohama National University,8.3—18.5,9760,20.9,672,17.2,558,11.9,883,45.4,314,23.1,799,master_account,0,/world-university-rankings/yokohama-national-university,955,Japan,"10,124",13.0,7%,28 : 72,Yokohama National University,"Economics & Econometrics,Politics & International Studies (incl Development Studies),Electrical & Electronic Engineering,Architecture,Chemistry,Art, Performing Arts & Design,Mathematics & Statistics,Languages, Literature & Linguistics,Computer Science,Physics & Astronomy,Civil Engineering,History, Philosophy & Theology,Chemical Engineering,Psychology,Sociology,Education,Accounting & Finance,Sport Science,Geology, Environmental, Earth & Marine Sciences,Geography,Agriculture & Forestry,Mechanical & Aerospace Engineering,Biological Sciences,Communication & Media Studies,General Engineering,Law,Business & Management",False,False,False,
801+,Universidad Autónoma de Yucatán,8.3—18.5,9770,19.0,750,6.9,950,12.0,880,32.9,838,27.5,733,master_account,0,/world-university-rankings/universidad-autonoma-de-yucatan,584739,Mexico,"15,271",11.3,0%,51 : 49,Universidad Autónoma de Yucatán,"Mechanical & Aerospace Engineering,Physics & Astronomy,Accounting & Finance,Chemical Engineering,Politics & International Studies (incl Development Studies),Computer Science,Communication & Media Studies,Mathematics & Statistics,Psychology,History, Philosophy & Theology,Veterinary Science,General Engineering,Chemistry,Art, Performing Arts & Design,Agriculture & Forestry,Education,Archaeology,Civil Engineering,Languages, Literature & Linguistics,Architecture,Biological Sciences,Law,Other Health,Geology, Environmental, Earth & Marine Sciences,Economics & Econometrics,Business & Management,Sport Science,Medicine & Dentistry",False,False,False,
801+,Yildiz Technical University,8.3—18.5,9780,13.6,960,8.1,901,22.5,748,44.7,329,18.5,887,master_account,6,/world-university-rankings/yildiz-technical-university,131735,Turkey,"34,417",28.3,4%,37 : 63,Yildiz Technical University,"Languages, Literature & Linguistics,Civil Engineering,Biological Sciences,Computer Science,Communication & Media Studies,Mechanical & Aerospace Engineering,Architecture,Education,Chemistry,General Engineering,History, Philosophy & Theology,Mathematics & Statistics,Business & Management,Accounting & Finance,Chemical Engineering,Art, Performing Arts & Design,Geology, Environmental, Earth & Marine Sciences,Sociology,Electrical & Electronic Engineering,Physics & Astronomy,Economics & Econometrics,Politics & International Studies (incl Development Studies)",False,False,False,
801+,University of Zagreb,8.3—18.5,9790,20.4,687,11.6,743,17.1,811,44.6,331,25.4,762,master_account,0,/world-university-rankings/university-zagreb,589178,Croatia,"67,332",18.4,1%,58 : 42,University of Zagreb,"Mechanical & Aerospace Engineering,Accounting & Finance,Art, Performing Arts & Design,Geology, Environmental, Earth & Marine Sciences,Languages, Literature & Linguistics,Chemical Engineering,Communication & Media Studies,Computer Science,Mathematics & Statistics,Psychology,Civil Engineering,Politics & International Studies (incl Development Studies),History, Philosophy & Theology,Archaeology,Biological Sciences,Geography,Medicine & Dentistry,Veterinary Science,Law,Architecture,Agriculture & Forestry,Sociology,General Engineering,Physics & Astronomy,Business & Management,Other Health,Sport Science,Education,Electrical & Electronic Engineering,Chemistry,Economics & Econometrics",False,False,False,
801+,University of Zanjan,8.3—18.5,9800,12.5,972,8.5,886,7.7,940,34.3,728,15.3,948,master_account,0,/world-university-rankings/university-zanjan,587757,Iran,"9,444",24.0,0%,55 : 45,University of Zanjan,"Computer Science,Sport Science,Mechanical & Aerospace Engineering,Mathematics & Statistics,Accounting & Finance,Biological Sciences,Civil Engineering,Physics & Astronomy,Electrical & Electronic Engineering,Law,Architecture,Chemistry,Chemical Engineering,Psychology,Languages, Literature & Linguistics,Geology, Environmental, Earth & Marine Sciences,Art, Performing Arts & Design,Agriculture & Forestry,Business & Management,History, Philosophy & Theology,Geography,Economics & Econometrics",False,False,False,
801+,University of Lodz,8.3—18.5,9810,15.9,883,8.3,895,14.1,854,32.3,917,21.5,832,master_account,0,/world-university-rankings/university-lodz,1010,Poland,"36,400",16.4,2%,66 : 34,University of Lodz Lodz,"Biological Sciences,Business & Management,Psychology,Mathematics & Statistics,Physics & Astronomy,History, Philosophy & Theology,Sociology,Chemistry,Archaeology,Law,Geography,Agriculture & Forestry,Politics & International Studies (incl Development Studies),Education,Computer Science,Geology, Environmental, Earth & Marine Sciences,Accounting & Finance,Communication & Media Studies,Economics & Econometrics,Languages, Literature & Linguistics,Sport Science",False,False,False,
