uni_id,display_name,country,datasets
uni_04100fc6f9,Adam Mickiewicz University,,arwu
uni_9b74824f66,Al-Imam Mohammad Ibn Saud Islamic University,,arwu
uni_7c8557ea11,Amherst College,,arwu
uni_0df052c322,Anhui Normal University,,arwu
uni_8c840052fc,Anhui University of Science & Technology,,arwu
uni_c851c92441,Augusta University,,arwu
uni_093c171775,Baylor College of Medicine,,arwu
uni_06570ccce3,CUNY Graduate School and University Center,,arwu
uni_864d5c43a9,Capital Normal University,,arwu
uni_f03b01b6b0,Catholic University of Louvain,,arwu
uni_bc4eac23c3,Central Queensland University,,attr
uni_008f0dfd4a,Central University of Finance and Economics,,arwu
uni_70c0c8e3e1,Changzhou University,,arwu
uni_fde25039e6,Chengdu University of Traditional Chinese Medicine,,arwu
uni_b3accb69aa,China Jiliang University,,arwu
uni_4dde9f1ec5,China University of Geosciences Beijing,,arwu
uni_2034b9db46,China University of Mining and Technology-Beijing,,arwu
uni_ac2bc9e4bd,Chongqing University of Posts and Telecommunications,,arwu
uni_cb554c6a23,City University of Hong Kong,,arwu
uni_4462ecb2aa,Dalian Maritime University,,arwu
uni_e4b8418454,Dalian Medical University,,arwu
uni_6230f4670b,Dongguan University of Technology,,arwu
uni_2c16b0a75b,Federal University of Bahia,,arwu
uni_647ef8896a,Federal University of Ceara,,arwu
uni_f01b365987,Federal University of Parana,,arwu
uni_b26488fac7,Federal University of Pelotas,,arwu
uni_27bd5b1e13,Federal University of Rio Grande do Sul,,arwu
uni_1cd6adc864,Federal University of Santa Catarina,,arwu
uni_eb9920d36c,Fujian Medical University,,arwu
uni_0eb054c223,Gansu Agricultural University,,arwu
uni_65559ab137,Gheorghe Asachi Technical University of Iaşi,,attr
uni_2f9e8ad1c0,Guangxi Medical University,,arwu
uni_2444d5ce88,Guangxi Normal University,,arwu
uni_7068108ab9,Guangxi University,,arwu
uni_7980f2b880,Guangzhou University of Chinese Medicine,,arwu
uni_50fe53e3c3,Guizhou University,,arwu
uni_e2922f874b,Hainan Medical University,,arwu
uni_443a494ec4,Hainan University,,arwu
uni_c032cf12ff,Hangzhou City University,,arwu
uni_e300cb174b,Hangzhou Medical College,,arwu
uni_0e1645604d,Hannover Medical School,,arwu
uni_3d2bbe65ea,Hebei Normal University,,arwu
uni_c8fab83968,Hefei University of Technology,,arwu
uni_d03ff68353,Heilongjiang University,,arwu
uni_cccc98a808,Henan Agricultural University,,arwu
uni_603c899b13,Henan Polytechnic University,,arwu
uni_4886d40f95,Henan University of Science and Technology,,arwu
uni_977c84160d,Homi Bhabha National Institute,,arwu
uni_1fbb06ec4a,Hunan Agricultural University,,arwu
uni_2fdcc6268e,INSA Toulouse,,arwu
uni_dd8e15321f,Institut Teknologi Sepuluh Nopember,,attr
uni_bc2a4e948c,Jiangsu University of Science and Technology,,arwu
uni_f4c904e411,Jilin Agricultural University,,arwu
uni_0b084accef,Kazan Federal University,,attr
uni_ca0e0ac249,Kunming Medical University,,arwu
uni_6d4255ca08,Kunming University of Science and Technology,,arwu
uni_608ce78f61,Liaocheng University,,arwu
uni_bbbf797d6f,Lingnan University,,arwu
uni_1c8fd44285,Linnaeus University,,arwu
uni_0485fc07d2,"Louisiana State University, Baton Rouge",,arwu
uni_7d3b6c573c,Lulea University of Technology,,arwu
uni_cb8a14ef4b,Macau University of Science and Technology,,arwu
uni_4e8d2973e6,Medical College of Wisconsin,,arwu
uni_9195f74142,Medical University of South Carolina,,arwu
uni_f249dc7b2d,"Montana State University, Bozeman",,arwu
uni_5e92f25818,Moscow Institute of Physics and Technology,,arwu|attr
uni_45ecdf91cd,NOVA University Lisbon,,arwu
uni_f144833b26,Nanjing University of Chinese Medicine,,arwu
uni_e10540e4be,Nanjing University of Finance & Economics,,arwu
uni_749d561193,Nantong University,,arwu
uni_8035c198c5,Nanyang Technological University,,arwu
uni_4e9596a57c,National Polytechnic Institute,,arwu
uni_3af1afed55,National Research Nuclear University MEPhI,,attr
uni_dd7257ba45,National University of Defense Technology,,arwu
uni_05fa788ccc,National University of Malaysia,,arwu
uni_c8faca6949,Naval Medical University,,arwu
uni_5e02cb02f0,Ningxia University,,arwu
uni_350ab23fe2,North Carolina State University at Raleigh,,arwu
uni_d3f1682f86,North Dakota State University,,arwu
uni_91b2eeb058,Northeast Agricultural University,,arwu
uni_0127c52347,Northeast Forestry University,,arwu
uni_225960c09f,Northeastern University (Boston),,arwu
uni_5033dda20e,Ohio State University (Main campus),,attr
uni_76013e9b77,Okinawa Institute of Science and Technology Graduate University,,arwu
uni_03ba37be9f,Paris-East Créteil University,,arwu
uni_5f64068d1d,Polytechnic University of Catalonia,,arwu
uni_40d835b812,Polytechnic University of Madrid,,arwu
uni_84bb9e9029,Qilu University of Technology,,arwu
uni_af2deca919,Qingdao University of Science & Technology,,arwu
uni_44bdd3f486,Rio de Janeiro State University,,arwu
uni_0eb982a7dc,Roma Tre University,,arwu
uni_65be5fea8e,Sao Paulo State University,,arwu
uni_626f8441fb,Sathyabama Institute of Science and Technology,,attr
uni_1eb20f6a52,Saveetha Institute of Medical and Technical Sciences (Deemed to be University),,arwu|attr
uni_c25b59acc2,Shaanxi University of Science & Technology,,arwu
uni_20ac111620,Shandong First Medical University,,arwu
uni_69875caa52,Shandong University of Technology,,arwu
uni_23ac7b206b,Shanghai Ocean University,,arwu
uni_ee25dbb8e3,ShanghaiTech University,,arwu
uni_8dee41dd8d,Shihezi University,,arwu
uni_b3bcd2f027,Sichuan Agricultural University,,arwu
uni_befe840d4e,Siksha ‘O’ Anusandhan,,attr
uni_23cd04770c,Soochow University (China),,arwu
uni_b10151a88d,South China Agricultural University,,arwu
uni_8bb5df13b5,South Ural State University,,attr
uni_bb77e7377e,Southwest Medical University,,arwu
uni_19ed1f91a5,Southwest University of Science and Technology,,arwu
uni_c225fca435,St Petersburg University,,arwu
uni_e2438db86d,Sungkyunkwan University,,arwu|attr
uni_9e91f604db,Taiyuan University of Science and Technology,,arwu
uni_9494b4db17,The Chinese University of Hong Kong,,arwu
uni_16b326a6db,The Hong Kong Polytechnic University,,arwu
uni_4e2b5c15bd,The Hong Kong University of Science and Technology,,arwu
uni_24c3cd67ef,"The University of Tennessee, Knoxville",,arwu|attr
uni_daea14c1d3,The University of Texas Health Science Center at Houston,,arwu
uni_5dc763a04c,The University of Texas MD Anderson Cancer Center,,arwu
uni_e440942362,Tiangong University,,arwu
uni_a295b1ed9a,Tianjin University of Technology,,arwu
uni_8858b0dffa,Tokyo Institute of Technology,,attr
uni_9611e33b24,Universidad Central de Venezuela,,attr
uni_37fc658b22,Universidad de las Fuerzas Armadas – ESPE,,attr
uni_5b9fc43253,University Putra Malaysia,,arwu
uni_d1da791958,University Savoie Mont Blanc,,arwu
uni_a551cce188,University at Albany,,arwu
uni_44341c2a8f,"University at Buffalo, the State University of New York",,arwu
uni_452622de75,University of Arkansas at Fayetteville,,arwu
uni_a2355b1eae,University of Arkansas for Medical Sciences,,arwu
uni_720e1fd1e8,University of Buenos Aires,,arwu
uni_1f26903398,University of Cantabria,,arwu
uni_cb4ad0ae20,University of Chieti-Pescara,,arwu
uni_c56bad568e,University of Eastern Piedmont,,arwu
uni_4d7de87582,University of Giessen,,arwu
uni_d843ccfbd9,University of Halle-Wittenberg,,arwu
uni_b2bba5bc14,University of Jena,,arwu
uni_7fd988333d,University of Jinan,,arwu
uni_61344cd939,University of Kassel,,arwu
uni_2b51e3fd71,University of Magdeburg,,arwu
uni_31fe5fff5c,"University of Natural Resources and Life Sciences, Vienna",,arwu
uni_27cb5f2fb0,"University of Nebraska, Lincoln",,arwu|attr
uni_c35fd85ce7,University of Oklahoma Health Sciences Center,,arwu
uni_baea092420,"University of Oklahoma, Norman",,arwu
uni_b46cdff208,University of Oldenburg,,arwu
uni_3d0a99629e,University of Picardie Jules Verne,,arwu
uni_e8f6bf489c,University of Poitiers,,arwu
uni_21a3d3533f,University of Santiago Compostela,,arwu
uni_a963e6655c,University of Strasbourg,,arwu
uni_f0a4866f38,University of Tennessee Health Science Center,,arwu
uni_c450df9b68,University of Ulm,,arwu
uni_8018b75db7,University of Versailles Saint-Quentin-en-Yvelines,,arwu
uni_32709e86eb,University of Victoria,,arwu
uni_b88f9ad839,University of Łódź,,attr
uni_c9f61fad39,Vienna University of Technology,,arwu
uni_50094320ca,Wuhan Institute of Technology,,arwu
uni_7cb1271968,Wuhan University of Science and Technology,,arwu
uni_050ef20519,Xi'an University of Architecture and Technology,,arwu
uni_5240d15195,Xi'an University of Science and Technology,,arwu
uni_f1d3cd9503,Xi'an University of Technology,,arwu
uni_5bd7981647,Yangtze University,,arwu
uni_e73a5cc6bd,Yantai University,,arwu
uni_8b66ccccaa,Yonsei University,,arwu|attr
uni_405058a225,Zhejiang A&F University,,arwu
uni_231c06296e,Zhongnan University of Economics and Law,,arwu
uni_2c2cf3cda9,Åbo Akademi University,,attr
uni_cffbc097f2,École des Ponts ParisTech,,attr
uni_0690cf56d9,Ştefan cel Mare University of Suceava,,attr
uni_75a66d18b6,Abbes Laghrour University of Khenchala,Algeria,the
uni_57b6464e00,Abdelhafid Boussouf University Center of Mila,Algeria,the
uni_c695092cea,Akli Mohand Oulhadj Bouira University,Algeria,the
uni_da31df9e44,Algiers 2 University,Algeria,the
uni_c0a7909772,Badji Mokhtar University – Annaba,Algeria,attr|the
uni_f4a984a443,Blida 1 University,Algeria,attr|the
uni_abec5a6b8c,Emir Abdelkader University of Islamic Sciences,Algeria,the
uni_3fa80481ce,Ferhat Abbas Sétif University 1,Algeria,attr|the
uni_268909c6ed,Hassiba Benbouali University of Chlef,Algeria,attr|the
uni_b8f4022829,"Higher National School of Renewable Energies, Environment and Sustainable Development",Algeria,the
uni_25d3ec320e,Higher School of Agronomy – Mostaganem (ESAM),Algeria,the
uni_c63378d644,Higher School of Management and Digital Economy (HSMDE),Algeria,the
uni_40603140d6,Higher School of Management – Tlemcen,Algeria,the
uni_ea0c5b17a3,Ibn Khaldoun University,Algeria,the
uni_6ad72b1bdb,Larbi Tebessi University,Algeria,the
uni_af9d6e1c44,M’Hamed Bougara University of Boumerdès,Algeria,attr|the
uni_ff6139c0b2,National School of Artificial Intelligence (ENSIA),Algeria,the
uni_41baa76624,Oran 1 University,Algeria,attr|the
uni_27ef06b356,Oran Graduate School of Economics,Algeria,the
uni_a352f0ecec,School of Higher Commercial Studies (EHEC Algiers),Algeria,the
uni_362afb9005,Teacher Education College of Setif,Algeria,the
uni_50fdfad044,Tissemsilt University,Algeria,the
uni_935bf0e082,University Abdelhamid Ibn Badis Mostaganem,Algeria,attr|the
uni_01accd3c99,University Center Ali Kafi Tindouf,Algeria,the
uni_96246f0f50,University Center Morsli Abdellah of Tipaza,Algeria,the
uni_d3cdb7ddff,University Center of Aflou,Algeria,the
uni_daf23a4537,University Center of Barika,Algeria,the
uni_d7dbfc0d8a,University Center of Illizi,Algeria,the
uni_0f52dc9f8c,University Centre of Maghnia,Algeria,the
uni_c1da4583c7,University Centre of Nour Bachir El-Bayadh,Algeria,the
uni_2d9dbace10,University Mohamed Boudiaf of M’Sila,Algeria,attr|the
uni_5e11ca7027,University of Abou Bekr Belkaïd Tlemcen,Algeria,attr|the
uni_2f19a74c49,University of Ahmed Draia,Algeria,the
uni_8d1fac607c,University of Algiers 1,Algeria,the
uni_575b93a60d,University of Algiers 3,Algeria,the
uni_c7f1c34c28,University of Batna 1,Algeria,the
uni_2c85404745,University of Batna 2,Algeria,attr|the
uni_1a28724e1c,University of Biskra,Algeria,attr|the
uni_0c7f355e6d,University of Béjaïa,Algeria,attr|the
uni_7198ce82dc,University of Constantine 3,Algeria,the
uni_4d6976412d,University of Djilali Bounaama Khemis Miliana,Algeria,the
uni_3b0f86d718,University of El Oued,Algeria,the
uni_7022baee62,University of Ghardaia,Algeria,the
uni_971e815bd3,University of Jijel,Algeria,attr|the
uni_db30d64b3b,University of Laghouat,Algeria,attr|the
uni_f0b2609ef9,University of Mascara,Algeria,attr|the
uni_211784231a,University of Medea,Algeria,the
uni_fa6a70be09,University of Mohamed Lamine Debaghin Setif 2,Algeria,the
uni_2d15cb1729,University of Oum El Bouaghi,Algeria,the
uni_7c049f6628,University of Saida,Algeria,the
uni_df5e3e0666,University of Science and Technology of Oran Mohamed-Boudiaf,Algeria,attr|the
uni_e72545d0a4,University of Sciences and Technology Houari Boumediene,Algeria,attr|the
uni_3012890673,University of Souk Ahras,Algeria,the
uni_93108b7b39,University of Tamanghasset,Algeria,the
uni_86a0c3d61e,Université 8 Mai 1945 Guelma,Algeria,attr|the
uni_ad5529a6e5,Université Djillali Liabès de Sidi Bel-Abbès,Algeria,attr|the
uni_17c2a5abaf,Université Frères Mentouri Constantine 1,Algeria,attr|the
uni_d7d499d292,Université Kasdi Merbah Ouargla,Algeria,attr|the
uni_ed9a6d9644,Université Mohamed El Bachir El Ibrahimi de Bordj Bou Arréridj,Algeria,the
uni_dcbff2cae9,Université Mouloud Mammeri de Tizi-Ouzou,Algeria,attr|the
uni_80a11fdb2e,Université de Skikda,Algeria,attr|the
uni_f8be9532b8,Université d’Ain Témouchent,Algeria,the
uni_3674e3d14b,Université d’Oran 2 Mohamed Ben Ahmed,Algeria,the
uni_f4413fed10,Ziane Achour University of Djelfa,Algeria,the
uni_2b99dd1ff9,École National Polytechnique de Constantine,Algeria,the
uni_f8bbad268a,École Nationale Polytechnique,Algeria,the
uni_e23bca68ed,École Nationale Polytechnique d’Oran Maurice Audin,Algeria,the
uni_73d239cc1f,École Nationale Supérieure Agronomique,Algeria,the
uni_6b95e8afb4,"École Nationale Supérieure Agronomique, Algiers",Algeria,the
uni_6d4e56725a,École Nationale Supérieure Vétérinaire d’Alger,Algeria,the
uni_b52a6b5238,École Nationale Supérieure de Biotechnologie Taoufik Khaznadar (ENSB),Algeria,the
uni_62686ecaf1,École Nationale Supérieure de Management Koléa,Algeria,the
uni_3b928bab74,École Nationale Supérieure des Sciences de la Mer et de l’Aménagement du Littoral (ENSSMAL),Algeria,the
uni_997233b66b,École Nationale Supérieure d’Informatique (ESI),Algeria,the
uni_abaa046e6f,École Normale Supérieure El Katiba Assia Djebar Constantine (ENSC),Algeria,the
uni_19a78e928c,École Normale Supérieure de Bouzaréah,Algeria,the
uni_ec19cc1bea,École Normale Supérieure de Béchar,Algeria,the
uni_fafe8e11e9,École Normale Supérieure de Kouba,Algeria,the
uni_6485628fa3,École Normale Supérieure de Laghouat,Algeria,the
uni_ba062c478d,École Normale Supérieure d’Oran,Algeria,the
uni_65d31c141c,École Polytechnique d’Architecture et d’Urbanisme,Algeria,the
uni_c4c0c855ea,École Supérieure de Comptabilité et de Finances de Constantine,Algeria,the
uni_a8750d9d96,École Supérieure en Informatique 8 Mai 1945 de Sidi-Bel-Abbès,Algeria,the
uni_483ebf2be0,École Supérieure en Sciences Appliquées de Tlemcen,Algeria,the
uni_77d161633b,École Supérieure en Sciences Biologiques d’Oran (ESSBO),Algeria,the
uni_2efa96f406,École Supérieure en Sciences et Technologies de l’Informatique et du Numérique (ESTIN),Algeria,the
uni_f8a7ae81ec,Universidade Rainha Njinga a Mbande (URNM),Angola,the
uni_d25a94354e,Católica de Córdoba,Argentina,attr|qs|qs_2024|qs_2025
uni_29fcdae7d9,Instituto Tecnológico de Buenos Aires,Argentina,attr|qs|qs_2024|qs_2025|qs_2027
uni_bddb61657d,Pontificia Universidad Católica Argentina,Argentina,attr|qs|qs_2024|qs_2025|qs_2027|the
uni_1959d65e2e,Universidad Argentina de la Empresa (UADE),Argentina,qs_2027
uni_9a19f306e5,Universidad Austral,Argentina,attr|qs|qs_2024|qs_2025|qs_2027|the
uni_fb0c225ded,Universidad Nacional de Cuyo,Argentina,attr|qs|qs_2024|qs_2025|qs_2027
uni_30f8f6c2fc,Universidad Nacional de Córdoba,Argentina,attr|qs|qs_2024|qs_2025|qs_2027|the
uni_23c43ac649,Universidad Nacional de La Plata,Argentina,attr|qs|qs_2024|qs_2025|qs_2027
uni_162a8f2272,Universidad Nacional de Mar del Plata,Argentina,attr|qs|qs_2024|qs_2025
uni_a1589d09a1,Universidad Nacional de Quilmes,Argentina,attr|qs|qs_2024|qs_2025|the
uni_c64b865df1,Universidad Nacional de Rafaela (UNRaf),Argentina,the
uni_2fd64290d1,Universidad Nacional de Rosario,Argentina,attr|qs|qs_2024|qs_2025|qs_2027
uni_c15f49902d,Universidad Nacional de Río Cuarto,Argentina,attr|qs|qs_2024|qs_2025
uni_804ae75733,Universidad Nacional de San Luis,Argentina,attr|qs|qs_2024|qs_2025
uni_6bcea79a43,Universidad Nacional de San Martín,Argentina,attr|qs|qs_2024|qs_2025|the
uni_c14e8891e4,Universidad Nacional de Tucumán,Argentina,attr|qs|qs_2024|qs_2025
uni_f566dd6282,Universidad Nacional del Centro de la Provincia de Buenos Aires,Argentina,attr|qs|qs_2024|qs_2025|qs_2027
uni_10d024a5e0,Universidad Nacional del Comahue,Argentina,attr|qs|qs_2024|qs_2025
uni_ee51a8f976,Universidad Nacional del Litoral,Argentina,attr|qs|qs_2024|qs_2025|qs_2027|the
uni_19712460d0,Universidad Nacional del Sur,Argentina,attr|qs|qs_2024|qs_2025
uni_a55e4a5c14,Universidad Tecnológica Nacional,Argentina,attr|qs|qs_2024|qs_2025|qs_2027
uni_d0e4179104,Universidad Torcuato Di Tella,Argentina,attr|qs|qs_2024|qs_2025|qs_2027
uni_ea146b132d,Universidad de Belgrano,Argentina,attr|qs|qs_2024|qs_2025|qs_2027
uni_903c7a9ecd,Universidad de Buenos Aires,Argentina,attr|qs|qs_2024|qs_2025|qs_2027
uni_b000c7b2e4,Universidad de Palermo,Argentina,attr|qs|qs_2024|qs_2025|qs_2027
uni_88a72936ba,Universidad de San Andrés - UdeSA,Argentina,attr|qs|qs_2024|qs_2025|qs_2027
uni_15ac5e3c0b,Universidad del Salvador,Argentina,attr|qs|qs_2024|qs_2025
uni_37d279b430,Armenian State Pedagogical University,Armenia,the
uni_57fd474d6a,European University of Armenia,Armenia,the
uni_9a3a16d04b,National Polytechnic University of Armenia,Armenia,the
uni_80fb815c30,Yerevan State University,Armenia,attr|qs|qs_2024|qs_2025|qs_2027|the
uni_e4ace0969c,Australian Catholic University,Australia,arwu|attr|qs|qs_2024|qs_2025|qs_2027|the
uni_a6c662d96b,Bond University,Australia,attr|qs|qs_2024|qs_2025|qs_2027|the
uni_351ca71f2d,Central Queensland University,Australia,attr|qs|qs_2024|qs_2025|qs_2027|the
uni_47798b8d35,Charles Darwin University,Australia,attr|qs|qs_2024|qs_2025|qs_2027|the
uni_45e1cc78c0,Charles Sturt University,Australia,attr|qs|qs_2024|qs_2025|qs_2027|the
uni_1e16194215,Curtin University,Australia,arwu|attr|qs|qs_2024|qs_2025|qs_2027|the
uni_c71c191a2a,Deakin University,Australia,arwu|attr|qs|qs_2024|qs_2025|qs_2027|the
uni_c7e18da5f5,Edith Cowan University,Australia,arwu|attr|qs|qs_2024|qs_2025|qs_2027|the
uni_ef641dc73a,Federation University Australia,Australia,attr|the
uni_4a9fcba347,Flinders University,Australia,arwu|attr|qs|qs_2024|qs_2025|qs_2027|the
uni_7eff298831,Griffith University,Australia,arwu|attr|qs|qs_2024|qs_2025|qs_2027|the
uni_5466c8d89a,James Cook University,Australia,arwu|attr|qs|qs_2024|qs_2025|qs_2027|the
uni_991cb7af85,La Trobe University,Australia,arwu|attr|qs|qs_2024|qs_2025|qs_2027|the
uni_704b4f7786,Macquarie University,Australia,arwu|attr|qs|qs_2024|qs_2025|qs_2027|the
uni_223b1a8a96,Monash University,Australia,arwu|attr|qs|qs_2024|qs_2025|qs_2027|the
uni_de24f3b607,Murdoch University,Australia,arwu|attr|qs|qs_2024|qs_2025|qs_2027|the
uni_491337b5ce,Queensland University of Technology,Australia,arwu|attr|qs|qs_2024|qs_2025|qs_2027|the
uni_402585ce2a,RMIT University,Australia,arwu|attr|qs|qs_2024|qs_2025|qs_2027|the
uni_9e8262bcdd,Shandong Agricultural University,Australia,arwu
uni_91f59ed9bd,Southern Cross University,Australia,attr|qs|qs_2024|qs_2025|qs_2027|the
uni_a107069b08,Swinburne University of Technology,Australia,arwu|attr|qs|qs_2024|qs_2025|qs_2027|the
uni_e52eea69ec,The Australian National University,Australia,arwu|attr|qs|qs_2024|qs_2025|qs_2027|the
uni_d22577d7cd,The University of Adelaide,Australia,arwu|attr|qs|qs_2024|qs_2025|qs_2027|the
uni_693dbae46c,The University of Melbourne,Australia,arwu|attr|qs|qs_2024|qs_2025|qs_2027|the
uni_b1caae7a70,The University of New South Wales,Australia,arwu|attr|qs|qs_2024|qs_2025|qs_2027
uni_b4516390fb,"The University of Newcastle, Australia",Australia,arwu|attr|qs|qs_2024|qs_2025|qs_2027|the
uni_f88393d38f,"The University of Notre Dame, Australia",Australia,attr|qs|qs_2024|qs_2025|qs_2027
uni_0b67e6fe26,The University of Queensland,Australia,arwu|attr|qs|qs_2024|qs_2025|qs_2027|the
uni_32d76e64d5,The University of Sydney,Australia,arwu|attr|qs|qs_2024|qs_2025|qs_2027|the
uni_346f757efe,The University of Western Australia,Australia,arwu|attr|qs|qs_2024|qs_2025|qs_2027|the
uni_aacb674067,UNSW Sydney,Australia,attr|the
uni_d4323493ac,University of Canberra,Australia,attr|qs|qs_2024|qs_2025|qs_2027|the
uni_6bc88fcace,University of New England Australia,Australia,attr|qs|qs_2024|qs_2025|qs_2027
uni_3d5e225dc4,University of South Australia,Australia,arwu|attr|qs|qs_2024|qs_2025|the
uni_4b55097df1,University of Southern Queensland,Australia,arwu|attr|qs|qs_2024|qs_2025|qs_2027|the
uni_12dbb5b72e,University of Tasmania,Australia,arwu|attr|qs|qs_2024|qs_2025|qs_2027|the
uni_a38476dab5,University of Technology Sydney,Australia,arwu|attr|qs|qs_2024|qs_2025|qs_2027|the
uni_44824c8e02,University of Victoria,Australia,attr
uni_f8472a9ef3,University of Wollongong,Australia,arwu|attr|qs|qs_2024|qs_2025|qs_2027|the
uni_88f3c6f750,University of the Sunshine Coast,Australia,arwu|attr|qs|qs_2024|qs_2025|qs_2027|the
uni_2dbac0b127,Victoria University,Australia,attr|qs|qs_2024|qs_2025|qs_2027|the
uni_9880b5e639,Western Sydney University,Australia,arwu|attr|qs|qs_2024|qs_2025|qs_2027|the
uni_06f5a901a0,Central European University,Austria,qs_2027|the
uni_603a1730b1,Cracow University of Technology,Austria,attr
uni_b3b2d8a141,Graz University of Technology,Austria,arwu|attr|qs|qs_2024|qs_2025|qs_2027|the
uni_ec9960e9c1,Johannes Kepler University Linz,Austria,arwu|attr|qs|qs_2024|qs_2025|qs_2027|the
uni_1aa39261e2,Karl-Franzens-Universitaet Graz,Austria,attr|qs|qs_2024|qs_2025|qs_2027
uni_c04572b26d,Medical University of Graz,Austria,arwu|attr|the
uni_ba221b04f2,Medical University of Innsbruck,Austria,arwu|attr|the
uni_499434d838,Medical University of Vienna,Austria,arwu|attr|the
uni_bf0c5cc5f3,Montanuniversität Leoben,Austria,qs_2027
uni_3cf7867d9a,Paris Lodron University of Salzburg,Austria,attr|qs|qs_2024|qs_2025|qs_2027|the
uni_70e9921b4d,Peking Union Medical College,Austria,arwu
uni_b6735f1db3,TU Wien,Austria,attr|the
uni_36ca92947c,Technische Universität Wien,Austria,attr|qs|qs_2024|qs_2025|qs_2027
uni_eccdee0ac2,University of Graz,Austria,arwu|attr|the
uni_5c56a777b0,University of Klagenfurt,Austria,attr|qs|qs_2024|qs_2025|qs_2027|the
uni_36954d2a6e,University of Leoben,Austria,attr|the
uni_1858caf8ad,University of Vienna,Austria,arwu|attr|qs|qs_2024|qs_2025|qs_2027|the
uni_6cb2c74166,Universität Innsbruck,Austria,arwu|attr|qs|qs_2024|qs_2025|qs_2027|the
uni_2155391c8f,ADA University,Azerbaijan,qs_2027
uni_8aeed9682d,Azerbaijan State Oil and Industry University,Azerbaijan,attr|qs|qs_2024|qs_2025|qs_2027
uni_d659a962ae,Azerbaijan State Pedagogical University,Azerbaijan,qs_2027
uni_6d27a6363f,Azerbaijan State University of Economics,Azerbaijan,attr|qs|qs_2024|qs_2025|qs_2027|the
uni_7d8d5c7952,Azerbaijan Technical University,Azerbaijan,qs_2027
uni_55294cbc59,Azerbaijan University of Architecture and Construction (AzUAC),Azerbaijan,qs_2027|the
uni_0844f04cc7,Baku Engineering University,Azerbaijan,qs_2027
uni_1f8ddb80c5,Baku State University,Azerbaijan,attr|qs|qs_2024|qs_2025|qs_2027|the
uni_b8bb95c3c3,Khazar University,Azerbaijan,qs_2027|the
uni_19c416e172,Nakhchivan State University,Azerbaijan,the
uni_f62a9c999d,Sumgayit State University,Azerbaijan,qs_2027
uni_c9d2f43fa3,Western Caspian University,Azerbaijan,the
uni_bdce1f4316,Ahlia University,Bahrain,qs|qs_2024|qs_2025|qs_2027
uni_340778c9cf,Applied Science University - Bahrain,Bahrain,attr|qs|qs_2024|qs_2025|qs_2027
uni_8284cda482,Arabian Gulf University,Bahrain,the
uni_a45305155c,University of Bahrain,Bahrain,attr|qs|qs_2024|qs_2025|qs_2027
uni_5ca9ef9afd,American International University-Bangladesh (AIUB),Bangladesh,qs_2027|the
uni_ba89e0c0e7,BRAC University,Bangladesh,attr|qs|qs_2024|qs_2025|qs_2027|the
uni_ce25775c14,Bangabandhu Sheikh Mujibur Rahman Agricultural University,Bangladesh,the
uni_9ad14345c0,Bangladesh Agricultural University,Bangladesh,attr|qs_2027|the
uni_7b5f399599,Bangladesh University of Engineering and Technology,Bangladesh,attr|qs|qs_2024|qs_2025|qs_2027|the
uni_99c9aee450,Chittagong University of Engineering and Technology,Bangladesh,attr|qs|qs_2024|qs_2025|qs_2027
uni_68b3ac9f60,Daffodil International University,Bangladesh,attr|qs|qs_2024|qs_2025|qs_2027|the
uni_cacd1c4449,Dhaka International University,Bangladesh,the
uni_48dde98a69,East West University,Bangladesh,attr|qs|qs_2024|qs_2025
uni_db0e436990,"Independent University, Bangladesh",Bangladesh,the
uni_219deeb11c,International University of Business Agriculture and Technology,Bangladesh,attr|qs|qs_2024|qs_2025|the
uni_4b6fff8c10,Islamic University of Technology,Bangladesh,qs_2027
uni_fc00523f00,Jahangirnagar University,Bangladesh,attr|qs|qs_2024|qs_2025|qs_2027|the
uni_de32c6bebb,Jashore University of Science and Technology,Bangladesh,the
uni_0f4dac47fe,Khulna University,Bangladesh,attr|qs|qs_2024|qs_2025|the
uni_50b513a5e1,Khulna University of Engineering and Technology,Bangladesh,qs|qs_2024|qs_2025|qs_2027|the
uni_c31620e858,North South University,Bangladesh,attr|qs|qs_2024|qs_2025|qs_2027|the
uni_7ab7e12f34,Rajshahi University,Bangladesh,attr|qs|qs_2024|qs_2025|qs_2027|the
uni_c4e0e5ad07,Shahjalal University of Science and Technology,Bangladesh,attr|qs|qs_2024|qs_2025|qs_2027|the
uni_c9ce16dd3d,Stamford University Bangladesh,Bangladesh,attr|qs|qs_2024|qs_2025
uni_203e5c1100,United International University,Bangladesh,qs|qs_2024|qs_2025|the
uni_0a36308f89,University of Dhaka,Bangladesh,attr|qs|qs_2024|qs_2025|qs_2027|the
uni_f88712d007,University of Liberal Arts Bangladesh,Bangladesh,the
uni_0b3de3aaea,Varendra University,Bangladesh,the
uni_917549621c,World University of Bangladesh (WUB),Bangladesh,the
uni_67baa0de06,Belarusian National Technical University,Belarus,attr|qs|qs_2024|qs_2025|qs_2027
uni_7ca039b373,Belarusian State Medical University,Belarus,the
uni_08f28452d3,Belarusian State University,Belarus,attr|qs|qs_2024|qs_2025|qs_2027|the
uni_d2c13219d1,Belarusian State University of Informatics and Radioelectronics,Belarus,attr|qs|qs_2024|qs_2025|the
uni_37b52e567c,Francisk Skorina Gomel State University,Belarus,the
uni_b938de7f81,Gomel State Medical University,Belarus,the
uni_af6216fe7e,University of Civil Protection,Belarus,the
uni_c0068aed9e,Yanka Kupala State University of Grodno,Belarus,the
uni_cd6fea0a7f,Ghent University,Belgium,arwu|attr|qs|qs_2024|qs_2025|qs_2027|the
uni_039fa77e46,Hasselt University,Belgium,attr|qs|qs_2024|qs_2025|qs_2027|the
uni_423788667f,KU Leuven,Belgium,arwu|attr|qs|qs_2024|qs_2025|qs_2027|the
uni_8f084f5923,Universite libre de Bruxelles,Belgium,arwu|attr|qs|qs_2024|qs_2025|qs_2027|the
uni_0709c5a447,University of Antwerp,Belgium,arwu|attr|qs|qs_2024|qs_2025|qs_2027|the
uni_bedf283655,University of Mons,Belgium,attr|qs|qs_2024|qs_2025|qs_2027|the
uni_c9aed6723e,University of Namur,Belgium,attr|qs_2027|the
uni_7842307e83,Université catholique de Louvain,Belgium,attr|qs|qs_2024|qs_2025|qs_2027|the
uni_473b055671,Université de Liège,Belgium,arwu|attr|qs|qs_2024|qs_2025|qs_2027|the
uni_0b12686868,Vrije Universiteit Brussel,Belgium,arwu|attr|qs|qs_2024|qs_2025|qs_2027|the
uni_2d12426b06,"Universidad Católica Boliviana ""San Pablo""",Bolivia,attr|qs|qs_2024|qs_2025
uni_d4c696247f,Universidad Mayor de San Andrés,Bolivia,attr|qs|qs_2024|qs_2025
uni_ff8be8eafe,Universidad Mayor de San Simón,Bolivia,the
uni_536ade8713,Universidad Mayor de San Simón Cochabamba,Bolivia,qs_2024
uni_8152e59163,Universidad Nur,Bolivia,the
uni_69cd192b92,University of Mostar,Bosnia and Herzegovina,the
uni_5a8cd8d9ad,University of Sarajevo,Bosnia and Herzegovina,attr|qs|qs_2024|qs_2025|qs_2027|the
uni_6e27858bc4,Botswana International University of Science and Technology (BIUST),Botswana,attr|the
uni_20387054d5,University of Botswana,Botswana,attr|the
uni_8843f46985,Catholic University of Brasília,Brazil,attr|the
uni_253051ad95,Ceará State University,Brazil,attr|the
uni_c841187be4,Centro Federal de Educação Tecnológica Celso Suckow da Fonseca (CEFET-RJ),Brazil,attr|the
uni_3ebc06290a,Centro Universitário Cesuca,Brazil,the
uni_dda701589a,Federal Rural University of Pernambuco,Brazil,attr|the
uni_ebb128ec28,Federal University of Espírito Santo,Brazil,attr|the
uni_f3bf0d16e2,Federal University of Itajubá,Brazil,attr|the
uni_4c5be91142,Federal University of Latin American Integration (UNILA),Brazil,the
uni_37baff8dc3,Federal University of Lavras,Brazil,attr|the
uni_de363f510e,Federal University of Mato Grosso do Sul,Brazil,attr|the
uni_794ad3cc6f,Federal University of Paraí­ba (UFPB),Brazil,the
uni_9815839298,Jiangxi Normal University,Brazil,arwu
uni_00f4526a02,PUC-Campinas,Brazil,the
uni_acddea0ffe,Pontificia Universidade Católica do Campinas - PUC Campinas,Brazil,attr|qs|qs_2024|qs_2025
uni_0db92aa161,Pontifícia Universidade Católica de Minas Gerais  PUC Minas,Brazil,attr|qs|qs_2024|qs_2025|the
uni_802d9a0102,Pontifícia Universidade Católica de São Paulo,Brazil,attr|qs|qs_2024|qs_2025|qs_2027
uni_5de61959e6,Pontifícia Universidade Católica do Paraná,Brazil,attr|qs|qs_2024|qs_2025|the
uni_a64bdb2f13,Pontifícia Universidade Católica do Rio Grande do Sul,Brazil,attr|qs|qs_2024|qs_2025|the
uni_dc0e3493cd,"Pontifícia Universidade Católica do Rio Grande do Sul, PUCRS",Brazil,qs_2027
uni_ff4d44977f,Pontifícia Universidade Católica do Rio de Janeiro,Brazil,attr|qs|qs_2024|qs_2025|qs_2027|the
uni_56534e6faf,State University of Bahia,Brazil,attr|the
uni_233e008734,State University of Ponta Grossa,Brazil,attr|the
uni_e29596c3d6,State University of Santa Cruz,Brazil,attr|the
uni_0416d8b5ca,Toulouse Capitole University,Brazil,arwu
uni_ff42e641f0,UNESC,Brazil,the
uni_3b9d954d26,UNESP,Brazil,attr|qs|qs_2024|qs_2025|qs_2027
uni_7a3e1877c1,Unichristus,Brazil,the
uni_c75fee1eb6,Unisinos University,Brazil,attr|the
uni_77a9ead435,Universidade Estadual Paulista (Unesp),Brazil,attr|the
uni_c18cff45ef,Universidade Estadual de Campinas,Brazil,attr|qs|qs_2024|qs_2025|qs_2027
uni_2d31607209,Universidade Estadual de Londrina,Brazil,attr|qs|qs_2024|qs_2025|the
uni_38634e6de8,Universidade Estadual de Maringá,Brazil,attr|the
uni_ff2cedd4b8,Universidade Estadual do Maranhão,Brazil,the
uni_e321083d10,Universidade Estadual do Norte Fluminense Darcy Ribeiro,Brazil,attr|the
uni_0e851d14bb,Universidade Estadual do Norte do Paraná (UENP),Brazil,the
uni_400d7df82a,Universidade Estadual do Oeste do Paraná (Unioeste),Brazil,attr|the
uni_f534122bd1,Universidade Federal Fluminense,Brazil,attr|qs|qs_2024|qs_2025|qs_2027|the
uni_b72b2806f9,Universidade Federal Rural do Semi-Arido,Brazil,attr|the
uni_37c6d2e070,Universidade Federal da Bahia,Brazil,attr|qs|qs_2024|qs_2025|qs_2027|the
uni_f6867ae403,Universidade Federal da Paraíba,Brazil,attr|qs|qs_2024|qs_2025
uni_965b57ff41,Universidade Federal de Ciências da Saúde de Porto Alegre (UFCSPA),Brazil,attr|the
uni_cc2bbc75d4,Universidade Federal de Goiás,Brazil,attr|qs|qs_2024|qs_2025|the
uni_5bbd8d20a1,Universidade Federal de Juiz de For a,Brazil,qs
uni_c873ef2326,Universidade Federal de Juiz de Fora- (UFJF),Brazil,attr|qs_2024|qs_2025|the
uni_7c96bde53d,Universidade Federal de Minas Gerais,Brazil,arwu|attr|qs|qs_2024|qs_2025|qs_2027|the
uni_fd1664ef55,Universidade Federal de Ouro Preto (UFOP),Brazil,attr|the
uni_e80eece0a3,Universidade Federal de Pelotas,Brazil,attr|qs|qs_2024|qs_2025
uni_2a45de1e6c,Universidade Federal de Pernambuco,Brazil,arwu|attr|qs|qs_2024|qs_2025|qs_2027|the
uni_e4ccb2186d,Universidade Federal de Santa Catarina,Brazil,attr|qs|qs_2024|qs_2025|qs_2027|the
uni_f659898496,Universidade Federal de Santa Maria,Brazil,arwu|attr|qs|qs_2024|qs_2025|qs_2027|the
uni_a5f6cd40e5,Universidade Federal de Sergipe,Brazil,attr|the
uni_4a0e295a68,Universidade Federal de São Carlos,Brazil,arwu|attr|qs|qs_2024|qs_2025|qs_2027|the
uni_9cbc6f2060,Universidade Federal de São Paulo,Brazil,arwu|attr|qs|qs_2024|qs_2025|qs_2027|the
uni_ee68032ba3,Universidade Federal de Uberlândia,Brazil,attr|qs|qs_2024|qs_2025|the
uni_84f4573d46,Universidade Federal de Viçosa,Brazil,arwu|attr|qs|qs_2024|qs_2025|qs_2027|the
uni_1c1399df52,Universidade Federal do ABC (UFABC),Brazil,attr|the
uni_bf0bb57c64,Universidade Federal do Ceará,Brazil,attr|qs|qs_2024|qs_2025|qs_2027|the
uni_e32aeceec0,Universidade Federal do Estado do Rio de Janeiro,Brazil,qs
uni_59645073ac,Universidade Federal do Estado do Rio de Janeiro - UNIRIO,Brazil,attr|qs_2024|qs_2025
uni_2bcf5fe8ee,Universidade Federal do Maranhão (UFMA),Brazil,attr|the
uni_ecabf55c4f,Universidade Federal do Paraná,Brazil,attr|qs|the
uni_72cdaf290f,Universidade Federal do Paraná - UFPR,Brazil,qs_2024|qs_2025|qs_2027
uni_c56e08dd70,Universidade Federal do Parà,Brazil,attr|qs|the
uni_7dca3422bf,Universidade Federal do Parà - UFPA,Brazil,attr|qs_2024|qs_2025
uni_604e9b5ab7,Universidade Federal do Rio Grande Do Norte,Brazil,attr|qs|qs_2024|qs_2025|the
uni_017d4f1c82,Universidade Federal do Rio Grande Do Sul,Brazil,attr|qs|qs_2024|qs_2025|qs_2027|the
uni_0a62f47f02,Universidade Federal do Rio de Janeiro,Brazil,arwu|attr|qs|qs_2024|qs_2025|qs_2027|the
uni_a1a072d59f,Universidade Nove de Julho (Uninove),Brazil,attr|the
uni_400dc37238,Universidade Presbiteriana Mackenzie,Brazil,attr|qs|qs_2024|qs_2025|qs_2027|the
uni_af10b52ee8,Universidade Tecnológica Federal do Paraná (UTFPR),Brazil,attr|the
uni_a29913c228,Universidade de Brasília,Brazil,arwu|attr|qs|qs_2024|qs_2025|qs_2027|the
uni_24dcd365cf,Universidade de São Paulo,Brazil,arwu|attr|qs|qs_2024|qs_2025|qs_2027|the
uni_aaf5d88bce,Universidade do Estado de Santa Catarina,Brazil,attr|qs|qs_2024|qs_2025|the
uni_cf14774e09,Universidade do Estado do Rio de Janeiro,Brazil,attr|qs|qs_2024|qs_2025|qs_2027|the
uni_4c027fb47f,University of Campinas,Brazil,arwu|attr|the
uni_845b1c145d,University of Caxias do Sul,Brazil,attr|the
uni_3295120156,University of Fortaleza (UNIFOR),Brazil,attr|the
uni_0772ba688d,University of Franca,Brazil,the
uni_493256cd34,University of Pernambuco,Brazil,attr|the
uni_1c66ecbee0,University of Sherbrooke,Brazil,arwu
uni_3493384166,University of Vale do Itajaí,Brazil,the
uni_c702ded9ff,Vila Velha University,Brazil,the
uni_1c38ad1526,Universiti Brunei Darussalam,Brunei,attr|qs|qs_2024|qs_2025|qs_2027|the
uni_b344a418dd,Universiti Teknologi Brunei,Brunei,attr|qs|qs_2024|qs_2025|qs_2027|the
uni_4016dd7b84,Medical University of Sofia,Bulgaria,attr|the
uni_cb40b403f9,Sofia University,Bulgaria,attr|the
uni_0a7432f563,"Sofia University ""St. Kliment Ohridski""",Bulgaria,attr|qs|qs_2024|qs_2025|qs_2027
uni_89c85b1bba,Technical University of Sofia,Bulgaria,attr|qs_2027|the
uni_c8fe56d57a,University of Economics – Varna,Bulgaria,the
uni_d12edd4766,Varna University of Management,Bulgaria,the
uni_c611fa5940,University of Puthisastra,Cambodia,the
uni_bc73a27b63,Brock University,Canada,arwu|qs|qs_2024|qs_2025|qs_2027
uni_57df48b3df,Carleton University,Canada,arwu|attr|qs|qs_2024|qs_2025|qs_2027|the
uni_2d1babb852,China Medical University (Taichung),Canada,arwu
uni_b47b97608e,Concordia University,Canada,arwu|attr|qs|qs_2024|qs_2025|qs_2027|the
uni_8b1067f405,Dalhousie University,Canada,arwu|attr|qs|qs_2024|qs_2025|qs_2027|the
uni_d01559cf71,Dresden University of Technology,Canada,arwu
uni_d77ab8e7a2,Lakehead University,Canada,attr|the
uni_357d37f2fe,McGill University,Canada,arwu|attr|qs|qs_2024|qs_2025|qs_2027|the
uni_f6bc03379f,McMaster University,Canada,arwu|attr|qs|qs_2024|qs_2025|qs_2027|the
uni_5c9a8e2a0e,Memorial University of Newfoundland,Canada,arwu|attr|qs|qs_2024|qs_2025|qs_2027|the
uni_cc74f28ea2,Ontario Tech University,Canada,attr|the
uni_d15223c34f,Queen's University at Kingston,Canada,attr|qs|qs_2024|qs_2025|qs_2027
uni_7d5874a60c,Queen’s University,Canada,arwu|attr|the
uni_9bef03ecd5,Ryerson University,Canada,qs_2024
uni_1f566df3a9,Simon Fraser University,Canada,arwu|attr|qs|qs_2024|qs_2025|qs_2027|the
uni_1a93a6af68,Toronto Metropolitan University,Canada,attr|qs|qs_2025|qs_2027|the
uni_d9cac4c4c7,University of Alberta,Canada,arwu|attr|qs|qs_2024|qs_2025|qs_2027|the
uni_d6b9bfa76e,University of British Columbia,Canada,arwu|attr|qs|qs_2024|qs_2025|qs_2027|the
uni_cb4d8a3f61,University of Calgary,Canada,arwu|attr|qs|qs_2024|qs_2025|qs_2027|the
uni_f6cbaf2fc1,University of Guelph,Canada,arwu|attr|qs|qs_2024|qs_2025|qs_2027|the
uni_886e1fb753,University of Lethbridge,Canada,attr|the
uni_2312100fc8,University of Mainz,Canada,arwu
uni_f1a848ee80,University of Manitoba,Canada,arwu|attr|qs|qs_2024|qs_2025|qs_2027|the
uni_3d70dc8e8c,University of New Brunswick,Canada,arwu|attr|qs|qs_2024|qs_2025|qs_2027|the
uni_7857d8e711,University of Northern British Columbia,Canada,attr|qs_2024|qs_2027|the
uni_ef394ceeb6,University of Ottawa,Canada,arwu|attr|qs|qs_2024|qs_2025|qs_2027|the
uni_6eca586d27,University of Regina,Canada,arwu|attr|qs|qs_2024|qs_2025|qs_2027|the
uni_bbb4c51784,University of Rostock,Canada,arwu
uni_3c7a680da1,University of Saskatchewan,Canada,arwu|attr|qs|qs_2024|qs_2025|qs_2027|the
uni_d04e366477,University of Toronto,Canada,arwu|attr|qs|qs_2024|qs_2025|qs_2027|the
uni_a5b4dc4e56,University of Victoria,Canada,attr|qs|qs_2024|qs_2025|qs_2027|the
uni_308560498d,University of Waterloo,Canada,arwu|attr|qs|qs_2024|qs_2025|qs_2027|the
uni_115f69b160,University of Windsor,Canada,arwu|attr|qs|qs_2024|qs_2025|qs_2027|the
uni_dd788885c2,Université Laval,Canada,attr|qs|qs_2024|qs_2025|qs_2027|the
uni_5b3f7a6038,Université de Montréal,Canada,arwu|attr|qs|qs_2024|qs_2025|qs_2027|the
uni_d15dbb71fc,Université de Sherbrooke,Canada,attr|qs|qs_2024|qs_2025|qs_2027
uni_619ededb8d,Université du Québec,Canada,attr|qs|qs_2024|qs_2025|qs_2027|the
uni_972ca372c2,Vancouver Island University,Canada,attr|qs|qs_2024|qs_2025
uni_8597d19203,Western University,Canada,arwu|attr|qs|qs_2024|qs_2025|qs_2027|the
uni_96a0a8f6f5,York University,Canada,arwu|attr|qs|qs_2024|qs_2025|qs_2027|the
uni_dabcc9e787,Arturo Prat University,Chile,the
uni_15d6291cf6,Catholic University of the North,Chile,attr|the
uni_71ff5973fe,Finis Terrae University,Chile,the
uni_cd7025fb75,Pontificia Universidad Católica de Chile,Chile,attr|qs|qs_2024|qs_2025|qs_2027|the
uni_5575955723,Pontificia Universidad Católica de Valparaíso,Chile,attr|qs|qs_2024|qs_2025|qs_2027|the
uni_670a7fa489,San Sebastián University,Chile,attr|the
uni_5f246834c9,Universidad Adolfo Ibáñez,Chile,attr|qs|qs_2024|qs_2025|qs_2027|the
uni_6c40a11ae6,Universidad Alberto Hurtado,Chile,attr|qs|qs_2024|qs_2025
uni_43d4cc5b60,Universidad Andrés Bello,Chile,attr|qs|qs_2024|qs_2025|qs_2027|the
uni_c583ff399a,Universidad Austral de Chile,Chile,attr|qs|qs_2024|qs_2025|qs_2027|the
uni_dc6713aa66,Universidad Autónoma de Chile,Chile,attr|qs|qs_2024|qs_2025|the
uni_cbf71e0f25,Universidad Bernardo O'Higgins,Chile,attr|qs|qs_2024|qs_2025|the
uni_9364135319,Universidad Católica de La Santísima Concepción - UCSC,Chile,attr|qs|qs_2024|qs_2025|the
uni_6fd2f17560,Universidad Católica de Temuco,Chile,attr|qs|qs_2024|qs_2025|the
uni_c56fd02ff3,Universidad Católica del Maule,Chile,attr|the
uni_658a67b4c3,Universidad Católica del Norte,Chile,qs|qs_2024|qs_2025|qs_2027
uni_a8da52dbe8,Universidad Central de Chile,Chile,attr|qs|qs_2024|qs_2025
uni_6493f64f21,Universidad Diego Portales,Chile,attr|qs|qs_2024|qs_2025|qs_2027|the
uni_15f713d1c9,Universidad Mayor,Chile,attr|the
uni_90dfa3986b,Universidad Santo Tomás,Chile,the
uni_a0487d5b61,Universidad Técnica Federico Santa María,Chile,attr|qs|qs_2024|qs_2025|qs_2027|the
uni_82010fbf12,Universidad de Chile,Chile,arwu|attr|qs|qs_2024|qs_2025|qs_2027|the
uni_4ddf655d80,Universidad de Concepción,Chile,attr|qs|qs_2024|qs_2025|qs_2027|the
uni_3860ee4606,Universidad de La Frontera,Chile,attr|qs|qs_2024|qs_2025|qs_2027|the
uni_5d9b35c4ad,Universidad de La Serena,Chile,attr|qs|qs_2024|qs_2025|the
uni_4fbeb4b36b,Universidad de Santiago de Chile,Chile,attr|qs|qs_2024|qs_2025|qs_2027|the
uni_aaad55b3c8,Universidad de Talca,Chile,attr|qs|qs_2024|qs_2025|qs_2027|the
uni_bb1b9515b9,Universidad de Tarapaca,Chile,attr|qs|qs_2024|qs_2025|qs_2027|the
uni_8c28ec9efa,Universidad de Valparaíso,Chile,attr|qs|qs_2024|qs_2025|qs_2027|the
uni_107a85cc14,Universidad de los Andes - Chile,Chile,attr|qs|qs_2024|qs_2025|qs_2027
uni_158657c47f,Universidad del Bío-Bío,Chile,attr|qs|qs_2024|qs_2025|the
uni_82f98411e6,Universidad del Desarrollo,Chile,attr|qs|qs_2024|qs_2025|qs_2027|the
uni_b4c8c74b8d,University of Antofagasta,Chile,attr|the
uni_7af1c86743,University of Los Lagos,Chile,attr|the
uni_34c85b5b0b,University of Magallanes,Chile,the
uni_6503bc9083,"University of the Andes, Chile",Chile,attr|the
uni_48b3bc7131,Capital Medical University,China,arwu|attr|the
uni_8f4496a56f,Chang'an University,China,arwu
uni_233385defb,Changsha University of Science and Technology,China,arwu|attr|the
uni_acc1448867,Chengdu University,China,arwu|attr|the
uni_2ef1a025f1,Chengdu University of Technology,China,arwu
uni_d67b1a1cbc,China Medical University (Shenyang),China,arwu
uni_ba29880aa5,China Pharmaceutical University,China,arwu|attr|the
uni_6e31444333,Communication University of China,China,attr|the
uni_3995fd35fb,Ecole Normale Superieure - Lyon,China,arwu
uni_04ec712fe2,Fujian Agriculture and Forestry University,China,arwu|attr|the
uni_872637165f,Fuzhou University,China,arwu|attr|the
uni_d539421fa8,Guangzhou Medical University,China,arwu|attr|the
uni_be278c584d,Guangzhou University,China,arwu|attr|the
uni_3cd875ef2e,Harbin Medical University,China,arwu
uni_53a1a9e055,Hebei Medical University,China,arwu
uni_9c0fb450d3,Hebei University,China,arwu
uni_c7ffa850b6,Heinrich Heine University Duesseldorf,China,arwu
uni_04af1ba51a,Hong Kong Baptist University,China,arwu
uni_988b5a827e,Huaqiao University,China,arwu|attr|the
uni_9bf31a4c1a,Jianghan University,China,attr|the
uni_12865db16a,Jiangsu Normal University,China,attr|the
uni_c18e93e43d,Kiel University,China,arwu
uni_d6dca3c4cd,Kindai University,China,arwu
uni_7ba590497e,Laval University,China,arwu
uni_b7b4d735e9,"Mayo Clinic College of Medicine and Science, Minnesota",China,arwu
uni_aef9e1b45f,Moscow State University,China,arwu
uni_2b71008f05,Nanchang University,China,arwu
uni_9cdd5fd00d,Nanjing Forestry University,China,arwu|attr|the
uni_1bda82142a,Nanjing Medical University,China,arwu|attr|the
uni_ec6a2dd407,Nanjing Tech University,China,arwu|attr|the
uni_42de39bae9,Nanjing University of Information Science and Technology,China,arwu|attr|the
uni_064139ecdc,Nanjing University of Posts and Telecommunications,China,arwu
uni_6f6334ce03,North China Electric Power University,China,arwu|attr|the
uni_5940a297de,Northeast Normal University,China,arwu|attr|the
uni_ac910eb765,"Northeastern University, China",China,attr|the
uni_3a562a28e5,Paul Sabatier University (Toulouse 3),China,arwu
uni_9409488154,Pontifical Catholic University of Chile,China,arwu
uni_e0c78f8147,Qingdao University,China,arwu|attr|the
uni_eb37bd0901,"Rutgers, The State University of New Jersey - New Brunswick",China,arwu
uni_15c502a24a,Shandong University of Science and Technology,China,arwu
uni_d79a5c679d,Shanghai Maritime University,China,attr|the
uni_f3cdb46dd6,Shantou University,China,arwu|attr|the
uni_f4e0239d63,Sichuan University of Science and Engineering,China,attr|the
uni_4e86ff0826,South China Normal University,China,arwu|attr|the
uni_0538e4835e,Southern Medical University,China,arwu|attr|the
uni_ef7ef64552,Southwest Petroleum University,China,arwu|attr|the
uni_473a52e3c4,Taiyuan University of Technology,China,arwu
uni_653e697039,Technical University Darmstadt,China,arwu
uni_90db153e0d,Technical University of Braunschweig,China,arwu
uni_3e54770e91,The City College of New York,China,arwu
uni_171d9ae0f0,"The University of New Mexico, Albuquerque",China,arwu
uni_8db84dd5f5,The University of Texas Health Science Center at San Antonio,China,arwu
uni_95a6381249,University of Hawaii at Manoa,China,arwu
uni_1c28b9041e,University of Shanghai for Science and Technology,China,arwu|attr|the
uni_a9d37f2715,University of South China,China,arwu|attr|the
uni_694f2ffc71,Weizmann Institute of Science,China,arwu
uni_1c49490cf4,Wenzhou Medical University,China,arwu|attr|the
uni_5a30871e7d,Wenzhou University,China,arwu|attr|the
uni_b748e340ca,Wuhan Textile University,China,attr|the
uni_6d03c3804d,Xiangtan University,China,arwu|attr|the
uni_96e75a24c5,Xuzhou Medical University,China,arwu|attr|the
uni_da5526453c,Yangzhou University,China,arwu|attr|the
uni_b59094af39,Yanshan University,China,arwu|attr|the
uni_3a7f06add9,Zhejiang Chinese Medical University,China,arwu|attr|the
uni_2d5dd8402f,Zhejiang Gongshang University,China,attr|the
uni_eee146dd1d,Zhejiang Normal University,China,arwu|attr|the
uni_97ea305d26,Zhejiang University of Finance and Economics,China,attr|the
uni_66fa71851f,Anhui University,China (Mainland),arwu|qs_2027
uni_311791e735,Beihang University,China (Mainland),arwu|attr|qs|qs_2024|qs_2025|qs_2027|the
uni_39f8630d17,Beijing Foreign Studies University,China (Mainland),attr|qs|qs_2024|qs_2025|qs_2027
uni_9a001a758c,Beijing Forestry University,China (Mainland),arwu|qs_2027
uni_a9c28de3bd,Beijing Institute of Technology,China (Mainland),arwu|attr|qs|qs_2024|qs_2025|qs_2027|the
uni_4d0d2943cd,Beijing Jiaotong University,China (Mainland),arwu|attr|qs|qs_2024|qs_2025|qs_2027
uni_1e503b23db,Beijing Normal University,China (Mainland),arwu|attr|qs|qs_2024|qs_2025|qs_2027|the
uni_7ac956b852,Beijing University of Chemical Technology,China (Mainland),arwu|attr|qs|qs_2024|qs_2025|qs_2027
uni_5d610ddbf8,Beijing University of Chinese Medicine,China (Mainland),attr|qs|qs_2024|qs_2025|qs_2027
uni_a71df08ed7,Beijing University of Posts and Telecommunications,China (Mainland),arwu|attr|qs|qs_2024|qs_2025|qs_2027
uni_5347826538,Beijing University of Technology,China (Mainland),arwu|qs|qs_2024|qs_2025|qs_2027
uni_77f9c27407,Central China Normal University,China (Mainland),arwu|qs_2027
uni_56cff8e4e3,Central South University,China (Mainland),arwu|attr|qs|qs_2024|qs_2025|qs_2027
uni_ac171702bf,China Agricultural University,China (Mainland),arwu|attr|qs|qs_2024|qs_2025|qs_2027
uni_10d8406ae0,China University of Geosciences,China (Mainland),arwu|attr|qs|qs_2024|qs_2025|qs_2027
uni_0c05d1fb43,China University of Mining and Technology,China (Mainland),arwu|attr|qs|qs_2024|qs_2025|qs_2027
uni_5c6ba9cca2,China University of Petroleum,China (Mainland),arwu|attr|qs|qs_2024|qs_2025|the
uni_e3a45b0df4,"China University of Petroleum, Beijing",China (Mainland),arwu|attr|qs_2027|the
uni_e87dd5fbf7,China University of Political Science and Law,China (Mainland),attr|qs|qs_2024|qs_2025|qs_2027
uni_1efa6f4433,Chongqing University,China (Mainland),arwu|attr|qs|qs_2024|qs_2025|qs_2027|the
uni_d712f33619,Dalian University of Technology,China (Mainland),arwu|attr|qs|qs_2024|qs_2025|qs_2027|the
uni_4343d4cb87,Donghua University,China (Mainland),arwu|attr|qs|qs_2024|qs_2025|qs_2027|the
uni_611e6dbef5,East China Normal University,China (Mainland),arwu|attr|qs|qs_2024|qs_2025|qs_2027|the
uni_0713482a19,East China University of Science and Technology,China (Mainland),arwu|attr|qs|qs_2024|qs_2025|qs_2027|the
uni_1d62ba174f,Fudan University,China (Mainland),arwu|attr|qs|qs_2024|qs_2025|qs_2027|the
uni_b115e74494,Fujian Normal University,China (Mainland),arwu|qs_2027
uni_1680bbc525,Guangdong University of Technology,China (Mainland),arwu|attr|qs_2027|the
uni_f67ba493c4,Harbin Engineering University,China (Mainland),arwu|attr|qs|qs_2024|qs_2025|qs_2027|the
uni_472d429899,Harbin Institute of Technology,China (Mainland),arwu|attr|qs|qs_2024|qs_2025|qs_2027|the
uni_f53de1bd72,Henan University,China (Mainland),arwu|qs_2027
uni_c9439ee315,Hohai University,China (Mainland),arwu|attr|qs|qs_2024|qs_2025|qs_2027
uni_3cf780978f,Huazhong Agricultural University,China (Mainland),arwu|attr|qs|qs_2024|qs_2025|qs_2027
uni_eaf6365b4e,Huazhong University of Science and Technology,China (Mainland),arwu|attr|qs|qs_2024|qs_2025|qs_2027|the
uni_28b525d24c,Hunan University,China (Mainland),arwu|attr|qs|qs_2024|qs_2025|qs_2027|the
uni_c4cb4a2a7c,Jiangnan University,China (Mainland),arwu|attr|qs|qs_2024|qs_2025|qs_2027|the
uni_69ff4a87b3,Jiangsu University,China (Mainland),arwu|attr|qs_2027|the
uni_d112a24f6f,Jilin University,China (Mainland),arwu|attr|qs|qs_2024|qs_2025|qs_2027
uni_9865a78209,Jinan University,China (Mainland),arwu|attr|qs|qs_2024|qs_2025|qs_2027|the
uni_117af6c51d,Lanzhou University,China (Mainland),arwu|qs|qs_2024|qs_2025|qs_2027
uni_0f078473e9,Nanjing Agricultural University,China (Mainland),arwu|attr|qs|qs_2024|qs_2025|qs_2027
uni_8b36773f64,Nanjing Normal University,China (Mainland),arwu|attr|qs|qs_2024|qs_2025|qs_2027|the
uni_013a224850,Nanjing University,China (Mainland),arwu|attr|qs|qs_2024|qs_2025|qs_2027|the
uni_49d88d5845,Nanjing University of Aeronautics and Astronautics,China (Mainland),arwu|attr|qs|qs_2024|qs_2025|qs_2027|the
uni_287979c71e,Nanjing University of Science and Technology,China (Mainland),arwu|qs|qs_2024|qs_2025|qs_2027
uni_d3b64a99d2,Nankai University,China (Mainland),arwu|attr|qs|qs_2024|qs_2025|qs_2027|the
uni_d58090aa57,Ningbo University,China (Mainland),arwu|qs_2027
uni_2cdfbe87fd,Northwest Agriculture and Forestry University,China (Mainland),qs|qs_2024|qs_2025|qs_2027
uni_c388f71c60,Northwest University,China (Mainland),arwu|attr|qs|qs_2024|qs_2025|qs_2027|the
uni_92eb54d4b4,Northwestern Polytechnical University,China (Mainland),arwu|attr|qs|qs_2024|qs_2025|qs_2027|the
uni_a277068430,Ocean University of China,China (Mainland),arwu|attr|qs|qs_2024|qs_2025|qs_2027
uni_26852c7a5e,Peking University,China (Mainland),arwu|attr|qs|qs_2024|qs_2025|qs_2027|the
uni_b0c6470ce6,Renmin (People's) University of China,China (Mainland),arwu|attr|qs|qs_2024|qs_2025|qs_2027
uni_c2c0afdd5b,Shaanxi Normal University,China (Mainland),arwu|qs_2027
uni_7618a642cd,Shandong University,China (Mainland),arwu|qs|qs_2024|qs_2025|qs_2027
uni_4248123032,Shanghai International Studies University,China (Mainland),attr|qs|qs_2024|qs_2025|qs_2027
uni_0901951ec3,Shanghai Jiao Tong University,China (Mainland),arwu|attr|qs|qs_2024|qs_2025|qs_2027|the
uni_a9c830c7a0,Shanghai Normal University,China (Mainland),arwu|attr|qs|qs_2024|qs_2025|qs_2027
uni_730dfd3a8b,Shanghai University,China (Mainland),arwu|attr|qs|qs_2024|qs_2025|qs_2027|the
uni_6e963e53fb,Shanghai University of Finance and Economics,China (Mainland),arwu|attr|qs|qs_2024|qs_2025|qs_2027
uni_2a16a449ae,Shenzhen University,China (Mainland),arwu|attr|qs|qs_2024|qs_2025|qs_2027|the
uni_d7eb222284,Sichuan University,China (Mainland),arwu|attr|qs|qs_2024|qs_2025|qs_2027|the
uni_0de0edc9a2,Soochow University,China (Mainland),attr|qs|qs_2024|qs_2025|qs_2027|the
uni_0fa456aea4,South China University of Technology,China (Mainland),arwu|attr|qs|qs_2024|qs_2025|qs_2027|the
uni_8339a57c92,Southeast University,China (Mainland),arwu|attr|qs|qs_2024|qs_2025|qs_2027|the
uni_5cecef5e7c,Southern University of Science and Technology,China (Mainland),arwu|attr|qs|qs_2024|qs_2025|qs_2027|the
uni_be1024891a,Southwest Jiaotong University,China (Mainland),arwu|qs_2027
uni_70019b4954,Southwest University,China (Mainland),arwu|qs|qs_2024|qs_2025|qs_2027
uni_7cc5dd82b8,Sun Yat-sen University,China (Mainland),arwu|attr|qs|qs_2024|qs_2025|qs_2027|the
uni_80c0c794ed,Tianjin University,China (Mainland),arwu|attr|qs|qs_2024|qs_2025|qs_2027|the
uni_648f4feda6,Tongji University,China (Mainland),arwu|attr|qs|qs_2024|qs_2025|qs_2027|the
uni_8afbf5c3e8,Tsinghua University,China (Mainland),arwu|attr|qs|qs_2024|qs_2025|qs_2027|the
uni_2591e33e32,University of Chinese Academy of Sciences (UCAS),China (Mainland),qs_2027
uni_36eb6d957c,University of Electronic Science and Technology of China,China (Mainland),arwu|attr|qs|qs_2024|qs_2025|qs_2027|the
uni_9fbd7e0f8f,University of International Business and Economics,China (Mainland),arwu|attr|qs|qs_2024|qs_2025|qs_2027
uni_09c1f948cf,University of Science and Technology Beijing,China (Mainland),arwu|attr|qs|qs_2024|qs_2025|qs_2027
uni_a3d6ee8384,University of Science and Technology of China,China (Mainland),arwu|attr|qs|qs_2024|qs_2025|qs_2027|the
uni_ba0ac0e232,Wuhan University,China (Mainland),arwu|attr|qs|qs_2024|qs_2025|qs_2027|the
uni_3b39d768f9,Wuhan University of Technology,China (Mainland),arwu|qs|qs_2024|qs_2025|qs_2027
uni_4f8789eaa3,Xi'an Jiaotong Liverpool University,China (Mainland),arwu|attr|qs|qs_2024|qs_2025|qs_2027|the
uni_5abd0880e3,Xiamen University,China (Mainland),arwu|attr|qs|qs_2024|qs_2025|qs_2027|the
uni_3f25f25c09,Xidian University,China (Mainland),arwu|attr|qs_2027|the
uni_8aa1018a17,Xian Jiaotong University,China (Mainland),arwu|attr|qs|qs_2024|qs_2025|qs_2027|the
uni_f483c09934,Zhejiang Sci-tech University,China (Mainland),arwu|qs_2027
uni_1512455785,Zhejiang University,China (Mainland),arwu|attr|qs|qs_2024|qs_2025|qs_2027|the
uni_7aa79bb6d2,Zhejiang University of Technology,China (Mainland),arwu|qs_2027
uni_dc5ec59d82,Zhengzhou University,China (Mainland),arwu|attr|qs|qs_2024|qs_2025|qs_2027|the
uni_7b73466cc7,Antonio Nariño University,Colombia,attr|the
uni_4fe762d774,CES University,Colombia,attr|the
uni_289c6e95e3,EAN University,Colombia,the
uni_09c5611dc2,El Bosque University,Colombia,attr|the
uni_7ad47b60d5,Fundación Universidad De Bogotá-Jorge Tadeo Lozano,Colombia,attr|qs|qs_2024|qs_2025
uni_a5cf373e29,Instituto Tecnológico Metropolitano,Colombia,the
uni_58590455a3,Nueva Granada Military University,Colombia,attr|the
uni_d348c7076f,Pedagogical and Technological University of Colombia,Colombia,attr|the
uni_36990baaa6,Pontificia Universidad Javeriana,Colombia,attr|qs|qs_2024|qs_2025|qs_2027|the
uni_e71b6ccd11,"Saint Thomas University, Colombia",Colombia,the
uni_a80ea2ea90,Simón Bolívar University (Colombia),Colombia,the
uni_2d0685de25,Universidad Católica de Colombia,Colombia,attr|qs|qs_2024|qs_2025|the
uni_0b1c5cb628,Universidad EAFIT,Colombia,attr|qs|qs_2024|qs_2025|qs_2027|the
uni_12ff643d90,Universidad Externado de Colombia,Colombia,attr|qs|qs_2024|qs_2025|qs_2027
uni_7aa385f38e,Universidad ICESI,Colombia,attr|qs|qs_2024|qs_2025|qs_2027|the
uni_dfc3b5b43b,Universidad Industrial de Santander,Colombia,attr|qs|qs_2024|qs_2025|the
uni_4e7f42f25b,Universidad Manuela Beltrán,Colombia,the
uni_8699a1e633,Universidad Nacional Abierta y a Distancia (UNAD),Colombia,the
uni_8ca7a78ba8,Universidad Nacional de Colombia,Colombia,arwu|attr|qs|qs_2024|qs_2025|qs_2027|the
uni_6ebe895488,Universidad Pontificia Bolivariana,Colombia,attr|qs|qs_2024|qs_2025|qs_2027|the
uni_350933fe74,Universidad Tecnológica de Bolívar,Colombia,attr|qs|qs_2024|qs_2025|the
uni_3964f38959,Universidad Tecnológica de Pereira,Colombia,attr|qs|qs_2024|qs_2025|the
uni_04a631cc78,Universidad de Antioquia,Colombia,arwu|attr|qs|qs_2024|qs_2025|qs_2027|the
uni_132e7bbc3d,Universidad de Caldas,Colombia,attr|qs|qs_2024|qs_2025|the
uni_3069e69103,Universidad de Cartagena,Colombia,attr|qs|qs_2024|qs_2025|the
uni_41e025fccc,Universidad de Córdoba - Colombia,Colombia,attr|qs|qs_2024|qs_2025
uni_816a127a44,Universidad de La Sabana,Colombia,attr|qs|qs_2024|qs_2025|qs_2027|the
uni_91ab078a2e,Universidad de La Salle,Colombia,attr|qs|qs_2024|qs_2025|the
uni_ef0301fe2e,Universidad de Medellín,Colombia,attr|qs|qs_2024|qs_2025|the
uni_6dc1a2382f,Universidad de Pamplona,Colombia,the
uni_145c19746f,Universidad de Santander,Colombia,qs|the
uni_5528efa3b9,Universidad de Santander - UDES,Colombia,attr|qs_2024|qs_2025
uni_a6210ca8a6,Universidad de los Andes,Colombia,attr|qs|qs_2024|qs_2025|qs_2027
uni_8649e38311,Universidad del Cauca,Colombia,attr|qs|qs_2024|qs_2025
uni_2fcf1561c4,Universidad del Magdalena,Colombia,qs_2024|the
uni_f690fea845,Universidad del Norte,Colombia,attr|qs|qs_2024|qs_2025|qs_2027
uni_ebc64f79a8,Universidad del Rosario,Colombia,attr|qs|qs_2024|qs_2025|qs_2027|the
uni_7821469cf4,Universidad del Sinú,Colombia,the
uni_b6ccda0f10,Universidad del Valle,Colombia,attr|qs|qs_2024|qs_2025|qs_2027|the
uni_33b7c9a874,University of Bogotá Jorge Tadeo Lozano,Colombia,the
uni_716c04f47d,University of la Costa,Colombia,attr|the
uni_b3ce219382,"University of the Andes, Colombia",Colombia,attr|the
uni_7b57b5009a,"University of the North, Colombia",Colombia,attr|the
uni_b15734900f,Tecnológico de Costa Rica,Costa Rica,the
uni_0ee61b83cc,Tecnológico de Costa Rica -TEC,Costa Rica,attr|qs|qs_2024|qs_2025|qs_2027
uni_541c6930f2,Universidad Latinoamericana de Ciencia y Tecnología Costa Rica,Costa Rica,attr|qs|qs_2025
uni_e7c50e0d88,"Universidad Nacional, Costa Rica",Costa Rica,attr|qs|qs_2024|qs_2025|qs_2027|the
uni_22b81495ac,Universidad de Costa Rica,Costa Rica,attr|qs|qs_2024|qs_2025|qs_2027|the
uni_c3eac766c7,The Josip Juraj Strossmayer University of Osijek,Croatia,attr|qs|qs_2024|qs_2025|qs_2027
uni_92a7314d10,University of Rijeka,Croatia,attr|qs|qs_2024|qs_2025|qs_2027|the
uni_ed7cf82d10,University of Split,Croatia,attr|qs|qs_2024|qs_2025|qs_2027|the
uni_656a008ea6,University of Zagreb,Croatia,arwu|attr|qs|qs_2024|qs_2025|qs_2027|the
uni_4c641dae87,"Universidad Central ""Marta Abreu"" de Las Villas",Cuba,attr|qs|qs_2024|qs_2025|qs_2027
uni_379f95d9ab,Universidad Tecnológica de la Habana José Antonio Echeverría,Cuba,qs
uni_375580152b,"Universidad Tecnológica de la Habana José Antonio Echeverría, Cujae",Cuba,attr|qs_2024|qs_2025
uni_ab067d1072,Universidad de La Habana,Cuba,attr|qs|qs_2024|qs_2025|qs_2027
uni_8b7e204fcf,Universidad de Oriente Santiago de Cuba,Cuba,attr|qs|qs_2024|qs_2025
uni_9753f5f6ac,University of Havana,Cuba,attr|the
uni_418716da2d,Cyprus University of Technology,Cyprus,attr|qs_2027|the
uni_8ede8f54ea,European University Cyprus,Cyprus,the
uni_e2a85b022f,University of Cyprus,Cyprus,arwu|attr|qs|qs_2024|qs_2025|qs_2027|the
uni_faf4e5520d,University of Nicosia,Cyprus,attr|qs_2027|the
uni_4fd9fa73ad,Anglo-American University,Czech Republic,the
uni_87f679e0e1,Brno University of Technology,Czech Republic,attr|qs|qs_2024|qs_2025|qs_2027|the
uni_d874ce48c0,Charles University,Czech Republic,arwu|attr|qs|qs_2024|qs_2025|qs_2027|the
uni_8e589c234c,Czech Technical University in Prague,Czech Republic,arwu|attr|qs|qs_2024|qs_2025|qs_2027|the
uni_d19cc6216f,Czech University of Life Sciences in Prague,Czech Republic,arwu|attr|qs|qs_2024|qs_2025|qs_2027|the
uni_a416375998,Jan Evangelista Purkyně University,Czech Republic,attr|the
uni_dce8637460,Masaryk University,Czech Republic,arwu|attr|qs|qs_2024|qs_2025|qs_2027|the
uni_8ab40f7632,Mendel University in Brno,Czech Republic,attr|qs|qs_2024|qs_2025|qs_2027|the
uni_afabb4e907,Palacký University Olomouc,Czech Republic,arwu|attr|qs|qs_2024|qs_2025|qs_2027|the
uni_b41e690a49,Silesian University in Opava,Czech Republic,the
uni_794540001b,Tarbiat Modares University,Czech Republic,arwu
uni_f3b03eed30,Technical University of Liberec,Czech Republic,attr|qs|qs_2024|qs_2025|qs_2027|the
uni_4a4f58e7b4,Tomas Bata University in Zlin,Czech Republic,attr|qs|qs_2024|qs_2025|qs_2027|the
uni_44cf917a4d,"University of Chemistry and Technology, Prague",Czech Republic,attr|qs|qs_2024|qs_2025|qs_2027|the
uni_d8a345130f,University of Hradec Kralove,Czech Republic,attr|qs|qs_2024|qs_2025|qs_2027|the
uni_5936f0bbe0,University of Ostrava,Czech Republic,attr|qs|qs_2024|qs_2025|qs_2027|the
uni_448a2555b1,University of Pardubice,Czech Republic,attr|qs|qs_2024|qs_2025|qs_2027|the
uni_45d26ab7de,University of South Bohemia,Czech Republic,attr|qs|qs_2024|qs_2025
uni_0498e5cbf2,University of West Bohemia,Czech Republic,attr|qs|qs_2024|qs_2025|the
uni_312c5f940e,VSB - Technical University of Ostrava,Czech Republic,attr|qs|qs_2024|qs_2025|qs_2027|the
uni_4cdcb72c64,Prague University of Economics and Business,Czechia,attr|qs_2027|the
uni_5ee38e642a,University of South Bohemia in České Budějovice,Czechia,attr|qs_2027|the
uni_65cb72474f,Aalborg University,Denmark,arwu|attr|qs|qs_2024|qs_2025|qs_2027|the
uni_4abe8d9a50,Aarhus University,Denmark,arwu|attr|qs|qs_2024|qs_2025|qs_2027|the
uni_161dffef7c,Copenhagen Business School,Denmark,arwu|attr|the
uni_71e8e38105,Roskilde University,Denmark,attr|qs_2027|the
uni_68d776c618,Technical University of Denmark,Denmark,arwu|attr|qs|qs_2024|qs_2025|qs_2027|the
uni_1b9b073d28,University of Copenhagen,Denmark,arwu|attr|qs|qs_2024|qs_2025|qs_2027|the
uni_5b6ca8789c,University of Southern Denmark,Denmark,arwu|attr|qs|qs_2024|qs_2025|qs_2027|the
uni_c828b6627a,Instituto Tecnológico de Santo Domingo,Dominican Republic,attr|qs|qs_2024|qs_2025|qs_2027
uni_8f7aefbfc7,Pontificia Universidad Catolica Madre y Maestra,Dominican Republic,attr|qs|qs_2024|qs_2025|qs_2027
uni_c15f80e4ac,Universidad Tecnológica de Santiago (UTESA),Dominican Republic,the
uni_4998a1fb59,Escuela Politécnica Nacional,Ecuador,attr|qs|qs_2024|qs_2025|qs_2027|the
uni_8d8e723a3d,Escuela Superior Politécnica de Chimborazo,Ecuador,the
uni_369fc30c19,Escuela Superior Politécnica del Litoral,Ecuador,attr|qs|qs_2024|qs_2025|qs_2027|the
uni_7eb2812fe9,Israel Technological University,Ecuador,the
uni_6415633f05,Pontificia Universidad Católica del Ecuador,Ecuador,attr|qs|qs_2024|qs_2025|qs_2027|the
uni_a65767f873,Technical University of Loja,Ecuador,attr|the
uni_3050fe403c,"UEES, Espiritu Santo University",Ecuador,the
uni_155159979d,UNIVERSIDAD POLITECNICA SALESIANA,Ecuador,attr|qs|qs_2024|qs_2025|the
uni_1937f70202,Universidad Católica de Cuenca,Ecuador,the
uni_6407d4aa80,Universidad Católica de Santiago de Guayaquil,Ecuador,attr|qs|qs_2024|qs_2025
uni_40e6386974,Universidad Central del Ecuador,Ecuador,attr|qs|qs_2024|qs_2025
uni_14d794c835,"Universidad Espíritu Santo (UEES), Ecuador",Ecuador,qs_2027
uni_ebe8ea99e3,Universidad Internacional del Ecuador,Ecuador,the
uni_8328eb57d5,Universidad Nacional de Chimborazo,Ecuador,the
uni_32f01a2b4b,Universidad San Francisco de Quito,Ecuador,attr|qs|qs_2024|qs_2025|qs_2027|the
uni_2ece003d50,Universidad Tecnica Particular De Loja,Ecuador,attr|qs|qs_2024|qs_2025
uni_822d267abe,Universidad Técnica de Manabí,Ecuador,the
uni_a1c5f6beb2,Universidad UTE,Ecuador,the
uni_354ae8529e,Universidad de Cuenca,Ecuador,attr|qs|qs_2024|qs_2025
uni_e1d790e9dc,Universidad de Las Américas Ecuador,Ecuador,attr|qs|qs_2024|qs_2025|qs_2027|the
uni_4adb97c638,Universidad de las Fuerzas Armadas ESPE,Ecuador,attr|qs|qs_2024|qs_2025|the
uni_118dbcb165,Universidad del Pacífico Ecuador,Ecuador,the
uni_676bd715f9,Ain Shams University,Egypt,arwu|attr|qs|qs_2024|qs_2025|the
uni_0bb4a249fb,"Ain Shams University in Cairo (ASU, Cairo)",Egypt,qs_2027
uni_a2553540b6,Al-Azhar University,Egypt,arwu|attr|qs|qs_2024|qs_2025|qs_2027|the
uni_a22635b299,Alexandria University,Egypt,arwu|attr|qs|qs_2024|qs_2025|qs_2027|the
uni_2d7dd9ab67,"Arab Academy for Science, Technology and Maritime Transport",Egypt,attr|qs|qs_2024|qs_2025|qs_2027|the
uni_0f27447765,Assiut University,Egypt,attr|qs|qs_2024|qs_2025|qs_2027|the
uni_51b6ef3ac1,Aswan University,Egypt,attr|the
uni_215e843b90,Badr University in Cairo (BUC),Egypt,the
uni_f3c09d7ca6,Benha University - Egypt,Egypt,attr|qs_2027|the
uni_d5e1cc9229,Beni-Suef University,Egypt,attr|qs_2027|the
uni_3a502957c3,British University in Egypt,Egypt,attr|qs|qs_2024|qs_2025|qs_2027|the
uni_4a8fbb0d3e,Cairo University,Egypt,arwu|attr|qs|qs_2024|qs_2025|qs_2027|the
uni_7fa1eac7d2,Canadian International College (CIC) – Cairo,Egypt,the
uni_c625ff421d,Capital University – Egypt,Egypt,qs_2027
uni_aca1d3646b,Damietta University,Egypt,attr|the
uni_573fe2fff1,Delta University for Science and Technology,Egypt,qs_2027|the
uni_29d805478c,Egypt Japan University of Science & Technology,Egypt,attr|qs_2027|the
uni_aa229df3b7,Egyptian Russian University,Egypt,the
uni_f59fef042f,Fayoum University,Egypt,attr|the
uni_5f9fecd1be,Future University in Egypt,Egypt,attr|qs|qs_2024|qs_2025|qs_2027|the
uni_b23c1ffd0e,German University in Cairo,Egypt,attr|qs|qs_2024|qs_2025|qs_2027|the
uni_0a71ff55bd,Helwan University,Egypt,attr|qs|qs_2024|qs_2025|the
uni_e96eba12c6,Kafrelsheikh University,Egypt,attr|the
uni_6878f47e72,Mansoura University,Egypt,arwu|attr|qs|qs_2024|qs_2025|qs_2027|the
uni_450ecc5cba,Minia University,Egypt,attr|the
uni_f1908b4a9d,Misr University for Science and Technology,Egypt,the
uni_0223bee50c,Nile University,Egypt,attr|the
uni_00a0ecfaa5,October 6 University,Egypt,the
uni_1ec6abbe0c,October University for Modern Sciences and Arts (MSA),Egypt,the
uni_32b86690f2,Pharos University,Egypt,the
uni_0d7bc17af9,Port Said University,Egypt,attr|the
uni_000ace195c,Sohag University,Egypt,attr|the
uni_994548d49c,South Valley University,Egypt,attr|the
uni_8b0b5470f1,Suez Canal University,Egypt,attr|qs|qs_2024|qs_2025|the
uni_c0bf5c3ef8,Suez University,Egypt,attr|the
uni_82e0da65ef,Tanta University,Egypt,attr|qs|qs_2024|qs_2025|qs_2027|the
uni_1a826689f2,The American University in Cairo,Egypt,attr|qs|qs_2024|qs_2025|qs_2027|the
uni_efa7aaccd5,University of Sadat City,Egypt,the
uni_e4731223cc,Zagazig University,Egypt,arwu|attr|qs|qs_2024|qs_2025|qs_2027|the
uni_23fdf1b4ee,Zewail City of Science and Technology,Egypt,attr|the
uni_df85c31807,Estonian University of Life Sciences,Estonia,qs_2027
uni_4bce164dd8,Tallinn University,Estonia,attr|qs|qs_2024|qs_2025|qs_2027|the
uni_22deedaeb7,Tallinn University of Technology,Estonia,attr|qs|qs_2024|qs_2025|qs_2027|the
uni_8099603f81,University of Tartu,Estonia,arwu|attr|qs|qs_2024|qs_2025|qs_2027|the
uni_673717275d,Addis Ababa University,Ethiopia,arwu|attr|qs|qs_2024|qs_2025|qs_2027
uni_58e6a14c49,Debre Tabor University,Ethiopia,the
uni_bda90574bd,Jimma University,Ethiopia,attr|the
uni_fc815f3502,University of the South Pacific,Fiji,attr|the
uni_456dd03d90,Aalto University,Finland,arwu|attr|qs|qs_2024|qs_2025|qs_2027|the
uni_4e31e1acd0,Abo Akademi University,Finland,attr|qs|qs_2024|qs_2025|qs_2027|the
uni_ed1ef3bf45,Häme University of Applied Sciences,Finland,the
uni_68209a495f,LUT University,Finland,qs_2027
uni_ea407e0e6d,Lappeenranta-Lahti University of Technology,Finland,attr|qs|qs_2024|qs_2025|the
uni_192e64af41,Tampere University,Finland,arwu|attr|qs|qs_2024|qs_2025|qs_2027|the
uni_45cd80b810,University of Eastern Finland,Finland,arwu|attr|qs|qs_2024|qs_2025|qs_2027|the
uni_b4311a23c3,University of Helsinki,Finland,arwu|attr|qs|qs_2024|qs_2025|qs_2027|the
uni_f63baa2b0c,University of Jyväskylä,Finland,arwu|attr|qs|qs_2024|qs_2025|qs_2027|the
uni_45957fe9a7,University of Oulu,Finland,arwu|attr|qs|qs_2024|qs_2025|qs_2027|the
uni_643018d0d3,University of Turku,Finland,arwu|attr|qs|qs_2024|qs_2025|qs_2027|the
uni_ffa3fe672e,University of Vaasa,Finland,attr|the
uni_e8652e03d5,University of Verona,Finland,arwu
uni_9785f0405e,Aix-Marseille University,France,arwu|attr|qs|qs_2024|qs_2025|qs_2027|the
uni_22f2e2596e,Arts et Métiers,France,attr|the
uni_1446192570,Audencia,France,the
uni_65667079c8,CY Cergy Paris University,France,attr|qs|qs_2024|qs_2025|qs_2027|the
uni_d98b166480,Centrale Nantes,France,attr|the
uni_22e6f2036e,Conservatoire National des Arts et Métiers (CNAM),France,qs_2027
uni_e4caebaa85,ENSTA Bretagne,France,attr|the
uni_73bc8d61ae,Ecole des Ponts ParisTech,France,attr|qs|qs_2024|qs_2025|the
uni_fb824b1d2d,Federal University of Toulouse Midi-Pyrénées,France,attr|the
uni_8be9236b3f,IMT Atlantique,France,attr|the
uni_62c22ead5c,IMT Mines Alès,France,the
uni_f71282ba08,IMT Nord Europe,France,attr|the
uni_21e9e4fe68,Institut Agro,France,attr|the
uni_4aea9546bd,Institut National Polytechnique de Toulouse,France,qs_2027
uni_0d80369f8c,Institut National des Sciences Appliquées de Lyon,France,attr|qs|qs_2024|qs_2025
uni_7eb9a616d6,Institut Polytechnique de Paris,France,arwu|attr|qs|qs_2024|qs_2025|qs_2027|the
uni_239749830b,NTNU - Norwegian University of Science and Technology,France,arwu
uni_f08dc2de41,National Institute of Applied Sciences of Lyon (INSA Lyon),France,attr|the
uni_fa5136e1ea,North China University of Water Resources and Electric Power,France,arwu
uni_c1a94daa98,Panthéon-Assas University (Paris 2),France,the
uni_8571a301ee,Paris Sciences et Lettres – PSL Research University Paris,France,attr|the
uni_f445b3a42b,Paul Valéry University Montpellier,France,attr|qs|qs_2024|qs_2025|qs_2027
uni_4eadf28814,Rennes School of Business,France,the
uni_9cd0b00d45,Sciences Po,France,attr|qs|qs_2024|qs_2025|qs_2027|the
uni_6d731f4dcc,Sorbonne University,France,arwu|attr|qs|qs_2024|qs_2025|qs_2027|the
uni_67d067dae4,"The University of Alabama, Tuscaloosa",France,arwu
uni_2ba8d34e8e,Universit de Bretagne Occidentale,France,qs_2027
uni_9ca0741835,University Paris 2 Panthéon-Assas,France,attr|qs|qs_2024|qs_2025
uni_c6b6e64e88,University of Bordeaux,France,arwu|attr|qs|qs_2024|qs_2025|qs_2027|the
uni_30ffbe9c4a,University of Clermont Auvergne,France,arwu|attr|the
uni_2bc00aaa23,University of Pau and Pays de l’Adour,France,attr|the
uni_b943a80b70,University of Technology of Compiègne,France,attr|the
uni_1dbfd5ac17,University of Technology of Troyes,France,attr|the
uni_42323d8323,University of Tours,France,attr|the
uni_d657055f76,Université Bourgogne Europe,France,qs_2027
uni_ad98f731f9,Université Claude Bernard Lyon 1,France,arwu|attr|qs|qs_2024|qs_2025|qs_2027|the
uni_64b7ccb35a,Université Côte d\'Azur,France,arwu|attr|qs|qs_2024|qs_2025|qs_2027|the
uni_d8d93541a3,Université Grenoble Alpes,France,arwu|attr|qs|qs_2024|qs_2025|qs_2027|the
uni_99b3143810,Université Jean Moulin Lyon 3,France,attr|qs|qs_2024|qs_2025|the
uni_678bd5c1e9,Université Lumière Lyon 2,France,attr|qs|qs_2024|qs_2025|qs_2027|the
uni_7d49aa6829,Université PSL,France,arwu|attr|qs|qs_2024|qs_2025|qs_2027
uni_7d2a21c0e5,Université Paris 1 Panthéon-Sorbonne,France,attr|qs|qs_2024|qs_2025|qs_2027|the
uni_caf4a9a37a,Université Paris Cité,France,arwu|attr|qs|qs_2024|qs_2025|qs_2027|the
uni_09324e64bf,Université Paris-Est Créteil Val de Marne,France,qs_2027
uni_3eff38dd94,Université Paris-Nanterre,France,attr|qs|qs_2024|qs_2025|qs_2027|the
uni_7c3d4ee119,Université Paris-Saclay,France,arwu|attr|qs|qs_2024|qs_2025|qs_2027|the
uni_425157e265,Université Paul Sabatier Toulouse III,France,attr|qs|qs_2024|qs_2025|qs_2027
uni_195d08fbb5,Université Polytechnique Hauts‑de‑France,France,attr|qs_2027|the
uni_930206a4ce,Université Sorbonne Nouvelle,France,attr|the
uni_14c65103f6,Université Sorbonne Paris Nord,France,attr|qs|qs_2024|qs_2025|qs_2027
uni_c5edf47e16,Université Toulouse - Jean Jaurès,France,qs_2027
uni_682cdec95d,Université Toulouse 1 Capitole,France,attr|qs|qs_2024|qs_2025
uni_a999e786e9,Université de Bretagne Occidentale,France,attr|the
uni_39e6cff77f,Université de Caen Normandie,France,attr|qs|qs_2024|qs_2025|qs_2027
uni_77d50c8f2d,Université de Franche-Comté,France,attr|qs|qs_2024|qs_2025|qs_2027|the
uni_90769d4d03,Université de Lille,France,arwu|attr|qs|qs_2024|qs_2025|qs_2027|the
uni_ea63c29c68,Université de Limoges,France,attr|qs|qs_2024|qs_2025|qs_2027
uni_71c9cc8c20,Université de Lorraine,France,arwu|attr|qs|qs_2024|qs_2025|qs_2027|the
uni_1dbe08327f,Université de Montpellier,France,attr|qs|qs_2024|qs_2025|qs_2027|the
uni_44499796e3,Université de Nantes,France,attr|qs|qs_2024|qs_2025|qs_2027|the
uni_11fbb6c2b4,Université de Poitiers,France,attr|qs|qs_2024|qs_2025|qs_2027|the
uni_caba7bbada,Université de Rennes,France,qs_2027
uni_1e8623ac3a,Université de Rennes 1,France,attr|qs|qs_2024|qs_2025|the
uni_26023ebc39,Université de Rouen Normandie,France,qs_2027
uni_79823194c1,Université de Strasbourg,France,attr|qs|qs_2024|qs_2025|qs_2027
uni_87a99bc14d,Université de Toulouse II-Le Mirail,France,attr|qs|qs_2024|qs_2025
uni_8530568256,Université du Littoral Côte d’Opale,France,the
uni_97018119c3,École Centrale de Lyon,France,attr|qs_2027|the
uni_59208ab43e,École Nationale des Travaux Publics de l'État (ENTPE),France,attr|the
uni_8f10c27054,École Normale Supérieure de Lyon,France,attr|qs|qs_2024|qs_2025|qs_2027|the
uni_157b49d29c,École des Mines de Saint-Étienne,France,attr|the
uni_39d635fd91,Caucasus International University,Georgia,the
uni_0872952705,European University,Georgia,the
uni_b3af4aa531,Georgian Technical University,Georgia,attr|qs|qs_2024|qs_2025|qs_2027|the
uni_741e2bb98b,Ilia State University,Georgia,attr|the
uni_73154b31ff,Ivane Javakhishvili Tbilisi State University,Georgia,attr|qs|qs_2024|qs_2025|qs_2027|the
uni_c5f444d906,Kutaisi University,Georgia,the
uni_0b3e75a0f2,Petre Shotadze Tbilisi Medical Academy,Georgia,the
uni_ef39a50fdb,"The University of Georgia, Tbilisi",Georgia,qs_2027
uni_fd156c7448,Albert-Ludwigs-Universitaet Freiburg,Germany,attr|qs|qs_2024|qs_2025|qs_2027
uni_d14503ec2a,Bergische Universität Wuppertal,Germany,qs_2027
uni_1978530506,Bielefeld University,Germany,arwu|attr|qs|qs_2024|qs_2025|qs_2027
uni_bba5b4288a,CBS International Business School,Germany,the
uni_47556796b6,Carl von Ossietzky Universität Oldenburg,Germany,qs_2027
uni_765503c708,Charité - Universitätsmedizin Berlin,Germany,attr|the
uni_cfd9a0626e,Christian-Albrechts-University zu Kiel,Germany,attr|qs|qs_2024|qs_2025|qs_2027
uni_f4ec3bac37,Constructor University Bremen,Germany,attr|the
uni_952b6c53bb,Eberhard Karls Universität Tübingen,Germany,attr|qs|qs_2024|qs_2025|qs_2027
uni_3210981118,Ernst-Moritz-Arndt-Universität Greifswald,Germany,qs_2027
uni_24fe38acc7,Freie Universitaet Berlin,Germany,attr|qs|qs_2024|qs_2025|qs_2027|the
uni_44f9fd32c0,Friedrich Schiller University Jena,Germany,attr|the
uni_0bc81f5995,Friedrich-Alexander-Universität Erlangen-Nürnberg,Germany,attr|qs|qs_2024|qs_2025|qs_2027
uni_aefa215af2,Goethe University Frankfurt,Germany,arwu|attr|the
uni_c3d8a7eca1,Goethe-University Frankfurt am Main,Germany,attr|qs|qs_2024|qs_2025|qs_2027
uni_f75361201d,Hamburg University of Technology,Germany,arwu|attr|the
uni_4fd9f09ccb,Heinrich Heine University Düsseldorf,Germany,attr|the
uni_47a38d7d83,Humboldt-Universität zu Berlin,Germany,attr|qs|qs_2024|qs_2025|qs_2027|the
uni_c3b4d466e7,Ilmenau University of Technology,Germany,attr|the
uni_af50aa0193,Johannes Gutenberg Universität Mainz,Germany,attr|qs|qs_2024|qs_2025|qs_2027|the
uni_abeb9a6e81,Julius-Maximilians-Universität Würzburg,Germany,attr|qs|qs_2024|qs_2025|qs_2027
uni_37e8902741,Justus-Liebig-University Giessen,Germany,attr|qs|qs_2024|qs_2025|qs_2027|the
uni_07c086f5da,"KIT, Karlsruhe Institute of Technology",Germany,arwu|attr|qs|qs_2024|qs_2025|qs_2027|the
uni_4e85f60884,LMU Munich,Germany,attr|the
uni_15b6b1df46,Leibniz University Hannover,Germany,arwu|attr|qs|qs_2024|qs_2025|qs_2027|the
uni_e65b73394f,Leuphana University of Lüneburg,Germany,attr|the
uni_2ce23ae220,Ludwig-Maximilians-Universität München,Germany,attr|qs|qs_2024|qs_2025|qs_2027
uni_42cfb7f9ae,Martin-Luther-Universität Halle-Wittenberg,Germany,attr|qs|qs_2024|qs_2025|qs_2027
uni_4f067a4d95,Medizinische Hochschule Hannover,Germany,the
uni_a72273574c,Otto-Friedrich-Universität Bamberg,Germany,qs_2027
uni_14db48ef3e,Otto-von-Guericke-Universität Magdeburg,Germany,attr|qs_2027|the
uni_23899dba9f,Philipps-Universität Marburg,Germany,attr|qs|qs_2024|qs_2025|qs_2027
uni_3166ddc785,Polytechnic University of Milan,Germany,arwu
uni_3ef94798e2,RWTH Aachen University,Germany,arwu|attr|qs|qs_2024|qs_2025|qs_2027|the
uni_6b7a5e9331,Rheinische Friedrich-Wilhelms-Universität Bonn,Germany,attr|qs|qs_2024|qs_2025|qs_2027
uni_6c99270fe3,Ruhr-Universität Bochum,Germany,arwu|attr|qs|qs_2024|qs_2025|qs_2027|the
uni_93c9b394de,Ruprecht-Karls-Universität Heidelberg,Germany,attr|qs|qs_2024|qs_2025
uni_e393bca74d,TU Braunschweig,Germany,attr|the
uni_93e3db077d,TU Dortmund University,Germany,attr|qs|qs_2024|qs_2025|qs_2027|the
uni_350fcd6bce,TU Dresden,Germany,attr|the
uni_38caa4f613,TUHH Hamburg University of Technology,Germany,qs_2027
uni_d02da07b2c,Technical University of Darmstadt,Germany,attr|qs|qs_2024|qs_2025|qs_2027|the
uni_ff84fe3072,Technical University of Munich,Germany,arwu|attr|qs|qs_2024|qs_2025|qs_2027|the
uni_19cea40af1,Technische Universität Bergakademie Freiberg,Germany,attr|qs|qs_2024|qs_2025|qs_2027
uni_2414c0740f,Technische Universität Berlin,Germany,arwu|attr|qs|qs_2024|qs_2025|qs_2027|the
uni_0b6bfd2f8a,Technische Universität Braunschweig,Germany,attr|qs|qs_2024|qs_2025|qs_2027
uni_16f5bc0ca5,Technische Universität Chemnitz,Germany,qs_2027
uni_069ec9640c,Technische Universität Dresden,Germany,attr|qs|qs_2024|qs_2025|qs_2027
uni_bd378aed12,Technische Universität Hamburg-Harburg,Germany,qs_2024
uni_9153a08233,Technische Universität Kaiserslautern,Germany,attr|qs|qs_2024|qs_2025
uni_db79908e84,University Duesseldorf,Germany,attr|qs|qs_2024|qs_2025|qs_2027
uni_81aad196f8,University Ulm,Germany,attr|qs|qs_2024|qs_2025|qs_2027|the
uni_c995206baa,University of Augsburg,Germany,arwu|qs_2027
uni_6905cdb9e2,University of Bayreuth,Germany,arwu|attr|qs|qs_2024|qs_2025|qs_2027|the
uni_57e2db0790,University of Bonn,Germany,arwu|attr|the
uni_a021066ac7,University of Cologne,Germany,arwu|attr|qs|qs_2024|qs_2025|qs_2027|the
uni_9b8c6ab4ab,University of Erlangen-Nuremberg,Germany,arwu|attr|the
uni_f168514ef7,University of Freiburg,Germany,arwu|attr|the
uni_48fc6adf11,University of Greifswald,Germany,attr|the
uni_346ed6b680,University of Göttingen,Germany,attr|qs|qs_2024|qs_2025|qs_2027|the
uni_1b43e45635,University of Hohenheim,Germany,arwu|attr|qs|qs_2024|qs_2025|qs_2027|the
uni_376db96103,University of Kaiserslautern,Germany,attr|the
uni_4cc6edf850,University of Kaiserslautern-Landau (RPTU),Germany,qs_2027
uni_904ab31a84,University of Kiel,Germany,attr|the
uni_d43d2016a4,University of Marburg,Germany,arwu|attr|the
uni_f9617f3b75,University of Munich,Germany,arwu
uni_e43b162bb2,University of Münster,Germany,attr|qs_2027|the
uni_ed0faa72c2,University of Passau,Germany,attr|qs_2027|the
uni_ca03fc95a8,University of Tübingen,Germany,arwu|attr|the
uni_0e648343ec,University of Wuppertal,Germany,arwu|attr|the
uni_610bfa0054,University of Würzburg,Germany,arwu|attr|the
uni_971680cfab,Universität Bremen,Germany,arwu|attr|qs|qs_2024|qs_2025|qs_2027|the
uni_84b69d7898,Universität Duisburg-Essen,Germany,attr|qs|qs_2024|qs_2025|qs_2027
uni_5814891b8e,Universität Hamburg,Germany,arwu|attr|qs|qs_2024|qs_2025|qs_2027|the
uni_00acdfcf16,Universität Heidelberg,Germany,arwu|attr|qs_2027|the
uni_821fda84c7,Universität Jena,Germany,attr|qs|qs_2024|qs_2025|qs_2027
uni_ee75622907,Universität Kassel,Germany,qs_2027
uni_46ec3eb9f4,Universität Konstanz,Germany,arwu|attr|qs|qs_2024|qs_2025|qs_2027|the
uni_dba48c18ad,Universität Leipzig,Germany,attr|qs|qs_2024|qs_2025|qs_2027
uni_d7d97c3620,Universität Mannheim,Germany,arwu|attr|qs|qs_2024|qs_2025|qs_2027|the
uni_c40ebf5932,Universität Paderborn,Germany,qs_2027
uni_570c8a09f4,Universität Potsdam,Germany,arwu|attr|qs|qs_2024|qs_2025|qs_2027|the
uni_ed42183aa3,Universität Regensburg,Germany,attr|qs|qs_2024|qs_2025|qs_2027
uni_389577504f,Universität Rostock,Germany,attr|qs|qs_2024|qs_2025|qs_2027
uni_49403bb6cc,Universität Siegen,Germany,attr|qs|qs_2024|qs_2025|qs_2027|the
uni_aa5d81c053,Universität Stuttgart,Germany,arwu|attr|qs|qs_2024|qs_2025|qs_2027|the
uni_5a845dbd44,Universität Trier,Germany,qs_2027
uni_46ed0b91e9,Universität des Saarlandes,Germany,arwu|attr|qs|qs_2024|qs_2025|qs_2027
uni_420f48fb26,WHU: Beisheim,Germany,the
uni_f528eb2125,Westfälische Wilhelms-Universität Münster,Germany,attr|qs|qs_2024|qs_2025
uni_8b5af90bb2,Westlake University,Germany,arwu
uni_300cad9ef4,Ho Technical University,Ghana,the
uni_45d3295196,Kumasi Technical University,Ghana,the
uni_1652c8a28b,Kwame Nkrumah University of Science and Technology,Ghana,attr|qs|qs_2024|qs_2025|qs_2027|the
uni_4ef564c32e,"Presbyterian University, Ghana",Ghana,the
uni_508a142595,University for Development Studies,Ghana,attr|the
uni_12bccbcf84,University of Cape Coast,Ghana,attr|the
uni_2f20ab95ce,University of Ghana,Ghana,arwu|attr|qs|qs_2024|qs_2025|qs_2027|the
uni_dbd67905d4,"University of Professional Studies, Accra",Ghana,the
uni_a9f797eb21,Aristotle University of Thessaloniki,Greece,arwu|attr|qs|qs_2024|qs_2025|qs_2027|the
uni_10e3ec28a9,Athens University of Economics and Business,Greece,attr|qs|qs_2024|qs_2025|qs_2027|the
uni_b4c2688f99,Democritus University of Thrace (DUTH),Greece,attr|qs_2027|the
uni_31848be638,Harokopio University of Athens,Greece,attr|the
uni_d55b5a2435,Hellenic Open University,Greece,attr|the
uni_ecbc12db6e,International Hellenic University,Greece,attr|the
uni_c567c26185,Ionian University,Greece,the
uni_3ab1a6a1aa,National Technical University of Athens,Greece,attr|qs|qs_2024|qs_2025|qs_2027|the
uni_2ca1569f6f,National and Kapodistrian University of Athens,Greece,arwu|attr|qs|qs_2024|qs_2025|qs_2027|the
uni_03c2176485,Panteion University of Social and Political Sciences,Greece,the
uni_35bcad9ddf,Shanxi University,Greece,arwu
uni_f47258e2ba,Technical University of Crete,Greece,attr|qs_2024|the
uni_6f84337f09,University of Crete,Greece,arwu|attr|qs|qs_2024|qs_2025|qs_2027|the
uni_6833ca6295,University of Ioannina,Greece,attr|qs|qs_2024|qs_2025|qs_2027|the
uni_7d8d33cdaa,University of Patras,Greece,arwu|attr|qs|qs_2024|qs_2025|qs_2027|the
uni_ae84d9aaea,University of Thessaly,Greece,qs_2027
uni_b4743c7b68,University of West Attica,Greece,attr|the
uni_a6eff13e9b,University of Western Macedonia,Greece,attr|the
uni_969e26506a,University of the Aegean,Greece,attr|qs_2027|the
uni_ec1dd4fbb8,University of the Peloponnese,Greece,attr|the
uni_e10f2242aa,Universidad de San Carlos de Guatemala,Guatemala,qs|qs_2027
uni_9a07acc3a3,Universidad de San Carlos de Guatemala - USAC,Guatemala,attr|qs_2024|qs_2025
uni_2570426bc2,Universidad del Valle de Guatemala (UVG),Guatemala,qs_2027
uni_a8fb794ff3,Universidad Nacional Autónoma de Honduras,Honduras,attr|qs|qs_2024|qs_2025
uni_58df5e5023,Universidad Tecnológica Centroamericana (UNITEC),Honduras,qs_2027
uni_107c4af3d9,City University of Hong Kong,Hong Kong SAR,attr|qs|qs_2024|qs_2025|the
uni_e21e517d69,Hong Kong Baptist University,Hong Kong SAR,attr|qs|qs_2024|qs_2025|the
uni_688fd660e3,"Lingnan University, Hong Kong",Hong Kong SAR,attr|qs|qs_2024|qs_2025
uni_4bb7ecbecc,The Chinese University of Hong Kong,Hong Kong SAR,attr|qs|qs_2024|qs_2025|the
uni_8224c5f0a6,The Hong Kong Polytechnic University,Hong Kong SAR,attr|qs|qs_2024|qs_2025|the
uni_1f650da542,The Hong Kong University of Science and Technology,Hong Kong SAR,attr|qs|qs_2024|qs_2025|the
uni_8e09e59708,The University of Hong Kong,Hong Kong SAR,attr|qs|qs_2024|qs_2025|the
uni_f8185df2c3,City University of Hong Kong (CityUHK),"Hong Kong SAR, China",qs_2027
uni_0b4b0bf353,Hong Kong Baptist University,"Hong Kong SAR, China",qs_2027
uni_4f3b6f617c,Hong Kong Metropolitan University,"Hong Kong SAR, China",qs_2027
uni_0f458772e8,Hong Kong Shue Yan University,"Hong Kong SAR, China",qs_2027
uni_99f2775a31,"Lingnan University, Hong Kong","Hong Kong SAR, China",qs_2027
uni_370d23b602,The Chinese University of Hong Kong (CUHK),"Hong Kong SAR, China",qs_2027
uni_acf7b74536,The Education University of Hong Kong,"Hong Kong SAR, China",arwu|qs_2027
uni_aa4dc08740,The Hong Kong Polytechnic University,"Hong Kong SAR, China",qs_2027
uni_b4645ef756,The Hong Kong University of Science and Technology,"Hong Kong SAR, China",qs_2027
uni_15afe204f0,The University of Hong Kong,"Hong Kong SAR, China",qs_2027
uni_00f0d7331f,University of Goettingen,"Hong Kong, China",arwu
uni_4c5f54e499,Budapest University of Technology and Economics,Hungary,arwu|attr|qs|qs_2024|qs_2025|qs_2027|the
uni_87599b56dd,Corvinus University of Budapest,Hungary,attr|qs|qs_2024|qs_2025
uni_3f64d167d1,Eötvös Loránd University,Hungary,arwu|attr|qs|qs_2024|qs_2025|qs_2027|the
uni_914e3c876c,Hungarian University of Agriculture and Life Sciences,Hungary,attr|qs|qs_2024|qs_2025|the
uni_801a847829,John von Neumann University,Hungary,the
uni_bc8e429c50,MATE Hungarian University of Agriculture and Life Sciences,Hungary,qs_2027
uni_1048df653f,Semmelweis University,Hungary,arwu|attr|the
uni_706d69f63e,Széchenyi István University,Hungary,attr|qs|qs_2024|qs_2025|qs_2027|the
uni_7bdda53162,University of Debrecen,Hungary,attr|qs|qs_2024|qs_2025|qs_2027|the
uni_e74327cdd7,University of Miskolc,Hungary,attr|qs|qs_2024|qs_2025|qs_2027|the
uni_5dcac38e0b,University of Pannonia,Hungary,attr|qs|qs_2024|qs_2025|qs_2027|the
uni_f02e449752,University of Pecs,Hungary,attr|qs|qs_2024|qs_2025|qs_2027|the
uni_7473c2e8d0,University of Sopron,Hungary,the
uni_89b9291e28,University of Szeged,Hungary,arwu|attr|qs|qs_2024|qs_2025|qs_2027|the
uni_e90397780c,Óbuda University,Hungary,attr|qs|qs_2024|qs_2025|qs_2027|the
uni_1e865a9b75,Reykjavík University,Iceland,attr|the
uni_13e6dc3688,University of Iceland,Iceland,arwu|attr|qs|qs_2024|qs_2025|qs_2027|the
uni_b96fc8bd58,Acharya Nagarjuna University,India,attr|the
uni_ff7be5659c,Ajeenkya DY Patil University,India,the
uni_40f5f1f49f,Alagappa University,India,attr|the
uni_f1ab082e3c,Aligarh Muslim University,India,attr|qs|qs_2024|qs_2025|qs_2027|the
uni_700c625d1f,Amity University,India,attr|qs|qs_2024|qs_2025|qs_2027|the
uni_c2a078ed21,"Amity University Rajasthan, Jaipur",India,the
uni_b7b5a3e840,"Amity University, Chhattisgarh",India,the
uni_44db8e229c,"Amity University, Gurugram",India,the
uni_11bbf0044c,"Amity University, Gwalior",India,the
uni_efd4870e57,"Amity University, Mumbai",India,the
uni_3d1d733c6e,Amrita Vishwa Vidyapeetham,India,attr|qs|qs_2024|qs_2025|qs_2027|the
uni_c848bdeef8,Andhra University,India,attr|the
uni_cae55e0fee,Anna University,India,attr|qs|qs_2024|qs_2025|qs_2027|the
uni_3001fcbdf5,Annamalai University,India,attr|the
uni_4763203e9b,B. S. Abdur Rahman Crescent Institute of Science and Technology,India,attr|the
uni_85dfba7c67,Banaras Hindu University,India,arwu|attr|qs|qs_2024|qs_2025|qs_2027|the
uni_293ff53045,Banasthali University,India,attr|the
uni_d3f89c5ec0,Beijing Technology and Business University,India,arwu
uni_2c75e11ab6,Bharath Institute of Higher Education and Research,India,attr|the
uni_e41a6601a0,Bharathiar University,India,attr|qs_2027|the
uni_3c4213fd5c,Bharati Vidyapeeth University,India,attr|the
uni_8d6ee0569d,"Birla Institute of Technology and Science, Pilani",India,attr|qs|qs_2024|qs_2025|qs_2027|the
uni_a93e5cdd01,Centurion University of Technology and Management,India,the
uni_46d2e9609f,Chandigarh University,India,attr|qs|qs_2024|qs_2025|qs_2027
uni_e44f3df338,Chettinad Academy of Research and Education,India,the
uni_d7bfe2a345,Chitkara University,India,attr|qs|qs_2024|qs_2025|qs_2027|the
uni_a0fff68d53,Christ University Bengaluru India,India,attr|the
uni_416c9236da,Cochin University of Science and Technology,India,attr|the
uni_b7ed8bea1b,Delhi Technological University,India,attr|the
uni_b675752ec4,Don Bosco University,India,the
uni_807c4c0772,Dr B.R. Ambedkar National Institute of Technology Jalandhar,India,attr|the
uni_086fb0e7d9,"Dr D. Y. Patil Vidyapeeth, Pune",India,the
uni_0e9aee1adb,Dr. M.G.R. Educational and Research Institute,India,the
uni_f2ed6efc15,GITAM University,India,attr|the
uni_d6aebca882,GLA University,India,attr|the
uni_c6b841442b,Galgotias University,India,qs_2027
uni_d232492d58,Gangadhar Meher University,India,the
uni_1470b735b1,Gauhati University,India,attr|the
uni_6315d6696f,Goa University,India,attr|the
uni_0c7de88b82,Graphic Era University,India,the
uni_90e5f4edae,Guru Ghasidas Vishwavidyalaya,India,attr|the
uni_d01666f00c,Guru Gobind Singh Indraprastha University,India,attr|qs|qs_2024|qs_2025|qs_2027
uni_9244a98488,Guru Jambheshwar University of Science and Technology,India,attr|the
uni_9ef707621c,Hindustan Institute of Technology and Science,India,attr|the
uni_26f68293ec,"ICFAI University, Dehradun",India,the
uni_47aa2b15ba,IFHE Hyderabad,India,the
uni_d1634a2076,"Indian Institute of Information Technology, Allahabad",India,attr|qs|qs_2025|qs_2027
uni_574323eccd,Indian Institute of Science,India,arwu|attr|qs|qs_2024|qs_2025|the
uni_e1354d6373,Indian Institute of Science (IISc) Bangalore,India,qs_2027
uni_61a5dc6f2e,Indian Institute of Science Education and Research Bhopal,India,attr|the
uni_2745cac5e2,Indian Institute of Science Education and Research Kolkata,India,attr|the
uni_b217fd044d,"Indian Institute of Science Education and Research, Pune",India,attr|the
uni_59feca0fa4,"Indian Institute of Technology (Indian School of Mines), Dhanbad",India,attr|qs_2027|the
uni_188185c05a,Indian Institute of Technology BHU Varanasi (IIT BHU Varanasi),India,qs_2027
uni_538843573b,Indian Institute of Technology Bhubaneswar,India,attr|qs|qs_2024|qs_2025|qs_2027
uni_a6f5bf7419,Indian Institute of Technology Bombay,India,arwu|attr|qs|qs_2024|qs_2025|qs_2027
uni_3070ce0c88,Indian Institute of Technology Delhi,India,arwu|attr|qs|qs_2024|qs_2025|qs_2027
uni_25031dd7e3,Indian Institute of Technology Gandhinagar (IITGN),India,attr|qs_2027|the
uni_a78b1ee4d6,Indian Institute of Technology Guwahati,India,attr|qs|qs_2024|qs_2025|qs_2027|the
uni_495f27304d,Indian Institute of Technology Hyderabad,India,attr|qs|qs_2024|qs_2025|qs_2027
uni_01c8bb2c4a,Indian Institute of Technology Indore,India,attr|qs|qs_2024|qs_2025|qs_2027
uni_dd889139d9,Indian Institute of Technology Kanpur,India,arwu|attr|qs|qs_2024|qs_2025|qs_2027
uni_80ebf998e3,Indian Institute of Technology Kharagpur,India,arwu|attr|qs|qs_2024|qs_2025|qs_2027
uni_37d0844325,Indian Institute of Technology Madras,India,arwu|qs|qs_2024|qs_2025|qs_2027
uni_491be6c2b6,Indian Institute of Technology Mandi,India,attr|the
uni_7fa50440ed,Indian Institute of Technology Patna,India,attr|the
uni_f9a9d78cb5,Indian Institute of Technology Roorkee,India,arwu|qs|qs_2024|qs_2025|qs_2027
uni_515dab5a63,Indian Institute of Technology Ropar,India,attr|the
uni_438a4bce1f,Indian Institute of Technology Varanasi,India,attr|qs|qs_2024|qs_2025
uni_3e1f194a94,Indian Statistical Institute,India,qs_2024
uni_4fcd132bcc,Indira Gandhi Delhi Technical University for Women,India,the
uni_b129d82d44,Indraprastha Institute of Information Technology Delhi,India,attr|the
uni_236d853aba,Institute of Chemical Technology,India,attr|the
uni_a5c417ca4f,"International Institute of Information Technology, Hyderabad",India,attr|the
uni_7b71d845fa,JSS Academy of Higher Education and Research,India,attr|the
uni_d450914d24,Jadavpur University,India,attr|qs|qs_2024|qs_2025|qs_2027|the
uni_283df7050a,Jamia Hamdard,India,attr|qs|qs_2024|qs_2025|qs_2027
uni_0ffc7dffbe,Jamia Hamdard University,India,attr|the
uni_5629058ca9,Jamia Millia Islamia,India,attr|qs|qs_2024|qs_2025|qs_2027|the
uni_c1070705ba,Jawaharlal Nehru Technological University Anantapur (JNTUA),India,attr|the
uni_ac253094aa,Jawaharlal Nehru University,India,attr|qs|qs_2024|qs_2025|qs_2027|the
uni_56e12fd076,Jaypee University of Information Technology,India,attr|the
uni_b39797ad97,KIIT University,India,attr|the
uni_31276957ab,KL University,India,attr|the
uni_40a5724c0c,KLE Technological University,India,the
uni_4926e9a392,KPR Institute of Engineering and Technology,India,the
uni_5d35cacaca,Kalasalingam Academy of Research and Education,India,attr|the
uni_ff928851bf,Kalinga Institute of Industrial Technology (KIIT) University,India,qs_2027
uni_2cfcd5eebd,Karnatak University Dharwad,India,attr|the
uni_e1ee4ae58e,Karunya Institute of Technology and Sciences,India,attr|the
uni_bbaa8f34a6,Lovely Professional University (LPU),India,attr|qs_2027|the
uni_40fea06ba2,M. Kumarasamy College of Engineering,India,the
uni_669e782a3c,Maharishi Markandeshwar University (MMU),India,attr|the
uni_4c33d93c69,Mahatma Gandhi University,India,attr|the
uni_7183f02d0f,Mahatma Jyotiba Phule Rohilkhand University,India,the
uni_32d6906209,Malaviya National Institute of Technology,India,attr|the
uni_f99e4a4a7e,Management Development Institute (MDI),India,the
uni_1c460b571a,Manipal Academy of Higher Education,India,arwu|attr|the
uni_667d25989b,"Manipal Academy of Higher Education, Manipal, Karnataka, India",India,attr|qs|qs_2024|qs_2025|qs_2027
uni_aff9d58470,Manipal University Jaipur,India,attr|the
uni_7463ad0003,Mizoram University,India,the
uni_3d431867fc,National Institute of Technology Rourkela,India,attr|the
uni_931221d54b,National Institute of Technology Silchar,India,attr|the
uni_acc8c514ea,National Institute of Technology Srinagar,India,attr|the
uni_fb6b8046e9,National Institute of Technology Tiruchirappalli,India,attr|qs|qs_2024|qs_2025|qs_2027|the
uni_77f70a58d1,National Institute of Technology Warangal,India,attr|the
uni_6d4a46f9ca,Netaji Subhas University of Technology,India,the
uni_224b527a37,New York University Abu Dhabi,India,arwu
uni_2f00867c07,Nitte (Deemed to be University),India,the
uni_19c620c3d8,O.P. Jindal Global University,India,attr|qs|qs_2024|qs_2025|qs_2027|the
uni_2ee35aa063,OSMANIA UNIVERSITY,India,attr|qs|qs_2024|qs_2025|the
uni_fcfad25d3b,PSG College of Technology,India,attr|the
uni_7502400f5b,Panjab University,India,attr|qs|qs_2024|qs_2025|the
uni_ff6e590a08,"Panjab University, Chandigarh",India,qs_2027
uni_92f600326a,Pondicherry University,India,attr|qs|qs_2024|qs_2025|qs_2027|the
uni_e68dc6ae0e,Presidency University,India,the
uni_3c09f004e4,Qingdao Agricultural University,India,arwu
uni_60bb36369b,R V College of Engineering,India,attr|the
uni_92c4b50d75,REVA University,India,attr|the
uni_0de1902201,SASTRA University,India,attr|the
uni_026a1425a1,SRM INSTITUTE OF SCIENCE AND TECHNOLOGY,India,arwu|attr|qs|qs_2024|qs_2025|qs_2027|the
uni_f0b51bb4db,Sathyabama Institute of Science and Technology,India,attr|qs|qs_2024|qs_2025|qs_2027|the
uni_7cd25aac08,"Saveetha Institute of Medical And Technical Sciences (SIMATS) , Tamil Nadu,India",India,qs_2027
uni_b88abbb598,Saveetha Institute of Medical and Technical Sciences,India,attr|qs|qs_2025|the
uni_fddc0ccd0c,Savitribai Phule Pune University,India,attr|qs|qs_2024|qs_2025|qs_2027|the
uni_1098e1eaf6,"Shiv Nadar University, Delhi NCR",India,qs_2027
uni_82ecfea2ff,Shoolini University of Biotechnology and Management Sciences,India,attr|qs|qs_2024|qs_2025|qs_2027|the
uni_19c12ceb01,Shri Mata Vaishno Devi University,India,attr|the
uni_407cabdaf0,Siksha 'O' Anusandhan,India,attr|qs|qs_2024|qs_2025|qs_2027|the
uni_cd27d7db15,Sri Balaji Vidyapeeth,India,the
uni_42202484d8,Sri Venkateswara University,India,attr|the
uni_11b8338c27,Symbiosis International,India,attr|qs|qs_2025|qs_2027|the
uni_03711279c5,Tamil Nadu Agricultural University,India,attr|the
uni_c3800050a1,Tata Institute of Fundamental Research,India,the
uni_23601416c3,Teerthanker Mahaveer University,India,the
uni_5155e10f1b,Tezpur University,India,attr|the
uni_b6e984cc7b,Thapar Institute of Engineering & Technology,India,attr|qs|qs_2024|qs_2025|qs_2027|the
uni_436788ba69,The LNM Institute of Information Technology,India,the
uni_2b6a25ada6,Thiagarajar College of Engineering,India,attr|the
uni_30dd9371b6,UPES,India,attr|qs_2027|the
uni_5956a8ce8f,University of Calcutta,India,arwu|attr|qs|qs_2024|qs_2025|qs_2027|the
uni_6477be602a,University of Delhi,India,arwu|attr|qs|qs_2024|qs_2025|qs_2027|the
uni_71d73a5db4,University of Hyderabad,India,attr|qs|qs_2024|qs_2025|qs_2027
uni_695ef389ea,University of Lucknow,India,attr|the
uni_195afc9dcc,University of Madras,India,qs_2024
uni_faad51ad91,University of Mumbai,India,attr|qs|qs_2024|qs_2025|qs_2027
uni_5388c01d61,University of Mysore,India,attr|the
uni_571ff2a440,University of Petroleum and Energy Studies,India,attr|qs|qs_2024|qs_2025
uni_ea513138fc,VIT University,India,attr|the
uni_23f014aaf7,Vellore Institute of Technology,India,arwu|attr|qs|qs_2024|qs_2025|qs_2027
uni_5b2ff8a059,Veltech University,India,attr|the
uni_5bc6d89868,"Vignan’s Foundation for Science, Technology and Research",India,attr|the
uni_7efaa564b3,Vinayaka Mission’s Research Foundation,India,the
uni_2c06af349b,"Visvesvaraya National Institute of Technology, Nagpur",India,attr|the
uni_ea7ea0b5a1,Visvesvaraya Technological University,India,the
uni_d0f8ebf4c8,Airlangga University,Indonesia,attr|qs|qs_2024|qs_2025|qs_2027|the
uni_e304a357ee,Atma Jaya Catholic University Jakarta,Indonesia,attr|qs|qs_2024|qs_2025
uni_4b43c1b8af,BINUS University,Indonesia,attr|the
uni_5979db044a,Bakrie University,Indonesia,the
uni_73a7e1caf1,Bandung Institute of Technology,Indonesia,attr|qs|qs_2024|qs_2025|the
uni_6f1208f471,Bina Nusantara University,Indonesia,attr|qs|qs_2024|qs_2025|qs_2027
uni_3762cd64e9,Diponegoro University,Indonesia,attr|qs|qs_2024|qs_2025|qs_2027|the
uni_069ed91b1b,Gadjah Mada University,Indonesia,attr|qs|qs_2024|qs_2025|qs_2027|the
uni_cc3086fadc,IPB University (a.k.a. Bogor Agricultural University),Indonesia,attr|qs|qs_2024|qs_2025|qs_2027|the
uni_792fc57ed1,Institut Teknologi Bandung (ITB),Indonesia,qs_2027
uni_044a02dbee,Institut Teknologi Nasional Bandung (ITENAS Bandung),Indonesia,the
uni_0078822231,Institut Teknologi Sepuluh Nopember,Indonesia,attr|qs|qs_2024|qs_2025|qs_2027|the
uni_7e5458bc28,Islamic University of Indonesia,Indonesia,attr|the
uni_c7e11a0af0,Jember University,Indonesia,attr|the
uni_8357b42b80,Satya Wacana Christian University,Indonesia,the
uni_f951086463,State University of Malang,Indonesia,attr|qs|qs_2024|qs_2025|the
uni_4d5471a27e,Telkom University,Indonesia,attr|qs|qs_2024|qs_2025|qs_2027|the
uni_5109abd6b5,UIN Sulthan Thaha Saifuddin Jambi,Indonesia,the
uni_bdd58489a0,Udayana University,Indonesia,attr|qs|qs_2024|qs_2025
uni_8d75d4f733,Universitas Ahmad Dahlan,Indonesia,the
uni_3c95cc76ff,Universitas Andalas,Indonesia,attr|qs|qs_2024|qs_2025|qs_2027|the
uni_36db2456c1,Universitas Brawijaya,Indonesia,attr|qs|qs_2024|qs_2025|qs_2027|the
uni_f0946da921,Universitas Hasanuddin,Indonesia,attr|qs|qs_2024|qs_2025|qs_2027|the
uni_2993c40ae2,Universitas Indonesia,Indonesia,attr|qs|qs_2024|qs_2025|qs_2027|the
uni_00573f9dd5,Universitas Islam Indonesia,Indonesia,qs|qs_2024|qs_2025
uni_ba08ade616,Universitas Islam Sultan Agung,Indonesia,the
uni_5e358c0561,Universitas Kristen Petra,Indonesia,attr|qs|qs_2024|qs_2025
uni_5bfddd443f,Universitas Mercu Buana,Indonesia,the
uni_6a567c83ed,Universitas Muhammadiyah Surakarta,Indonesia,attr|qs|qs_2024|qs_2025
uni_b847024113,Universitas Muhammadiyah Yogyakarta,Indonesia,attr|qs|qs_2024|qs_2025|qs_2027|the
uni_3c79112de4,Universitas Negeri Padang,Indonesia,qs_2027
uni_cc921a8ad3,Universitas Negeri Surabaya,Indonesia,attr|the
uni_f3160283fa,Universitas Negeri Yogyakarta,Indonesia,qs_2027
uni_c3fe98f1c6,Universitas Padjadjaran,Indonesia,attr|qs|qs_2024|qs_2025|qs_2027|the
uni_56bf6cd42c,Universitas Pendidikan Indonesia,Indonesia,attr|qs|qs_2024|qs_2025|qs_2027|the
uni_155ed6328a,Universitas Sebelas Maret,Indonesia,attr|qs|qs_2024|qs_2025|qs_2027|the
uni_9673c7e145,Universitas Sriwijaya,Indonesia,attr|the
uni_daa1a4c83c,Universitas Sumatera Utara,Indonesia,attr|qs|qs_2024|qs_2025|qs_2027|the
uni_303fd73631,Universitas Syiah Kuala,Indonesia,attr|the
uni_118816788e,Universitas Trisakti (USAKTI),Indonesia,qs_2027
uni_53cddb4b6a,University of Lampung,Indonesia,attr|qs|qs_2024|qs_2025|the
uni_b4179f0a0a,University of Mataram,Indonesia,qs|qs_2024|qs_2025|the
uni_a7a31b9e21,Yogyakarta State University,Indonesia,attr|qs|qs_2024|qs_2025|the
uni_7604e92f44,Ahvaz Jundishapur University of Medical Sciences (AJUMS),Iran,attr|the
uni_19051eddbf,Allameh Tabataba ’i University,Iran,attr|the
uni_3d984ac1ec,Alzahra University,Iran,attr|the
uni_80c30099f5,Arak University,Iran,attr|the
uni_578432203f,Arak University of Medical Sciences,Iran,attr|the
uni_c2d4f6f223,Azarbaijan Shahid Madani University,Iran,attr|the
uni_99b130afb5,Babol Noshirvani University of Technology,Iran,attr|the
uni_a6d5f5e0d6,Babol University of Medical Sciences,Iran,attr|the
uni_5c831f4811,Bu-Ali Sina University,Iran,attr|the
uni_211e7a3355,Damghan University,Iran,attr|the
uni_10c09789b0,Daneshpajoohan Pishro Higher Education Institute,Iran,the
uni_7472cb306c,Gorgan University of Agricultural Sciences and Natural Resources,Iran,attr|the
uni_6e3153de03,Guilan University of Medical Sciences,Iran,attr|the
uni_d6a535f872,Hakim Sabzevari University,Iran,attr|the
uni_f4a8a4aa73,Ilam University,Iran,attr|the
uni_a57f8ee22b,Ilam University of Medical Sciences,Iran,attr|the
uni_0731dd0185,Imam Khomeini International University,Iran,attr|the
uni_9b5b0d4aaf,Iran University of Medical Sciences,Iran,arwu|attr|the
uni_efa8c2d6be,Isfahan University of Medical Sciences,Iran,attr|the
uni_a1fed12b06,K.N. Toosi University of Technology,Iran,attr|the
uni_4af4073f50,Kashan University of Medical Sciences and Health Services,Iran,attr|the
uni_2c970520a8,Kerman University of Medical Sciences,Iran,attr|the
uni_243c234c51,Kharazmi University,Iran,attr|the
uni_51f2918707,Kurdistan University of Medical Sciences,Iran,attr|the
uni_35af2e70a0,Lorestan University,Iran,attr|the
uni_4bcb91169c,Mashhad University of Medical Sciences,Iran,attr|the
uni_6ba3cca822,Mazandaran University of Medical Sciences,Iran,attr|the
uni_ee0b2ebe39,Payame Noor University,Iran,attr|the
uni_e3deba05a4,Persian Gulf University,Iran,attr|the
uni_65b5580fc8,Petroleum University of Technology,Iran,the
uni_f9af44ff92,Qazvin University of Medical Sciences,Iran,attr|the
uni_318a4e43ca,Qom University of Medical Sciences,Iran,attr|the
uni_40962d71e8,Razi University,Iran,attr|the
uni_2e50dfa3e3,Sahand University of Technology,Iran,attr|the
uni_0e1425327a,Semnan University,Iran,attr|the
uni_1b1713f7b1,Semnan University of Medical Sciences and Health Services,Iran,attr|the
uni_5f1f3a1ce4,Shahed University,Iran,attr|the
uni_c9f53f31aa,Shahid Bahonar University of Kerman,Iran,attr|the
uni_92124e5d07,Shahid Beheshti University of Medical Sciences,Iran,arwu|attr|the
uni_da892aa1b5,Shahid Sadoughi University of Medical Sciences,Iran,attr|the
uni_fead72d25c,Shahrekord University,Iran,attr|the
uni_d6ddf865a1,Shahrekord University of Medical Sciences,Iran,attr|the
uni_788e53fb13,Shahrood University of Technology,Iran,attr|the
uni_9cf64fb98f,Shiraz University of Medical Sciences,Iran,attr|the
uni_5e9ab7f0b1,Shiraz University of Technology,Iran,attr|the
uni_ac17e5cccb,Tabriz University of Medical Sciences,Iran,attr|the
uni_cf653a15a5,Tehran University of Medical Sciences,Iran,arwu|attr|the
uni_953fd0cb07,University of Birjand,Iran,attr|the
uni_7b87c79479,University of Guilan,Iran,attr|the
uni_72ca286097,University of Hormozgan,Iran,attr|the
uni_ce652edd79,University of Kashan,Iran,attr|the
uni_81c29d9ab7,University of Kurdistan,Iran,attr|the
uni_bedd1dba4a,University of Maragheh,Iran,attr|the
uni_05e59f2c86,University of Mazandaran,Iran,attr|the
uni_f9a864a818,University of Mohaghegh Ardabili,Iran,attr|the
uni_035e2acbdb,University of Qom,Iran,attr|the
uni_31b4224c6e,University of Sistan and Baluchestan,Iran,attr|the
uni_f7fe97c937,University of Social Welfare and Rehabilitation Sciences,Iran,attr|the
uni_956d92af8f,University of Zanjan,Iran,attr|the
uni_c93015451e,Urmia University,Iran,attr|the
uni_e8aaa906ff,Urmia University of Medical Sciences,Iran,attr|the
uni_2cf535163d,Urmia University of Technology,Iran,attr|the
uni_46e6376e74,Yasouj University,Iran,attr|the
uni_22bd1c26ec,Yazd University,Iran,attr|the
uni_fdf3ca49cf,Zanjan University of Medical Sciences,Iran,attr|the
uni_04b9dbad1a,​Shahid Chamran University of Ahvaz,Iran,attr|the
uni_86bd6f49af,Islamic Azad University,Iran (Islamic Republic of),qs_2027
uni_2aaad576f2,University of Isfahan,Iran (Islamic Republic of),attr|qs_2027|the
uni_0db6e3393d,Amirkabir University of Technology,"Iran, Islamic Republic of",attr|qs|qs_2024|qs_2025|qs_2027|the
uni_a8d3a12778,Ferdowsi University of Mashhad,"Iran, Islamic Republic of",attr|qs|qs_2024|qs_2025|qs_2027|the
uni_cd208a284f,Iran University of Science and Technology,"Iran, Islamic Republic of",attr|qs|qs_2024|qs_2025|qs_2027|the
uni_e377fe0aa0,Isfahan University of Technology,"Iran, Islamic Republic of",attr|qs|qs_2025|qs_2027|the
uni_a41846c09a,Shahid Beheshti University,"Iran, Islamic Republic of",attr|qs|qs_2024|qs_2025|qs_2027
uni_81616e61cb,Sharif University of Technology,"Iran, Islamic Republic of",arwu|attr|qs|qs_2024|qs_2025|qs_2027|the
uni_a4311c4b05,Shiraz University,"Iran, Islamic Republic of",attr|qs|qs_2024|qs_2025|qs_2027|the
uni_95d6ecbab1,University of Tabriz,"Iran, Islamic Republic of",attr|qs|qs_2025|qs_2027|the
uni_e2f439ad4a,University of Tehran,"Iran, Islamic Republic of",arwu|attr|qs|qs_2024|qs_2025|qs_2027|the
uni_7715aef3fb,Al Nahrain University,Iraq,attr|qs_2027|the
uni_9ec136cbbc,Al Safwa University College,Iraq,the
uni_28f38f98e5,Al Turath University,Iraq,the
uni_f460830f8e,Al-Ayen University,Iraq,the
uni_9a7eec9d0f,Al-Bayan University,Iraq,the
uni_a0bc8a5353,Al-Esraa University College,Iraq,the
uni_de38a44c3f,Al-Farabi University College,Iraq,the
uni_9beaf63de3,Al-Furat Al-Awsat Technical University,Iraq,the
uni_9cf8ec2242,Al-Karkh University of Science,Iraq,the
uni_642f9febb9,Al-Kitab University,Iraq,the
uni_6ae8ade0ae,Al-Maarif University College,Iraq,the
uni_5acc6419ca,Al-Manara College for Medical Sciences,Iraq,the
uni_927d9fa712,Al-Mustaqbal University,Iraq,the
uni_2280b0818e,Al-Muthanna University,Iraq,the
uni_375be1d400,Al-Nisour University College,Iraq,the
uni_f5b557fec1,Al-Noor University College,Iraq,the
uni_31c5c3ee19,Al-Qalam University College,Iraq,the
uni_1e316d3d4b,Al-Qasim Green University,Iraq,the
uni_0993d87ae7,Al-Rafidain University College,Iraq,the
uni_20787c0e96,Altoosi University College,Iraq,the
uni_e8f5e479b3,Ashur University College,Iraq,the
uni_6898512570,Bilad Alrafidain University College,Iraq,the
uni_dcd30c0acd,Catholic University in Erbil,Iraq,the
uni_24679bd55a,Cihan University Sulaimaniya,Iraq,the
uni_9cf1ddc7ed,Cihan University – Erbil,Iraq,the
uni_fb6968431f,Hawler Medical University,Iraq,the
uni_13d110b051,Hilla University College,Iraq,the
uni_8531e5dfa2,Imam Al-Kadhum College (IKC),Iraq,the
uni_648e3c535e,Jabir ibn Hayyan Medical University,Iraq,the
uni_5d288763b8,Knowledge University,Iraq,the
uni_dd6c111e7a,Koya University,Iraq,the
uni_634d25404a,Middle Technical University,Iraq,attr|the
uni_737af3882b,Mustansiriyah University,Iraq,attr|qs|qs_2024|qs_2025|qs_2027|the
uni_8846f66f2c,Ninevah University,Iraq,the
uni_a39fbd2890,Northern Technical University,Iraq,the
uni_3081401ceb,Osol Al-Deen University College,Iraq,the
uni_bbbcd9b6f7,Salahaddin University,Iraq,the
uni_6f98c3b051,Southern Technical University,Iraq,the
uni_c815c0d1b5,The Islamic University,Iraq,the
uni_cf91eea7a7,Tikrit University,Iraq,the
uni_1690f58689,Tishk International University,Iraq,qs_2027|the
uni_8ead92a07a,University of Al-Hamdaniya,Iraq,the
uni_0077e08eb8,University of Al-Qadisiyah,Iraq,attr|the
uni_2a6c4c929a,University of Alkafeel,Iraq,the
uni_d4828c59f9,University of Anbar,Iraq,attr|qs_2027|the
uni_323fa9c2e1,University of Babylon,Iraq,attr|qs|qs_2024|qs_2025|the
uni_e8dbdbe8ca,University of Baghdad,Iraq,attr|qs|qs_2024|qs_2025|qs_2027|the
uni_693e59eee0,University of Basrah,Iraq,attr|qs|qs_2024|qs_2025|the
uni_ac545176a6,University of Diyala,Iraq,attr|the
uni_289e2c8c98,University of Duhok,Iraq,the
uni_f3a1a779f4,University of Garmian,Iraq,the
uni_c0f37cf3e2,University of Human Development,Iraq,the
uni_ae26214564,University of Kerbala,Iraq,attr|qs_2027|the
uni_83532a9d70,University of Kirkuk,Iraq,the
uni_cc66a4309a,University of Kufa,Iraq,attr|qs|qs_2024|qs_2025|qs_2027|the
uni_ca75765e91,University of Misan,Iraq,the
uni_d742e08556,University of Mosul,Iraq,attr|the
uni_c3f8f3ebd3,"University of Technology, Iraq",Iraq,attr|the
uni_cc60b69655,University of Telafer,Iraq,the
uni_49d03cdd89,University of Thi-Qar,Iraq,the
uni_98f8828acb,University of Warith Alanbiyaa,Iraq,the
uni_c74b9c1d46,Uruk University,Iraq,the
uni_c97ae3ffdd,Wasit University,Iraq,the
uni_ec74f54541,Dublin City University,Ireland,attr|qs|qs_2024|qs_2025|qs_2027|the
uni_2c3dcb52b5,Maynooth University,Ireland,arwu|attr|qs|qs_2024|qs_2025|qs_2027|the
uni_6f88e88cb6,RCSI University of Medicine and Health Sciences,Ireland,arwu|attr|the
uni_02cb4dcbb2,Technological University Dublin,Ireland,attr|qs|qs_2024|qs_2025|qs_2027|the
uni_a583a29e01,Trinity College Dublin,Ireland,arwu|attr|the
uni_529b0448f3,"Trinity College Dublin, The University of Dublin",Ireland,attr|qs|qs_2024|qs_2025|qs_2027
uni_4574292d4f,University College Cork,Ireland,arwu|attr|qs|qs_2024|qs_2025|qs_2027|the
uni_c59329fa3f,University College Dublin,Ireland,arwu|attr|qs|qs_2024|qs_2025|qs_2027|the
uni_792f7b50bc,University of Galway,Ireland,arwu|attr|qs|qs_2024|qs_2025|qs_2027|the
uni_3bb7c4bec5,University of Limerick,Ireland,arwu|attr|qs|qs_2024|qs_2025|qs_2027|the
uni_c936d15ff9,University of Macau,Ireland,arwu
uni_b648c99efa,University of Perugia,Ireland,arwu
uni_553bf5c60a,Ariel University,Israel,attr|the
uni_98b2a659e2,Bar-Ilan University,Israel,arwu|attr|qs|qs_2024|qs_2025|qs_2027|the
uni_36a0b17208,Ben-Gurion University of The Negev,Israel,arwu|attr|qs|qs_2024|qs_2025|qs_2027|the
uni_ea97590579,"Ohio State University, Columbus",Israel,arwu
uni_b0ede483ae,Reichman University,Israel,attr|the
uni_ce1bccad50,Technion - Israel Institute of Technology,Israel,arwu|attr|qs|qs_2024|qs_2025|qs_2027|the
uni_6dd5e4b9df,Tel Aviv University,Israel,arwu|attr|qs|qs_2024|qs_2025|qs_2027|the
uni_bddc1076e8,The Hebrew University of Jerusalem,Israel,arwu|attr|qs|qs_2024|qs_2025|qs_2027|the
uni_e640305f2e,University of Haifa,Israel,arwu|attr|qs|qs_2024|qs_2025|qs_2027|the
uni_504e850cb9,Alma Mater Studiorum - University of Bologna,Italy,attr|qs|qs_2024|qs_2025|qs_2027
uni_f92380f695,Amedeo Avogadro University of Eastern Piedmont,Italy,attr|the
uni_306903c27a,Army Medical University,Italy,arwu
uni_cb191d2518,Ca' Foscari University of Venice,Italy,attr|qs|qs_2024|qs_2025|qs_2027|the
uni_7c56040f6c,Campus Bio-Medico University of Rome,Italy,attr|the
uni_f6777c7b72,Catania University,Italy,arwu|attr|qs|qs_2024|qs_2025|qs_2027|the
uni_75159aaa35,Catholic University of the Sacred Heart,Italy,arwu|attr|the
uni_fe23b362b4,Free University of Bozen-Bolzano,Italy,arwu|attr|qs|qs_2024|qs_2025|qs_2027|the
uni_40c34eda8f,Gabriele d‘Annunzio University,Italy,attr|the
uni_b638ea63d8,Humanitas University,Italy,arwu|attr|the
uni_8ac25df2fa,Kore University of Enna,Italy,attr|the
uni_bf938a0ff9,Marche Polytechnic University,Italy,arwu|attr|the
uni_29ae4b67ef,Politecnico di Bari,Italy,arwu|attr|qs|qs_2024|qs_2025|qs_2027
uni_0d75b3d5f0,Politecnico di Milano,Italy,attr|qs|qs_2024|qs_2025|qs_2027|the
uni_574215ba8a,Politecnico di Torino,Italy,attr|qs|qs_2024|qs_2025|qs_2027
uni_97a3afedf3,Polytechnic University of Bari,Italy,attr|the
uni_0b8633b137,Polytechnic University of Turin,Italy,arwu|attr|the
uni_a2cd3e6f4f,Sant’Anna School of Advanced Studies – Pisa,Italy,attr|the
uni_34032f45dd,Sapienza University of Rome,Italy,arwu|attr|qs|qs_2024|qs_2025|qs_2027|the
uni_89ab773677,Scuola Normale Superiore di Pisa,Italy,attr|the
uni_d8b2de6206,Thomas Jefferson University,Italy,arwu
uni_9a2bfc2def,Universit degli Studi della Campania Luigi Vanvitelli,Italy,qs_2027
uni_1b1b7ab056,Universit degli Studi di Perugia,Italy,qs_2027
uni_8f8b4b2b1a,Universita IULM,Italy,the
uni_e288adb0ae,Universita' Politecnica delle Marche,Italy,attr|qs|qs_2024|qs_2025|qs_2027
uni_96a2a57d3e,"Universita' degli Studi ""G. d'Annunzio"" Chieti Pescara",Italy,attr|qs|qs_2024|qs_2025|qs_2027
uni_679a787694,Universita' degli Studi del Molise,Italy,qs_2027
uni_bebfa0e89a,Universita' degli Studi dell'Aquila,Italy,qs_2027
uni_f8af585d58,Universita' degli Studi di Ferrara,Italy,arwu|attr|qs|qs_2024|qs_2025|qs_2027|the
uni_377c4470da,Universita' degli Studi di Sassari,Italy,attr|qs_2027|the
uni_532f01eff0,University of Bari,Italy,arwu|qs|qs_2024|qs_2025|qs_2027
uni_7bba7adcdf,University of Bari Aldo Moro,Italy,attr|the
uni_ed44497ffd,University of Bologna,Italy,arwu|attr|the
uni_27cc71342b,University of Brescia,Italy,attr|qs|qs_2024|qs_2025|qs_2027|the
uni_f265ac237b,University of Cagliari,Italy,arwu|qs_2027
uni_8c66746aac,University of Calabria,Italy,arwu|attr|qs|qs_2024|qs_2025|qs_2027|the
uni_19bf7189d9,University of Camerino (Unicam),Italy,attr|the
uni_e537719c53,University of Campania Luigi Vanvitelli,Italy,arwu|attr|the
uni_e8db9520fb,University of Cassino and Southern Lazio,Italy,qs_2027
uni_42f9f569ab,University of Florence,Italy,arwu|attr|qs|qs_2024|qs_2025|qs_2027|the
uni_d04a2e2998,University of Foggia,Italy,attr|the
uni_c9c6c199f4,University of Genoa,Italy,arwu|attr|qs|qs_2024|qs_2025|qs_2027|the
uni_44b332e578,University of Insubria,Italy,attr|the
uni_2e90cd387e,University of L’Aquila,Italy,attr|the
uni_74686a2ad3,University of Macerata (UNIMC),Italy,attr|the
uni_12b37f691a,University of Messina,Italy,arwu|attr|qs|qs_2024|qs_2025|qs_2027|the
uni_3fce60685e,University of Milan,Italy,arwu|attr|qs|qs_2024|qs_2025|qs_2027|the
uni_22ba1d1439,University of Milano-Bicocca,Italy,arwu|attr|qs|qs_2024|qs_2025|qs_2027|the
uni_c2f4170477,University of Modena and Reggio Emilia,Italy,arwu|attr|qs|qs_2024|qs_2025|qs_2027|the
uni_01dbb62b88,University of Naples - Federico II,Italy,arwu|attr|qs|qs_2024|qs_2025|qs_2027|the
uni_b710925fda,University of Naples Parthenope,Italy,attr|qs|qs_2024|qs_2025|qs_2027|the
uni_261dd762c1,University of Padua,Italy,arwu|attr|the
uni_092ea3e788,University of Palermo,Italy,arwu|attr|qs|qs_2024|qs_2025|qs_2027|the
uni_18d8ef01b8,University of Parma,Italy,arwu|attr|qs|qs_2024|qs_2025|qs_2027|the
uni_282d8c3634,University of Pisa,Italy,arwu|attr|qs|qs_2024|qs_2025|qs_2027|the
uni_0298b631e1,"University of Rome ""Tor Vergata""",Italy,arwu|attr|qs|qs_2024|qs_2025|qs_2027
uni_0758963f58,University of Rome II – Tor Vergata,Italy,attr|the
uni_ce5509e993,University of Rome III,Italy,attr|the
uni_d9a3d754e8,University of Salerno,Italy,arwu|attr|qs|qs_2024|qs_2025|qs_2027|the
uni_4657ab83ca,University of Sannio,Italy,attr|the
uni_9fbceeae11,University of Siena,Italy,arwu|attr|qs|qs_2024|qs_2025|qs_2027|the
uni_e508dee7da,University of Trento,Italy,arwu|attr|qs|qs_2024|qs_2025|qs_2027|the
uni_0c10143553,University of Trieste,Italy,arwu|attr|qs|qs_2024|qs_2025|qs_2027|the
uni_73ba200136,University of Turin,Italy,arwu|attr|qs|qs_2024|qs_2025|qs_2027|the
uni_ff9e9395bb,University of Urbino Carlo Bo,Italy,attr|the
uni_bd9b6ae8d7,Università Cattolica del Sacro Cuore,Italy,attr|qs|qs_2024|qs_2025|qs_2027
uni_2aa7c299fe,Università Vita-Salute San Raffaele,Italy,arwu|attr|qs|qs_2024|qs_2025|qs_2027|the
uni_7cc220ca9b,Università degli Studi della Tuscia (University of Tuscia),Italy,attr|qs|qs_2024|qs_2025|qs_2027|the
uni_c79d6e4553,Università degli Studi di Pavia,Italy,arwu|attr|qs|qs_2024|qs_2025|qs_2027|the
uni_a19e6a0fdb,Università degli Studi di Perugia,Italy,attr|qs|qs_2024|qs_2025
uni_8e80f3e7b7,Università degli Studi di Udine,Italy,attr|qs|qs_2024|qs_2025|qs_2027|the
uni_d4fd97d011,Università degli studi Roma Tre,Italy,attr|qs|qs_2024|qs_2025|qs_2027
uni_c193933bf4,Università degli studi di Bergamo,Italy,attr|qs|qs_2024|qs_2025|the
uni_323fd68f76,Università del Salento,Italy,attr|qs|qs_2024|qs_2025|qs_2027|the
uni_a101e55939,Università di Padova,Italy,attr|qs|qs_2024|qs_2025|qs_2027
uni_d2bf3d8455,Verona University,Italy,attr|qs|qs_2024|qs_2025|qs_2027|the
uni_98062d494b,The University of the West Indies,Jamaica,attr|the
uni_be7ae51229,Aichi Medical University,Japan,attr|the
uni_ab16f6b2e8,Aichi Prefectural University,Japan,the
uni_8e195af3eb,Akita Prefectural University,Japan,the
uni_3f95b5f3ce,Akita University,Japan,attr|the
uni_9a336f40b2,Aoyama Gakuin University,Japan,attr|qs|qs_2024|qs_2025|the
uni_12458049a8,Asahi University,Japan,the
uni_1dd21c29d9,Ashikaga University,Japan,the
uni_6336bd0e43,Bukkyo University,Japan,the
uni_00a8fec97f,Chiba Institute of Technology,Japan,attr|the
uni_a8b5084077,Chiba University,Japan,arwu|attr|qs|qs_2024|qs_2025|qs_2027|the
uni_792bc665c2,Chubu University,Japan,attr|the
uni_6a7360c212,Chuo University,Japan,attr|the
uni_372a527980,Dokkyo Medical University,Japan,attr|the
uni_f54f119c31,Doshisha University,Japan,attr|qs|qs_2024|qs_2025|qs_2027|the
uni_451db79985,Ehime University,Japan,attr|the
uni_5530c77021,Fujita Health University,Japan,attr|the
uni_d5fe600076,Fukuoka University,Japan,attr|the
uni_1ce0d5c76e,Fukushima University,Japan,the
uni_efbe59c7fe,Gifu University,Japan,attr|qs|qs_2024|qs_2025|qs_2027|the
uni_786c5a60e1,Gunma University,Japan,attr|qs|qs_2024|qs_2025|qs_2027|the
uni_85bd099170,Hagoromo University of International Studies,Japan,the
uni_c0c47bd75b,Hakuoh University,Japan,the
uni_822cd51511,Hamamatsu University School of Medicine,Japan,attr|the
uni_7d84a60e68,Hiroshima Institute of Technology,Japan,the
uni_d2879f75d2,Hiroshima International University,Japan,the
uni_12a5737224,Hiroshima Shudo University,Japan,the
uni_39c1346aba,Hiroshima University,Japan,arwu|attr|qs|qs_2024|qs_2025|qs_2027|the
uni_6bc940e65c,Hitotsubashi University,Japan,attr|qs|qs_2024|qs_2025|qs_2027|the
uni_113f75f8c9,Hokkaido University,Japan,arwu|attr|qs|qs_2024|qs_2025|qs_2027|the
uni_cde63e1e56,Hokkaido University of Science,Japan,the
uni_f6a1a37b24,Hosei University,Japan,attr|the
uni_270cb6f4f2,Hyogo Medical University,Japan,attr|the
uni_3de2316a7e,Hyogo University of Teacher Education,Japan,the
uni_98dc3cb9e7,Ibaraki University,Japan,attr|the
uni_bf6ffafc9d,Institute of Science Tokyo,Japan,arwu|qs_2027
uni_27200ebf73,International Christian University,Japan,attr|qs|qs_2024|qs_2025|qs_2027|the
uni_9f08faae31,Iwate University,Japan,attr|the
uni_312788900e,Japan Advanced Institute of Science and Technology (JAIST),Japan,the
uni_6a55347dcd,Japan University of Economics,Japan,the
uni_3539b740d3,Juntendo University,Japan,arwu|attr|the
uni_69fa5d3c4f,Kagawa University,Japan,attr|the
uni_ba1768a855,Kagoshima University,Japan,attr|qs|qs_2024|qs_2025|qs_2027|the
uni_4c7bfb0e9c,Kanagawa University,Japan,attr|the
uni_835a9ec7c8,Kanazawa Medical University,Japan,attr|the
uni_fe828349ab,Kanazawa University,Japan,arwu|attr|qs|qs_2024|qs_2025|qs_2027|the
uni_4106910e91,Kansai Medical University,Japan,attr|the
uni_26db63141b,Kansai University,Japan,attr|the
uni_25c102b9e8,Keio University,Japan,arwu|attr|qs|qs_2024|qs_2025|qs_2027|the
uni_dfd34f3741,Keisen University,Japan,the
uni_edca17a8f0,Kindai University,Japan,attr|qs|qs_2024|qs_2025|the
uni_1f2ba8a1d2,Kitami Institute of Technology,Japan,the
uni_d5c70e8fc9,Kitasato University,Japan,arwu|attr|the
uni_55f3a31355,Kobe Gakuin University,Japan,the
uni_622e90b145,Kobe University,Japan,arwu|attr|qs|qs_2024|qs_2025|qs_2027|the
uni_f05ead8703,Kochi University,Japan,attr|the
uni_3ac8d55383,Kochi University of Technology,Japan,attr|the
uni_ae844a7730,Kogakuin University,Japan,attr|the
uni_1d71b00970,Kokugakuin University,Japan,the
uni_c00eb19969,Konan University,Japan,the
uni_151b4b1e29,Konan Women’s University,Japan,the
uni_559b504762,Kumamoto University,Japan,arwu|attr|qs|qs_2024|qs_2025|qs_2027|the
uni_71769d1ec7,Kurume University,Japan,attr|the
uni_fa79a4f450,Kwansei Gakuin University,Japan,attr|qs|qs_2024|qs_2025|the
uni_8af2cd694d,Kyoai Gakuen University,Japan,the
uni_1756765219,Kyoto Institute of Technology,Japan,attr|qs|qs_2024|qs_2025|qs_2027|the
uni_7da0fb2f88,Kyoto Koka Women’s University,Japan,the
uni_09facd05df,Kyoto Notre Dame University,Japan,the
uni_ad0a02e57e,Kyoto Prefectural University of Medicine,Japan,attr|the
uni_631134159f,Kyoto Sangyo University,Japan,attr|the
uni_0c3a0cdb56,Kyoto University,Japan,arwu|attr|qs|qs_2024|qs_2025|qs_2027|the
uni_a1bd8a8e0f,Kyushu Institute of Technology,Japan,attr|qs|qs_2024|qs_2025|qs_2027|the
uni_698290d303,Kyushu University,Japan,arwu|attr|qs|qs_2024|qs_2025|qs_2027|the
uni_deaeab1a8a,Meiji University,Japan,attr|qs|qs_2024|qs_2025|qs_2027|the
uni_d2adff1bb6,Meijo University,Japan,attr|the
uni_ad456453c8,Meikai University,Japan,the
uni_4752f512bc,Mie University,Japan,attr|the
uni_f76bdf64cd,Mukogawa Women’s University,Japan,the
uni_5b2855388e,Muroran Institute of Technology,Japan,attr|the
uni_58cf6a2d7c,Musashino University,Japan,the
uni_f78955f24e,Nagaoka University of Technology,Japan,attr|the
uni_ac75e866c9,Nagasaki University,Japan,arwu|attr|qs|qs_2024|qs_2025|qs_2027|the
uni_da5aca674c,Nagoya City University,Japan,attr|the
uni_101591439d,Nagoya Institute of Technology,Japan,attr|qs|qs_2024|qs_2025|qs_2027|the
uni_0d4993c489,Nagoya University,Japan,arwu|attr|qs|qs_2024|qs_2025|qs_2027|the
uni_6e0de212f1,Nagoya University of Commerce & Business,Japan,the
uni_bbdc5125cf,Nara Institute of Science and Technology,Japan,qs_2024
uni_3dc488a2da,Nara Women’s University,Japan,attr|the
uni_8886ecba44,Nihon Pharmaceutical University,Japan,the
uni_d6ba66a46a,Niigata University,Japan,attr|qs|qs_2024|qs_2025|qs_2027|the
uni_64777554cf,Niigata University of Health and Welfare,Japan,the
uni_7a61d18e60,Nippon Medical School,Japan,attr|the
uni_9acf4320f0,Northwest A&F University,Japan,arwu
uni_0ea234a5f5,Ochanomizu University,Japan,attr|the
uni_6555da2529,Oita University,Japan,attr|the
uni_52cc85ec5c,Okayama University,Japan,arwu|attr|qs|qs_2024|qs_2025|qs_2027|the
uni_15389d848b,Osaka Institute of Technology,Japan,attr|the
uni_1b0690db77,Osaka Medical and Pharmaceutical University,Japan,attr|the
uni_0b9a1698f7,Osaka Metropolitan University,Japan,arwu|attr|qs|qs_2024|qs_2025|qs_2027|the
uni_8f0e9bf02f,Osaka University,Japan,arwu|attr|qs|qs_2024|qs_2025|qs_2027|the
uni_472e9f0983,Prefectural University of Hiroshima,Japan,the
uni_8f15563d6b,Rikkyo University,Japan,attr|qs|qs_2024|qs_2025|the
uni_50a315c026,Ritsumeikan Asia Pacific University,Japan,attr|qs|qs_2024|qs_2025|qs_2027|the
uni_e43257936a,Ritsumeikan University,Japan,attr|qs|qs_2024|qs_2025|qs_2027|the
uni_35b81ae782,Ryukoku University,Japan,attr|the
uni_c1e89cf3aa,Saga University,Japan,attr|the
uni_de32159be6,Saitama Medical University,Japan,attr|the
uni_5403f3f355,Saitama University,Japan,attr|qs|qs_2024|qs_2025|the
uni_9697fbdb07,Sapporo Medical University,Japan,attr|the
uni_f6f6edf389,Scuola Normale Superiore - Pisa,Japan,arwu
uni_da0f6026d8,Seisa Dohto University,Japan,the
uni_e62433b002,Senshu University,Japan,the
uni_96cfb670a7,Shibaura Institute of Technology,Japan,attr|qs|qs_2024|qs_2025|the
uni_b6d3b78f9c,Shiga University of Medical Science,Japan,attr|the
uni_296f500c78,Shimane University,Japan,attr|the
uni_0fef214834,Shinshu University,Japan,arwu|attr|qs|qs_2024|qs_2025|qs_2027|the
uni_b6d5980027,Shizuoka University,Japan,attr|the
uni_3b65260ef9,Shonan Institute of Technology,Japan,the
uni_c748929238,Showa University,Japan,attr|the
uni_b491e1467d,Sophia University,Japan,attr|qs|qs_2024|qs_2025|qs_2027|the
uni_23015a5cb7,St Luke’s International University,Japan,the
uni_7a0e8caab1,St Marianna University School of Medicine,Japan,attr|the
uni_c40217bb0d,Sugiyama Jogakuen University,Japan,the
uni_38d217d35f,Takushoku University,Japan,the
uni_14e613e7e2,Tama Art University,Japan,the
uni_12ce98d480,Teikyo Heisei University,Japan,the
uni_2f41769c97,Teikyo University,Japan,attr|the
uni_3528f09ac3,Tenri University,Japan,the
uni_b90a4452fd,"The Chinese University of Hong Kong, Shenzhen",Japan,arwu
uni_4fdc4d59ff,"The Graduate University for Advanced Studies, SOKENDAI",Japan,arwu|the
uni_c56b779391,The Jikei University School of Medicine,Japan,attr|the
uni_6525406f43,The University of Aizu,Japan,attr|the
uni_ad55dcc0c2,The University of Electro-Communications,Japan,attr|the
uni_c1d5c9632d,The University of Shiga Prefecture,Japan,the
uni_71c3fd805a,The University of Tokyo,Japan,arwu|attr|qs|qs_2024|qs_2025|qs_2027|the
uni_a266aeecbc,Tianjin Medical University,Japan,arwu
uni_789a8c60c1,Toho University,Japan,attr|the
uni_4bf800238b,Tohoku Gakuin University,Japan,the
uni_8d1e9e9050,Tohoku University,Japan,arwu|attr|qs|qs_2024|qs_2025|qs_2027|the
uni_d83a590af1,Tokai University,Japan,attr|qs|qs_2024|qs_2025|qs_2027|the
uni_b0ecfdd4f9,Tokushima University,Japan,arwu|attr|qs|qs_2024|qs_2025|qs_2027|the
uni_21ef86570b,Tokyo City University,Japan,attr|the
uni_b5242936fe,Tokyo Denki University,Japan,attr|the
uni_af66445f02,Tokyo Institute of Technology,Japan,attr|qs|qs_2024|qs_2025|the
uni_098db3a779,Tokyo Medical University,Japan,attr|the
uni_9a7b90f1cc,Tokyo Medical and Dental University,Japan,attr|qs|qs_2024|qs_2025|the
uni_f85f4f1674,Tokyo Metropolitan University,Japan,attr|qs|qs_2024|qs_2025|qs_2027|the
uni_9d8c550c5c,Tokyo University of Agriculture,Japan,attr|the
uni_79765b5e21,Tokyo University of Agriculture and Technology,Japan,arwu|attr|qs|qs_2024|qs_2025|qs_2027|the
uni_30dd766bd5,Tokyo University of Foreign Studies,Japan,the
uni_b04530bb07,Tokyo University of Marine Science and Technology,Japan,attr|the
uni_b03d3df943,Tokyo University of Science,Japan,arwu|attr|qs|qs_2024|qs_2025|qs_2027|the
uni_d0b4bba7f7,Tokyo University of Technology,Japan,the
uni_86730ae61b,Tottori University,Japan,attr|the
uni_231e7da517,Toyama Prefectural University,Japan,attr|the
uni_dcd4502624,Toyo University,Japan,attr|the
uni_1ccf817320,Toyohashi University of Technology (TUT),Japan,attr|the
uni_b8357f6675,Toyota Technological Institute in Japan,Japan,attr|qs_2024|the
uni_a8138dc1f7,University of Fukui,Japan,attr|the
uni_8b26d7e8f6,University of Hyogo,Japan,attr|the
uni_4b0c3b9410,University of Miyazaki,Japan,attr|the
uni_ebae1291e5,University of Niigata Prefecture,Japan,the
uni_8f65be3337,"University of Occupational and Environmental Health, Japan",Japan,attr|the
uni_5b172d2abf,University of Shizuoka,Japan,attr|the
uni_10f933174a,University of Toyama,Japan,attr|the
uni_6994d4af6c,University of Tsukuba,Japan,arwu|attr|qs|qs_2024|qs_2025|qs_2027|the
uni_905de607d9,University of Yamanashi,Japan,attr|the
uni_93fa22ddfd,University of the Ryukyus,Japan,attr|the
uni_4aa28340e2,Utsunomiya University,Japan,attr|the
uni_33b21325e8,Wakayama Medical University,Japan,attr|the
uni_2a2d41e539,Waseda University,Japan,arwu|attr|qs|qs_2024|qs_2025|qs_2027|the
uni_3b37ce7571,Yamagata University,Japan,attr|the
uni_c08e3af593,Yamaguchi Prefectural University,Japan,the
uni_6bd3ba971a,Yamaguchi University,Japan,attr|qs|qs_2024|qs_2025|the
uni_9aa4ac1970,Yokohama City University,Japan,arwu|attr|qs|qs_2024|qs_2025|qs_2027|the
uni_7c00c3adad,Yokohama National University,Japan,attr|qs|qs_2024|qs_2025|qs_2027|the
uni_64843e6788,Al al-Bayt University,Jordan,the
uni_9f16e6292e,Al-Ahliyya Amman University,Jordan,attr|qs|qs_2024|qs_2025|qs_2027|the
uni_46f56b1f38,Al-Balqa Applied University,Jordan,attr|qs|qs_2024|qs_2025|qs_2027|the
uni_2b8c614346,Al-Hussein Bin Talal University,Jordan,the
uni_076c7d9a5f,Al-Zaytoonah University of Jordan,Jordan,the
uni_0fafce36b5,American University of Madaba,Jordan,the
uni_4f627d7e3e,Amman Arab University,Jordan,qs_2027
uni_472baaa18f,Applied Science Private University - Jordan,Jordan,attr|qs|qs_2025|qs_2027|the
uni_0954c07a2a,German Jordanian University,Jordan,attr|qs|qs_2024|qs_2025|qs_2027|the
uni_c87bb7b365,Isra University,Jordan,the
uni_3e3a16e646,Jadara University,Jordan,qs_2027|the
uni_b06568b695,Jordan University of Science & Technology,Jordan,attr|qs|qs_2024|qs_2025|qs_2027|the
uni_0db5a456e0,Middle East University Jordan,Jordan,qs_2027|the
uni_5bba0a2518,Mutah University,Jordan,attr|qs|qs_2024|qs_2025|qs_2027|the
uni_e36ba81060,Philadelphia University (Jordan),Jordan,the
uni_9ea04c9172,Princess Sumaya University for Technology,Jordan,attr|qs|qs_2024|qs_2025|qs_2027
uni_19ee7fe307,Tafila Technical University,Jordan,the
uni_810a1e7d42,The Hashemite University,Jordan,attr|qs|qs_2024|qs_2025|qs_2027|the
uni_0b735d6709,The World Islamic Sciences and Education University (WISE),Jordan,the
uni_4333eed8de,University of Jordan,Jordan,attr|qs|qs_2024|qs_2025|qs_2027|the
uni_229edea11a,University of Petra,Jordan,qs_2027|the
uni_13e5cb65c9,Yarmouk University,Jordan,attr|qs|qs_2024|qs_2025|qs_2027|the
uni_0e02a105af,Zarqa University (ZU),Jordan,qs_2027|the
uni_9335c19c39,Abai Kazakh National Pedagogical University,Kazakhstan,attr|qs|qs_2024|qs_2025|qs_2027|the
uni_fe30051079,Abylkas Saginov Karaganda Technical University,Kazakhstan,qs_2027
uni_6efc4dc557,Akhmet Yassawi University,Kazakhstan,the
uni_dcf0120b09,Al-Farabi Kazakh National University,Kazakhstan,attr|qs|qs_2024|qs_2025|qs_2027|the
uni_f1b37917c0,Almaty Technological University,Kazakhstan,attr|qs|qs_2024|qs_2025|qs_2027|the
uni_2d44314119,Asfendiyarov Kazakh National Medical University,Kazakhstan,qs_2027|the
uni_b4a728019b,Atyrau University,Kazakhstan,the
uni_054b251bc4,Auezov South Kazakhstan University,Kazakhstan,attr|qs|qs_2024|qs_2025|qs_2027
uni_dc067c5dba,Civil Aviation Academy,Kazakhstan,the
uni_e5dbb5e010,D. Serikbayev East Kazakhstan Technical University,Kazakhstan,qs_2027|the
uni_84330d1442,D. Serikbayev East Kazakhstan state technical university,Kazakhstan,attr|qs|qs_2024|qs_2025
uni_8e395086bc,Dulaty University,Kazakhstan,the
uni_742134f108,International Engineering and Technology University (METU),Kazakhstan,the
uni_02ccf42fb7,International IT University,Kazakhstan,the
uni_2f939f1b42,K. Zhubanov Aktobe Regional University,Kazakhstan,the
uni_149980e489,Karaganda Buketov University,Kazakhstan,attr|qs|qs_2024|qs_2025|the
uni_f79b596081,Karaganda State Technical University,Kazakhstan,qs|qs_2024|qs_2025
uni_2a4683dad3,Karaganda University of Kazpotrebsoyuz,Kazakhstan,the
uni_9d81c05b84,Kazakh Ablai Khan University of International Relations and World Languages,Kazakhstan,attr|qs|qs_2024|qs_2025|qs_2027
uni_20265f32fd,Kazakh National Agrarian Research University (KazNARU),Kazakhstan,qs_2027
uni_c53e622d42,Kazakh National Agrarian University KazNAU,Kazakhstan,attr|qs|qs_2024|qs_2025
uni_c02dd42572,Kazakh National Women’s Teacher Training University,Kazakhstan,the
uni_ddc6d3b3d2,Kazakh-British Technical University,Kazakhstan,attr|qs|qs_2024|qs_2025|qs_2027|the
uni_311b5fcdef,Kazakhstan Medical University KSPH,Kazakhstan,the
uni_961961f18e,Khoja Akhmet Yassawi International Kazakh-Turkish University,Kazakhstan,attr|qs|qs_2024|qs_2025|qs_2027
uni_8ef7ed6965,Kokshetau State University,Kazakhstan,the
uni_3ea4aecb41,Korkyt Ata Kyzylorda University,Kazakhstan,attr|qs|qs_2024|qs_2025
uni_1b678dfdb2,L.N. Gumilyov Eurasian National University,Kazakhstan,attr|qs|qs_2024|qs_2025|qs_2027|the
uni_ec58409663,M. Auezov South Kazakhstan University,Kazakhstan,the
uni_ecb991cfae,M.Kh. Dulaty Taraz Regional University,Kazakhstan,attr|qs|qs_2024|qs_2025
uni_cfb5c3171e,Margulan University,Kazakhstan,the
uni_927363fbd4,NJSC KIMEP University,Kazakhstan,attr|qs|qs_2024|qs_2025
uni_efa9cd41d1,NLC «Buketov Karaganda National Research University»,Kazakhstan,qs_2027
uni_7f26ff575d,Narxoz University,Kazakhstan,attr|qs|qs_2024|qs_2025|qs_2027|the
uni_03cafe873f,Nazarbayev University,Kazakhstan,attr|the
uni_1e18a7f560,S.D. Asfendiyarov Kazakh National Medical University,Kazakhstan,attr|qs|qs_2024|qs_2025
uni_f41a0f816d,Saken Seifullin Kazakh Agrotechnical Research University,Kazakhstan,qs_2027
uni_a024017f5d,Saken Seifullin Kazakh Agrotechnical University,Kazakhstan,attr|qs|qs_2024|qs_2025
uni_927be55a83,Sarsen Amanzholov East Kazakhstan University,Kazakhstan,the
uni_699c44fd91,Satbayev University,Kazakhstan,attr|qs|qs_2024|qs_2025|qs_2027|the
uni_86cf732756,"Suleyman Demirel University, Kazakhstan",Kazakhstan,attr|qs|qs_2024|qs_2025|the
uni_71967230cc,Toraighyrov University,Kazakhstan,attr|qs|qs_2024|qs_2025|qs_2027|the
uni_1b917de191,Turan-Astana University,Kazakhstan,the
uni_645e485955,Yessenov University,Kazakhstan,qs_2027
uni_b4f1938549,Zhetysu University,Kazakhstan,the
uni_eb9bd57cf2,Egerton University,Kenya,the
uni_71337c6ad9,Kabarak University,Kenya,the
uni_989bfb804f,Kenyatta University,Kenya,attr|qs|qs_2024|qs_2025
uni_da07d9d89e,University of Kabianga,Kenya,the
uni_b87c85cb28,University of Nairobi,Kenya,attr|qs|qs_2024|qs_2025|qs_2027|the
uni_2f8e707867,UBT,Kosovo,the
uni_0f755b73d1,University of Prishtina,Kosovo,attr|the
uni_bf879db052,American University of the Middle East,Kuwait,attr|qs|qs_2024|qs_2025|qs_2027|the
uni_98998b754e,Arab Open University,Kuwait,the
uni_db9cb0771f,Gulf University for Science and Technology,Kuwait,attr|qs|qs_2024|qs_2025|qs_2027
uni_43470304d6,Kuwait College of Science and Technology (KCST),Kuwait,the
uni_31fba23d43,Kuwait University,Kuwait,attr|qs|qs_2024|qs_2025|qs_2027|the
uni_d97f4af026,American University of Central Asia,Kyrgyzstan,qs_2027
uni_108defdfe4,I. Razzakov Kyrgyz State Technical University,Kyrgyzstan,qs_2027
uni_0988ae588f,Kyrgyz National University,Kyrgyzstan,qs_2027
uni_91c341739f,Kyrgyz Russian Slavic University,Kyrgyzstan,attr|qs|qs_2025|qs_2027
uni_f7394f3b87,Kyrgyz State Technical University,Kyrgyzstan,attr|qs|qs_2025
uni_5fdb5a7af1,Kyrgyz-Turkish Manas University,Kyrgyzstan,attr|qs|qs_2024|qs_2025|qs_2027|the
uni_afedd32c61,Latvia University of Life Sciences and Technologies,Latvia,attr|the
uni_6ffa9d0124,Riga Stradins University,Latvia,attr|qs|qs_2024|qs_2025|qs_2027|the
uni_1057464121,Riga Technical University,Latvia,attr|qs|qs_2024|qs_2025|qs_2027|the
uni_e034dc69ac,University of Latvia,Latvia,attr|qs|qs_2024|qs_2025|qs_2027|the
uni_4357628f44,American University of Beirut,Lebanon,attr|qs|qs_2024|qs_2025|qs_2027|the
uni_587f953de5,Beirut Arab University,Lebanon,attr|qs|qs_2024|qs_2025|qs_2027|the
uni_90434ae8fb,Holy Spirit University of Kaslik,Lebanon,attr|qs|qs_2024|qs_2025|qs_2027
uni_4b64b16d02,Islamic University of Lebanon,Lebanon,qs_2027
uni_da622f0a81,Lebanese American University,Lebanon,arwu|attr|qs|qs_2024|qs_2025|qs_2027|the
uni_e001ab4450,Lebanese University,Lebanon,attr|qs|qs_2024|qs_2025|qs_2027|the
uni_9a8f7bbf2c,Modern University for Business and Science,Lebanon,the
uni_282abb7422,Notre Dame University-Louaize NDU,Lebanon,qs_2024|qs_2027
uni_c64e65d425,Saint Joseph University of Beirut,Lebanon,attr|qs|qs_2024|qs_2025|qs_2027
uni_cd42b7f78a,University of Balamand,Lebanon,qs_2024|qs_2027
uni_2342cc5068,Université Saint-Joseph de Beyrouth,Lebanon,attr|the
uni_048f08a61f,Sebha University,Libya,the
uni_9962457877,University of Benghazi,Libya,the
uni_24fb80b402,University of Tripoli,Libya,the
uni_20df9a034e,Binghamton University,Lithuania,arwu
uni_0969df08ca,Kaunas University of Technology,Lithuania,attr|qs|qs_2024|qs_2025|qs_2027|the
uni_a51bc0e47a,Lithuanian University of Health Sciences,Lithuania,attr|the
uni_19b87af50e,Mykolas Romeris University,Lithuania,attr|qs|qs_2024|qs_2025|qs_2027
uni_f4c7651c57,VILNIUS TECH (Vilnius Gediminas Technical University),Lithuania,qs_2027
uni_87a4572d1d,Vilnius Gediminas Technical University,Lithuania,attr|qs|qs_2024|qs_2025|the
uni_028eb41b9c,Vilnius University,Lithuania,arwu|attr|qs|qs_2024|qs_2025|qs_2027|the
uni_151689fcfd,Vytautas Magnus University,Lithuania,attr|qs|qs_2024|qs_2025|qs_2027|the
uni_f168bf4a39,Royal College of Academics,Luxembourg,the
uni_b351eb2c76,University Rovira i Virgili,Luxembourg,arwu
uni_16be99a5d5,University of Luxembourg,Luxembourg,arwu|attr|qs|qs_2024|qs_2025|qs_2027|the
uni_3acaa31df0,University of Saint Joseph,Macao,the
uni_3ebd12b84b,City University of Macau,"Macao SAR, China",qs_2027
uni_0a21bf9669,Macao Polytechnic University,"Macao SAR, China",qs_2027
uni_e1e9b4f72b,Macau University of Science and Technology,"Macao SAR, China",qs_2027
uni_26ece5d814,University of Macau,"Macao SAR, China",qs_2027
uni_efbafc1656,Macau University of Science and Technology,Macau SAR,attr|qs|qs_2024|qs_2025|the
uni_59a3efbe5e,University of Macau,Macau SAR,attr|qs|qs_2024|qs_2025|the
uni_af91beb4c5,Malawi University of Science and Technology (MUST),Malawi,the
uni_24030d5e16,Asia Pacific University of Technology and Innovation,Malaysia,attr|qs|qs_2024|qs_2025|qs_2027
uni_8c47804156,IMU University,Malaysia,qs_2027
uni_dd9e70a7e6,INTI International University,Malaysia,qs|qs_2024|qs_2025|qs_2027
uni_fc851e9701,International Islamic University Malaysia,Malaysia,attr|qs|qs_2024|qs_2025|qs_2027
uni_1212ebbf3b,Lincoln University College,Malaysia,qs_2027|the
uni_03963a9f7e,Management and Science University,Malaysia,attr|qs|qs_2024|qs_2025|qs_2027|the
uni_57a828a4ad,Multimedia University,Malaysia,attr|qs|qs_2024|qs_2025|qs_2027|the
uni_9bf6426959,SEGi UNIVERSITY,Malaysia,qs_2027
uni_3b580660eb,Southwestern University of Finance and Economics,Malaysia,arwu
uni_44ff746e91,Sunway University,Malaysia,attr|qs|qs_2024|qs_2025|qs_2027|the
uni_c587993e13,Taylor's University,Malaysia,attr|qs|qs_2024|qs_2025|qs_2027
uni_23a9706a2c,UCSI University,Malaysia,attr|qs|qs_2024|qs_2025|qs_2027
uni_db6f5fef23,Universiti Kebangsaan Malaysia,Malaysia,attr|qs|qs_2024|qs_2025|qs_2027|the
uni_f4a8bea1e8,Universiti Kuala Lumpur,Malaysia,attr|qs|qs_2024|qs_2025|qs_2027|the
uni_8fd76f56d9,Universiti Malaya,Malaysia,arwu|attr|qs|qs_2024|qs_2025|qs_2027|the
uni_882cc1084d,Universiti Malaysia Kelantan,Malaysia,attr|qs_2027|the
uni_a58ff49203,Universiti Malaysia Pahang,Malaysia,attr|qs|qs_2024|qs_2025|the
uni_ed4fca49cc,Universiti Malaysia Pahang Al-Sultan Abdullah (UMPSA),Malaysia,qs_2027
uni_d222ccedd7,Universiti Malaysia Perlis,Malaysia,attr|qs|qs_2024|qs_2025|qs_2027|the
uni_48219228c0,Universiti Malaysia Sabah,Malaysia,attr|qs|qs_2024|qs_2025|qs_2027|the
uni_e5c84bdcd4,Universiti Malaysia Sarawak,Malaysia,attr|qs|qs_2024|qs_2025|qs_2027|the
uni_5fc9fdc3f0,Universiti Malaysia Terengganu,Malaysia,attr|qs|qs_2024|qs_2025|qs_2027|the
uni_5d54fbe540,Universiti Pendidikan Sultan Idris,Malaysia,attr|qs|qs_2024|qs_2025|qs_2027|the
uni_16ccafbeee,Universiti Putra Malaysia,Malaysia,attr|qs|qs_2024|qs_2025|qs_2027|the
uni_ed8c076522,Universiti Sains Islam Malaysia,Malaysia,attr|qs|qs_2024|qs_2025
uni_9ad441d151,Universiti Sains Malaysia,Malaysia,attr|qs|qs_2024|qs_2025|qs_2027|the
uni_e9ed9ec046,Universiti Sultan Zainal Abidin,Malaysia,attr|the
uni_8875ce39e5,Universiti Teknikal Malaysia Melaka,Malaysia,attr|qs|qs_2024|qs_2025|qs_2027|the
uni_7e0a540f87,Universiti Teknologi MARA,Malaysia,attr|the
uni_926365eaed,Universiti Teknologi MARA - UiTM,Malaysia,attr|qs|qs_2024|qs_2025|qs_2027
uni_70a560e160,Universiti Teknologi Malaysia,Malaysia,attr|qs|qs_2024|qs_2025|qs_2027|the
uni_bd151006e1,Universiti Teknologi PETRONAS,Malaysia,attr|qs|qs_2024|qs_2025|qs_2027|the
uni_4fae59d005,Universiti Tenaga Nasional,Malaysia,attr|qs|qs_2024|qs_2025|qs_2027|the
uni_8299c7dd5d,Universiti Tun Hussein Onn University of Malaysia,Malaysia,attr|qs|qs_2024|qs_2025|qs_2027|the
uni_5ad85bc1f4,Universiti Tunku Abdul Rahman,Malaysia,attr|qs|qs_2024|qs_2025|qs_2027|the
uni_7796456aee,Universiti Utara Malaysia,Malaysia,attr|qs|qs_2024|qs_2025|qs_2027|the
uni_1fd6eaed14,University of Cyberjaya,Malaysia,qs_2027|the
uni_f51cb5412c,University of Malta,Malta,attr|qs|qs_2024|qs_2025|qs_2027|the
uni_3718e6e45b,University of Mauritius,Mauritius,attr|the
uni_a0341f9c10,Autonomous University of Baja California,Mexico,attr|the
uni_efc21cf535,Autonomous University of Chiapas,Mexico,the
uni_fc29957b4a,Autonomous University of Sinaloa,Mexico,attr|the
uni_43355bf747,Benemérita Universidad Autónoma de Puebla,Mexico,attr|qs|qs_2024|qs_2025|qs_2027|the
uni_eb2d8c7e95,CETYS Universidad,Mexico,the
uni_8b86edf2e6,Centro de Estudios para la Calidad Educativa y la Investigación Científica (CECEIC),Mexico,the
uni_7148ab7d96,Colegio de México,Mexico,attr|qs|qs_2024|qs_2025
uni_4fc080d930,"El Colegio de México, A.C.",Mexico,qs_2027
uni_d4cc9b5017,"ITESO, Universidad Jesuita de Guadalajara",Mexico,attr|qs|qs_2024|qs_2025|qs_2027
uni_28c94c230b,Instituto Politécnico Nacional,Mexico,attr|qs|qs_2024|qs_2025|qs_2027|the
uni_94345d0732,Instituto Tecnológico Autónomo de México,Mexico,attr|qs|qs_2024|qs_2025|qs_2027
uni_36d4fd7328,Metropolitan Autonomous University,Mexico,attr|the
uni_89a42c07f4,Monterrey Institute of Technology,Mexico,attr|the
uni_5c5f9df2e0,National Autonomous University of Mexico,Mexico,arwu|attr|the
uni_e03d3afac2,Tecnológico de Monterrey,Mexico,attr|qs|qs_2024|qs_2025|qs_2027
uni_c1ab1ae641,Universidad Anáhuac México,Mexico,attr|qs|qs_2024|qs_2025|qs_2027|the
uni_7cb574f00e,Universidad Autonoma de Yucatan,Mexico,attr|qs|qs_2024|qs_2025|the
uni_f981d70ec1,Universidad Autónoma Chapingo,Mexico,attr|qs|qs_2024|qs_2025|qs_2027
uni_8215a9c566,Universidad Autónoma Metropolitana,Mexico,attr|qs|qs_2024|qs_2025|qs_2027
uni_3e84c7dad9,Universidad Autónoma de Aguascalientes,Mexico,attr|qs|qs_2024|qs_2025
uni_2d5be133b4,Universidad Autónoma de Baja California,Mexico,attr|qs|qs_2024|qs_2025
uni_074463d26a,Universidad Autónoma de Ciudad Juárez,Mexico,attr|the
uni_84e013c390,Universidad Autónoma de Coahuila,Mexico,attr|the
uni_e936cebf21,Universidad Autónoma de Guadalajara,Mexico,attr|qs|qs_2024|qs_2025|qs_2027
uni_deb93d1f10,Universidad Autónoma de Nuevo León,Mexico,attr|qs|qs_2024|qs_2025|qs_2027|the
uni_3c6e15f199,Universidad Autónoma de Querétaro,Mexico,attr|qs|qs_2024|qs_2025|the
uni_7fa85ef60e,Universidad Autónoma de San Luis de Potosí,Mexico,attr|qs|qs_2024|qs_2025
uni_dd20e305f3,Universidad Autónoma del Estado de Hidalgo,Mexico,attr|qs|qs_2024|qs_2025|the
uni_90342e98bb,Universidad Autónoma del Estado de Morelos,Mexico,attr|qs|qs_2024|qs_2025|the
uni_489f4d4323,Universidad Autónoma del Estado de México,Mexico,attr|qs|qs_2024|qs_2025|qs_2027|the
uni_9aa799cf0f,Universidad Iberoamericana Ciudad de México - IBERO,Mexico,qs_2027
uni_d496a24340,Universidad Iberoamericana IBERO,Mexico,attr|qs|qs_2024|qs_2025
uni_bd92b84498,Universidad La Salle,Mexico,attr|qs|qs_2024|qs_2025
uni_e2f6e5411a,Universidad Michoacana de San Nicolás de Hidalgo,Mexico,attr|qs|qs_2024|qs_2025
uni_0c38081bb7,Universidad Nacional Autónoma de México,Mexico,attr|qs|qs_2024|qs_2025|qs_2027
uni_35cce08a3e,Universidad Panamericana,Mexico,attr|qs|qs_2024|qs_2025|qs_2027|the
uni_4805b1f402,Universidad Popular Autónoma del Estado de Puebla,Mexico,attr|qs|qs_2024|qs_2025|the
uni_28a6d86d01,Universidad Veracruzana,Mexico,attr|qs|qs_2024|qs_2025
uni_62c1d1f4b4,Universidad de Guadalajara,Mexico,attr|qs|qs_2024|qs_2025|qs_2027|the
uni_50249649f3,Universidad de Guanajuato,Mexico,attr|qs|qs_2024|qs_2025|the
uni_53513afe4f,Universidad de Monterrey,Mexico,attr|qs|qs_2024|qs_2025|qs_2027|the
uni_4a421e64c4,Universidad de Sonora,Mexico,attr|qs|qs_2024|qs_2025|the
uni_b169ab26a4,Universidad de las Américas Puebla,Mexico,attr|qs|qs_2024|qs_2025|qs_2027
uni_8f29d673c5,Universidad del Valle de Mexico,Mexico,attr|qs|qs_2024|qs_2025
uni_08962b5c48,University of Celaya,Mexico,the
uni_83d24ea698,University of Colima,Mexico,attr|the
uni_ea373ca3e8,Technical University of Moldova,Moldova,the
uni_9d15687e14,University of Montenegro,Montenegro,attr|the
uni_7ca2a7ac43,Abdelmalek Essaâdi University,Morocco,attr|the
uni_00fe618d5c,Al Akhawayn University,Morocco,the
uni_95ce812139,Ibn Tofail University,Morocco,attr|qs_2027|the
uni_ee2b40f8c9,International University of Rabat,Morocco,the
uni_a65a72dc87,Moulay Ismail University,Morocco,attr|the
uni_c27d1d5c55,Sidi Mohamed Ben Abdellah University,Morocco,attr|the
uni_a6c7b6d7e1,Universiapolis – Université Internationale d’Agadir,Morocco,the
uni_5b5d8b60a1,University of Marrakech Cadi Ayyad,Morocco,attr|the
uni_aa6dd3d76f,Université Chouaïb Doukkali,Morocco,attr|the
uni_4cfd134572,Université Hassan 1er,Morocco,attr|the
uni_63ddc03e16,Université Hassan II de Casablanca,Morocco,arwu|attr|the
uni_48eb59d28c,Université Mohammed Premier,Morocco,attr|the
uni_41c90fd6de,Université Mohammed V de Rabat,Morocco,attr|qs|qs_2024|qs_2025|qs_2027|the
uni_280605c9fd,Université Sultan Moulay Slimane,Morocco,attr|the
uni_ddea58ae0e,Universidade Eduardo Mondlane,Mozambique,attr|the
uni_39c028e99f,University of Namibia,Namibia,attr|the
uni_fc35099395,Tribhuvan University,Nepal,attr|the
uni_77e26a91c3,Air Force Medical University,Netherlands,arwu
uni_1e6b1aed63,Delft University of Technology,Netherlands,arwu|attr|qs|qs_2024|qs_2025|qs_2027|the
uni_43d1ddf4c5,Eindhoven University of Technology,Netherlands,arwu|attr|qs|qs_2024|qs_2025|qs_2027|the
uni_b5918cae7c,Erasmus University Rotterdam,Netherlands,arwu|attr|qs|qs_2024|qs_2025|qs_2027|the
uni_1f0bb8dcc1,Leiden University,Netherlands,arwu|attr|qs|qs_2024|qs_2025|qs_2027|the
uni_d869545b25,Maastricht University,Netherlands,arwu|attr|qs|qs_2024|qs_2025|qs_2027|the
uni_0b9f226f71,Radboud University,Netherlands,attr|qs|qs_2024|qs_2025|qs_2027
uni_a13aefdcf8,Radboud University Nijmegen,Netherlands,arwu|attr|the
uni_f97afe36b0,Tilburg University,Netherlands,arwu|attr|qs|qs_2024|qs_2025|qs_2027|the
uni_89f7e4a6c5,University of Amsterdam,Netherlands,arwu|attr|qs|qs_2024|qs_2025|qs_2027|the
uni_2a97a25196,University of Groningen,Netherlands,arwu|attr|qs|qs_2024|qs_2025|qs_2027|the
uni_4c42d8a1ba,University of Twente,Netherlands,arwu|attr|qs|qs_2024|qs_2025|qs_2027|the
uni_b379895140,Utrecht University,Netherlands,arwu|attr|qs|qs_2024|qs_2025|qs_2027
uni_bbfcdae3d1,Vrije Universiteit Amsterdam,Netherlands,arwu|attr|qs|qs_2024|qs_2025|qs_2027|the
uni_2e79698f93,Wageningen University & Research,Netherlands,arwu|attr|qs|qs_2024|qs_2025|qs_2027|the
uni_d6d566bd1f,Auckland University of Technology,New Zealand,arwu|attr|qs|qs_2024|qs_2025|qs_2027|the
uni_630f526d6a,Chongqing Medical University,New Zealand,arwu
uni_f77f9d3084,Lincoln University,New Zealand,attr|qs|qs_2024|qs_2025|qs_2027|the
uni_1b6d81f991,Massey University,New Zealand,arwu|attr|qs|qs_2024|qs_2025|qs_2027|the
uni_0c35dad68b,The University of Auckland,New Zealand,arwu|attr|qs|qs_2024|qs_2025|qs_2027|the
uni_0a83885de6,University of Canterbury,New Zealand,arwu|attr|the
uni_d1b85b6cfa,University of Canterbury | Te Whare Wananga o Waitaha,New Zealand,attr|qs|qs_2024|qs_2025|qs_2027
uni_6841a776a1,University of Otago,New Zealand,arwu|attr|qs|qs_2024|qs_2025|qs_2027|the
uni_733768e04c,University of Regensburg,New Zealand,arwu
uni_b7be829789,University of Waikato,New Zealand,arwu|attr|qs|qs_2024|qs_2025|qs_2027|the
uni_e63f3ecc95,Victoria University of Wellington,New Zealand,arwu|attr|qs|qs_2024|qs_2025|qs_2027|the
uni_817db27769,Abia State University,Nigeria,the
uni_1084476503,Afe Babalola University,Nigeria,attr|the
uni_23c072f982,"Ahmadu Bello University, Zaria",Nigeria,qs_2027
uni_ae1615a803,Akwa Ibom State University,Nigeria,the
uni_8cab1edb64,Alex Ekwueme Federal University Ndufu-Alike,Nigeria,the
uni_adaa2fa338,Babcock University,Nigeria,the
uni_fc8fbdc947,Bayero University,Nigeria,attr|the
uni_2e5f54101b,Baze University,Nigeria,the
uni_318456c024,Bells University of Technology,Nigeria,the
uni_ac768b5dc3,Benson Idahosa University,Nigeria,the
uni_3643dcf4ca,Covenant University,Nigeria,attr|the
uni_0f2a6d2ef8,"Delta State University, Abraka",Nigeria,the
uni_b1c46628ac,Edo State University Uzairue,Nigeria,the
uni_431a24c09c,Edwin Clark University,Nigeria,the
uni_d7a717d83e,Elizade University,Nigeria,the
uni_6ebd6dd389,"Evangel University, Akaeze",Nigeria,the
uni_0a93808a9e,"Federal University of Agriculture, Abeokuta",Nigeria,attr|the
uni_09be72c516,Federal University of Kashere,Nigeria,the
uni_9f7d8bc3da,"Federal University of Petroleum Resources, Effurun",Nigeria,the
uni_692f9bfc29,Federal University of Technology Akure,Nigeria,attr|the
uni_63d87eb4dd,"Federal University of Technology, Minna",Nigeria,the
uni_0ffc26779b,"Federal University of Technology, Owerri",Nigeria,the
uni_3cc33882de,Fountain University,Nigeria,the
uni_349f5b1670,Ladoke Akintola University of Technology,Nigeria,attr|the
uni_618a143c2d,Lagos State University,Nigeria,attr|the
uni_ebf77c71aa,Landmark University,Nigeria,the
uni_3a4c6e8483,"Nasarawa State University, Keffi",Nigeria,the
uni_a8a37214f9,Niger Delta University,Nigeria,the
uni_7bb5689836,Nnamdi Azikiwe University,Nigeria,attr|the
uni_ab3d2387ff,Obafemi Awolowo University,Nigeria,attr|qs_2027|the
uni_d83039e06a,"Plateau State University, Bokkos",Nigeria,the
uni_614604826e,Thomas Adewumi University,Nigeria,the
uni_12c9c5e908,University of Benin,Nigeria,attr|the
uni_31db752e29,University of Ibadan,Nigeria,attr|qs|qs_2024|qs_2025|qs_2027|the
uni_adf7890805,University of Ilorin,Nigeria,attr|the
uni_cd1cd85a8c,University of Lagos,Nigeria,attr|qs|qs_2024|qs_2025|qs_2027|the
uni_c0edc897b4,University of Nigeria Nsukka,Nigeria,attr|qs_2027|the
uni_25d4052d32,University of Port Harcourt,Nigeria,attr|the
uni_9fa26d6a5f,"Veritas University, Abuja",Nigeria,the
uni_3c5a187f58,"Yusuf Maitama Sule University, Kano",Nigeria,the
uni_57bf8a7804,Saints Cyril and Methodius University in Skopje,North Macedonia,attr|the
uni_2267d2f10e,Ada Kent University,Northern Cyprus,the
uni_5254e8499e,Arkın University of Creative Arts and Design (ARUCAD),Northern Cyprus,the
uni_96bdea9720,Cyprus Health and Social Sciences University,Northern Cyprus,the
uni_bd43b25d92,Eastern Mediterranean University,Northern Cyprus,attr|qs|qs_2025|qs_2027|the
uni_7832190b5b,European University of Lefke,Northern Cyprus,qs_2027
uni_7619aa5334,Near East University,Northern Cyprus,attr|qs_2027|the
uni_11ca0760a5,Norwegian University of Life Sciences,Norway,arwu|attr|qs|qs_2024|qs_2025|qs_2027|the
uni_5492f6148d,Norwegian University of Science And Technology,Norway,attr|qs|qs_2024|qs_2025|qs_2027|the
uni_bfbaca90e0,Oslo Metropolitan University,Norway,qs_2027
uni_f99f940466,SUNY Downstate Health Sciences University,Norway,arwu
uni_88516fa2f0,UiT The Arctic University of Norway,Norway,arwu|attr|the
uni_bd371d6db8,University of Agder,Norway,qs_2027
uni_0475cb66bf,University of Bergen,Norway,arwu|attr|qs|qs_2024|qs_2025|qs_2027|the
uni_ad3e6950c4,University of Oslo,Norway,arwu|attr|qs|qs_2024|qs_2025|qs_2027|the
uni_2c50248f8e,University of Stavanger,Norway,attr|qs|qs_2024|qs_2025|qs_2027|the
uni_490d1530b4,University of Tromsø The Arctic University of Norway,Norway,attr|qs|qs_2024|qs_2025|qs_2027
uni_aff54dd7bf,A'Sharqiyah University,Oman,qs_2027
uni_83e6f5b70f,Dhofar University,Oman,qs_2027|the
uni_e92ed91960,German University of Technology in Oman (GUtech),Oman,qs_2027
uni_2e2089440e,Gulf College,Oman,the
uni_d9f73bb63f,"National University of Science and Technology, Oman",Oman,qs_2027|the
uni_7c550d23ac,Sohar University,Oman,qs|qs_2025|qs_2027|the
uni_0924758e83,Sultan Qaboos University,Oman,attr|qs|qs_2024|qs_2025|qs_2027|the
uni_a2cff60ba7,University of Nizwa,Oman,qs_2027
uni_396bc140e9,Abbottabad University of Science and Technology,Pakistan,the
uni_6f03c2854c,Abdul Wali Khan University Mardan,Pakistan,attr|the
uni_d7e2aa5045,Aga Khan University,Pakistan,qs_2027
uni_03842d1de2,Air University,Pakistan,attr|the
uni_5d9a1b0295,"Bacha Khan University, Charsadda",Pakistan,the
uni_ee51ee632e,Bahauddin Zakariya University,Pakistan,attr|qs|qs_2024|qs_2025|qs_2027|the
uni_866d9c7584,Bahria University,Pakistan,attr|the
uni_4aaa5d4069,"Balochistan University of Information Technology, Engineering and Management Sciences (BUITEMS)",Pakistan,the
uni_e86515f5aa,CECOS University of IT and Emerging Sciences,Pakistan,the
uni_dc445f1359,COMSATS University Islamabad,Pakistan,arwu|attr|qs|qs_2024|qs_2025|qs_2027|the
uni_d5f899625a,Capital University of Science and Technology,Pakistan,attr|the
uni_52ee3e28c9,"City University of Science and Information Technology, Peshawar",Pakistan,the
uni_9dd3117ae7,DHA Suffa University,Pakistan,the
uni_e088fb70ca,Dawood University of Engineering and Technology,Pakistan,the
uni_f9fc580a12,Dow University of Health Sciences,Pakistan,attr|the
uni_932bb2c081,Forman Christian College,Pakistan,the
uni_11654ba412,Ghulam Ishaq Khan Institute of Engineering Sciences and Technology,Pakistan,the
uni_af3f86161e,Government College University Lahore,Pakistan,attr|the
uni_35a787bfb7,"Government College University, Faisalabad",Pakistan,attr|qs_2027|the
uni_214dce972e,Government College Women University Faisalabad,Pakistan,the
uni_0f13f63579,"Government College Women University, Sialkot",Pakistan,the
uni_19daf71bb3,Hazara University Mansehra,Pakistan,attr|the
uni_3f59ed86a6,Ilma University,Pakistan,the
uni_e1b7ee3b38,Information Technology University of the Punjab,Pakistan,the
uni_197f2d2451,Institute of Southern Punjab – Multan,Pakistan,the
uni_d69a112bb6,Institute of Space Technology,Pakistan,attr|the
uni_852debefd1,International Islamic University Islamabad,Pakistan,attr|qs|qs_2024|qs_2025|qs_2027|the
uni_b872f75c1c,Iqra University,Pakistan,the
uni_222d7722e7,Islamia College Peshawar,Pakistan,attr|the
uni_3877c7dbd3,Khwaja Fareed University of Engineering and Information Technology,Pakistan,the
uni_b7dad41997,Khyber Medical University,Pakistan,the
uni_c7ffcde4c2,King Edward Medical University,Pakistan,the
uni_577507b7d7,Kinnaird College for Women,Pakistan,the
uni_4ffb395453,Kohat University of Science and Technology,Pakistan,attr|the
uni_f8acf920e7,Kohsar University Murree,Pakistan,the
uni_95483ea418,Lahore College for Women University (LCWU),Pakistan,attr|the
uni_4a6b7da07f,Lahore Leads University,Pakistan,the
uni_ff59b231a6,Lahore University of Management Sciences,Pakistan,attr|qs|qs_2024|qs_2025|qs_2027|the
uni_9452226e94,Liaquat University of Medical and Health Sciences (LUMHS),Pakistan,the
uni_fa9223092e,"MNS University of Agriculture, Multan",Pakistan,the
uni_40f684c47e,"Mehran University of Engineering and Technology, Jamshoro, Pakistan",Pakistan,attr|the
uni_7070c4cf7a,Minhaj University Lahore,Pakistan,the
uni_eff6884eaf,Mirpur University of Science and Technology,Pakistan,attr|the
uni_acd8780203,NED University of Engineering and Technology,Pakistan,attr|the
uni_db53e2bdd8,Namal University,Pakistan,the
uni_7e5454033d,National Textile University,Pakistan,the
uni_475bd910df,National University of Computer and Emerging Sciences,Pakistan,the
uni_3a993dfbcc,National University of Medical Sciences (NUMS),Pakistan,attr|the
uni_c853759029,"National University of Modern Languages, Islamabad",Pakistan,attr|qs|qs_2024|qs_2025
uni_3f3d32ac84,National University of Sciences And Technology Islamabad,Pakistan,attr|qs|qs_2024|qs_2025|qs_2027
uni_3d12af3c7c,National University of Sciences and Technology,Pakistan,attr|the
uni_b3fbbb0631,PMAS Arid Agriculture University Rawalpindi,Pakistan,attr|the
uni_d738459fcb,Pakistan Institute of Engineering and Applied Sciences,Pakistan,attr|qs|qs_2024|qs_2025|qs_2027
uni_6e9bb3d74c,"Quaid-e-Awam University of Engineering, Science and Technology (QUEST)",Pakistan,the
uni_69d492a246,Quaid-i-Azam University,Pakistan,attr|qs|qs_2024|qs_2025|qs_2027|the
uni_c0e6316f80,Rawalpindi Medical University,Pakistan,the
uni_43376d3af3,Riphah International University,Pakistan,attr|qs_2027|the
uni_f57d705f36,"Shah Abdul Latif University, Khairpur",Pakistan,the
uni_e49e33a8b7,Shaheed Benazir Bhutto Women University Peshawar,Pakistan,the
uni_468f8ae6df,Shaheed Mohtarma Benazir Bhutto Medical University,Pakistan,the
uni_f10613a89a,Shaheed Zulfiqar Ali Bhutto Medical University,Pakistan,the
uni_06cbd1ddb0,Sir Syed University of Engineering and Technology,Pakistan,the
uni_34b39067f7,Sukkur IBA University,Pakistan,the
uni_759ccafd34,The Government Sadiq College Women University Bahawalpur,Pakistan,the
uni_2ef4eb9496,"The Islamia University of Bahawalpur,Pakistan",Pakistan,arwu|attr|qs_2027|the
uni_194ff141cf,"The University of Agriculture, Peshawar",Pakistan,attr|the
uni_f0af765798,The University of Lahore,Pakistan,arwu|attr|qs|qs_2024|qs_2025|qs_2027|the
uni_0a74f1c85b,The Women University Multan,Pakistan,the
uni_95a142243d,"University of Agriculture, Faisalabad",Pakistan,attr|qs|qs_2024|qs_2025|qs_2027
uni_9f6bdd3b99,University of Balochistan,Pakistan,the
uni_c42f1bff4a,"University of Baltistan, Skardu",Pakistan,the
uni_f8a1d11fb8,University of Central Punjab,Pakistan,the
uni_449ae3b1e3,"University of Education, Lahore",Pakistan,attr|the
uni_b838c70f95,University of Engineering & Technology Lahore,Pakistan,attr|qs|qs_2024|qs_2025|qs_2027|the
uni_43f80f706a,"University of Engineering and Technology, Peshawar",Pakistan,attr|the
uni_0a7bc621cc,"University of Engineering and Technology, Taxila",Pakistan,attr|the
uni_3446434b3d,University of Gujrat,Pakistan,attr|the
uni_11722cad42,University of Health Sciences Lahore,Pakistan,the
uni_eec094da25,University of Home Economics Lahore,Pakistan,the
uni_0b7714d138,University of Karachi,Pakistan,attr|qs|qs_2024|qs_2025|qs_2027|the
uni_a4e417fd8c,University of Malakand,Pakistan,attr|the
uni_1d1a8e7c27,University of Management and Technology (UMT) Pakistan,Pakistan,attr|qs_2027|the
uni_731c3efde0,University of Okara,Pakistan,the
uni_34828c8404,University of Peshawar,Pakistan,attr|qs|qs_2024|qs_2025|qs_2027|the
uni_c177424511,University of Poonch Rawalakot,Pakistan,the
uni_448a571682,University of Sargodha,Pakistan,attr|the
uni_506dab2b3b,University of Sufism and Modern Sciences (USMS),Pakistan,the
uni_1186b32c66,University of Swabi,Pakistan,the
uni_ed791e6ac4,University of Technology Nowshera,Pakistan,the
uni_533ce2d30c,"University of Veterinary and Animal Sciences, Lahore",Pakistan,attr|the
uni_e77ce31b88,University of the Punjab,Pakistan,arwu|attr|qs|qs_2024|qs_2025|qs_2027|the
uni_611a02fab6,Women University Mardan,Pakistan,the
uni_2624924fed,Ziauddin University,Pakistan,the
uni_dcf02e9c5b,Arab American University,Palestine,the
uni_2f45128d21,Islamic University of Gaza,Palestine,the
uni_b4aa979f7e,Palestine Polytechnic University,Palestine,the
uni_52ae119d50,Palestine Technical University - Kadoorie,Palestine,qs_2027|the
uni_2e726a2af3,Al Quds University The Arab University in Jerusalem,"Palestinian Territory, Occupied",qs_2024
uni_0858cc73f3,Al-Quds University,"Palestinian Territory, Occupied",attr|qs|qs_2025|qs_2027|the
uni_9a7413ce6a,An-Najah National University,"Palestinian Territory, Occupied",attr|qs|qs_2024|qs_2025|qs_2027|the
uni_c95d8cf9d8,Birzeit university,"Palestinian Territory, Occupied",attr|qs|qs_2024|qs_2025
uni_b03c1d7f96,Universidad Tecnológica de Panamá,Panama,attr|qs|qs_2024|qs_2025|qs_2027
uni_1370f254ea,Universidad de Panama,Panama,attr|qs|qs_2024|qs_2025
uni_be54cf5713,Universidad Nacional de Itapúa,Paraguay,the
uni_18fb813624,Universidad Nacional de la Asunción,Paraguay,attr|qs|qs_2024|qs_2025|qs_2027|the
uni_c34094fa8f,Pontificia Universidad Católica del Perú,Peru,attr|qs|qs_2024|qs_2025|qs_2027|the
uni_4e93e65496,Universidad Católica San Pablo,Peru,the
uni_ffb7082cda,Universidad Científica del Sur,Peru,qs_2027|the
uni_ff1d188a58,Universidad César Vallejo,Peru,the
uni_bea7381894,Universidad Nacional Agraria la Molina,Peru,attr|qs|qs_2024|qs_2025|the
uni_a0870daa8f,Universidad Nacional Mayor de San Marcos,Peru,attr|qs|qs_2024|qs_2025|qs_2027
uni_59434f126e,Universidad Nacional de Ingeniería Peru,Peru,attr|qs|qs_2024|qs_2025
uni_ac5e36353a,Universidad Peruana Cayetano Heredia,Peru,attr|qs|qs_2024|qs_2025|qs_2027|the
uni_71acb51cff,Universidad Peruana de Ciencias Aplicadas,Peru,attr|qs|qs_2024|qs_2025|qs_2027|the
uni_2008b2643b,Universidad San Ignacio de Loyola,Peru,attr|qs|qs_2024|qs_2025|the
uni_f370fb83f7,Universidad de Lima,Peru,attr|qs|qs_2024|qs_2025|qs_2027
uni_34d94ae644,Universidad de Piura,Peru,attr|qs|qs_2024|qs_2025
uni_7b651b1192,Universidad del Pacífico,Peru,attr|qs|qs_2024|qs_2025|the
uni_09fecc9dd2,University of San Martín de Porres,Peru,the
uni_78b639e1d2,Adamson University,Philippines,qs_2027
uni_e8aee9276c,Ateneo de Manila University,Philippines,attr|qs|qs_2024|qs_2025|qs_2027|the
uni_39e65e7a12,Cebu Technological University,Philippines,the
uni_63244929bd,Central Luzon State University,Philippines,the
uni_0bbe743de1,De La Salle University,Philippines,attr|qs|qs_2024|qs_2025|qs_2027|the
uni_d1fab00b3d,Mapúa University,Philippines,the
uni_b2389535cf,Mariano Marcos State University,Philippines,the
uni_6e3a350c88,Mindanao State University – Iligan Institute of Technology,Philippines,the
uni_1df06bd266,Nueva Ecija University of Science and Technology (NEUST),Philippines,the
uni_d91241f968,Tarlac Agricultural University,Philippines,the
uni_c6ae768514,University of Eastern Philippines,Philippines,the
uni_1ec66d27cb,University of San Carlos,Philippines,attr|qs|qs_2024|qs_2025
uni_dd2de9cd50,University of Santo Tomas,Philippines,attr|qs|qs_2024|qs_2025|qs_2027|the
uni_82a0dd8023,University of Science and Technology of Southern Philippines (USTP),Philippines,the
uni_942bde5cdb,University of the Philippines,Philippines,attr|qs|qs_2024|qs_2025|qs_2027|the
uni_087747d1bf,Visayas State University,Philippines,the
uni_ce10aa85d2,AGH University of Krakow,Poland,arwu|attr|qs_2027|the
uni_ab3c18ce3e,AGH University of Science and Technology,Poland,qs|qs_2024|qs_2025
uni_9aaf44f9f4,"Adam Mickiewicz University, Poznan",Poland,attr|qs|qs_2024|qs_2025|qs_2027|the
uni_9968822e73,Bialystok University of Technology,Poland,attr|the
uni_a705c36422,Cracow University of Technology (Politechnika Krakowska),Poland,attr|qs|qs_2024|qs_2025|qs_2027|the
uni_91bd31e98e,Gdansk University of Technology,Poland,attr|qs|qs_2024|qs_2025|qs_2027|the
uni_f286571b26,Jagiellonian University,Poland,arwu|attr|qs|qs_2024|qs_2025|qs_2027|the
uni_25b081dbf4,Jan Kochanowski University in Kielce,Poland,attr|the
uni_dcd783fbec,Lodz University of Technology,Poland,attr|qs|qs_2024|qs_2025|qs_2027|the
uni_221c5f26e5,Lublin University of Technology,Poland,qs_2027
uni_b70175544d,Maria Curie-Skłodowska University (UMCS),Poland,attr|the
uni_e4ee914964,Maritime University of Szczecin,Poland,the
uni_8accc7925f,Medical University of Bialystok,Poland,attr|the
uni_677a2b68b7,Medical University of Gdańsk,Poland,attr|the
uni_c54e68a0cb,Medical University of Lodz,Poland,attr|the
uni_3110116574,Medical University of Lublin,Poland,attr|the
uni_97ce6557bd,Medical University of Silesia in Katowice,Poland,attr|the
uni_0514e066c0,Medical University of Warsaw,Poland,attr|the
uni_17dceae493,Nicolaus Copernicus University,Poland,arwu|qs|qs_2024|qs_2025|qs_2027
uni_c1256ab04d,Nicolaus Copernicus University in Toruń,Poland,attr|the
uni_cd3db0a266,Opole University of Technology,Poland,attr|the
uni_7b1cd5ec27,Poznan University of Life Sciences,Poland,attr|qs|qs_2024|qs_2025|qs_2027|the
uni_479347f70c,Poznan University of Medical Sciences,Poland,attr|the
uni_0936bb2998,Poznan University of Technology,Poland,attr|qs|qs_2024|qs_2025|qs_2027|the
uni_23d6631033,Rzeszów University of Technology,Poland,attr|the
uni_24f194931d,SGH Warsaw School of Economics,Poland,attr|the
uni_5637a316c0,SWPS University of Social Sciences and Humanities,Poland,attr|the
uni_7ddb33873e,Silesian University of Technology,Poland,attr|qs|qs_2024|qs_2025|qs_2027|the
uni_d1454fd213,Technical University of Lublin,Poland,qs|qs_2024|qs_2025
uni_88d3e14a0b,The John Paul II Catholic University of Lublin,Poland,attr|the
uni_9e0b421f50,UNIVERSITY OF GDANSK,Poland,attr|qs|qs_2024|qs_2025|qs_2027|the
uni_c3af90c95e,University of Bialystok,Poland,qs|qs_2024|qs_2025
uni_36880fd309,University of Life Sciences in Lublin,Poland,attr|the
uni_89c6597224,University of Lodz,Poland,attr|qs|qs_2024|qs_2025|qs_2027|the
uni_95c9e8d093,University of Rzeszów,Poland,attr|qs|qs_2024|qs_2025
uni_e9942e6fda,University of Silesia in Katowice,Poland,attr|qs|qs_2024|qs_2025|qs_2027|the
uni_3a55497976,University of Warmia and Mazury in Olsztyn,Poland,attr|qs|qs_2024|qs_2025|qs_2027|the
uni_bbd9d0d846,University of Warsaw,Poland,arwu|attr|qs|qs_2024|qs_2025|qs_2027|the
uni_ff72f64f64,University of Wroclaw,Poland,attr|qs|qs_2024|qs_2025|qs_2027|the
uni_6a5cdc289b,WSB Academy,Poland,the
uni_b88db58b7d,Warsaw University of Life Sciences,Poland,qs
uni_882953466d,Warsaw University of Life Sciences SGGW (WULS-SGGW),Poland,attr|qs_2024|qs_2025|qs_2027|the
uni_b9e95bad54,Warsaw University of Technology,Poland,arwu|attr|qs|qs_2024|qs_2025|qs_2027|the
uni_77f23fe1b0,Wroclaw Medical University,Poland,attr|the
uni_4e65e14682,Wroclaw University of Science and Technology,Poland,arwu|attr|qs|qs_2024|qs_2025|qs_2027|the
uni_0622d70920,Wrocław University of Environmental and Life Sciences,Poland,attr|the
uni_1bdabd296b,Catholic University of Portugal,Portugal,attr|the
uni_69738a59fd,Escola Superior de Enfermagem do Porto (ESEP),Portugal,the
uni_f6e89ac60b,ISCTE - Instituto Universitario de Lisboa,Portugal,attr|qs|qs_2024|qs_2025
uni_22015806fe,Instituto Politécnico de Bragança,Portugal,attr|the
uni_fa7db91927,Instituto Politécnico de Viana do Castelo,Portugal,attr|the
uni_7a406e59d1,Iscte - University Institute of Lisbon,Portugal,attr|qs_2027|the
uni_272e56e8cb,NOVA University of Lisbon,Portugal,attr|the
uni_4a9713f82b,Polytechnic Institute of Porto,Portugal,attr|the
uni_2cd40607ab,Polytechnic Institute of Setúbal,Portugal,the
uni_1097639be3,Suzhou University of Science and Technology,Portugal,arwu
uni_455c439ba6,Universidade Católica Portuguesa,Portugal,attr|qs|qs_2024|qs_2025|qs_2027
uni_7aebc11385,Universidade Lusófona,Portugal,attr|the
uni_ae6535c316,Universidade Nova de Lisboa,Portugal,attr|qs|qs_2024|qs_2025|qs_2027
uni_efc5cb8e57,University of Algarve,Portugal,attr|qs_2027|the
uni_2f3eb321f6,University of Aveiro,Portugal,arwu|attr|qs|qs_2024|qs_2025|qs_2027|the
uni_1e5a56ea05,University of Beira Interior,Portugal,arwu|attr|qs_2027|the
uni_0f8a17fc5d,University of Coimbra,Portugal,arwu|attr|qs|qs_2024|qs_2025|qs_2027|the
uni_78ad5f7905,University of Evora,Portugal,qs_2027
uni_3d26339b4c,University of Lisbon,Portugal,arwu|attr|qs|qs_2024|qs_2025|qs_2027|the
uni_85d4e041e4,University of Minho,Portugal,arwu|attr|qs|qs_2024|qs_2025|qs_2027|the
uni_79f683da03,University of Porto,Portugal,arwu|attr|qs|qs_2024|qs_2025|qs_2027|the
uni_11618818f6,University of Trás-os-Montes and Alto Douro,Portugal,attr|the
uni_6bf0ce26f9,Universidad de Puerto Rico,Puerto Rico,attr|qs|qs_2024|qs_2025|qs_2027|the
uni_e70acd5594,Hamad Bin Khalifa University,Qatar,attr|qs|qs_2024|qs_2025|qs_2027
uni_4e648a6d6d,Qatar University,Qatar,arwu|attr|qs|qs_2024|qs_2025|qs_2027|the
uni_f5460e0402,"Gachon University (Seoul, Korea)",Republic of Korea,arwu|qs_2027
uni_d0d210ec4c,Gyeongsang National University,Republic of Korea,arwu|attr|qs_2027|the
uni_ec243a5fe8,KAIST,Republic of Korea,qs_2027
uni_c24368ed30,Alexandru Ioan Cuza University,Romania,attr|qs|qs_2024|qs_2025|qs_2027|the
uni_dc389b6090,Babes-Bolyai University,Romania,attr|qs|qs_2024|qs_2025|qs_2027|the
uni_e125ceeca0,Bucharest University of Economic Studies,Romania,attr|the
uni_cf2ecca153,Dunarea de Jos University of Galati,Romania,attr|the
uni_596ddba437,"George Emil Palade University of Medicine, Pharmacy, Science, and Technology of Targu Mures",Romania,attr|the
uni_8f503f2f55,Grigore T. Popa University of Medicine and Pharmacy,Romania,attr|the
uni_37a28787cf,Ion Mincu University of Architecture and Urbanism,Romania,the
uni_2e434a3c9b,Iuliu Haţieganu University of Medicine and Pharmacy Cluj-Napoca,Romania,attr|the
uni_42d8e75c26,Lucian Blaga University of Sibiu,Romania,attr|qs|qs_2024|qs_2025|the
uni_9a586151d7,National University of Science and Technology POLITEHNICA Bucharest,Romania,qs_2027
uni_262f00459f,Ovidius University of Constanța,Romania,attr|the
uni_7d8ddb8d3e,Polytechnic University of Bucharest,Romania,attr|the
uni_f73e7501b5,Polytechnic University of Timişoara,Romania,attr|the
uni_e6e5af0a28,Stefan cel Mare University of Suceava,Romania,attr|qs|qs_2024|qs_2025|qs_2027|the
uni_373bd165f8,Technical University of Cluj-Napoca,Romania,attr|qs|qs_2024|qs_2025|qs_2027|the
uni_7e1d57e545,"The ""Gheorghe Asachi"" Technical University of Iasi",Romania,attr|qs|qs_2024|qs_2025|the
uni_9aa1b9ea05,Transilvania University of Brasov,Romania,attr|qs|qs_2024|qs_2025|qs_2027|the
uni_494e517a9d,USAMV Cluj-Napoca,Romania,attr|the
uni_b38bbdd06c,Universitatea de Vest din Timisoara / West University of Timisoara,Romania,attr|qs|qs_2024|qs_2025|qs_2027
uni_0eccd2b6c4,University POLITEHNICA of Bucharest,Romania,qs|qs_2024|qs_2025
uni_3e48df6525,University Politehnica of Timisoara,Romania,qs|qs_2024|qs_2025
uni_bdbc56a605,University of Agronomic Sciences and Veterinary Medicine of Bucharest,Romania,the
uni_d7bf79e660,University of Bucharest,Romania,attr|qs|qs_2024|qs_2025|qs_2027|the
uni_223df5f703,University of Craiova,Romania,attr|qs|qs_2024|qs_2025|the
uni_ec5563c13e,University of Medicine and Pharmacy Carol Davila,Romania,attr|the
uni_60a708248b,University of Medicine and Pharmacy of Craiova,Romania,attr|the
uni_7baa11d0ec,University of Oradea,Romania,attr|qs|qs_2024|qs_2025|the
uni_6caffe92f9,Valahia University of Targoviste,Romania,the
uni_386f058a9e,West University of Timişoara,Romania,attr|the
uni_9e0a19e3e8,Altai State University,Russia,attr|qs|qs_2024|qs_2025|qs_2027|the
uni_e1e8e17218,Bauman Moscow State Technical University,Russia,attr|qs|qs_2024|qs_2025|qs_2027|the
uni_481ace82af,Don State Technical University,Russia,attr|qs|qs_2024|qs_2025|the
uni_28a57bee87,Far Eastern Federal University,Russia,attr|qs|qs_2024|qs_2025|qs_2027|the
uni_b4e41b8225,Financial University under the Government of the Russian Federation,Russia,attr|qs|qs_2024|qs_2025|qs_2027|the
uni_b7dc24aaf5,HSE University,Russia,arwu|attr|qs|qs_2024|qs_2025|qs_2027|the
uni_e54d3c2c5b,ITMO University,Russia,attr|qs|qs_2024|qs_2025|qs_2027|the
uni_8c72a0dc51,Immanuel Kant Baltic Federal University,Russia,attr|qs|qs_2024|qs_2025|qs_2027|the
uni_a77c116567,Irkutsk State University,Russia,attr|qs|qs_2024|qs_2025|the
uni_d9775ccc3e,Kazan (Volga region) Federal University,Russia,attr|qs|qs_2024|qs_2025|qs_2027|the
uni_d7b533e315,Kazan National Research Technological University,Russia,attr|qs|qs_2024|qs_2025|the
uni_35103f72ab,Lobachevsky University,Russia,attr|qs|qs_2024|qs_2025|qs_2027
uni_8325d41298,Lomonosov Moscow State University,Russia,attr|qs|qs_2024|qs_2025|qs_2027|the
uni_2ac36d6fb8,MGIMO University,Russia,attr|qs|qs_2024|qs_2025|qs_2027
uni_2466db6494,MIREA - Russian Technological University,Russia,attr|qs|qs_2024|qs_2025|the
uni_b34a208e2a,Mendeleev University of Chemical Technology,Russia,attr|qs|qs_2024|qs_2025|the
uni_b47373189a,Moscow City University,Russia,attr|qs|qs_2024|qs_2025
uni_30d5152145,Moscow Institute of Physics and Technology,Russia,attr|qs|qs_2024|qs_2025|qs_2027|the
uni_40e8673e57,Moscow Pedagogical State University,Russia,attr|qs|qs_2024|qs_2025
uni_88e35abf59,National Research Nuclear University MEPhI (Moscow Engineering Physics Institute),Russia,attr|qs|qs_2024|qs_2025|qs_2027|the
uni_9a2733ea5a,National Research Saratov State University,Russia,attr|qs|qs_2024|qs_2025|qs_2027|the
uni_8975f1329c,National Research Tomsk Polytechnic University,Russia,qs|qs_2024|qs_2025|qs_2027
uni_c98a0e1c04,National Research University Moscow Power Engineering Institute,Russia,attr|qs|qs_2024|qs_2025|qs_2027
uni_6cdf6ee65f,Novosibirsk State Technical University,Russia,attr|qs|qs_2024|qs_2025|the
uni_b155c7e266,Novosibirsk State University,Russia,arwu|attr|qs|qs_2024|qs_2025|qs_2027|the
uni_1a7c7698f5,Perm State National Research University,Russia,attr|qs|qs_2024|qs_2025
uni_516a6ece6a,Peter the Great St. Petersburg Polytechnic University,Russia,attr|qs|qs_2024|qs_2025|qs_2027|the
uni_0c6678b754,Plekhanov Russian University of Economics,Russia,attr|qs|qs_2024|qs_2025|qs_2027|the
uni_00e6a91605,RUDN University,Russia,attr|qs|qs_2024|qs_2025|qs_2027|the
uni_f050bf60cb,Russian Presidential Academy of National Economy and Public Administration,Russia,attr|qs|qs_2024|qs_2025|qs_2027|the
uni_bd7582eedf,Russian State Agrarian University - Moscow Timiryazev Agricultural Academy,Russia,attr|qs|qs_2024|qs_2025|the
uni_66b2b7e345,Russian State University for the Humanities,Russia,attr|qs|qs_2024|qs_2025|the
uni_22f0c267b6,Saint Petersburg Electrotechnical University,Russia,attr|qs|the
uni_aea0a927ea,Saint Petersburg State University,Russia,attr|qs|qs_2024|qs_2025|qs_2027
uni_dce9739c77,Saint-Petersburg Mining University,Russia,attr|qs|qs_2024|qs_2025|the
uni_031a2eb7f1,Samara National Research University,Russia,attr|qs|qs_2024|qs_2025|qs_2027|the
uni_1672186fa2,Sechenov University,Russia,attr|qs|qs_2024|qs_2025|qs_2027|the
uni_76623c7b33,"Siberian Federal University, SibFU",Russia,qs|qs_2024|qs_2025|qs_2027
uni_34f7558cb8,South Ural State University (National Research University),Russia,attr|qs|qs_2024|qs_2025|qs_2027|the
uni_19ebe1b6b3,Southern Federal University,Russia,attr|qs|qs_2024|qs_2025|qs_2027|the
uni_e2ec99120f,The Herzen State Pedagogical University of Russia,Russia,attr|qs|qs_2024|qs_2025|the
uni_8f47ac3568,"The National Research University ""Belgorod State University""",Russia,attr|qs|qs_2024|qs_2025|the
uni_ef517a198a,The National University of Science and Technology MISIS,Russia,qs|qs_2024|qs_2025|qs_2027
uni_fde6ae1ae2,Tomsk State University,Russia,attr|qs|qs_2024|qs_2025|qs_2027|the
uni_2680f1ded1,Ufa State Aviation Technical University,Russia,qs_2024
uni_d7879ad3e5,University of Tyumen,Russia,attr|qs|qs_2024|qs_2025|qs_2027
uni_fd942ec05d,Ural Federal University - UrFU,Russia,qs|qs_2024|qs_2025|qs_2027
uni_4d85de9a01,Voronezh State University,Russia,attr|qs|qs_2024|qs_2025|the
uni_bb2587fb36,Almazov National Medical Research Centre,Russian Federation,the
uni_538c547fc1,Bashkir State Medical University,Russian Federation,the
uni_5449376f5c,Chelyabinsk State University,Russian Federation,attr|the
uni_333cc63afc,Empress Catherine II Saint Petersburg Mining University,Russian Federation,qs_2027
uni_bf548e8947,Gubkin Russian State University of Oil and Gas,Russian Federation,attr|the
uni_cfb7048f60,Industrial University of Tyumen,Russian Federation,attr|the
uni_025407fbc5,Innopolis University,Russian Federation,the
uni_aabd692f90,Irkutsk National Research Technical University,Russian Federation,attr|the
uni_44e1a1161b,Ivanovo State University of Chemistry and Technology,Russian Federation,attr|the
uni_542e3079b2,Kabardino-Balkarian State University,Russian Federation,the
uni_df3d57f904,Kazan National Research Technical University,Russian Federation,attr|the
uni_329d083361,Kazan State Medical University,Russian Federation,attr|the
uni_5eceec974f,Kazan State Power Engineering University,Russian Federation,the
uni_471f02a096,Kemerovo State University,Russian Federation,attr|the
uni_d7f0df60ed,Kursk State Medical University,Russian Federation,the
uni_9988d3943d,Lobachevsky State University of Nizhni Novgorod,Russian Federation,attr|the
uni_c326bddc93,Moscow Aviation Institute,Russian Federation,attr|the
uni_e64203645e,Moscow Polytechnic University,Russian Federation,attr|the
uni_2ddaddb84d,Moscow Power Engineering Institute,Russian Federation,attr|the
uni_1a36b9afb8,Moscow State Linguistic University,Russian Federation,the
uni_745087061d,Moscow State University of Civil Engineering,Russian Federation,attr|the
uni_bb87c5476e,Moscow Technical University of Communications and Informatics,Russian Federation,the
uni_f2260a7268,National Research University of Electronic Technology (MIET),Russian Federation,attr|the
uni_c9802c6af5,National University of Science and Technology (MISiS),Russian Federation,attr|the
uni_14253bedb8,Nizhny Novgorod State Technical University,Russian Federation,attr|the
uni_9af8325879,North-Caucasus Federal University,Russian Federation,attr|the
uni_a283106f97,North-Eastern Federal University,Russian Federation,attr|the
uni_876f27fad2,North-Western State Medical University named after I.I. Mechnikov,Russian Federation,attr|the
uni_797f167ab9,Northern (Arctic) Federal University named after M.V. Lomonosov,Russian Federation,attr|the
uni_301e6957ee,Nosov Magnitogorsk State Technical University,Russian Federation,attr|the
uni_1813ad4e53,Novosibirsk State University of Economics and Management,Russian Federation,the
uni_f15d0dc5c0,Ogarev Mordovia State University,Russian Federation,attr|the
uni_5a62e329be,Omsk State Agrarian University,Russian Federation,the
uni_92621f9f8f,Omsk State Technical University,Russian Federation,attr|the
uni_86148f84e4,Orel State Agrarian University named after N.V. Parahin,Russian Federation,the
uni_6b2ad2cf01,Orel State University named after I.S. Turgenev,Russian Federation,the
uni_cb85430c69,Pavlov First Saint Petersburg State Medical University,Russian Federation,attr|the
uni_adbecb379f,Penza State University,Russian Federation,attr|the
uni_f078604ff5,Perm National Research Polytechnic University,Russian Federation,attr|the
uni_3450c3a911,Perm State University,Russian Federation,attr|the
uni_3f2a2fb6ea,Pirogov Russian National Research Medical University,Russian Federation,attr|the
uni_3d26ead13b,Platov South-Russian State Polytechnic University (NPI),Russian Federation,the
uni_4ac6e18ace,Privolzhsky Research Medical University,Russian Federation,attr|the
uni_9c6fa1a0ae,Pskov State University,Russian Federation,the
uni_daedf41486,Reshetnev Siberian State University of Science and Technology,Russian Federation,attr|the
uni_3c59a15a1b,Rostov State University of Economics,Russian Federation,the
uni_e218fec932,Russian Biotechnological University (BIOTECH),Russian Federation,the
uni_62d25175f1,Russian University of State for Social (RUSS),Russian Federation,the
uni_2cab60b6ca,Ryazan State Medical University,Russian Federation,the
uni_3374427fc2,Saint Petersburg Electrotechnical University ETU-LETI,Russian Federation,qs_2024|qs_2025|qs_2027
uni_87ee4b7a76,Saint Petersburg State Pediatric Medical University,Russian Federation,the
uni_c9f6eead53,Samara State Medical University,Russian Federation,the
uni_b7c2fe6d25,Samara State Technical University,Russian Federation,attr|the
uni_d3a888a7b8,Saratov State Medical University,Russian Federation,attr|the
uni_9f4549656a,Siberian Federal University,Russian Federation,attr|the
uni_a986ad3f08,Siberian State Medical University,Russian Federation,attr|the
uni_0a6db6a907,Skolkovo Institute of Science and Technology (Skoltech),Russian Federation,arwu|the
uni_8c742fb53d,Southwest State University,Russian Federation,attr|the
uni_3ffdca7690,Stavropol State Agrarian University,Russian Federation,the
uni_399e92b79f,Tomsk Polytechnic University,Russian Federation,attr|the
uni_44bdba8d16,Tomsk State Pedagogical University,Russian Federation,the
uni_9eb00cb2ac,Tomsk State University of Control Systems and Radioelectronics,Russian Federation,attr|the
uni_c940e7f6fd,Tula State University,Russian Federation,attr|the
uni_dc14a8d91d,Tver State Technical University,Russian Federation,the
uni_4503ee779a,Ufa State Petroleum Technological University,Russian Federation,attr|the
uni_67cef528e2,Ufa University of Science and Technology,Russian Federation,attr|the
uni_e256b1eaf4,Ulyanovsk State Technical University,Russian Federation,the
uni_77ae6f3b7e,Ulyanovsk State University,Russian Federation,the
uni_0fc724809d,Ural Federal University,Russian Federation,arwu|attr|the
uni_effb47dd11,Ural State Medical University,Russian Federation,the
uni_83dfbf3fe7,Ural State University of Economics,Russian Federation,the
uni_9e73a7ae41,Volgograd State Medical University,Russian Federation,the
uni_e17ab44cf5,Volgograd State Technical University,Russian Federation,attr|the
uni_89d71291ea,Volgograd State University,Russian Federation,attr|the
uni_e685ab460c,Voronezh State Technical University,Russian Federation,attr|the
uni_c4d2d41d6e,Adventist University of Central Africa,Rwanda,the
uni_be76477cc0,Al-Baha University,Saudi Arabia,the
uni_c8f5752635,AlMaarefa University,Saudi Arabia,the
uni_cc99131593,Alfaisal University,Saudi Arabia,attr|qs|qs_2024|qs_2025|qs_2027|the
uni_a80513bfce,Effat University,Saudi Arabia,qs|qs_2025|qs_2027|the
uni_867302fa1d,Imam Abdulrahman Bin Faisal University,Saudi Arabia,attr|qs|qs_2024|qs_2025|qs_2027|the
uni_ad2cd3bd10,Imam Mohammad Ibn Saud Islamic University,Saudi Arabia,attr|qs|the
uni_07a0084e24,Imam Mohammad Ibn Saud Islamic University – IMSIU,Saudi Arabia,qs_2024|qs_2025|qs_2027
uni_61419cc862,Islamic University of Madinah,Saudi Arabia,attr|qs|qs_2024|qs_2025|qs_2027|the
uni_78d648b7c0,Jazan University,Saudi Arabia,arwu|attr|the
uni_83013e6390,Jouf University,Saudi Arabia,attr|qs|qs_2024|qs_2025|qs_2027|the
uni_e4bfe21413,KFUPM,Saudi Arabia,qs_2027
uni_f336e694e4,King Abdulaziz University,Saudi Arabia,arwu|attr|qs|qs_2024|qs_2025|qs_2027|the
uni_4e661722bc,King Abdullah University of Science and Technology (KAUST),Saudi Arabia,arwu|the
uni_06e96be071,King Fahd University of Petroleum & Minerals,Saudi Arabia,arwu|attr|qs|qs_2024|qs_2025|the
uni_07601abf82,King Faisal University,Saudi Arabia,arwu|attr|qs|qs_2024|qs_2025|qs_2027|the
uni_713c4e3b4e,King Khalid University,Saudi Arabia,arwu|attr|qs|qs_2024|qs_2025|qs_2027|the
uni_8bd8e96361,King Saud University,Saudi Arabia,arwu|attr|qs|qs_2024|qs_2025|qs_2027|the
uni_884597d756,King Saud bin Abdulaziz University for Health Sciences,Saudi Arabia,attr|the
uni_f8665f8219,Najran University,Saudi Arabia,attr|the
uni_f00c5e8881,Northern Borders University,Saudi Arabia,attr|qs|qs_2024|qs_2025|qs_2027|the
uni_a05003fea6,Prince Mohammad Bin Fahd university,Saudi Arabia,attr|qs|qs_2024|qs_2025|qs_2027|the
uni_9340eea358,Prince Sattam Bin Abdulaziz University,Saudi Arabia,arwu|attr|qs_2027|the
uni_dd78c70900,Prince Sultan University,Saudi Arabia,attr|qs|qs_2025|qs_2027|the
uni_4c719bfd52,Princess Nourah bint Abdulrahman University,Saudi Arabia,arwu|attr|qs|qs_2024|qs_2025|qs_2027|the
uni_826f71b6b0,Qassim University,Saudi Arabia,arwu|attr|qs|qs_2024|qs_2025|qs_2027|the
uni_112f6e3cb2,Saudi Electronic University,Saudi Arabia,the
uni_75ea94d050,Taibah University,Saudi Arabia,attr|qs|qs_2024|qs_2025|qs_2027|the
uni_6c67363e62,Taif University,Saudi Arabia,arwu|attr|qs_2027|the
uni_cbc434385f,Umm Al-Qura University,Saudi Arabia,arwu|attr|qs|qs_2024|qs_2025|qs_2027|the
uni_c4f967a682,University of Bisha,Saudi Arabia,the
uni_f519373239,University of Ha'il,Saudi Arabia,qs_2027
uni_922d2b59c5,University of Hafr Al Batin,Saudi Arabia,the
uni_5be96b34c8,University of Hail,Saudi Arabia,attr|qs|qs_2025|the
uni_f7148f0b75,University of Jeddah,Saudi Arabia,attr|the
uni_ce7b23d906,University of Tabuk,Saudi Arabia,attr|qs|qs_2025|qs_2027|the
uni_ca50750f6c,Inter-State School of Veterinary Sciences and Medicine,Senegal,the
uni_bea222d689,University of Belgrade,Serbia,arwu|attr|qs|qs_2024|qs_2025|qs_2027|the
uni_4072ce5485,University of Kragujevac,Serbia,attr|qs|qs_2024|qs_2025|the
uni_d8062233ab,University of Ni,Serbia,qs
uni_089d95a763,University of Niš,Serbia,attr|qs_2024|qs_2025
uni_bff5bd768a,University of Novi Sad,Serbia,attr|qs|qs_2024|qs_2025|qs_2027|the
uni_8c4d108afc,"Nanyang Technological University, Singapore",Singapore,attr|qs|qs_2024|qs_2025|qs_2027|the
uni_85a541d185,National University of Singapore,Singapore,arwu|attr|qs|qs_2024|qs_2025|qs_2027|the
uni_5251cde0b6,Singapore Management University,Singapore,attr|qs|qs_2024|qs_2025|qs_2027
uni_144bc25b86,Singapore University of Technology and Design,Singapore,attr|qs|qs_2024|qs_2025|qs_2027
uni_74ade3bc8b,Comenius University Bratislava,Slovakia,arwu|attr|qs|qs_2024|qs_2025|qs_2027|the
uni_23c1fd3699,Matej Bel University,Slovakia,attr|the
uni_6c61152a6b,Pavol Jozef afárik University in Koice,Slovakia,qs
uni_7d56d4b743,Pavol Jozef Šafárik University in Košice,Slovakia,attr|qs_2024|qs_2025|qs_2027|the
uni_d4fcd1d648,Slovak University of Agriculture in Nitra,Slovakia,attr|qs|qs_2025|qs_2027|the
uni_4a3bad2593,Slovak University of Technology in Bratislava,Slovakia,attr|qs|qs_2024|qs_2025|qs_2027|the
uni_bd5c1477b1,Technical University of Kosice,Slovakia,attr|qs|qs_2024|qs_2025|qs_2027|the
uni_ce76f4a234,University of Veterinary Medicine and Pharmacy in Košice,Slovakia,the
uni_f8dc2afbaf,University of Zilina,Slovakia,attr|qs_2024|qs_2025|qs_2027|the
uni_759e63cdd5,University of ilina,Slovakia,qs
uni_93363e1aed,University of Ljubljana,Slovenia,arwu|attr|qs|qs_2024|qs_2025|qs_2027|the
uni_61c2aa9b85,University of Maribor,Slovenia,attr|qs|qs_2024|qs_2025|qs_2027|the
uni_110c82d337,University of Nova Gorica,Slovenia,the
uni_8d19833998,University of Primorska,Slovenia,attr|qs|qs_2024|qs_2025|qs_2027|the
uni_c1dd75c778,Abrar University,Somalia,the
uni_cce0ca0697,Barawa International University,Somalia,the
uni_93bf594961,SIMAD University,Somalia,the
uni_f36f21435c,Durban University of Technology,South Africa,attr|the
uni_7bd023b633,Nelson Mandela University,South Africa,qs_2027
uni_dba7b46064,North-West University,South Africa,arwu|attr|qs|qs_2024|qs_2025|qs_2027|the
uni_0069da50da,Open Christian University,South Africa,the
uni_74ffe8feb8,Rhodes University,South Africa,attr|qs|qs_2024|qs_2025|qs_2027
uni_5f638e1330,Sefako Makgatho Health Sciences University,South Africa,the
uni_7707bae622,Stellenbosch University,South Africa,arwu|attr|qs|qs_2024|qs_2025|qs_2027|the
uni_ac48c6edfa,Stockholm School of Economics,South Africa,arwu
uni_b6f608e153,University of Cape Town,South Africa,arwu|attr|qs|qs_2024|qs_2025|qs_2027|the
uni_6431738344,University of Johannesburg,South Africa,arwu|attr|qs|qs_2024|qs_2025|qs_2027|the
uni_25379c492f,University of Kwazulu-Natal,South Africa,arwu|attr|qs|qs_2024|qs_2025|qs_2027|the
uni_f1a543f24b,University of Pretoria,South Africa,arwu|attr|qs|qs_2024|qs_2025|qs_2027|the
uni_423e8f87f0,University of South Africa,South Africa,arwu|attr|qs|qs_2024|qs_2025|qs_2027|the
uni_bc198f6b08,University of Venda,South Africa,attr|the
uni_54c0dbbd4a,University of Witwatersrand,South Africa,arwu|attr|qs|qs_2024|qs_2025|qs_2027|the
uni_b70d440203,University of the Free State,South Africa,attr|qs|qs_2024|qs_2025|qs_2027|the
uni_4e398f014d,University of the Western Cape,South Africa,attr|qs|qs_2024|qs_2025|qs_2027|the
uni_9b9eaf5082,Ajou University,South Korea,arwu|attr|qs|qs_2024|qs_2025|qs_2027|the
uni_493dde01b5,Chonnam National University,South Korea,arwu|attr|qs|qs_2024|qs_2025|qs_2027|the
uni_eabc9974cd,Chosun University,South Korea,attr|the
uni_df24511e8c,Chung-Ang University,South Korea,arwu|attr|qs|qs_2024|qs_2025|qs_2027|the
uni_02a5042d60,Chungbuk National University,South Korea,arwu|attr|qs|qs_2024|qs_2025|qs_2027|the
uni_e9fb278218,Chungnam National University,South Korea,arwu|attr|qs|qs_2024|qs_2025|qs_2027|the
uni_315344384e,Daegu Gyeongbuk Institute of Science and Technology,South Korea,attr|qs|qs_2024|qs_2025|qs_2027|the
uni_61974139ab,Dankook University,South Korea,attr|qs|qs_2024|qs_2025|qs_2027
uni_22e6878f28,Dongguk University,South Korea,arwu|attr|qs|qs_2024|qs_2025|qs_2027
uni_284957088b,Ewha Womans University,South Korea,arwu|attr|qs|qs_2024|qs_2025|qs_2027|the
uni_3d1626aef2,Gwangju Institute of Science and Technology,South Korea,attr|qs|qs_2024|qs_2025|qs_2027|the
uni_889b18f8eb,HUFS - Hankuk (Korea) University of Foreign Studies,South Korea,attr|qs|qs_2024|qs_2025|qs_2027
uni_c16bf07571,Hallym University,South Korea,arwu|attr|qs|qs_2024|qs_2025|qs_2027|the
uni_4e3bae72e1,Hanseo University,South Korea,the
uni_c7480e7ccc,Hanyang University,South Korea,arwu|attr|qs|qs_2024|qs_2025|qs_2027|the
uni_4295a46454,Henan Normal University,South Korea,arwu
uni_902195b0c1,Hongik University,South Korea,attr|qs|qs_2024|qs_2025|qs_2027
uni_5abd07ac00,Hubei University,South Korea,arwu
uni_e2e1da4048,Hunan Normal University,South Korea,arwu
uni_5ef23290fd,Incheon National University,South Korea,attr|the
uni_8a9acb7e6b,Inha University,South Korea,arwu|attr|qs|qs_2024|qs_2025|qs_2027|the
uni_fb724dab0d,Jeju National University,South Korea,attr|qs|qs_2024|qs_2025|qs_2027|the
uni_66b1379071,Jeonbuk National University,South Korea,arwu|attr|qs|qs_2024|qs_2025|qs_2027|the
uni_cfcf53c5c0,KAIST - Korea Advanced Institute of Science & Technology,South Korea,arwu|attr|qs|qs_2024|qs_2025|the
uni_99d74e649b,Kangwon National University,South Korea,arwu|attr|qs|qs_2024|qs_2025|qs_2027|the
uni_fe09dfa444,Kindai University,South Korea,attr
uni_0e8377f865,Konkuk University,South Korea,arwu|attr|qs|qs_2024|qs_2025|qs_2027|the
uni_1b204d7870,Kookmin University,South Korea,attr|qs|qs_2024|qs_2025|qs_2027|the
uni_079cc8606f,Korea University,South Korea,arwu|attr|qs|qs_2024|qs_2025|qs_2027|the
uni_5554608672,Kyung Hee University,South Korea,arwu|attr|qs|qs_2024|qs_2025|qs_2027|the
uni_dde5341498,Kyungpook National University,South Korea,arwu|attr|qs|qs_2024|qs_2025|qs_2027|the
uni_463ff75151,Lanzhou University of Technology,South Korea,arwu
uni_539f71df6a,Pohang University of Science And Technology,South Korea,arwu|attr|qs|qs_2024|qs_2025|qs_2027|the
uni_fd18f96904,Pukyong National University,South Korea,arwu|attr|qs|qs_2024|qs_2025|qs_2027|the
uni_a1b0ae8ff2,Pusan National University,South Korea,arwu|attr|qs|qs_2024|qs_2025|qs_2027|the
uni_bb95897785,Sejong University,South Korea,arwu|attr|qs|qs_2024|qs_2025|qs_2027|the
uni_cb8bcf4da6,Seoul National University,South Korea,arwu|attr|qs|qs_2024|qs_2025|qs_2027|the
uni_1be41f40e0,Seoul National University of Science and Technology,South Korea,attr|qs|qs_2024|qs_2025|qs_2027|the
uni_461ef39ee6,Sogang University,South Korea,attr|qs|qs_2024|qs_2025|qs_2027|the
uni_a9af178552,Sookmyung Women's University,South Korea,attr|qs|qs_2024|qs_2025|qs_2027
uni_b166a6310b,Soonchunhyang University,South Korea,attr|qs|qs_2024|qs_2025|qs_2027|the
uni_ea9bd9a4ae,Soongsil University,South Korea,attr|qs|qs_2024|qs_2025|the
uni_485d42c5c9,Sungkyunkwan University,South Korea,attr|qs|qs_2024|qs_2025|qs_2027|the
uni_59cb3b31ed,Sungshin Women's University,South Korea,attr|qs|qs_2024|qs_2025|qs_2027
uni_75b02fc2a7,The Catholic University of Korea,South Korea,arwu|attr|qs|qs_2024|qs_2025|qs_2027|the
uni_66126da943,Ulsan National Institute of Science and Technology,South Korea,arwu|attr|qs|qs_2024|qs_2025|qs_2027|the
uni_e30f9fa426,University of Seoul,South Korea,attr|qs|qs_2024|qs_2025|qs_2027|the
uni_f079254d02,University of Ulsan,South Korea,arwu|attr|qs|qs_2024|qs_2025|qs_2027|the
uni_a13d552ac7,Yeungnam University,South Korea,arwu|attr|qs|qs_2024|qs_2025|qs_2027|the
uni_6d77831801,Yonsei University,South Korea,attr|qs|qs_2024|qs_2025|qs_2027|the
uni_ba0956d5da,Youngsan University,South Korea,qs|qs_2024|qs_2025
uni_dc7912d0f2,Anhui Agricultural University,Spain,arwu
uni_cfd9453728,Anhui Medical University,Spain,arwu
uni_08aa328f9e,Autonomous University of Barcelona,Spain,arwu|attr|the
uni_e2a264f667,Autonomous University of Madrid,Spain,arwu|attr|the
uni_65a37c3c71,CEU Universities,Spain,qs_2027
uni_9ff61eb56d,Catholic University of Ávila,Spain,the
uni_94503f22a5,Complutense University of Madrid,Spain,arwu|attr|qs|qs_2024|qs_2025|qs_2027|the
uni_48aca83fdf,EAE Business School,Spain,the
uni_0237ca3137,ESIC,Spain,the
uni_870adbd057,European University of Madrid,Spain,attr|the
uni_fae436dcc2,Fundación CEU San Pablo,Spain,attr|qs|qs_2024|qs_2025
uni_d82f1c2a3a,IE University,Spain,qs|qs_2024|qs_2025|qs_2027
uni_99e73db3c5,IPB University,Spain,attr
uni_6c3984368f,National University of Distance Education (UNED),Spain,attr|the
uni_dabc2ea7af,Open University of Catalonia,Spain,attr|the
uni_08389b81ea,Polytechnic University of Valencia,Spain,arwu|attr|the
uni_d130397c1e,Public University of Navarre,Spain,attr|the
uni_db165c13dd,Technical University of Cartagena,Spain,attr|the
uni_d68d08b996,Technical University of Dortmund,Spain,arwu
uni_a9ee0bf913,Technical University of Madrid,Spain,attr|the
uni_0e3313cdc8,UCAM Universidad Católica San Antonio de Murcia,Spain,qs_2027
uni_87815338d4,UNIR – International University of La Rioja,Spain,attr|the
uni_57be393f05,Universidad Autónoma de Madrid,Spain,attr|qs|qs_2024|qs_2025|qs_2027
uni_b46d818b48,Universidad Camilo José Cela,Spain,the
uni_e52f17f827,Universidad Carlos III de Madrid,Spain,arwu|attr|qs|qs_2024|qs_2025|qs_2027|the
uni_61761523ef,Universidad Católica San Antonio de Murcia (UCAM),Spain,attr|the
uni_9976d9f84b,Universidad Europea,Spain,qs_2027
uni_aab07b9f79,Universidad Loyola,Spain,attr|the
uni_8c987654b8,Universidad Miguel Hernández de Elche,Spain,attr|qs_2027|the
uni_ea9696eff1,Universidad Pablo de Olavide,Spain,attr|qs_2027|the
uni_b2d3009961,Universidad Politécnica de Madrid,Spain,attr|qs|qs_2024|qs_2025|qs_2027
uni_e42fa308a7,Universidad Pontificia Comillas,Spain,attr|qs|qs_2024|qs_2025|qs_2027|the
uni_df4f148c5b,Universidad Rey Juan Carlos,Spain,attr|qs|qs_2024|qs_2025|qs_2027|the
uni_74288fcec7,Universidad de Alcalá,Spain,arwu|attr|qs|qs_2024|qs_2025|qs_2027|the
uni_ee622091ba,Universidad de Almeria,Spain,attr|qs_2027|the
uni_a50084ba2f,Universidad de Cantabria,Spain,qs_2027
uni_ece43b5b09,Universidad de Castilla-La Mancha,Spain,arwu|attr|qs|qs_2024|qs_2025|qs_2027|the
uni_86c4b845fe,Universidad de Cádiz,Spain,arwu|attr|qs_2027|the
uni_f422811e14,Universidad de Córdoba,Spain,arwu|attr|qs_2027|the
uni_8d90de5327,Universidad de Córdoba - España,Spain,attr|qs|qs_2024|qs_2025
uni_9298fddc3c,Universidad de Extremadura,Spain,arwu|attr|qs_2027|the
uni_6624d37929,Universidad de La Laguna,Spain,arwu|attr|qs_2027|the
uni_fba4dbdcb1,Universidad de León,Spain,attr|qs|qs_2024|qs_2025|qs_2027|the
uni_0d0211c980,Universidad de Málaga,Spain,arwu|attr|qs_2027|the
uni_a206d2ba48,Universidad de Oviedo,Spain,arwu|attr|qs|qs_2024|qs_2025|qs_2027|the
uni_e2c5f21c35,Universidad de Sevilla,Spain,arwu|attr|qs|qs_2024|qs_2025|qs_2027|the
uni_69a3673ade,Universidad de Valladolid,Spain,attr|qs|qs_2024|qs_2025|qs_2027|the
uni_de540ac995,Universidad de Zaragoza,Spain,arwu|attr|qs|qs_2024|qs_2025|qs_2027|the
uni_cf8c4db752,Universidade da Coruña,Spain,attr|qs|qs_2024|qs_2025|qs_2027
uni_0bd90a1670,Universidade de Santiago de Compostela,Spain,attr|qs|qs_2024|qs_2025|qs_2027|the
uni_9900f6b669,Universidade de Vigo,Spain,arwu|attr|qs|qs_2024|qs_2025|qs_2027|the
uni_59f656275e,Universitat Autònoma de Barcelona,Spain,attr|qs|qs_2024|qs_2025|qs_2027
uni_76a6cbd8cd,Universitat Internacional de Catalunya,Spain,attr|qs_2027|the
uni_48070dfdf0,Universitat Jaume I (CASTELLÓ),Spain,arwu|attr|qs_2027|the
uni_2927692809,Universitat Politècnica de Catalunya,Spain,attr|the
uni_bd766a42b0,Universitat Politècnica de Catalunya · BarcelonaTech,Spain,attr|qs|qs_2024|qs_2025|qs_2027
uni_d8491daefa,Universitat Politècnica de València,Spain,attr|qs|qs_2024|qs_2025|qs_2027
uni_5e24a8241c,Universitat Pompeu Fabra,Spain,arwu|attr|qs|qs_2024|qs_2025|qs_2027|the
uni_c1557438f1,Universitat Ramon Llull,Spain,attr|qs|qs_2024|qs_2025|qs_2027|the
uni_f289a4c68d,Universitat Rovira i Virgili,Spain,attr|qs|qs_2024|qs_2025|qs_2027|the
uni_8cce25cf82,Universitat de Barcelona,Spain,arwu|attr|qs|qs_2024|qs_2025|qs_2027|the
uni_36e15577c3,Universitat de Lleida,Spain,arwu|attr|qs|qs_2024|qs_2025|qs_2027|the
uni_227aac7070,Universitat de Valencia,Spain,arwu|attr|qs|qs_2024|qs_2025|qs_2027|the
uni_af8aacf3a3,Universitat de les Illes Balears,Spain,qs_2027
uni_645c5a5842,University of A Coruña,Spain,attr|the
uni_f82327475e,University of Alicante,Spain,arwu|attr|qs|qs_2024|qs_2025|qs_2027|the
uni_7b7d66fc1d,University of Burgos,Spain,attr|the
uni_8d35c038e9,University of Deusto,Spain,attr|qs|qs_2024|qs_2025|qs_2027|the
uni_8338ca1fa5,University of Girona,Spain,arwu|attr|the
uni_e66036c2f1,University of Granada,Spain,arwu|attr|qs|qs_2024|qs_2025|qs_2027|the
uni_b99d71c2ac,University of Jaén,Spain,arwu|attr|the
uni_2b6d9133dd,University of Las Palmas de Gran Canaria,Spain,arwu|attr|the
uni_e8371bbab4,University of Murcia,Spain,arwu|attr|qs|qs_2024|qs_2025|qs_2027|the
uni_2a457bfaab,University of Navarra,Spain,arwu|attr|qs|qs_2024|qs_2025|qs_2027|the
uni_1bbb12ceed,University of Salamanca,Spain,arwu|attr|qs|qs_2024|qs_2025|qs_2027|the
uni_da2e87fdc0,"University of Science, Malaysia",Spain,arwu
uni_cf63366001,University of Vic – Central University of Catalonia,Spain,attr|the
uni_d9afcae27d,University of the Balearic Islands,Spain,arwu|attr|the
uni_98652e47d5,University of the Basque Country,Spain,arwu|attr|qs|qs_2024|qs_2025|qs_2027|the
uni_c9d602cb8f,Xinjiang University,Spain,arwu
uni_4decd2ec4c,General Sir John Kotelawala Defence University,Sri Lanka,the
uni_20953c7d24,Sri Lanka Institute of Information Technology,Sri Lanka,the
uni_965fa30cd3,University of Colombo,Sri Lanka,attr|qs|qs_2024|qs_2025|qs_2027|the
uni_59a7fd4116,University of Kelaniya,Sri Lanka,attr|the
uni_3b00f5cf3b,University of Moratuwa,Sri Lanka,qs_2027
uni_1d1c2335df,University of Peradeniya,Sri Lanka,attr|qs|qs_2024|qs_2025|qs_2027|the
uni_4b1adcaadd,University of Sri Jayewardenepura,Sri Lanka,attr|qs|qs_2025|qs_2027|the
uni_62a1af2979,"National University, Sudan",Sudan,the
uni_24f3f1f237,Sudan University of Science and Technology,Sudan,qs_2024
uni_db8e82014e,University of Khartoum,Sudan,attr|qs|qs_2024|qs_2025|qs_2027
uni_c62a7157a6,Chalmers University of Technology,Sweden,arwu|attr|qs|qs_2024|qs_2025|qs_2027|the
uni_d9f4bbbd3c,Halmstad University,Sweden,attr|the
uni_b158f0a414,Jönköping University,Sweden,attr|the
uni_2c3d825706,KTH Royal Institute of Technology,Sweden,arwu|attr|qs|qs_2024|qs_2025|qs_2027|the
uni_ec5f7f81ce,Karlstad University,Sweden,attr|the
uni_ed5d8573aa,Karolinska Institute,Sweden,arwu|attr|the
uni_da3ae1e036,Linköping University,Sweden,arwu|attr|qs|qs_2024|qs_2025|qs_2027|the
uni_23287ce0cc,Lund University,Sweden,arwu|attr|qs|qs_2024|qs_2025|qs_2027|the
uni_b8cec00d70,Malmo University,Sweden,qs_2027
uni_18ae68d2f3,Northeastern University (Shenyang),Sweden,arwu
uni_9d48a5be52,Shanxi Medical University,Sweden,arwu
uni_426658ac08,Stockholm University,Sweden,arwu|attr|qs|qs_2024|qs_2025|qs_2027|the
uni_b7a2e6398e,Swedish University of Agricultural Sciences,Sweden,arwu|attr|the
uni_3e116faa61,Umea University,Sweden,arwu|attr|qs|qs_2024|qs_2025|qs_2027|the
uni_b6839f302a,University of Gothenburg,Sweden,arwu|attr|qs|qs_2024|qs_2025|qs_2027|the
uni_832eb0ba95,Uppsala University,Sweden,arwu|attr|qs|qs_2024|qs_2025|qs_2027|the
uni_31acdfd1b4,Örebro University,Sweden,arwu|attr|the
uni_a389bdbb2a,EPFL,Switzerland,attr|qs|qs_2024|qs_2025
uni_30b6bc12b1,EPFL – École polytechnique fédérale de Lausanne,Switzerland,attr|qs_2027|the
uni_ff6c2244d6,ETH Zurich,Switzerland,arwu|attr|qs_2027|the
uni_d3d860e42f,ETH Zurich - Swiss Federal Institute of Technology,Switzerland,attr|qs|qs_2024|qs_2025
uni_fd540cad61,Icahn School of Medicine at Mount Sinai,Switzerland,arwu
uni_3e79ea8900,SBS Swiss Business School,Switzerland,the
uni_b596370abd,Swiss Federal Institute of Technology Lausanne,Switzerland,arwu
uni_960ee52196,USI - Università della Svizzera italiana,Switzerland,arwu|attr|qs|qs_2024|qs_2025|qs_2027|the
uni_d9d6af4507,University of Applied Sciences and Arts of Western Switzerland,Switzerland,attr|the
uni_c2a86d3714,University of Basel,Switzerland,arwu|attr|qs|qs_2024|qs_2025|qs_2027|the
uni_1e6b16d639,University of Bern,Switzerland,arwu|attr|qs|qs_2024|qs_2025|qs_2027|the
uni_9d7f19a025,University of Geneva,Switzerland,arwu|attr|qs|qs_2024|qs_2025|qs_2027|the
uni_df527a08fc,University of Lausanne,Switzerland,arwu|attr|qs|qs_2024|qs_2025|qs_2027|the
uni_41687adf4c,University of Muenster,Switzerland,arwu
uni_60605853df,University of Neuchâtel,Switzerland,attr|qs_2027|the
uni_f5ef2768be,University of St.Gallen (HSG),Switzerland,attr|qs_2024|the
uni_8c730b3a4e,University of Zurich,Switzerland,arwu|attr|qs|qs_2024|qs_2025|qs_2027|the
uni_da643eaef2,Université de Fribourg,Switzerland,arwu|attr|qs|qs_2024|qs_2025|qs_2027|the
uni_7f173faa5c,ZHAW Zurich University of Applied Sciences,Switzerland,attr|the
uni_857491f618,Zurich University of Applied Sciences (ZHAW),Switzerland,qs_2027
uni_a16f753741,Zürcher Hochschule Winterthur,Switzerland,attr|qs|qs_2024|qs_2025
uni_adb51f8a5f,Damascus University,Syrian Arab Republic,attr|qs|qs_2024|qs_2025|qs_2027
uni_9ab5dc22ad,Asia University Taiwan,Taiwan,attr|qs|qs_2024|qs_2025|qs_2027|the
uni_c48f57e6b2,Chang Gung University,Taiwan,arwu|attr|qs|qs_2024|qs_2025|qs_2027|the
uni_655fd03a8b,Chang Gung University of Science and Technology,Taiwan,attr|the
uni_e4efc206c8,Chang Jung Christian University,Taiwan,attr|qs|qs_2024|qs_2025
uni_6a20e926e3,Chaoyang University of Technology,Taiwan,attr|qs|qs_2024|qs_2025|the
uni_c1001fd48e,China Medical University,Taiwan,attr|qs_2027|the
uni_5b53586e8c,Chinese Culture University,Taiwan,attr|the
uni_cdd5e95fb6,Chung Shan Medical University,Taiwan,attr|the
uni_89c21dc271,Chung Yuan Christian University,Taiwan,attr|qs|qs_2024|qs_2025|qs_2027|the
uni_f37c72b9e5,Feng Chia University,Taiwan,attr|qs|qs_2024|qs_2025|qs_2027|the
uni_426fa188ca,Fu Jen Catholic University,Taiwan,attr|qs|qs_2024|qs_2025|qs_2027|the
uni_a1fe746adf,I-Shou University,Taiwan,attr|the
uni_f5a9b3595b,Kaohsiung Medical University,Taiwan,arwu|attr|qs_2027|the
uni_4e4f1b12cf,Ming Chi University of Technology,Taiwan,attr|the
uni_c1da556c54,Ming Chuan University,Taiwan,attr|the
uni_af24b86dd7,National Central University,Taiwan,arwu|attr|qs|qs_2024|qs_2025|qs_2027|the
uni_e3b69ccfe5,National Changhua University of Education,Taiwan,attr|the
uni_7a6b5f3e63,National Cheng Kung University,Taiwan,arwu|attr|qs|qs_2024|qs_2025|qs_2027|the
uni_c6f258d29e,National Chengchi University,Taiwan,attr|qs|qs_2024|qs_2025|qs_2027|the
uni_f9d6230ad8,National Chi Nan University,Taiwan,attr|the
uni_221535f307,National Chiayi University,Taiwan,attr|the
uni_7146791117,National Chin-Yi University of Technology,Taiwan,attr|the
uni_8299432f17,National Chinyi University of Technology,Taiwan,qs_2027
uni_c5b5cee9a4,National Chung Cheng University,Taiwan,attr|qs|qs_2024|qs_2025|qs_2027|the
uni_665bc4683f,National Chung Hsing University,Taiwan,arwu|attr|qs|qs_2024|qs_2025|qs_2027|the
uni_2985a0bdd1,National Dong Hwa University,Taiwan,attr|qs|qs_2024|qs_2025|qs_2027|the
uni_4d08ef0338,National Formosa University,Taiwan,attr|the
uni_5af0ce1a8e,National Ilan University,Taiwan,attr|the
uni_9ee104b428,National Kaohsiung University of Science and Technology,Taiwan,attr|the
uni_1a96db4fb1,National Sun Yat-sen University,Taiwan,arwu|attr|qs|qs_2024|qs_2025|qs_2027|the
uni_855f800db8,National Taichung University of Science and Technology,Taiwan,attr|the
uni_6f75494ff0,National Taipei University,Taiwan,attr|qs|qs_2024|qs_2025|qs_2027|the
uni_e65a074e81,National Taipei University of Technology,Taiwan,attr|qs|qs_2024|qs_2025|qs_2027|the
uni_f98edede2f,National Taiwan Normal University,Taiwan,attr|qs|qs_2024|qs_2025|qs_2027|the
uni_a26392d8c6,National Taiwan Ocean University,Taiwan,attr|qs|qs_2024|qs_2025|qs_2027|the
uni_bcbf10acfb,National Taiwan University,Taiwan,arwu|attr|qs|qs_2024|qs_2025|qs_2027|the
uni_3aead5cbf2,National Taiwan University of Science and Technology,Taiwan,arwu|attr|qs|qs_2024|qs_2025|qs_2027|the
uni_356d589420,National Tsing Hua University,Taiwan,arwu|attr|qs|qs_2024|qs_2025|qs_2027|the
uni_43f53aeb24,National United University,Taiwan,attr|the
uni_dd4a7ebe55,National University of Kaohsiung,Taiwan,attr|the
uni_143eeb7993,National Yang Ming Chiao Tung University,Taiwan,arwu|attr|qs|qs_2024|qs_2025|qs_2027|the
uni_c1dda48cba,National Yunlin University of Science and Technology,Taiwan,attr|the
uni_77c044268b,Soochow University,Taiwan,attr|qs|qs_2024|qs_2025|the
uni_1ed4e773ca,Taipei Medical University,Taiwan,arwu|attr|qs|qs_2024|qs_2025|qs_2027|the
uni_493be3e509,Tamkang University,Taiwan,attr|qs|qs_2024|qs_2025|qs_2027|the
uni_b49c059113,Tatung University,Taiwan,the
uni_1b0eb3ac42,Tunghai University,Taiwan,attr|qs|qs_2024|qs_2025|qs_2027|the
uni_aa0aa88175,Tzu Chi University,Taiwan,attr|the
uni_52cb1f8712,University of Taipei,Taiwan,the
uni_7b48152d3c,Yuan Ze University,Taiwan,attr|qs|qs_2024|qs_2025|qs_2027|the
uni_6e34bc9728,Shanghai University of Traditional Chinese Medicine,"Taiwan, China",arwu
uni_5a40ef9255,Muhimbili University of Health and Allied Sciences,Tanzania,attr|the
uni_278f757083,University of Dar es Salaam,Tanzania,attr|qs_2027|the
uni_75ae55dab0,Burapha University,Thailand,attr|the
uni_5a1c52ce4f,Buriram Rajabhat University,Thailand,the
uni_143853dc3c,Chiang Mai University,Thailand,arwu|attr|qs|qs_2024|qs_2025|qs_2027|the
uni_ee4cacd2d2,Chulalongkorn University,Thailand,arwu|attr|qs|qs_2024|qs_2025|qs_2027|the
uni_329ace1baa,Kasetsart University,Thailand,attr|qs|qs_2024|qs_2025|qs_2027|the
uni_9252d496be,Khon Kaen University,Thailand,attr|qs|qs_2024|qs_2025|qs_2027|the
uni_d9a0984946,King Mongkut's University of Technology North Bangkok,Thailand,attr|qs|qs_2024|qs_2025|qs_2027|the
uni_166b534b95,King Mongkut's University of Technology Thonburi,Thailand,attr|qs|qs_2024|qs_2025|qs_2027|the
uni_6d3cafc2d4,King Mongkut\'s Institute of Technology Ladkrabang,Thailand,attr|qs|qs_2024|qs_2025|the
uni_43d1d6e946,King Mongkuts Institute of Technology Ladkrabang (KMITL),Thailand,qs_2027
uni_42eda760f6,Mae Fah Luang University,Thailand,attr|the
uni_c091338f24,Mahasarakham University,Thailand,attr|the
uni_5e0b1480fe,Mahidol University,Thailand,arwu|attr|qs|qs_2024|qs_2025|qs_2027|the
uni_ad4caa6241,Muban Chombueng Rajabhat University,Thailand,the
uni_3524b899a8,Nakhon Ratchasima Rajabhat University,Thailand,the
uni_73b05d62e1,Naresuan University,Thailand,attr|qs|qs_2024|qs_2025|the
uni_b7fd465c54,Prince of Songkla University,Thailand,attr|qs|qs_2024|qs_2025|qs_2027|the
uni_e4554df687,Rajamangala University of Technology Isan,Thailand,the
uni_906647dc4b,Rajamangala University of Technology Thanyaburi (RMUTT),Thailand,the
uni_0e3cc671fd,Sakon Nakhon Rajabhat University,Thailand,the
uni_022023d643,Silpakorn University,Thailand,attr|qs|qs_2024|qs_2025|qs_2027|the
uni_0b09e410e8,Srinakharinwirot University,Thailand,attr|the
uni_746ebf577a,Suranaree University of Technology,Thailand,attr|qs|qs_2024|qs_2025|qs_2027|the
uni_8de12ffb9a,Thammasat University,Thailand,attr|qs|qs_2024|qs_2025|qs_2027|the
uni_5a60b273a1,Ubon Ratchathani University,Thailand,the
uni_112d8ad984,University of Phayao,Thailand,attr|the
uni_1ebda4067f,University of the Thai Chamber of Commerce,Thailand,the
uni_97c73cdc01,Walailak University,Thailand,attr|qs_2027|the
uni_323df299f5,European University of Tunis,Tunisia,the
uni_a7bd9731b9,University of Carthage,Tunisia,attr|the
uni_cf7062bc57,University of Gafsa,Tunisia,the
uni_709b9c7999,University of Jendouba,Tunisia,the
uni_150b367c4c,University of Manouba,Tunisia,attr|the
uni_955532bc0d,University of Monastir,Tunisia,attr|the
uni_1587010059,Université de Gabès,Tunisia,attr|the
uni_d4c0c75cf1,Université de Sfax,Tunisia,attr|qs|qs_2024|qs_2025|qs_2027|the
uni_383e21e711,Université de Sousse,Tunisia,attr|qs|qs_2024|qs_2025|qs_2027|the
uni_e56f06d3d2,Université de Tunis,Tunisia,attr|qs|qs_2024|qs_2025|qs_2027|the
uni_0bd91ec979,Université de Tunis El Manar,Tunisia,attr|qs|qs_2024|qs_2025|qs_2027|the
uni_5a66484f2b,Abdullah Gül University,Turkey,the
uni_1a3e95d6df,Acıbadem University,Turkey,attr|the
uni_ccd4de856f,Akdeniz Üniversitesi,Turkey,attr|qs|qs_2024|qs_2025|qs_2027|the
uni_ae89f646f6,Aksaray University,Turkey,attr|the
uni_8c9a94e7ed,Altınbaş University,Turkey,the
uni_734293e4a3,Anadolu University,Turkey,attr|qs|qs_2024|qs_2025|the
uni_44ba55bb6d,Ankara Science University,Turkey,the
uni_bac418620b,Ankara Yildirim Beyazit University,Turkey,attr|the
uni_b3660d9532,Ankara Üniversitesi,Turkey,arwu|attr|qs|qs_2024|qs_2025|qs_2027|the
uni_0633447012,Ataturk University,Turkey,arwu|attr|qs|qs_2024|qs_2025|qs_2027|the
uni_2dc98b5741,Atılım University,Turkey,attr|the
uni_cfca53bcff,Bahçeşehir University,Turkey,attr|the
uni_adcd0198f6,Bandirma Onyedi Eylül University,Turkey,the
uni_871e850edb,Bartin University,Turkey,attr|the
uni_0443426739,Bayburt University,Turkey,the
uni_b0efb28e30,Başkent University,Turkey,attr|the
uni_4f5377c359,Beykent University,Turkey,the
uni_7ebefd3f53,Bezmiâlem Vakif University,Turkey,attr|the
uni_b09a28597a,Bilecik Şeyh Edebali University,Turkey,attr|the
uni_996fe0cbde,Bilkent University,Turkey,attr|qs|qs_2024|qs_2025|qs_2027|the
uni_78985faa7b,Biruni University,Turkey,the
uni_207c4321e8,Bogaziçi University,Turkey,attr|qs|qs_2024|qs_2025|qs_2027|the
uni_d681ef3f86,Bolu Abant Izzet Baysal University,Turkey,attr|the
uni_b1ce31421e,Bozok University,Turkey,attr|the
uni_df42926df6,Bursa Technical University,Turkey,attr|the
uni_3eaf19b8f9,Bursa Uludağ University,Turkey,attr|the
uni_650592468e,Cankaya University,Turkey,attr|the
uni_24a4e0cf2c,Cukurova University,Turkey,attr|qs|qs_2024|qs_2025|qs_2027|the
uni_a71d619d00,Dicle University,Turkey,attr|the
uni_6697ccd85d,Dokuz Eylül Üniversitesi,Turkey,attr|qs|qs_2024|qs_2025|qs_2027|the
uni_2f1fcbd80f,Dumlupinar University,Turkey,attr|the
uni_9b2b62719a,Duzce University,Turkey,attr|the
uni_6ef32bcda8,EGE UNIVERSITY,Turkey,arwu|attr|qs|qs_2024|qs_2025|qs_2027|the
uni_d5f7ce35f1,Erciyes Üniversitesi,Turkey,attr|qs|qs_2024|qs_2025|qs_2027|the
uni_7b2b34a215,Erzincan Binali Yıldırım University,Turkey,attr|the
uni_889a43708f,Eskişehir Osmangazi University,Turkey,attr|the
uni_3472472b55,Eskişehir Technical University,Turkey,the
uni_dd3aff26e4,Firat University,Turkey,attr|the
uni_b18df1881a,Gazi Üniversitesi,Turkey,arwu|attr|qs|qs_2024|qs_2025|qs_2027|the
uni_853c02828a,Gaziantep University,Turkey,attr|the
uni_270ae6959c,Gebze Technical University,Turkey,attr|qs|qs_2025|qs_2027|the
uni_2a3e72520f,Gebze Yüksek Teknoloji Enstitüsü (GYTE),Turkey,qs_2024
uni_764ff8be4d,Hacettepe University,Turkey,arwu|attr|qs|qs_2024|qs_2025|qs_2027|the
uni_ba8b800b32,Haliç University,Turkey,the
uni_84d97c8093,Hitit University,Turkey,attr|the
uni_6110a1e634,Inönü University,Turkey,attr|the
uni_4043883554,Istanbul Arel University,Turkey,the
uni_2c8ca5f179,Istanbul Aydin University,Turkey,attr|qs|qs_2024|qs_2025|qs_2027|the
uni_396f6fb8ee,Istanbul Bilgi Üniversitesi,Turkey,attr|qs|qs_2024|qs_2025|the
uni_bd3d6bf6e3,Istanbul Gelişim University,Turkey,the
uni_32f128ebfb,Istanbul Kültür University,Turkey,the
uni_aadb52f5ce,Istanbul Medeniyet University,Turkey,attr|the
uni_e50a98f818,Istanbul Medipol University,Turkey,attr|the
uni_4c0206cc0b,Istanbul Okan University,Turkey,the
uni_0afd5ec188,Istanbul Technical University,Turkey,arwu|attr|qs|qs_2024|qs_2025|qs_2027|the
uni_1a3c4e4e7e,Istanbul University,Turkey,arwu|attr|qs|qs_2024|qs_2025|qs_2027|the
uni_1c82e65914,Istanbul University-Cerrahpaşa,Turkey,arwu|attr|the
uni_dd18515d27,Izmir Institute of Technology,Turkey,attr|qs|qs_2024|qs_2025|qs_2027|the
uni_e4d12eec45,Izmir University of Economics,Turkey,attr|the
uni_30c1200795,Kadir Has University,Turkey,the
uni_ca57f4700f,Karabük University,Turkey,attr|the
uni_4d0e4abc6d,Kastamonu University,Turkey,attr|the
uni_20f9f885bb,Kirikkale University,Turkey,attr|the
uni_04b3e4c5ea,Kocaeli Health and Technology University,Turkey,the
uni_d6b9b7e3ea,Kocaeli University,Turkey,attr|the
uni_06f126da69,Koç University,Turkey,arwu|attr|qs|qs_2024|qs_2025|qs_2027|the
uni_4078aa6e62,Kütahya Health Sciences University,Turkey,the
uni_1ceea52574,Kırşehir Ahi Evran University,Turkey,attr|the
uni_f925fccc8d,Manisa Celal Bayar University,Turkey,attr|the
uni_245d9906f4,Marmara University,Turkey,arwu|attr|qs|qs_2024|qs_2025|qs_2027|the
uni_a55555ac3b,Middle East Technical University,Turkey,attr|qs|qs_2024|qs_2025|qs_2027|the
uni_1d7d96223e,Necmettin Erbakan University,Turkey,attr|the
uni_491b6bb20e,Niğde Ömer Halisdemir University,Turkey,attr|the
uni_4fddd88490,North University of China,Turkey,arwu
uni_850221e9fe,Ondokuz Mayis University,Turkey,attr|the
uni_7f8dcfc9dd,Ordu University,Turkey,attr|the
uni_05178e0e7c,Pamukkale University,Turkey,attr|the
uni_800bab5d78,Recep Tayyip Erdoğan University,Turkey,attr|the
uni_3c786931c8,Sabanci University,Turkey,attr|qs|qs_2024|qs_2025|qs_2027|the
uni_5b23deba0a,Sakarya University,Turkey,attr|qs|qs_2024|qs_2025|qs_2027|the
uni_a9edfbb870,Samsun University,Turkey,the
uni_f51cc755c2,Sivas Cumhuriyet University,Turkey,attr|the
uni_08fdf89512,Suleyman Demirel University,Turkey,attr|qs|qs_2024|qs_2025|the
uni_993fe083f3,T. C. Demiroğlu Bilim University,Turkey,the
uni_f16ee5e068,TOBB University of Economics and Technology,Turkey,attr|the
uni_a0756d5c6b,Tarsus University,Turkey,the
uni_93a39eff0f,Tokat Gaziosmanpaşa University,Turkey,attr|the
uni_28ba4f6df9,"University of Health Sciences, Turkey",Turkey,arwu|the
uni_77fbfc40ae,Uşak University,Turkey,attr|the
uni_a99f161a00,Van Yüzüncü Yil University,Turkey,attr|the
uni_1498a7150e,Yaşar University,Turkey,the
uni_66c12aa466,Yeditepe University,Turkey,attr|the
uni_d5d98d3267,Yildiz Technical University,Turkey,attr|qs|qs_2024|qs_2025|qs_2027|the
uni_157a6d551d,Zonguldak Bülent Ecevit University,Turkey,attr|the
uni_5afd5251cc,Çankırı Karatekin University,Turkey,attr|the
uni_63d90f2d1a,Çağ University,Turkey,the
uni_42b5681e1e,Dovletmammet Azadi Turkmen National Institute of World Languages,Turkmenistan,the
uni_6c27da6de8,"Institute of Engineering, Technical and Transport Communications of Turkmenistan",Turkmenistan,the
uni_e87fe759d8,Institute of International Relations of the Ministry of Foreign Affairs of Turkmenistan,Turkmenistan,the
uni_ad598b34f2,Institute of Telecommunications and Informatics of Turkmenistan,Turkmenistan,the
uni_70f362caf4,International University for the Humanities and Development,Turkmenistan,the
uni_200da20f71,Oguz Han Engineering and Technology University of Turkmenistan,Turkmenistan,the
uni_d46a723533,Seyitnazar Seydi Turkmen State Pedagogical Institute,Turkmenistan,the
uni_7f3fe88d29,State Energy Institute of Turkmenistan,Turkmenistan,the
uni_06103e67b4,Turkmen State Architecture and Construction Institute,Turkmenistan,the
uni_4693db6de4,Turkmen State Institute of Economics and Management,Turkmenistan,the
uni_1a7e36ecb9,Yagshigeldi Kakayev International University of Oil and Gas,Turkmenistan,the
uni_591d38b335,Charisma University,Turks and Caicos Islands,the
uni_7cc57a0b6d,Karadeniz Technical University,Türkiye,attr|qs_2027|the
uni_28e3f677e8,Ozyegin University,Türkiye,attr|qs_2027|the
uni_0429635fb2,Selcuk University,Türkiye,attr|qs_2027|the
uni_995ba75374,Lira University,Uganda,the
uni_bef4de1345,Makerere University,Uganda,attr|qs|qs_2024|qs_2025|qs_2027|the
uni_d61af44ffc,Bohdan Khmelnytsky National University of Cherkasy,Ukraine,the
uni_a7f27fbd3b,Chernihiv Polytechnic National University,Ukraine,the
uni_3fb5f78ac3,Donetsk National University of Economics and Trade named after Mykhailo Tuhan-Baranovsky (DonNUET),Ukraine,the
uni_d9f5d22ef3,Hryhorii Skovoroda University in Pereiaslav,Ukraine,the
uni_ec3291d70b,Ivan Franko National University of Lviv,Ukraine,attr|qs|qs_2024|qs_2025|qs_2027|the
uni_160183d383,Ivano Frankivsk National Technical University of Oil and Gas,Ukraine,the
uni_87a46f1017,Kamianets-Podіlskyi Ivan Ohiienko National University,Ukraine,the
uni_64d981ee96,Kharkiv Aviation Institute,Ukraine,attr|the
uni_63ecff2b04,Kharkiv National Automobile and Highway University,Ukraine,the
uni_0701a5cfd4,Kharkiv National University of Internal Affairs,Ukraine,the
uni_160ae215b1,Kharkiv National University of Radio Electronics,Ukraine,attr|qs|qs_2024|qs_2025|the
uni_30489c476c,Kharkiv University of Humanities “People’s Ukrainian Academy”,Ukraine,the
uni_4136c4f24c,King Danylo University,Ukraine,the
uni_9c19e5b039,Kyiv National Economic University,Ukraine,the
uni_e904a5a17b,Lesya Ukrainka Volyn National University,Ukraine,the
uni_41a8fd8f67,Lviv Polytechnic National University,Ukraine,attr|qs|qs_2024|qs_2025|qs_2027|the
uni_9d6b4de51b,Lviv State University of Life Safety,Ukraine,the
uni_f8c139570d,National Aviation University,Ukraine,attr|the
uni_2c09605ab3,"National Technical University ""Kharkiv Polytechnic Institute""",Ukraine,attr|qs|qs_2024|qs_2025|qs_2027|the
uni_61d3a02ae0,"National Technical University of Ukraine ""Igor Sikorsky Kyiv Polytechnic Institute""",Ukraine,attr|qs|qs_2024|qs_2025|qs_2027|the
uni_d3e3ca5f5d,National Transport University,Ukraine,the
uni_227c8dad6f,National University Odessa Law Academy,Ukraine,the
uni_6ba43ade31,National University of Food Technologies,Ukraine,the
uni_ac255c86b0,National University of Kyiv-Mohyla Academy,Ukraine,attr|qs|qs_2024|qs_2025|qs_2027
uni_1430754ce4,National University of Life and Environmental Sciences of Ukraine,Ukraine,attr|qs|qs_2024|qs_2025|the
uni_26768444ab,National University of Water and Environmental Engineering,Ukraine,the
uni_691c488e40,National University “Yuri Kondratyuk Poltava Polytechnic”,Ukraine,the
uni_931a0f54b3,Odessa I.I. Mechnikov National University,Ukraine,attr|qs|qs_2024|qs_2025|qs_2027|the
uni_8dd33013a2,Oles Honchar Dnipro National University,Ukraine,attr|the
uni_459d5f1a4f,Ostrogradsky National University of Kremenchuk,Ukraine,the
uni_9579038f99,Pavlo Tychyna Uman State Pedagogical University,Ukraine,the
uni_97c2e5c9c1,Petro Mohyla Black Sea National University,Ukraine,the
uni_c8fe88a369,Prydniprovska State Academy of Civil Engineering and Architecture,Ukraine,the
uni_ae2cdfdb41,Sumy State University,Ukraine,attr|qs|qs_2024|qs_2025|qs_2027|the
uni_6d274a3936,Taras Shevchenko National University of Kyiv,Ukraine,attr|qs|qs_2024|qs_2025|qs_2027|the
uni_de4887355b,The National University of Ostroh Academy,Ukraine,the
uni_1550e98f6f,Uzhhorod National University,Ukraine,attr|the
uni_021dec8e56,V. N. Karazin Kharkiv National University,Ukraine,attr|qs|qs_2024|qs_2025|qs_2027|the
uni_5a41e804f8,V.I. Vernadsky Crimean Federal University (Vernadsky CFU),Ukraine,attr|the
uni_189f7754b2,Vasyl Stefanyk Precarpathian National University,Ukraine,the
uni_8c040f3686,West Ukrainian National University,Ukraine,the
uni_0b3826ac26,Yuriy Fedkovych Chernivtsi National University,Ukraine,attr|the
uni_56c4503564,Zhytomyr Polytechnic State University,Ukraine,the
uni_303db98f59,Abu Dhabi University,United Arab Emirates,attr|qs|qs_2024|qs_2025|qs_2027|the
uni_ba7976cfb9,Ajman University,United Arab Emirates,qs|qs_2024|qs_2025|qs_2027|the
uni_e136012a46,Al Ain University,United Arab Emirates,attr|qs|qs_2024|qs_2025|qs_2027|the
uni_1ef6da2919,American University in Dubai,United Arab Emirates,attr|qs|qs_2024|qs_2025|qs_2027|the
uni_8bc4270cfb,American University in the Emirates (AUE),United Arab Emirates,the
uni_a2edd1d90e,American University of Ras Al Khaimah,United Arab Emirates,attr|qs|qs_2025|qs_2027|the
uni_e1b4f9824d,American University of Sharjah,United Arab Emirates,attr|qs|qs_2024|qs_2025|qs_2027|the
uni_284fd6c711,Canadian University Dubai,United Arab Emirates,attr|qs|qs_2024|qs_2025|qs_2027
uni_8a13fdebbc,Gulf Medical University,United Arab Emirates,the
uni_248c0efc74,Khalifa University,United Arab Emirates,arwu|attr|qs_2027|the
uni_07897fcfbe,Khalifa University of Science and Technology,United Arab Emirates,qs|qs_2024|qs_2025
uni_e36e0d408a,The British University in Dubai,United Arab Emirates,the
uni_b8c6b04b94,United Arab Emirates University,United Arab Emirates,arwu|attr|qs|qs_2024|qs_2025|qs_2027|the
uni_b3bc16b094,University of Dubai,United Arab Emirates,attr|qs|qs_2024|qs_2025|qs_2027|the
uni_2aaa2ef9ee,University of Sharjah,United Arab Emirates,arwu|attr|qs|qs_2024|qs_2025|qs_2027|the
uni_bf199c6a0a,Zayed University,United Arab Emirates,attr|qs|qs_2024|qs_2025|qs_2027|the
uni_a820a91286,AECC University College,United Kingdom,the
uni_d6c47dae0e,Abertay University,United Kingdom,the
uni_3325d67e90,Aberystwyth University,United Kingdom,attr|qs|qs_2024|qs_2025|qs_2027|the
uni_620cd114e6,Anglia Ruskin University,United Kingdom,attr|qs_2027|the
uni_ae5fbf68d0,Arts University Bournemouth,United Kingdom,the
uni_3261ef4d85,Arts University Plymouth,United Kingdom,the
uni_35ffcdf1c7,Aston University,United Kingdom,attr|qs|qs_2024|qs_2025|qs_2027|the
uni_d3815f9e89,Bangor University,United Kingdom,arwu|attr|qs|qs_2024|qs_2025|qs_2027|the
uni_f191c79450,Bath Spa University,United Kingdom,the
uni_e36872b7f6,"Birkbeck, University of London",United Kingdom,arwu|attr|qs|qs_2024|qs_2025|qs_2027
uni_6c5203cf72,Birmingham City University,United Kingdom,attr|qs|qs_2024|qs_2025|qs_2027|the
uni_46a25b186d,Bishop Grosseteste University,United Kingdom,the
uni_4f1c2a47e9,Bournemouth University,United Kingdom,attr|qs|qs_2024|qs_2025|qs_2027|the
uni_e6cce3f05c,Brighton and Sussex Medical School,United Kingdom,attr|the
uni_e9b83f0572,Brunel University London,United Kingdom,arwu|attr|qs|qs_2024|qs_2025|qs_2027|the
uni_25770ba87d,Buckinghamshire New University,United Kingdom,the
uni_1ea97efd19,Canterbury Christ Church University,United Kingdom,attr|qs|qs_2024|qs_2025|qs_2027|the
uni_67fb40b24d,Cardiff Metropolitan University,United Kingdom,attr|the
uni_80743b4b85,Cardiff University,United Kingdom,arwu|attr|qs|qs_2024|qs_2025|qs_2027|the
uni_a8dfde323e,"City St George’s, University of London",United Kingdom,arwu|qs_2027
uni_e3956c1656,"City, University of London",United Kingdom,attr|qs|qs_2024|qs_2025|the
uni_51a87a0ac3,Conservatoire for Dance and Drama,United Kingdom,the
uni_175de49587,Courtauld Institute of Art,United Kingdom,the
uni_5c82727ea6,Coventry University,United Kingdom,attr|qs|qs_2024|qs_2025|qs_2027|the
uni_78161f5c9b,Cranfield University,United Kingdom,arwu|the
uni_5ae5a35d4d,De Montfort University,United Kingdom,attr|qs|qs_2024|qs_2025|qs_2027|the
uni_2ff2f25ae1,Durham University,United Kingdom,arwu|attr|qs|qs_2024|qs_2025|qs_2027|the
uni_8d3998ff12,Edge Hill University,United Kingdom,attr|the
uni_9a78e1791c,Edinburgh Napier University,United Kingdom,attr|qs|qs_2024|qs_2025|qs_2027|the
uni_2b0218f039,"Essex, University of",United Kingdom,arwu|attr|qs|qs_2024|qs_2025|qs_2027|the
uni_00f9d6f90a,Falmouth University,United Kingdom,the
uni_c0dcabc5ae,Glasgow Caledonian University,United Kingdom,attr|qs|qs_2024|qs_2025|qs_2027|the
uni_3f78fef579,Glasgow School of Art,United Kingdom,the
uni_994f2ae645,"Goldsmiths, University of London",United Kingdom,attr|qs|qs_2024|qs_2025|qs_2027|the
uni_48bb05ad0f,Guildhall School of Music and Drama,United Kingdom,the
uni_0ce91b18fc,Hangzhou Normal University,United Kingdom,arwu
uni_59912c0c6b,Harper Adams University,United Kingdom,attr|qs|qs_2024|qs_2025|the
uni_f5d727e07f,Hartpury University,United Kingdom,the
uni_a2b69d177a,Heriot-Watt University,United Kingdom,arwu|attr|qs|qs_2024|qs_2025|qs_2027|the
uni_aa64279768,Imperial College London,United Kingdom,arwu|attr|qs|qs_2024|qs_2025|qs_2027|the
uni_09070d18a9,Institute of Cancer Research,United Kingdom,the
uni_dfab1adf2f,Keele University,United Kingdom,attr|qs|qs_2024|qs_2025|qs_2027|the
uni_44ccdccfe9,King's College London,United Kingdom,arwu|attr|qs|qs_2024|qs_2025|qs_2027|the
uni_6f3f77cd8b,Kingston University,United Kingdom,attr|the
uni_bc8af0801c,"Kingston University, London",United Kingdom,attr|qs|qs_2024|qs_2025|qs_2027
uni_3b80ac0d7d,Lancaster University,United Kingdom,arwu|attr|qs|qs_2024|qs_2025|qs_2027|the
uni_23ce65fc9c,Leeds Arts University,United Kingdom,the
uni_931b204c4e,Leeds Beckett University,United Kingdom,attr|qs|qs_2024|qs_2025|qs_2027|the
uni_ad0a2bdd1f,Leeds Conservatoire,United Kingdom,the
uni_12fa282009,Leeds Trinity University,United Kingdom,the
uni_647bcb03e7,Liverpool Hope University,United Kingdom,the
uni_9f0beb7c9f,Liverpool Institute for Performing Arts,United Kingdom,the
uni_0e44b3f06a,Liverpool John Moores University,United Kingdom,arwu|attr|qs|qs_2024|qs_2025|qs_2027|the
uni_85cbfaafa7,Liverpool School of Tropical Medicine,United Kingdom,the
uni_52edfb7c9a,London Academy of Music and Dramatic Art (LAMDA),United Kingdom,the
uni_6adf8046cc,London Business School,United Kingdom,the
uni_c1759fc72d,London Metropolitan University,United Kingdom,attr|qs|qs_2024|qs_2025|qs_2027|the
uni_d540a65602,London School of Hygiene and Tropical Medicine,United Kingdom,arwu|the
uni_009df89f55,London South Bank University,United Kingdom,attr|qs|qs_2024|qs_2025|qs_2027|the
uni_d17f395982,Loughborough University,United Kingdom,arwu|attr|qs|qs_2024|qs_2025|qs_2027|the
uni_28a478dd41,Manchester Metropolitan University,United Kingdom,arwu|attr|qs|qs_2024|qs_2025|qs_2027|the
uni_07aada05a1,Middlesex University,United Kingdom,attr|qs|qs_2024|qs_2025|qs_2027|the
uni_c880d80fed,National Film and Television School,United Kingdom,the
uni_0f333d7a63,Newcastle University,United Kingdom,arwu|attr|qs|qs_2024|qs_2025|qs_2027|the
uni_5f75001a38,Newman University,United Kingdom,the
uni_9b582d6806,Northumbria University,United Kingdom,arwu|attr|the
uni_26d666ec08,Northumbria University at Newcastle,United Kingdom,attr|qs|qs_2024|qs_2025|qs_2027
uni_bdb37dcb1c,Norwich University of the Arts,United Kingdom,the
uni_8e5be2a20f,Nottingham Trent University,United Kingdom,arwu|attr|qs|qs_2024|qs_2025|qs_2027|the
uni_db060bb5ae,Oxford Brookes University,United Kingdom,attr|qs|qs_2024|qs_2025|qs_2027|the
uni_bcb87324ef,Plymouth Marjon University,United Kingdom,the
uni_466f142ab8,Queen Margaret University,United Kingdom,the
uni_4774a35201,"Queen Margaret University , Edinburgh",United Kingdom,attr|qs|qs_2024|qs_2025|qs_2027
uni_96f79f869c,Queen Mary University of London,United Kingdom,arwu|attr|qs|qs_2024|qs_2025|qs_2027|the
uni_82e18ab80e,Queen's University Belfast,United Kingdom,arwu|attr|qs|qs_2024|qs_2025|qs_2027|the
uni_23ec06e6f0,Robert Gordon University,United Kingdom,attr|qs|qs_2024|qs_2025|qs_2027|the
uni_6cb71e9f9b,Rose Bruford College,United Kingdom,the
uni_e7d43411cd,Royal Academy of Dramatic Art (RADA),United Kingdom,the
uni_6ce260aa29,Royal Academy of Music,United Kingdom,the
uni_118b03e6bc,Royal Agricultural University,United Kingdom,the
uni_c2e3481490,"Royal Central School of Speech and Drama, University of London",United Kingdom,the
uni_2e78cb08c2,Royal College of Art,United Kingdom,the
uni_96b30513c0,Royal College of Music,United Kingdom,the
uni_249f2cdffa,Royal Conservatoire of Scotland,United Kingdom,the
uni_c19ccec769,Royal Holloway University of London,United Kingdom,arwu|attr|qs|qs_2024|qs_2025|qs_2027|the
uni_2f6423da60,Royal Northern College of Music,United Kingdom,the
uni_fe4196425a,Royal Veterinary College,United Kingdom,arwu|attr|the
uni_35faab63e3,SOAS University of London,United Kingdom,attr|qs|qs_2024|qs_2025|qs_2027|the
uni_c210c270b9,SRUC (Scotland’s Rural College),United Kingdom,attr|the
uni_133ca70024,Sheffield Hallam University,United Kingdom,attr|qs|qs_2024|qs_2025|qs_2027|the
uni_3b1efc8497,"Solent University, Southampton",United Kingdom,the
uni_e9a7efd61d,"St George’s, University of London",United Kingdom,attr|the
uni_f8714613e9,"St Mary’s University College, Belfast",United Kingdom,the
uni_5681055e88,"St Mary’s University, Twickenham",United Kingdom,the
uni_e99691e247,Staffordshire University,United Kingdom,attr|the
uni_95892d6fa4,Stranmillis University College,United Kingdom,the
uni_69f20a3007,Swansea University,United Kingdom,arwu|attr|qs|qs_2024|qs_2025|qs_2027|the
uni_2e363653eb,Teesside University,United Kingdom,attr|the
uni_d33dcdad3c,The London School of Economics and Political Science,United Kingdom,arwu|attr|qs|qs_2024|qs_2025|qs_2027|the
uni_357b4327b8,The Open University,United Kingdom,arwu|attr|the
uni_47b634fe28,The University of Edinburgh,United Kingdom,arwu|attr|qs|qs_2024|qs_2025|qs_2027|the
uni_eddc3d1975,The University of Exeter,United Kingdom,arwu|attr|qs|qs_2024|qs_2025|qs_2027|the
uni_e74cee2ee2,The University of Manchester,United Kingdom,arwu|attr|qs|qs_2024|qs_2025|qs_2027|the
uni_b9b51a8e7f,The University of Northampton,United Kingdom,attr|qs|qs_2024|qs_2025|qs_2027|the
uni_87adf4e943,The University of Sheffield,United Kingdom,arwu|attr|qs|qs_2024|qs_2025|qs_2027|the
uni_0da4327a28,The University of Warwick,United Kingdom,arwu|attr|qs|qs_2024|qs_2025|qs_2027|the
uni_041ad01839,Trinity Laban Conservatoire of Music and Dance,United Kingdom,the
uni_c452d8d02f,UCL,United Kingdom,attr|qs|qs_2024|qs_2025|qs_2027|the
uni_386b3632a5,UWE Bristol (University of the West of England),United Kingdom,qs_2027
uni_461c75e974,Ulster University,United Kingdom,arwu|attr|qs|qs_2024|qs_2025|qs_2027|the
uni_cacca473d3,University College London,United Kingdom,arwu
uni_c921d3b974,University College of Osteopathy,United Kingdom,the
uni_9991040e9f,University for the Creative Arts,United Kingdom,the
uni_0ee6a3da57,University of Aberdeen,United Kingdom,arwu|attr|qs|qs_2024|qs_2025|qs_2027|the
uni_640ce97618,University of Bath,United Kingdom,arwu|attr|qs|qs_2024|qs_2025|qs_2027|the
uni_162bd06c52,University of Bedfordshire,United Kingdom,attr|the
uni_0bd319ffcd,University of Birmingham,United Kingdom,arwu|attr|qs|qs_2024|qs_2025|qs_2027|the
uni_890780f77d,University of Bolton,United Kingdom,the
uni_f98c3ca63e,University of Bradford,United Kingdom,attr|qs|qs_2024|qs_2025|qs_2027|the
uni_1911675d35,University of Brighton,United Kingdom,attr|qs|qs_2024|qs_2025|qs_2027|the
uni_294f418d30,University of Bristol,United Kingdom,arwu|attr|qs|qs_2024|qs_2025|qs_2027|the
uni_84e3ab7a40,University of Cambridge,United Kingdom,arwu|attr|qs|qs_2024|qs_2025|qs_2027|the
uni_d1e3282060,University of Central Lancashire,United Kingdom,arwu|attr|qs|qs_2024|qs_2025|the
uni_622d9f41e5,University of Chester,United Kingdom,attr|the
uni_896f266770,University of Chichester,United Kingdom,the
uni_c58bb5879c,University of Cumbria,United Kingdom,the
uni_29afd459e9,University of Derby,United Kingdom,attr|qs|qs_2024|qs_2025|qs_2027|the
uni_61bbf9ff61,University of Duisburg-Essen,United Kingdom,arwu
uni_68cc0957c6,University of Dundee,United Kingdom,arwu|attr|qs|qs_2024|qs_2025|qs_2027|the
uni_5d62f60d4c,University of East Anglia,United Kingdom,arwu|attr|qs|qs_2024|qs_2025|qs_2027|the
uni_f1aef39156,University of East London,United Kingdom,attr|qs|qs_2024|qs_2025|qs_2027|the
uni_638ead142a,University of Glasgow,United Kingdom,arwu|attr|qs|qs_2024|qs_2025|qs_2027|the
uni_c336df1e77,University of Gloucestershire,United Kingdom,attr|the
uni_19f736d00b,University of Greenwich,United Kingdom,arwu|attr|qs|qs_2024|qs_2025|qs_2027|the
uni_22aee2867f,University of Hertfordshire,United Kingdom,arwu|attr|qs|qs_2024|qs_2025|qs_2027|the
uni_32443b95fe,University of Huddersfield,United Kingdom,attr|qs|qs_2024|qs_2025|qs_2027|the
uni_41a43cfc16,University of Hull,United Kingdom,arwu|attr|qs|qs_2024|qs_2025|qs_2027|the
uni_7017bdf0a0,University of Kent,United Kingdom,arwu|attr|qs|qs_2024|qs_2025|qs_2027|the
uni_8e9a44b7e3,University of Lancashire,United Kingdom,qs_2027
uni_1c30e2b595,University of Leeds,United Kingdom,arwu|attr|qs|qs_2024|qs_2025|qs_2027|the
uni_0932d33419,University of Leicester,United Kingdom,arwu|attr|qs|qs_2024|qs_2025|qs_2027|the
uni_674c55d25b,University of Lincoln,United Kingdom,attr|qs|qs_2024|qs_2025|qs_2027|the
uni_b344b91547,University of Liverpool,United Kingdom,arwu|attr|qs|qs_2024|qs_2025|qs_2027|the
uni_dd6f93fdb4,University of Massachusetts Chan Medical School,United Kingdom,arwu
uni_3300f0ebfd,University of Nottingham,United Kingdom,arwu|attr|qs|qs_2024|qs_2025|qs_2027|the
uni_90ebc91609,University of Oxford,United Kingdom,arwu|attr|qs|qs_2024|qs_2025|qs_2027|the
uni_40d315e3fa,University of Plymouth,United Kingdom,arwu|attr|qs|qs_2024|qs_2025|qs_2027|the
uni_e1a8228382,University of Portsmouth,United Kingdom,arwu|attr|qs|qs_2024|qs_2025|qs_2027|the
uni_1bdf9a038e,University of Reading,United Kingdom,arwu|attr|qs|qs_2024|qs_2025|qs_2027|the
uni_3e94cca44b,University of Roehampton,United Kingdom,attr|the
uni_40a3fdb4ca,"University of Roehampton, London",United Kingdom,qs_2027
uni_ff1155462e,University of Salford,United Kingdom,attr|qs|qs_2024|qs_2025|qs_2027|the
uni_52372eb0da,University of South Wales,United Kingdom,attr|qs_2027|the
uni_41c7b7f279,University of Southampton,United Kingdom,arwu|attr|qs|qs_2024|qs_2025|qs_2027|the
uni_2c99422395,University of St Andrews,United Kingdom,arwu|attr|qs|qs_2024|qs_2025|qs_2027|the
uni_374d58a724,University of Stirling,United Kingdom,arwu|attr|qs|qs_2024|qs_2025|qs_2027|the
uni_13b68e52d4,University of Strathclyde,United Kingdom,arwu|attr|qs|qs_2024|qs_2025|qs_2027|the
uni_3859545931,University of Suffolk,United Kingdom,the
uni_ea6489429a,University of Sunderland,United Kingdom,attr|the
uni_17580a3897,University of Surrey,United Kingdom,arwu|attr|qs|qs_2024|qs_2025|qs_2027|the
uni_42c60bcadd,University of Sussex,United Kingdom,arwu|attr|qs|qs_2024|qs_2025|qs_2027|the
uni_3075bd932f,University of Wales Trinity Saint David,United Kingdom,the
uni_d98a4c0fe0,University of West London,United Kingdom,attr|the
uni_9c56d4b0ea,University of Westminster,United Kingdom,attr|qs|qs_2024|qs_2025|qs_2027|the
uni_f04aaf9f8d,University of Winchester,United Kingdom,attr|the
uni_8ea9285a4d,University of Wolverhampton,United Kingdom,attr|qs|qs_2024|qs_2025|qs_2027|the
uni_affa621022,University of Worcester,United Kingdom,the
uni_d574626fe0,University of York,United Kingdom,arwu|attr|qs|qs_2024|qs_2025|qs_2027|the
uni_157d1357eb,University of the Arts London,United Kingdom,qs_2027|the
uni_9fee69a9f4,University of the Highlands and Islands,United Kingdom,the
uni_66e4e4fe1e,University of the West of England,United Kingdom,attr|qs|qs_2024|qs_2025|the
uni_9c718bb9c2,University of the West of Scotland,United Kingdom,attr|the
uni_4c8196e2ac,Wrexham Glyndwr University,United Kingdom,the
uni_53f40f1b05,Writtle University College,United Kingdom,the
uni_a044a83711,York St John University,United Kingdom,the
uni_8c3d7420a7,Yunnan University,United Kingdom,arwu
uni_272695a91b,Adelphi University,United States,attr|the
uni_a3787417d7,Albert Einstein College of Medicine,United States,arwu
uni_5f70cb1f3f,American University,United States,attr|qs|qs_2024|qs_2025|qs_2027|the
uni_7e7539829b,Arizona State University,United States,arwu|attr|qs|qs_2024|qs_2025|qs_2027|the
uni_7d89744dcd,Auburn University,United States,arwu|attr|qs|qs_2024|qs_2025|qs_2027|the
uni_ba027a27c8,Baylor University,United States,arwu|attr|qs|qs_2024|qs_2025|qs_2027|the
uni_04b752f385,Binghamton University SUNY,United States,attr|qs|qs_2024|qs_2025|qs_2027|the
uni_4e629bacdc,Boston College,United States,arwu|attr|qs|qs_2024|qs_2025|qs_2027|the
uni_386d255256,Boston University,United States,arwu|attr|qs|qs_2024|qs_2025|qs_2027|the
uni_d4eea7af08,Bowling Green State University,United States,attr|the
uni_5e8da2e297,Brandeis University,United States,arwu|attr|qs|qs_2024|qs_2025|qs_2027|the
uni_88bd9c3a4e,Brescia University,United States,arwu
uni_68177e41f0,Brigham Young University,United States,arwu|attr|qs|qs_2024|qs_2025|qs_2027
uni_feb4c51de7,Brown University,United States,arwu|attr|qs|qs_2024|qs_2025|qs_2027|the
uni_78f537d4b7,CUNY The City College of New York,United States,attr|qs|qs_2024|qs_2025
uni_45f3e8c911,California Institute of Technology,United States,arwu|attr|qs|qs_2024|qs_2025|qs_2027|the
uni_3ba7e3ae8f,California Polytechnic State University,United States,attr|qs|qs_2024|qs_2025|qs_2027
uni_07e52c9fc1,California State University - Los Angeles,United States,attr|qs|qs_2024|qs_2025
uni_a75f55045e,"California State University, Long Beach",United States,attr|qs|qs_2024|qs_2025
uni_c67e418210,Carnegie Mellon University,United States,arwu|attr|qs|qs_2024|qs_2025|qs_2027|the
uni_bf9a72b6c2,Case Western Reserve University,United States,arwu|attr|qs|qs_2024|qs_2025|qs_2027|the
uni_af813d5134,Central Michigan University,United States,attr|qs|qs_2024|qs_2025|the
uni_e963ce0b64,Chapman University,United States,attr|the
uni_471cc3eefa,City University of New York,United States,attr|qs|qs_2024|qs_2025|qs_2027
uni_7fa8c105ea,Clark University,United States,attr|qs|qs_2024|qs_2025|qs_2027|the
uni_7c6393cff7,Clarkson University,United States,attr|qs|qs_2024|qs_2025|qs_2027|the
uni_a9b48a42b6,Clemson University,United States,arwu|attr|qs|qs_2024|qs_2025|qs_2027
uni_07218a41d1,Cleveland State University,United States,attr|qs|qs_2024|qs_2025
uni_2c3897fcd0,College of Charleston,United States,attr|the
uni_a322420065,College of William and Mary,United States,attr|qs|qs_2024|qs_2025
uni_8df8b815a6,Colorado School of Mines,United States,arwu|attr|qs|qs_2024|qs_2025|qs_2027
uni_48f1b09c92,Colorado State University,United States,arwu|attr|qs|qs_2024|qs_2025|qs_2027
uni_792f1195b9,"Colorado State University, Fort Collins",United States,attr|the
uni_c32ed8a6a1,Columbia University,United States,arwu|attr|qs|qs_2024|qs_2025|qs_2027|the
uni_8edafc9db4,Cornell University,United States,arwu|attr|qs|qs_2024|qs_2025|qs_2027|the
uni_fda0cf7631,Dartmouth College,United States,arwu|attr|qs|qs_2024|qs_2025|qs_2027|the
uni_0a687c72ac,Drexel University,United States,arwu|attr|qs|qs_2024|qs_2025|qs_2027|the
uni_5c9bb0b0b3,Duke University,United States,arwu|attr|qs|qs_2024|qs_2025|qs_2027|the
uni_968944851d,Emory University,United States,arwu|attr|qs|qs_2024|qs_2025|qs_2027|the
uni_a50da3bf79,Florida Agricultural and Mechanical University,United States,attr|the
uni_9c36bdbf36,Florida Atlantic University,United States,attr|the
uni_12dca16a34,Florida Atlantic University - Boca Raton,United States,attr|qs|qs_2024|qs_2025|qs_2027
uni_a9c7d4a26a,Florida Institute of Technology,United States,attr|the
uni_1d3e49e6a6,Florida International University,United States,arwu|attr|qs|qs_2024|qs_2025|qs_2027|the
uni_1a608eaf72,Florida State University,United States,arwu|attr|qs|qs_2024|qs_2025|qs_2027|the
uni_b56d813814,Fordham University,United States,attr|qs|qs_2024|qs_2025|qs_2027
uni_4cd82259b2,George Mason University,United States,arwu|attr|qs|qs_2024|qs_2025|qs_2027|the
uni_ed28643432,George Washington University,United States,arwu|attr|qs|qs_2024|qs_2025|qs_2027|the
uni_faa127240b,Georgetown University,United States,arwu|attr|qs|qs_2024|qs_2025|qs_2027|the
uni_cdd21bd723,Georgia Institute of Technology,United States,arwu|attr|qs|qs_2024|qs_2025|qs_2027|the
uni_20f1f7ccd1,Georgia Southern University,United States,attr|the
uni_d9b46d859e,Georgia State University,United States,arwu|attr|qs|qs_2024|qs_2025|qs_2027|the
uni_7ac2d2e192,Hangzhou Dianzi University,United States,arwu
uni_e58468d8db,Harvard University,United States,arwu|attr|qs|qs_2024|qs_2025|qs_2027|the
uni_2a96243459,Hebei University of Technology,United States,arwu
uni_79e27d8db7,Howard University,United States,attr|qs|qs_2024|qs_2025|qs_2027|the
uni_c7d2bf896f,Humboldt State University,United States,attr|qs|qs_2024|qs_2025|the
uni_eda2a89c25,Illinois Institute of Technology,United States,attr|qs|qs_2024|qs_2025|qs_2027|the
uni_fdd4c7d611,Illinois State University,United States,attr|qs|qs_2024|qs_2025
uni_83900323ef,Indiana State University,United States,qs|qs_2024|qs_2025
uni_d0811b0897,Indiana University,United States,attr|the
uni_b27388cad2,Indiana University Bloomington,United States,arwu|attr|qs|qs_2024|qs_2025|qs_2027
uni_e08aba0ba3,Indiana UniversityPurdue University Indianapolis,United States,attr|qs|qs_2024|qs_2025
uni_e59f17ebb5,International American University,United States,the
uni_8769d36dd8,Iowa State University,United States,arwu|attr|qs|qs_2024|qs_2025|qs_2027|the
uni_b5db56e0cd,Johns Hopkins University,United States,arwu|attr|qs|qs_2024|qs_2025|qs_2027|the
uni_2fda7a19ac,Kansas State University,United States,arwu|attr|qs|qs_2024|qs_2025|qs_2027|the
uni_879ce926bc,Kent State University,United States,arwu|qs|qs_2024|qs_2025|qs_2027
uni_3a124cc060,Lehigh University,United States,arwu|attr|qs|qs_2024|qs_2025|qs_2027|the
uni_5965a13e83,Louisiana State University,United States,attr|qs|qs_2024|qs_2025|qs_2027|the
uni_96cf94ce7f,Loyola University Chicago,United States,arwu|attr|qs|qs_2024|qs_2025|qs_2027
uni_d201a981b9,Marquette University,United States,attr|qs|qs_2024|qs_2025|qs_2027|the
uni_332a15973f,Massachusetts Institute of Technology (MIT),United States,arwu|attr|qs|qs_2024|qs_2025|qs_2027|the
uni_8abaedb4e9,Miami University,United States,qs|qs_2024|qs_2025|qs_2027
uni_9b44908219,Michigan State University,United States,arwu|attr|qs|qs_2024|qs_2025|qs_2027|the
uni_6a5978433e,Michigan Technological University,United States,arwu|attr|qs|qs_2024|qs_2025|qs_2027
uni_86cd6b91aa,Mississippi State University,United States,arwu|attr|qs|qs_2024|qs_2025|qs_2027|the
uni_a99103b0ae,Missouri University of Science and Technology,United States,attr|qs|qs_2024|qs_2025|qs_2027|the
uni_4fdc79079a,Mizzou - University of Missouri,United States,attr|the
uni_c41cd47e44,Monroe College,United States,the
uni_b2081a7b8d,Montana State University,United States,attr|the
uni_a0bd05b4dc,Morgan State University,United States,attr|the
uni_70c7438165,New Jersey Institute of Technology,United States,arwu|attr|qs|qs_2024|qs_2025|qs_2027|the
uni_55ed29f197,New York University,United States,arwu|attr|qs|qs_2024|qs_2025|qs_2027|the
uni_a22086e24d,North Carolina State University,United States,attr|qs|qs_2024|qs_2025|qs_2027|the
uni_fa0e66aa86,Northeast Ohio Medical University,United States,the
uni_430cf4cfb0,Northeastern University,United States,attr|qs|qs_2024|qs_2025|qs_2027|the
uni_9bedb3a271,Northern Arizona University,United States,arwu|attr|qs|qs_2024|qs_2025|qs_2027
uni_c011f1af12,Northern Illinois University,United States,attr|the
uni_0f8d34217a,Northwestern University,United States,arwu|attr|qs|qs_2024|qs_2025|qs_2027|the
uni_9ddad6c3fa,Nova Southeastern University,United States,attr|qs|qs_2024|qs_2025|the
uni_b28443d674,Oakland University,United States,attr|the
uni_f44216f250,Ohio University,United States,arwu|attr|qs|qs_2024|qs_2025|qs_2027|the
uni_f3fd314341,Oklahoma State University,United States,arwu|attr|qs|qs_2024|qs_2025|qs_2027|the
uni_fa4b4780ff,Old Dominion University,United States,arwu|attr|the
uni_973b4005e1,Oregon Health and Science University,United States,arwu|attr|the
uni_58ab62d1ba,Oregon State University,United States,arwu|qs|qs_2024|qs_2025|qs_2027
uni_5248154d0b,Penn State (Main campus),United States,attr|the
uni_7120c4247c,Pennsylvania State University,United States,attr|qs|qs_2024|qs_2025|qs_2027
uni_ecec8c988e,"Pennsylvania State University, University Park",United States,arwu
uni_f1dace0486,Portland State University,United States,attr|qs|qs_2024|qs_2025|qs_2027|the
uni_d3e259c327,Princeton University,United States,arwu|attr|qs|qs_2024|qs_2025|qs_2027|the
uni_dd65004c2c,Purdue University,United States,qs|qs_2024|qs_2025|qs_2027
uni_42397a3604,Purdue University West Lafayette,United States,arwu|attr|the
uni_e1bce57d54,Rensselaer Polytechnic Institute,United States,arwu|attr|qs|qs_2024|qs_2025|qs_2027|the
uni_fae02c006f,Rice University,United States,arwu|attr|qs|qs_2024|qs_2025|qs_2027|the
uni_94abaa0d07,Rochester Institute of Technology,United States,attr|qs|qs_2024|qs_2025|qs_2027|the
uni_0a4db25010,Rockefeller University,United States,arwu
uni_44d4b4dfcd,Rowan University,United States,attr|the
uni_3ac682e294,Rush University,United States,arwu|attr|the
uni_7677c229f7,Rutgers UniversityNew Brunswick,United States,attr|qs|qs_2024|qs_2025|qs_2027|the
uni_d6bbc10e2d,Rutgers UniversityNewark,United States,arwu|attr|qs|qs_2024|qs_2025|qs_2027
uni_16489552de,"Rutgers, The State University of New Jersey, Camden",United States,qs_2024
uni_d242523144,San Diego State University,United States,arwu|attr|qs|qs_2024|qs_2025|qs_2027|the
uni_34a1ed0792,San Francisco State University,United States,attr|qs|qs_2024|qs_2025
uni_51ca4044c5,Seattle University,United States,attr|qs|qs_2024|qs_2025|qs_2027
uni_99e78fcb05,Shandong Normal University,United States,arwu
uni_83732e0e98,Shenyang Pharmaceutical University,United States,arwu
uni_d2dda10783,Southern Methodist University,United States,arwu|attr|qs|qs_2024|qs_2025|qs_2027
uni_d73222979f,St. Louis University,United States,arwu|attr|qs|qs_2024|qs_2025|qs_2027|the
uni_ffcdd8bb91,Stanford University,United States,arwu|attr|qs|qs_2024|qs_2025|qs_2027|the
uni_f89c85e07e,Stevens Institute of Technology,United States,attr|qs|qs_2024|qs_2025|qs_2027|the
uni_8893535053,Stony Brook University,United States,arwu|attr|the
uni_fa82056113,"Stony Brook University, State University of New York",United States,attr|qs|qs_2024|qs_2025|qs_2027
uni_d890da12fd,Swarthmore College,United States,attr|qs|qs_2024|qs_2025
uni_b98f853d6e,Syracuse University,United States,arwu|attr|qs|qs_2024|qs_2025|qs_2027|the
uni_88fcd03dd9,Temple University,United States,arwu|attr|qs|qs_2024|qs_2025|qs_2027|the
uni_d2efd4542b,Texas A&M University,United States,arwu|attr|qs|qs_2024|qs_2025|qs_2027|the
uni_6d3404d530,Texas State University,United States,attr|the
uni_45f62ec662,Texas Tech University,United States,arwu|attr|qs|qs_2024|qs_2025|qs_2027|the
uni_996b2eedb5,The Catholic University of America,United States,attr|the
uni_ddcc60cb44,The New School,United States,attr|qs|qs_2024|qs_2025|the
uni_2dd890edb3,The Ohio State University,United States,attr|qs|qs_2024|qs_2025|qs_2027|the
uni_bbfb308dff,The University of Alabama,United States,attr|qs|qs_2024|qs_2025|qs_2027|the
uni_1d7d6172a8,The University of Arizona,United States,arwu|attr|qs|qs_2024|qs_2025|qs_2027|the
uni_5741e75f05,The University of Georgia,United States,arwu|attr|qs|qs_2024|qs_2025|qs_2027|the
uni_22c6f68d6e,The University of Hong Kong,United States,arwu
uni_4c312a180f,"The University of Tennessee, Knoxville",United States,attr|qs|qs_2024|qs_2025|qs_2027|the
uni_1be881dd8b,The University of Texas Medical Branch at Galveston,United States,arwu
uni_d5fe59fa28,The University of Texas at Arlington,United States,arwu|attr|qs|qs_2024|qs_2025|qs_2027|the
uni_3a8762cd59,Tufts University,United States,arwu|attr|qs|qs_2024|qs_2025|qs_2027|the
uni_b56d0c98b5,Tulane University,United States,arwu|attr|qs|qs_2024|qs_2025|qs_2027|the
uni_cb246c143c,University at Albany SUNY,United States,attr|qs|qs_2024|qs_2025|qs_2027
uni_e54c1faa58,University at Buffalo,United States,attr|the
uni_b9d58429f8,University at Buffalo SUNY,United States,qs|qs_2024|qs_2025|qs_2027
uni_45a87d5ed5,"University of Alabama, Birmingham",United States,arwu|attr|qs|qs_2024|qs_2025|qs_2027
uni_15233bba71,University of Alaska Fairbanks,United States,arwu|attr|qs|qs_2024|qs_2025|qs_2027|the
uni_d8cc9a1062,University of Arkansas,United States,attr|the
uni_ff3137380f,University of Arkansas Fayetteville,United States,attr|qs|qs_2024|qs_2025|qs_2027
uni_bcbfe20b83,University of Burgundy Europe,United States,arwu
uni_51a81d995d,"University of California, Berkeley",United States,arwu|attr|qs|qs_2024|qs_2025|qs_2027|the
uni_b29f568990,"University of California, Davis",United States,arwu|attr|qs|qs_2024|qs_2025|qs_2027|the
uni_ab0f482d05,"University of California, Irvine",United States,arwu|attr|qs|qs_2024|qs_2025|qs_2027|the
uni_32826f2100,"University of California, Los Angeles",United States,arwu|attr|qs|qs_2024|qs_2025|qs_2027|the
uni_01f1b1d040,"University of California, Merced",United States,arwu|attr|the
uni_8648f3fd59,"University of California, Riverside",United States,arwu|attr|qs|qs_2024|qs_2025|qs_2027|the
uni_ce1815e7f5,"University of California, San Diego",United States,arwu|attr|qs|qs_2024|qs_2025|qs_2027|the
uni_bac3505be8,"University of California, San Francisco",United States,arwu
uni_779d19751b,"University of California, Santa Barbara",United States,arwu|attr|qs|qs_2024|qs_2025|qs_2027|the
uni_14586268fc,"University of California, Santa Cruz",United States,arwu|attr|qs|qs_2024|qs_2025|qs_2027|the
uni_1d674f27ea,University of Central Florida,United States,arwu|attr|qs|qs_2024|qs_2025|qs_2027|the
uni_52936edce4,University of Central Oklahoma,United States,attr|qs|qs_2024|qs_2025
uni_0cd219691a,University of Chicago,United States,arwu|attr|qs|qs_2024|qs_2025|qs_2027|the
uni_b174bbd378,University of Cincinnati,United States,arwu|attr|qs|qs_2024|qs_2025|qs_2027
uni_abe1a2cf18,University of Colorado Boulder,United States,arwu|attr|qs|qs_2024|qs_2025|qs_2027|the
uni_b26537b473,"University of Colorado, Denver",United States,arwu|attr|qs|qs_2024|qs_2025
uni_bd703d0fb8,University of Connecticut,United States,arwu|attr|qs|qs_2024|qs_2025|qs_2027|the
uni_3f0b059c9f,University of Delaware,United States,arwu|attr|qs|qs_2024|qs_2025|qs_2027|the
uni_46870d47d5,University of Denver,United States,attr|qs|qs_2024|qs_2025|qs_2027|the
uni_507a40b0d8,University of Florida,United States,arwu|attr|qs|qs_2024|qs_2025|qs_2027|the
uni_8780514419,University of Hawai?i at Manoa,United States,attr|qs|qs_2024|qs_2025|qs_2027|the
uni_d36b2782de,University of Houston,United States,arwu|attr|qs|qs_2024|qs_2025|qs_2027|the
uni_c4b64f113b,University of Idaho,United States,qs|qs_2024|qs_2025|qs_2027
uni_b932cfabaa,University of Illinois at Chicago,United States,arwu|attr|qs|qs_2024|qs_2025|qs_2027|the
uni_a2e7e4fb42,University of Illinois at Urbana-Champaign,United States,arwu|attr|qs|qs_2024|qs_2025|qs_2027|the
uni_c9211e72de,University of Iowa,United States,arwu|attr|qs|qs_2024|qs_2025|qs_2027|the
uni_4f5b9f05eb,University of Kansas,United States,arwu|attr|qs|qs_2024|qs_2025|qs_2027|the
uni_1945f3eb08,University of Kentucky,United States,arwu|attr|qs|qs_2024|qs_2025|qs_2027|the
uni_cb079dc515,University of Leipzig,United States,arwu
uni_ccdc167add,University of Louisville,United States,arwu|qs|qs_2024|qs_2025|qs_2027
uni_1926d47d27,University of Luebeck,United States,arwu
uni_1b0f7d0095,University of Maine,United States,arwu
uni_7f915c1449,"University of Maryland, Baltimore County",United States,arwu|attr|qs|qs_2024|qs_2025|qs_2027|the
uni_d8987b9b9c,"University of Maryland, College Park",United States,arwu|attr|qs|qs_2024|qs_2025|qs_2027|the
uni_9599d7356e,University of Massachusetts,United States,attr|the
uni_82bd9d56bf,University of Massachusetts Amherst,United States,arwu|attr|qs|qs_2024|qs_2025|qs_2027
uni_18163d5a06,University of Massachusetts Boston,United States,qs|qs_2024|qs_2025|qs_2027
uni_6c7f4fb123,University of Memphis,United States,attr|qs|qs_2024|qs_2025|qs_2027|the
uni_8879b858a6,University of Miami,United States,arwu|attr|qs|qs_2024|qs_2025|qs_2027|the
uni_785f5432bb,University of Michigan-Ann Arbor,United States,arwu|attr|qs|qs_2024|qs_2025|qs_2027|the
uni_a4728b4ef4,University of Minnesota Twin Cities,United States,arwu|attr|qs|qs_2024|qs_2025
uni_8214c6d5ca,University of Mississippi,United States,attr|qs|qs_2024|qs_2025|qs_2027
uni_4634363b94,University of Missouri Saint Louis,United States,attr|qs|qs_2024|qs_2025
uni_c67c177847,"University of Missouri, Columbia",United States,arwu|attr|qs|qs_2024|qs_2025|qs_2027
uni_ccccaa962b,"University of Missouri, Kansas City",United States,arwu|attr|qs|qs_2024|qs_2025|qs_2027
uni_bccac8a086,University of Montana Missoula,United States,attr|qs|qs_2024|qs_2025
uni_ad234bfff9,University of Montpellier,United States,arwu
uni_3c49f22540,University of Nantes,United States,arwu
uni_e9003f9a90,University of Nebraska - Lincoln,United States,attr|qs|qs_2024|qs_2025|qs_2027|the
uni_ac45cf5fca,University of Nebraska Medical Center,United States,arwu|attr|the
uni_d99083e9bd,University of New Hampshire,United States,arwu|attr|qs|qs_2024|qs_2025|qs_2027
uni_03dc24f37a,University of New Mexico,United States,attr|qs|qs_2024|qs_2025|qs_2027
uni_71adb52ce5,University of North Carolina at Charlotte,United States,attr|qs|qs_2024|qs_2025|qs_2027|the
uni_774f24da5f,University of North Carolina at Greensboro,United States,attr|qs|qs_2024|qs_2025
uni_6aec5d57d3,"University of North Carolina, Chapel Hill",United States,arwu|attr|qs|qs_2024|qs_2025|qs_2027|the
uni_3b46db770b,University of North Texas,United States,arwu|attr|qs|qs_2024|qs_2025|qs_2027
uni_aa83fd4ce3,University of Notre Dame,United States,arwu|attr|qs|qs_2024|qs_2025|qs_2027|the
uni_61a8019e88,University of Oklahoma,United States,attr|qs|qs_2024|qs_2025|qs_2027
uni_ba261ce9fb,University of Oregon,United States,arwu|attr|qs|qs_2024|qs_2025|qs_2027|the
uni_2e53f163cc,University of Pennsylvania,United States,arwu|attr|qs|qs_2024|qs_2025|qs_2027|the
uni_252640c046,University of Pittsburgh,United States,arwu|attr|qs|qs_2024|qs_2025|qs_2027
uni_2445a86e0b,University of Pittsburgh-Pittsburgh campus,United States,attr|the
uni_ceafadbfed,University of Quebec Montreal,United States,arwu
uni_3db22091cc,University of Rennes,United States,arwu
uni_b987a791e2,University of Rhode Island,United States,arwu|attr|qs|qs_2024|qs_2025|qs_2027|the
uni_f75b2528f0,University of Rochester,United States,arwu|attr|qs|qs_2024|qs_2025|qs_2027|the
uni_4bf187e6e5,University of San Diego,United States,attr|qs|qs_2024|qs_2025|qs_2027
uni_0e1398c61a,University of San Francisco,United States,attr|qs|qs_2024|qs_2025|qs_2027
uni_a2859fe607,University of South Alabama,United States,attr|qs|qs_2024|qs_2025
uni_3bbedd5634,University of South Carolina,United States,qs|qs_2024|qs_2025|qs_2027
uni_5e87357a6b,University of South Carolina-Columbia,United States,arwu|attr|the
uni_c52cae7d3e,University of South Dakota,United States,attr|the
uni_19d31e7a69,University of South Florida,United States,arwu|attr|qs|qs_2024|qs_2025|qs_2027|the
uni_9dd269a911,University of Southern California,United States,arwu|attr|qs|qs_2024|qs_2025|qs_2027|the
uni_53e23fb2da,University of Texas Dallas,United States,arwu|attr|qs|qs_2024|qs_2025|qs_2027|the
uni_11bd012029,University of Texas El Paso,United States,arwu|attr|qs|qs_2024|qs_2025|qs_2027|the
uni_0524e0cbbe,University of Texas Rio Grande Valley,United States,attr|the
uni_8584d68db5,University of Texas Southwestern Medical Center,United States,arwu
uni_cac6e8ebe8,University of Texas at Austin,United States,arwu|attr|qs|qs_2024|qs_2025|qs_2027|the
uni_956b776e4b,University of Texas at San Antonio,United States,arwu|attr|qs|qs_2024|qs_2025|qs_2027|the
uni_e18727ad3a,University of Toledo,United States,arwu|attr|qs|qs_2024|qs_2025|qs_2027|the
uni_6ed25f78d0,University of Tulsa,United States,attr|qs|qs_2024|qs_2025|the
uni_ec39442e25,University of Utah,United States,arwu|attr|qs|qs_2024|qs_2025|qs_2027|the
uni_63b2e66c83,University of Vermont,United States,arwu|attr|qs|qs_2024|qs_2025|qs_2027
uni_081a2eaa75,University of Virginia,United States,arwu|attr|qs|qs_2024|qs_2025|qs_2027|the
uni_e68d72f28f,University of Washington,United States,arwu|attr|qs|qs_2024|qs_2025|qs_2027|the
uni_30f236cfc3,University of Wisconsin Milwaukee,United States,arwu|attr|qs|qs_2024|qs_2025|qs_2027
uni_cacdedf78c,University of Wisconsin-Madison,United States,arwu|attr|qs|qs_2024|qs_2025|qs_2027|the
uni_bbeacd8f0a,University of Wyoming,United States,arwu|attr|qs|qs_2024|qs_2025|qs_2027|the
uni_2aff60a0e5,University of the Pacific,United States,qs|qs_2024|qs_2025
uni_7ec92c2cdf,Utah State University,United States,arwu|attr|qs|qs_2024|qs_2025|qs_2027
uni_a49de2021f,Vanderbilt University,United States,arwu|attr|qs|qs_2024|qs_2025|qs_2027|the
uni_428a7b273d,Virginia Commonwealth University,United States,arwu|attr|qs|qs_2024|qs_2025|qs_2027|the
uni_820a487638,Virginia Polytechnic Institute and State University,United States,arwu|attr|qs|qs_2024|qs_2025|qs_2027|the
uni_4777944db2,Wake Forest University,United States,arwu|attr|qs|qs_2024|qs_2025|qs_2027|the
uni_7f950f6a6c,Washington State University,United States,arwu|attr|qs|qs_2024|qs_2025|qs_2027|the
uni_266e96ede6,Washington University in St. Louis,United States,arwu|attr|qs|qs_2024|qs_2025|qs_2027|the
uni_ca897aa4c8,Wayne State University,United States,arwu|attr|qs|qs_2024|qs_2025|qs_2027|the
uni_930328f067,Wesleyan University,United States,qs_2024
uni_37d68da219,West Virginia University,United States,arwu|attr|qs|qs_2024|qs_2025|qs_2027|the
uni_5caf1401a9,Westcliff University,United States,the
uni_acb49b1b6b,Western Michigan University,United States,attr|qs|qs_2024|qs_2025|qs_2027|the
uni_16fa8a1fce,Western Washington University,United States,attr|qs|qs_2024|qs_2025
uni_f9d126982d,Worcester Polytechnic Institute,United States,attr|qs|qs_2024|qs_2025|qs_2027|the
uni_d1997d4075,Yale University,United States,arwu|attr|qs|qs_2024|qs_2025|qs_2027|the
uni_240a3c907f,Yeshiva University,United States,attr|qs|qs_2024|qs_2025|qs_2027
uni_3a32e5f6c1,DePaul University,United States of America,qs_2027
uni_9c2359acbb,Indiana University Indianapolis (IU Indianapolis),United States of America,arwu|qs_2027
uni_91bf6ff573,New Mexico State University,United States of America,attr|qs_2027|the
uni_900c23554d,"The New School, New York City and Paris",United States of America,qs_2027
uni_064063e7c2,University of Colorado Denver | Anschutz Medical Campus,United States of America,attr|qs_2027|the
uni_14ed611b55,"University of Maryland, Baltimore",United States of America,arwu|qs_2027
uni_b721f37f86,University of Minnesota (System),United States of America,attr|qs_2027|the
uni_09ca441985,University of Nevada - Las Vegas,United States of America,arwu|attr|qs_2027|the
uni_3d44e47846,University of Nevada - Reno,United States of America,arwu|qs_2027
uni_ddbed85e23,William & Mary,United States of America,attr|qs_2027|the
uni_4c34b5be8f,Williams College,United States of America,qs_2027
uni_2411f9b30d,Universidad Católica del Uruguay,Uruguay,attr|qs|qs_2024|qs_2025|qs_2027
uni_3c531c87a3,Universidad ORT Uruguay,Uruguay,attr|qs|qs_2024|qs_2025|qs_2027|the
uni_be0e7365cf,Universidad de Montevideo,Uruguay,attr|qs|qs_2024|qs_2025|qs_2027
uni_517209dd23,Universidad de la República,Uruguay,attr|qs|qs_2024|qs_2025|qs_2027
uni_b731f7fed2,Alisher Navo’i Tashkent State University of Uzbek Language and Literature,Uzbekistan,the
uni_e947da4a00,Andijan Machine-Building Institute,Uzbekistan,the
uni_b754a8d49f,Andijan State Medical Institute,Uzbekistan,the
uni_9b2cdefb87,Andijan State Pedagogical Institute (ASPI),Uzbekistan,the
uni_fe579e76fd,Andijan State University,Uzbekistan,the
uni_c10b4b9a46,Bukhara Engineering Technological Institute,Uzbekistan,the
uni_50e264f8fc,Bukhara State Medical Institute,Uzbekistan,the
uni_3c0df3517e,Bukhara State University,Uzbekistan,the
uni_8b37cdbddc,Denau Institute of Entrepreneurship and Pedagogy,Uzbekistan,the
uni_93adaa66c7,Fergana Medical Institute of Public Health,Uzbekistan,the
uni_2ade5fef15,Fergana Polytechnic Institute,Uzbekistan,the
uni_fa1757139d,Fergana State University,Uzbekistan,the
uni_744eaba594,Gulistan State University,Uzbekistan,the
uni_e7e3535b88,Jizzakh Polytechnic Institute,Uzbekistan,the
uni_3c0df7cc95,Jizzakh State Pedagogical University,Uzbekistan,the
uni_54597d8ad1,Karakalpak State University,Uzbekistan,the
uni_c291bd88f6,Karshi Engineering Economics Institute,Uzbekistan,the
uni_bf5a5d131d,Kimyo International University in Tashkent,Uzbekistan,the
uni_dc6ffeda86,Namangan Engineering Construction Institute,Uzbekistan,the
uni_5a14aee13e,Namangan Institute of Engineering and Technology,Uzbekistan,the
uni_fcd2162f64,Namangan State University,Uzbekistan,the
uni_4b5394fc4a,National University of Uzbekistan,Uzbekistan,attr|qs|qs_2025
uni_cba2a33c2e,National University of Uzbekistan named after Mirzo Ulugbek,Uzbekistan,qs_2027|the
uni_f01511cbd9,Navoi State Pedagogical Institute,Uzbekistan,the
uni_ac65e9e853,Samarkand State Institute of Foreign Languages,Uzbekistan,the
uni_8ce3140ddf,Samarkand State Medical University,Uzbekistan,the
uni_07e61fb0da,Samarkand State University,Uzbekistan,qs_2027|the
uni_70a5c72542,Tashkent Institute of Chemical Technology,Uzbekistan,the
uni_316e48f0fd,Tashkent Institute of Finance,Uzbekistan,the
uni_87a209b774,Tashkent Institute of Irrigation and Agricultural Mechanisation,Uzbekistan,the
uni_676d701135,Tashkent Institute of Irrigation and Agricultural Mechanization Engineers - National Research University (TIIAME-NRU),Uzbekistan,attr|qs|qs_2025|qs_2027
uni_a20dc05a9f,Tashkent Institute of Textile and Light Industry,Uzbekistan,the
uni_90e5531f9c,Tashkent Medical Academy,Uzbekistan,the
uni_e3bce862f9,Tashkent Pediatric Medical Institute,Uzbekistan,the
uni_91e7411306,Tashkent Pharmaceutical Institute,Uzbekistan,the
uni_99ee894380,Tashkent State Dental Institute,Uzbekistan,the
uni_5c3d5b7bcf,Tashkent State Pedagogical University named after Nizami,Uzbekistan,the
uni_f11ec59f40,Tashkent State Technical University,Uzbekistan,qs_2027|the
uni_49b0bb7ec8,Tashkent State Transport University,Uzbekistan,qs_2027|the
uni_e354790558,Tashkent State University of Economics,Uzbekistan,qs_2027|the
uni_890313998b,Tashkent State University of Law,Uzbekistan,the
uni_d00477aad3,Tashkent State University of Oriental Studies,Uzbekistan,the
uni_7adcb6a190,Tashkent University of Information Technologies,Uzbekistan,the
uni_63b587f0e6,Termez Institute of Engineering and Technology,Uzbekistan,the
uni_ef9c00d28c,Termez State University,Uzbekistan,the
uni_f93ea52ddf,Termiz Institute of Agrotechnology and Innovative Development,Uzbekistan,the
uni_071ab8fb1d,Turin Polytechnic University in Tashkent,Uzbekistan,the
uni_b9a5185d20,Urgench State University,Uzbekistan,the
uni_dea0304ba6,Uzbek State University of Physical Culture and Sport,Uzbekistan,the
uni_0924260060,Uzbekistan State University of World Languages,Uzbekistan,the
uni_c2e08725bf,Universidad Católica Andres Bello,Venezuela,attr|qs|qs_2024|qs_2025|the
uni_33a1689a47,Universidad Central de Venezuela,Venezuela,qs|qs_2024|qs_2025
uni_cea1d5ecbb,Universidad Metropolitana,Venezuela,attr|qs|qs_2024|qs_2025
uni_728bbe2563,Universidad Simón Bolívar,Venezuela,attr|qs|qs_2024|qs_2025
uni_5adf7bb70e,Universidad de Carabobo,Venezuela,attr|qs|qs_2024|qs_2025|the
uni_370d90749e,Universidad de Los Andes Mérida,Venezuela,attr|qs|qs_2024|qs_2025
uni_7b361500de,Universidad del Zulia,Venezuela,attr|qs|qs_2024|qs_2025
uni_3ab9ac615a,"University of the Andes, Venezuela",Venezuela,attr|the
uni_f54daebabf,Universidad Católica Andres Bello,Venezuela (Bolivarian Republic of),qs_2027
uni_487fc2b885,Universidad Central de Venezuela,Venezuela (Bolivarian Republic of),qs_2027
uni_3de0e169a6,Universidad Simón Bolívar (USB),Venezuela (Bolivarian Republic of),qs_2027
uni_6b12429926,Universidad de Los Andes - (ULA) Mérida,Venezuela (Bolivarian Republic of),qs_2027
uni_954d58a186,Can Tho University,Viet Nam,qs_2027
uni_63174c99c5,Ho Chi Minh City University of Technology (HUTECH),Viet Nam,qs_2027
uni_4e47c8587a,Industrial University of Ho Chi Minh City (IUH),Viet Nam,qs_2027
uni_81e70d5165,Van Lang University,Viet Nam,qs_2027
uni_e158630f26,Duy Tan University,Vietnam,attr|qs|qs_2024|qs_2025|qs_2027|the
uni_84734fef81,Hanoi University of Science and Technology,Vietnam,attr|qs|qs_2024|qs_2025|qs_2027|the
uni_dd49e96d0f,Ho Chi Minh City Open University,Vietnam,the
uni_31bc0cf348,Hue University,Vietnam,attr|qs|qs_2025|the
uni_012c77f042,Ton Duc Thang University,Vietnam,attr|qs|qs_2024|qs_2025|qs_2027|the
uni_fa1db0a29c,Viet Nam National University Ho Chi Minh City,Vietnam,qs|qs_2024|qs_2025|qs_2027
uni_d685b84889,Vietnam National University (Ho Chi Minh City),Vietnam,attr|the
uni_9953e820d8,"Vietnam National University, Hanoi",Vietnam,attr|qs|qs_2024|qs_2025|qs_2027|the
uni_5a60b42dca,Al-Janad University for Science and Technology,Yemen,the
uni_b892caea78,Albaydha University,Yemen,the
uni_749a302f8f,Hodeida University,Yemen,the
uni_f26d0c407b,Queen Arwa University,Yemen,the
uni_9399774bca,Mulungushi University,Zambia,the
uni_2c72dce65a,University of Zambia,Zambia,attr|the
uni_ddf1d78c6e,Chinhoyi University of Technology,Zimbabwe,the
uni_8ff7d431dd,University of Zimbabwe,Zimbabwe,attr|the
