Institution_Name,Column,Value,Source_URL,Source_Type,Checked_On,Evidence
Massachusetts Institute of Technology (MIT),Tuition Fee (local),"$66,720",https://sfs.mit.edu/undergraduate-students/the-cost-of-attendance/annual-student-budget/,official,2026-10-04,"Tuition 2026-27 is $66,720 for all undergraduates"
Massachusetts Institute of Technology (MIT),Tuition Fee (international),"$66,720",https://sfs.mit.edu/undergraduate-students/the-cost-of-attendance/annual-student-budget/,official,2026-10-04,"Tuition 2026-27 is $66,720 for all undergraduates"
University of Oxford,Tuition Fee (local),"$12,920",https://www.keble.ox.ac.uk/wp-content/uploads/202627-UG-Finance-Guide.pdf,official,2026-10-04,"Home fee GBP 9,790 in 2026/27; x1.32"
University of Oxford,Tuition Fee (international),"$49,340 – $82,920",https://www.ox.ac.uk/admissions/undergraduate/fees-and-funding/course-fees,official,2026-10-04,"Overseas course fees 2026-27 GBP 37,380-62,820 by course (search summary of Oxford course-fees page); x1.32"
Imperial College London,Tuition Fee (local),"$12,920",https://www.imperial.ac.uk/students/fees-and-funding/tuition-fees/undergraduate-tuition-fees/2026-27/faculty-of-engineering/,official,2026-10-04,"Home and Ireland fee 2026 cohort GBP 9,790; x1.32"
Imperial College London,Tuition Fee (international),"$56,360 – $77,350",https://www.imperial.ac.uk/students/fees-and-funding/tuition-fees/undergraduate-tuition-fees/2026-27/,official,2026-10-04,"Overseas fee 2026 cohort GBP 42,700 (Natural Sciences/Business) to 58,600 (Medicine); x1.32"
Stanford University,Tuition Fee (local),"$67,731",https://news.stanford.edu/stories/2026/02/undergraduate-tuition-rates-2026-2027,official,2026-10-04,"Tuition kept at $67,731 for 2026-27"
Stanford University,Tuition Fee (international),"$67,731",https://news.stanford.edu/stories/2026/02/undergraduate-tuition-rates-2026-2027,official,2026-10-04,"Tuition kept at $67,731 for 2026-27"
Harvard University,Tuition Fee (local),"$62,226",https://registrar.fas.harvard.edu/tuition-and-fees,official,2026-10-04,"Harvard College tuition 2026-27 $62,226 (term bill $91,634 incl. housing/food)"
Harvard University,Tuition Fee (international),"$62,226",https://registrar.fas.harvard.edu/tuition-and-fees,official,2026-10-04,"Harvard College tuition 2026-27 $62,226 (term bill $91,634 incl. housing/food)"
University of Cambridge,Tuition Fee (local),"$12,920",https://www.undergraduate.study.cam.ac.uk/files/publications/undergraduate_tuition_fees_2026-27.pdf,official,2026-10-04,"Home fee GBP 9,790 for 2026-27; x1.32; college fee not included"
University of Cambridge,Tuition Fee (international),"$38,350 – $93,130",https://www.undergraduate.study.cam.ac.uk/files/publications/undergraduate_tuition_fees_2026-27.pdf,official,2026-10-04,"International fees 2026-27 GBP 29,052-70,554 by course; x1.32; college fee not included"
Princeton University,Tuition Fee (local),"$68,140",https://www.princeton.edu/news/2026/03/31/princeton-trustees-set-2026-27-budget-reflects-sharp-focus-core-mission,official,2026-10-04,"2026-27 undergraduate tuition $68,140"
Princeton University,Tuition Fee (international),"$68,140",https://www.princeton.edu/news/2026/03/31/princeton-trustees-set-2026-27-budget-reflects-sharp-focus-core-mission,official,2026-10-04,"2026-27 undergraduate tuition $68,140"
California Institute of Technology,Tuition Fee (local),"$68,574",https://www.catalog.caltech.edu/current/information-for-undergraduate-students/undergraduate-expenses/,official,2026-10-04,"Catalog cost table: tuition $68,574 (fees $2,655 extra)"
California Institute of Technology,Tuition Fee (international),"$68,574",https://www.catalog.caltech.edu/current/information-for-undergraduate-students/undergraduate-expenses/,official,2026-10-04,"Catalog cost table: tuition $68,574 (fees $2,655 extra)"
ETH Zurich - Swiss Federal Institute of Technology,Tuition Fee (local),"$1,750",https://ethz.ch/students/en/studies/financial/studiengebuehren.html,official,2026-10-04,"CHF 730 per semester x2 = CHF 1,460; x1.20"
ETH Zurich - Swiss Federal Institute of Technology,Tuition Fee (international),"$5,260",https://ethz.ch/students/en/studies/financial/studiengebuehren.html,official,2026-10-04,"CHF 2,190 per semester for foreign students arriving to study (from autumn 2025) x2; x1.20"
National University of Singapore,Tuition Fee (local),"$6,310 – $25,230",https://medicine.nus.edu.sg/wp-content/uploads/2026/04/FinancialBrochureAY2627_29-April-2026.pdf,official,2026-10-04,"AY2026/27 citizen fee S$830 per course (~S$8,300/yr at 10 courses) up to S$33,200/yr Medicine; SGD at 0.76"
National University of Singapore,Tuition Fee (international),"$16,260 – $66,730",https://nus.edu.sg/registrar/docs/default-source/administrative-policies-procedures/ugtuitioncurrent.pdf,official,2026-10-04,"AY2026/27 international S$2,140 per course (~S$21,400/yr) up to S$87,800/yr Medicine; SGD at 0.76"
UCL,Tuition Fee (local),"$12,920",https://www.ucl.ac.uk/study/undergraduate-fees-2026-2027,official,2026-10-04,"UK undergraduate fee 2026-27 GBP 9,790; x1.32"
"University of California, Berkeley",Tuition Fee (local),"$15,588",https://registrar.berkeley.edu/Registration/feesched.html,official,2026-10-04,"2026-27 UC systemwide tuition and fees for residents $15,588 (campus fees and insurance extra)"
"University of California, Berkeley",Tuition Fee (international),"$54,858",https://registrar.berkeley.edu/Registration/feesched.html,official,2026-10-04,"Resident $15,588 + nonresident supplemental tuition $39,270"
Yale University,Tuition Fee (local),"$72,500",https://finaid.yale.edu/coa,official,2026-10-04,"Yale College 2026-27 tuition $72,500"
Yale University,Tuition Fee (international),"$72,500",https://finaid.yale.edu/coa,official,2026-10-04,"Yale College 2026-27 tuition $72,500"
University of Pennsylvania,Tuition Fee (local),"$65,670",https://srfs.upenn.edu/costs-budgeting/undergraduate-cost-attendance,official,2026-10-04,"2026-27 tuition $65,670 (fees $8,308 extra)"
University of Pennsylvania,Tuition Fee (international),"$65,670",https://srfs.upenn.edu/costs-budgeting/undergraduate-cost-attendance,official,2026-10-04,"2026-27 tuition $65,670 (fees $8,308 extra)"
The University of Chicago,Tuition Fee (local),"$75,960",https://financialaid.uchicago.edu/undergraduate/how-aid-works/undergraduate-costs/,official,2026-10-04,"2026-27 College tuition $75,960"
The University of Chicago,Tuition Fee (international),"$75,960",https://financialaid.uchicago.edu/undergraduate/how-aid-works/undergraduate-costs/,official,2026-10-04,"2026-27 College tuition $75,960"
University of Melbourne,Tuition Fee (local),"$3,080 – $11,310",https://study.unimelb.edu.au/how-to-apply/fees/student-contribution-amounts,official,2026-10-04,"2026 Commonwealth supported student contribution AUD 4,738-17,399 per EFTSL by band; x0.65"
University of Melbourne,Tuition Fee (international),"$25,960 – $52,640",https://www.idp.com/india/blog/affordable-universities-melbourne,secondary,2026-10-04,"2026 international undergraduate AUD 39,936-80,984 per year; x0.65"
Peking University,Tuition Fee (international),"$3,610 – $4,170",https://wentchina.com/peking-university-tuition-fees-2026/,secondary,2026-10-04,"International undergraduate RMB 26,000-30,000 per year; x0.139"
Johns Hopkins University,Tuition Fee (local),"$68,670",https://e-catalogue.jhu.edu/university-wide-policies-information/admission-aid/tuition-fees/,official,2026-10-04,"2026-27 full-time undergraduate tuition $68,670"
Johns Hopkins University,Tuition Fee (international),"$68,670",https://e-catalogue.jhu.edu/university-wide-policies-information/admission-aid/tuition-fees/,official,2026-10-04,"2026-27 full-time undergraduate tuition $68,670"
Cornell University,Tuition Fee (local),"$49,816 – $73,946",https://news.cornell.edu/node/332697,official,2026-10-04,"2026-27: $49,816 NY residents in contract colleges, $73,946 endowed colleges"
Cornell University,Tuition Fee (international),"$73,946",https://news.cornell.edu/node/332697,official,2026-10-04,"2026-27 tuition $73,946 for non-NY students"
Columbia University,Tuition Fee (local),"$72,800",https://bulletin.columbia.edu/columbia-college/fees-expenses-financial-aid/,official,2026-10-04,"Columbia College 2026-27 tuition $36,400 per term x2"
Columbia University,Tuition Fee (international),"$72,800",https://bulletin.columbia.edu/columbia-college/fees-expenses-financial-aid/,official,2026-10-04,"Columbia College 2026-27 tuition $36,400 per term x2"
"University of California, Los Angeles",Tuition Fee (local),"$16,706",https://financialaid.ucla.edu/go/coa,official,2026-10-04,"2026-27 UC tuition $15,588 + campus fees $1,118"
"University of California, Los Angeles",Tuition Fee (international),"$55,976",https://financialaid.ucla.edu/go/coa,official,2026-10-04,"$16,706 + nonresident supplemental tuition $39,270"
University of Michigan-Ann Arbor,Tuition Fee (local),"$18,896",https://provost.umich.edu/wp-content/uploads/FY-2027-Tuition-Fee-Table-FINAL.pdf,official,2026-10-04,"Fall 2026 resident lower-division tuition and fees $9,448 per term x2"
University of Michigan-Ann Arbor,Tuition Fee (international),"$67,096",https://provost.umich.edu/wp-content/uploads/FY-2027-Tuition-Fee-Table-FINAL.pdf,official,2026-10-04,"Fall 2026 nonresident lower-division $33,548 per term x2"
Carnegie Mellon University,Tuition Fee (local),"$69,702",https://www.cmu.edu/leadership/the-provost/campus-comms/02-05-26,official,2026-10-04,"Provost letter: 2026-27 undergraduate tuition $69,702"
Carnegie Mellon University,Tuition Fee (international),"$69,702",https://www.cmu.edu/leadership/the-provost/campus-comms/02-05-26,official,2026-10-04,"Provost letter: 2026-27 undergraduate tuition $69,702"
University of Washington,Tuition Fee (local),"$13,406",https://www.washington.edu/financialaid/cost-of-attendance/,official,2026-10-04,"2026-27 resident annual tuition $13,406"
University of Washington,Tuition Fee (international),"$44,460",https://www.washington.edu/financialaid/cost-of-attendance/,official,2026-10-04,"2026-27 nonresident annual tuition $44,460"
Duke University,Tuition Fee (local),"$73,740",https://today.duke.edu/2026/03/trustees-reappoint-price-third-term-president,official,2026-10-04,"Trustees set 2026-27 undergraduate tuition $73,740"
Duke University,Tuition Fee (international),"$73,740",https://today.duke.edu/2026/03/trustees-reappoint-price-third-term-president,official,2026-10-04,"Trustees set 2026-27 undergraduate tuition $73,740"
New York University,Tuition Fee (local),"$68,576",https://bulletins.nyu.edu/nyu/cost-attendance/,official,2026-10-04,"2026-27 tuition and fees $68,576 for most schools (Stern $70,464, Tisch $75,326)"
New York University,Tuition Fee (international),"$68,576",https://bulletins.nyu.edu/nyu/cost-attendance/,official,2026-10-04,"2026-27 tuition and fees $68,576 for most schools (Stern $70,464, Tisch $75,326)"
Northwestern University,Tuition Fee (local),"$71,802",https://news.northwestern.edu/stories/2026/05/northwestern-sets-tuition-and-fees-for-2026-2027-academic-year,official,2026-10-04,"2026-27 undergraduate tuition $71,802"
Northwestern University,Tuition Fee (international),"$71,802",https://news.northwestern.edu/stories/2026/05/northwestern-sets-tuition-and-fees-for-2026-2027-academic-year,official,2026-10-04,"2026-27 undergraduate tuition $71,802"
Technical University of Munich,Tuition Fee (local),$0,https://www.gradgermany.com/blog/tum-tuition-fees-2026-for-international-students,secondary,2026-10-04,No tuition for EU/EEA students; only semester fee about EUR 97
Technical University of Munich,Tuition Fee (international),"$4,520 – $6,780",https://www.gradgermany.com/blog/tum-tuition-fees-2026-for-international-students,secondary,2026-10-04,"Non-EU bachelor EUR 2,000-3,000 per semester x2; x1.13"
"University of California, San Diego",Tuition Fee (local),"$15,588",https://students.ucsd.edu/finances/fees/registration/2026-27/index.html,official,2026-10-04,"2026-27 tuition $4,734 + services fee $462 per quarter x3"
"University of California, San Diego",Tuition Fee (international),"$54,768",https://students.ucsd.edu/finances/fees/registration/2026-27/index.html,official,2026-10-04,"Plus nonresident supplemental tuition $13,090 per quarter; x3"
Georgia Institute of Technology,Tuition Fee (local),"$10,618",https://finaid.gatech.edu/costs/undergraduate-costs,official,2026-10-04,"2026-2027 cost of attendance: first-year Georgia resident tuition $10,618"
Georgia Institute of Technology,Tuition Fee (international),"$34,604",https://finaid.gatech.edu/costs/undergraduate-costs,official,2026-10-04,"2026-2027 cost of attendance: first-year out-of-state tuition $34,604"
KU Leuven,Tuition Fee (local),"$1,330",https://aca-secretariat.be/newsletter/flemish-universities-increase-tuition-fees-for-non-eu-students/,secondary,2026-10-04,"EEA bachelor tuition 2026-27 EUR 1,181.40 per year; x1.13"
London School of Economics and Political Science,Tuition Fee (local),"$12,920",https://info.lse.ac.uk/staff/divisions/Planning-Division/Assets/Documents/Table-of-Fees-2026-27-and-PGR-structure-combined-29July26.pdf,official,2026-10-04,"Table of fees 2026/27: Home new entrants GBP 9,790; x1.32"
London School of Economics and Political Science,Tuition Fee (international),"$38,150 – $52,670",https://info.lse.ac.uk/staff/divisions/Planning-Division/Assets/Documents/Table-of-Fees-2026-27-and-PGR-structure-combined-29July26.pdf,official,2026-10-04,"Overseas new entrants GBP 28,900-39,900 by programme; x1.32"
Zhejiang University,Tuition Fee (international),"$2,750 – $5,250",https://wentchina.com/zhejiang-university-tuition-fees-2026/,secondary,2026-10-04,"International undergraduate RMB 19,800-37,800 per year (Chinese- and English-taught; special RMB 80,000 joint programmes excluded); x0.139"
University of Texas at Austin,Tuition Fee (local),"$10,858 – $13,576",https://thedailytexan.com/2026/06/14/gov-abbott-continues-tuition-freeze-at-texas-public-universities-through-2027/,secondary,2026-10-04,"Resident tuition frozen; USD 5,429-6,788 per semester by college x2"
University of Bristol,Tuition Fee (local),"$12,920",https://www.bristol.ac.uk/study/undergraduate/fees-funding/,official,2026-10-04,"Home fee 2026/27 GBP 9,790; x1.32"
University of Amsterdam,Tuition Fee (local),"$3,040",https://www.uva.nl/en/education/bachelor-s/scholarships--tuition/tuition-fees/tuition-fees.html,official,2026-10-04,"Statutory fee 2026-2027 full-time EUR 2,694; x1.13"
Université Paris-Saclay,Tuition Fee (local),$200,https://www.universite-paris-saclay.fr/admission/droits-dinscription-de-luniversite-paris-saclay,official,2026-10-04,Licence registration fee 2026-2027 EUR 178; x1.13
Université Paris-Saclay,Tuition Fee (international),$200,https://www.universite-paris-saclay.fr/admission/droits-dinscription-de-luniversite-paris-saclay,official,2026-10-04,Non-EU students partially exempted down to the national rate EUR 178 (CA decision 3 Feb 2026); x1.13
Ludwig-Maximilians-Universität München,Tuition Fee (local),$0,https://mygermanuniversity.com/universities/LMU-Ludwig-Maximilians-Universitaet-Muenchen,secondary,2026-10-04,LMU charges no tuition for any nationality; only semester contribution about EUR 97
Ludwig-Maximilians-Universität München,Tuition Fee (international),$0,https://mygermanuniversity.com/universities/LMU-Ludwig-Maximilians-Universitaet-Muenchen,secondary,2026-10-04,LMU charges no tuition for any nationality; only semester contribution about EUR 97
"University of California, Davis",Tuition Fee (local),"$18,077",https://financeandbusiness.ucdavis.edu/student-resources/tuition-fees/undergraduate/cohort-2627,official,2026-10-04,"2026-27 cohort resident tuition+fees $18,077.13 (insurance extra)"
"University of California, Davis",Tuition Fee (international),"$54,347",https://financeandbusiness.ucdavis.edu/student-resources/tuition-fees/undergraduate/cohort-2627,official,2026-10-04,"2026-27 cohort nonresident total $54,347.13 incl. $39,270 supplemental tuition"
Sorbonne University,Tuition Fee (local),$200,https://lanouvelletribune.info/2026/07/etudiants-etrangers-sorbonne-universite-dit-non-a-la-hausse-des-frais/,secondary,2026-10-04,Licence fee EUR 178; board voted 7 July 2026 to exempt non-EU students from differentiated fees for 2026-27; x1.13
Sorbonne University,Tuition Fee (international),$200,https://lanouvelletribune.info/2026/07/etudiants-etrangers-sorbonne-universite-dit-non-a-la-hausse-des-frais/,secondary,2026-10-04,Licence fee EUR 178; board voted 7 July 2026 to exempt non-EU students from differentiated fees for 2026-27; x1.13
University of Wisconsin-Madison,Tuition Fee (local),"$10,717",https://bursar.wisc.edu/tuition-and-fees/fall-2026-increase,official,2026-10-04,"2026-27 full-time resident tuition $10,716.61"
University of Wisconsin-Madison,Tuition Fee (international),"$44,232",https://bursar.wisc.edu/tuition-and-fees/fall-2026-increase,official,2026-10-04,"2026-27 full-time nonresident tuition $44,232.12"
Brown University,Tuition Fee (local),"$74,568",https://www.brown.edu/news/2026-02-09/fy27-tuition-fees-salaries,official,2026-10-04,"2026-27 undergraduate tuition $74,568 (fees $3,084 extra)"
Brown University,Tuition Fee (international),"$74,568",https://www.brown.edu/news/2026-02-09/fy27-tuition-fees-salaries,official,2026-10-04,"2026-27 undergraduate tuition $74,568 (fees $3,084 extra)"
University of Auckland,Tuition Fee (international),"$23,730 – $51,070",https://www.auckland.ac.nz/en/study/fees-and-money-matters/tuition-fees/undergraduate-international-fees.html,official,2026-10-04,"2026 international fees NZ$40,225 (BA) to NZ$86,561 (MBChB); x0.59"
Korea University,Tuition Fee (international),"$8,240 – $10,930",https://oia.korea.ac.kr/oia2026/Tuition.do,official,2026-10-04,About KRW 5.8M (humanities) to 7.7M (engineering) per semester x2; x0.00071
Washington University in St Louis,Tuition Fee (local),"$71,310",https://www.studlife.com/news/2026/03/17/washu-announces-more-modest-tuition-raise-than-last-year,secondary,2026-10-04,"Undergraduate tuition from fall 2026 $71,310"
Washington University in St Louis,Tuition Fee (international),"$71,310",https://www.studlife.com/news/2026/03/17/washu-announces-more-modest-tuition-raise-than-last-year,secondary,2026-10-04,"Undergraduate tuition from fall 2026 $71,310"
"University of California, Santa Barbara",Tuition Fee (local),"$15,588",https://ucop.edu/operating-budget/_files/fees/202627/2026-27.pdf,official,2026-10-04,"UC systemwide 2026-27 tuition+student services fee for residents $15,588"
"University of California, Santa Barbara",Tuition Fee (international),"$54,858",https://ucop.edu/operating-budget/_files/fees/202627/2026-27.pdf,official,2026-10-04,"$15,588 + nonresident supplemental tuition $39,270"
University of Warwick,Tuition Fee (local),"$12,920",https://www.gov.uk/government/publications/tuition-fees-and-student-support-2026-to-2027-academic-year/changes-to-tuition-fees-2026-to-2027-academic-year-and-2027-to-2028-academic-year,government,2026-10-04,"England home fee cap 2026/27 GBP 9,790 for standard full-time courses; x1.32"
University of Warwick,Tuition Fee (international),"$36,790 – $74,790",https://warwick.ac.uk/study/undergraduate/fees-and-funding/course-costs/,official,2026-10-04,"Overseas 2026/27 band 1 GBP 27,870 to Medicine years 2-4 GBP 56,660; x1.32"
Universidad de Buenos Aires (UBA),Tuition Fee (local),$0,https://www.study-abroad.org/es/blog/arg-costs-guide/,secondary,2026-10-04,Argentine public universities charge no undergraduate tuition; UBA charges foreigners the same: zero
Universidad de Buenos Aires (UBA),Tuition Fee (international),$0,https://www.study-abroad.org/es/blog/arg-costs-guide/,secondary,2026-10-04,Argentine public universities charge no undergraduate tuition; UBA charges foreigners the same: zero
University of North Carolina at Chapel Hill,Tuition Fee (local),"$7,230",https://ncnewsline.com/tag/unc-tuition/,secondary,2026-10-04,"2026-27 in-state tuition for incoming students about $7,230 (+3%)"
University of North Carolina at Chapel Hill,Tuition Fee (international),"$47,472",https://ncnewsline.com/tag/unc-tuition/,secondary,2026-10-04,"2026-27 out-of-state tuition $47,472 (+10%)"
Nanjing University,Tuition Fee (international),"$2,920 – $5,840",https://wentchina.com/nanjing-university-tuition-fees-2026/,secondary,2026-10-04,"International undergraduate RMB 21,000 (liberal arts) to 42,000 (medicine) per year; x0.139"
KTH Royal Institute of Technology,Tuition Fee (local),$0,https://www.kth.se/en/studies/bachelor/fees-1.646274,official,2026-10-04,Tuition fees apply only to students from outside EU/EEA/Switzerland
KTH Royal Institute of Technology,Tuition Fee (international),"$12,200",https://www.kth.se/en/studies/bachelor/fees-1.646274,official,2026-10-04,"Bachelor tuition SEK 122,000 per academic year (except architecture); x0.10"
University of Southern California,Tuition Fee (local),"$75,384",https://arr.usc.edu/TUITION-AND-FEES/,official,2026-10-04,"Fall 2026 undergraduate flat tuition $37,692 per semester x2"
University of Southern California,Tuition Fee (international),"$75,384",https://arr.usc.edu/TUITION-AND-FEES/,official,2026-10-04,"Fall 2026 undergraduate flat tuition $37,692 per semester x2"
Boston University,Tuition Fee (local),"$73,024",https://www.bu.edu/admissions/tuition-aid/tuition/,official,2026-10-04,"2026/2027 tuition $73,024"
Boston University,Tuition Fee (international),"$73,024",https://www.bu.edu/admissions/tuition-aid/tuition/,official,2026-10-04,"2026/2027 tuition $73,024"
University of Glasgow,Tuition Fee (international),"$36,590 – $82,800",https://www.gla.ac.uk/undergraduate/fees/eufees,official,2026-10-04,"International 2026-27 GBP 27,720 (Arts/Social Sciences) to 62,730 (MBChB/clinical); x1.32"
University of Groningen,Tuition Fee (local),"$3,040",https://www.uva.nl/en/education/bachelor-s/scholarships--tuition/tuition-fees/tuition-fees.html,secondary,2026-10-04,"Dutch national statutory fee 2026-2027 full-time EUR 2,694 (same at all Dutch research universities); x1.13"
University of Birmingham,Tuition Fee (local),"$12,920",https://www.gov.uk/government/publications/tuition-fees-and-student-support-2026-to-2027-academic-year/changes-to-tuition-fees-2026-to-2027-academic-year-and-2027-to-2028-academic-year,government,2026-10-04,"England home fee cap 2026/27 GBP 9,790 for standard full-time courses; x1.32"
University of Birmingham,Tuition Fee (international),"$35,280 – $39,760",https://www.birmingham.ac.uk/study/undergraduate/fees-funding/tuition,official,2026-10-04,"International 2026/27 classroom band GBP 26,730, laboratory band GBP 30,120; x1.32"
University of Southampton,Tuition Fee (local),"$12,920",https://www.gov.uk/government/publications/tuition-fees-and-student-support-2026-to-2027-academic-year/changes-to-tuition-fees-2026-to-2027-academic-year-and-2027-to-2028-academic-year,government,2026-10-04,"England home fee cap 2026/27 GBP 9,790 for standard full-time courses; x1.32"
University of Leeds,Tuition Fee (local),"$12,920",https://www.gov.uk/government/publications/tuition-fees-and-student-support-2026-to-2027-academic-year/changes-to-tuition-fees-2026-to-2027-academic-year-and-2027-to-2028-academic-year,government,2026-10-04,"England home fee cap 2026/27 GBP 9,790 for standard full-time courses; x1.32"
University of Leeds,Tuition Fee (international),"$27,390 – $64,680",https://www.leeds.ac.uk/undergraduatefees,official,2026-10-04,"International 2026/27 GBP 20,750 to 49,000 (MBChB); x1.32"
Ruprecht-Karls-Universität Heidelberg,Tuition Fee (local),$0,https://www.mygermanuniversity.com/universities/Heidelberg-University,secondary,2026-10-04,No tuition for German/EU students; semester contribution about EUR 180 only
Ruprecht-Karls-Universität Heidelberg,Tuition Fee (international),"$3,390",https://www.mygermanuniversity.com/universities/Heidelberg-University,secondary,2026-10-04,"Baden-Wuerttemberg non-EU fee EUR 1,500 per semester x2; x1.13"
Tokyo Institute of Technology (Tokyo Tech),Tuition Fee (local),"$4,320",https://www.jpss.jp/en/univ/28/3973/,secondary,2026-10-04,"Institute of Science Tokyo undergraduate tuition JPY 635,400 per year; x0.0068"
Tokyo Institute of Technology (Tokyo Tech),Tuition Fee (international),"$4,320",https://www.jpss.jp/en/univ/28/3973/,secondary,2026-10-04,"Institute of Science Tokyo undergraduate tuition JPY 635,400 per year; x0.0068"
Osaka University,Tuition Fee (local),"$3,640",https://jpss.jp/en/univ/1383/4423/,secondary,2026-10-04,"Annual tuition JPY 535,800 for domestic and international students; x0.0068"
Osaka University,Tuition Fee (international),"$3,640",https://jpss.jp/en/univ/1383/4423/,secondary,2026-10-04,"Annual tuition JPY 535,800 for domestic and international students; x0.0068"
"Trinity College Dublin, The University of Dublin",Tuition Fee (international),"$24,370 – $33,410",https://collegedunia.com/ireland/university/729-trinity-college-dublin-dublin,secondary,2026-10-04,"Non-EU undergraduate 2026/27 EUR 21,570-29,570 per year; x1.13"
Durham University,Tuition Fee (local),"$12,920",https://www.gov.uk/government/publications/tuition-fees-and-student-support-2026-to-2027-academic-year/changes-to-tuition-fees-2026-to-2027-academic-year-and-2027-to-2028-academic-year,government,2026-10-04,"England home fee cap 2026/27 GBP 9,790 for standard full-time courses; x1.32"
Durham University,Tuition Fee (international),"$37,620 – $40,920",https://collegedunia.com/uk/college/833-durham-university-durham,secondary,2026-10-04,"Overseas undergraduate 2026/27 GBP 28,500-31,000 per year; x1.32"
Pennsylvania State University,Tuition Fee (local),"$20,878",https://www.psu.edu/news/administration/story/board-trustees-approves-2026-27-operating-budget-tuition-schedules,official,2026-10-04,"2026-27 University Park in-state freshman/sophomore tuition $20,878"
Pennsylvania State University,Tuition Fee (international),"$44,574",https://www.psu.edu/news/administration/story/board-trustees-approves-2026-27-operating-budget-tuition-schedules,official,2026-10-04,"2026-27 University Park nonresident tuition $44,574"
RWTH Aachen University,Tuition Fee (local),$0,https://collegedunia.com/germany/university/627-rwth-aachen-university-aachen/programs,secondary,2026-10-04,Bachelor and consecutive master tuition-free for 2026/27; only semester contribution about EUR 340
RWTH Aachen University,Tuition Fee (international),$0,https://collegedunia.com/germany/university/627-rwth-aachen-university-aachen/programs,secondary,2026-10-04,Bachelor and consecutive master tuition-free for 2026/27; only semester contribution about EUR 340
Universidade de São Paulo,Tuition Fee (local),$0,https://internationaloffice.usp.br/wp-content/uploads/docs/usppresentation.pdf,official,2026-10-04,USP charges no enrolment or tuition fees to Brazilian or international students
Universidade de São Paulo,Tuition Fee (international),$0,https://internationaloffice.usp.br/wp-content/uploads/docs/usppresentation.pdf,official,2026-10-04,USP charges no enrolment or tuition fees to Brazilian or international students
"University of California, Irvine",Tuition Fee (local),"$15,588",https://ucop.edu/operating-budget/_files/fees/202627/2026-27.pdf,official,2026-10-04,"UC systemwide 2026-27 tuition+student services fee for residents $15,588"
"University of California, Irvine",Tuition Fee (international),"$54,858",https://ucop.edu/operating-budget/_files/fees/202627/2026-27.pdf,official,2026-10-04,"$15,588 + nonresident supplemental tuition $39,270"
Lomonosov Moscow State University,Tuition Fee (international),"$5,124 – $9,817",https://www.unipage.net/en/lomonosov_moscow_state_university,secondary,2026-10-04,"Contract tuition 2025/26 USD 5,124-9,817 per year by faculty (same posted price for fee-paying students)"
Universidad Nacional Autónoma de México (UNAM),Tuition Fee (local),$0,https://generacionuniversitaria.com.mx/?p=33279,secondary,2026-10-04,Annual fee is a symbolic MXN 0.25; voluntary contributions only
Freie Universitaet Berlin,Tuition Fee (local),$0,https://collegedunia.com/germany/university/631-free-university-of-berlin-berlin/programs,secondary,2026-10-04,No tuition for any nationality; semester contribution EUR 376.80 only
Freie Universitaet Berlin,Tuition Fee (international),$0,https://collegedunia.com/germany/university/631-free-university-of-berlin-berlin/programs,secondary,2026-10-04,No tuition for any nationality; semester contribution EUR 376.80 only
Pohang University of Science and Technology (POSTECH),Tuition Fee (local),"$3,960",https://adm-iu.postech.ac.kr/user/comm/menu/4a69b7aee6a156d3c2ddb7413544ab2c/content/index.do,official,2026-10-04,"Tuition KRW 2,790,000 per semester x2 (waived for students meeting GPA rules); x0.00071"
Pohang University of Science and Technology (POSTECH),Tuition Fee (international),"$3,960",https://adm-iu.postech.ac.kr/user/comm/menu/4a69b7aee6a156d3c2ddb7413544ab2c/content/index.do,official,2026-10-04,"Tuition KRW 2,790,000 per semester x2 (waived for students meeting GPA rules); x0.00071"
Emory University,Tuition Fee (local),"$70,300",https://news.emory.edu/stories/2026/03/emory-sets-undergraduate-tuition-2026-27-academic-year-affirms-commitment-expanding,official,2026-10-04,"2026-27 undergraduate tuition $70,300"
Emory University,Tuition Fee (international),"$70,300",https://news.emory.edu/stories/2026/03/emory-sets-undergraduate-tuition-2026-27-academic-year-affirms-commitment-expanding,official,2026-10-04,"2026-27 undergraduate tuition $70,300"
University of Göttingen,Tuition Fee (local),$0,https://www.mygermanuniversity.com/universities/University-of-Goettingen/international-programs,secondary,2026-10-04,"Lower Saxony charges no tuition for bachelor/consecutive master, EU and non-EU; semester fee about EUR 390"
University of Göttingen,Tuition Fee (international),$0,https://www.mygermanuniversity.com/universities/University-of-Goettingen/international-programs,secondary,2026-10-04,"Lower Saxony charges no tuition for bachelor/consecutive master, EU and non-EU; semester fee about EUR 390"
"University of Maryland, College Park",Tuition Fee (local),"$11,015",https://www.usmd.edu/usm/adminfinance/budget/FY2027/UMCP_Tuition_and_Fees_2027.pdf,government,2026-10-04,"FY2027 full-time in-state tuition $11,015 (fees $1,820 extra)"
"University of Maryland, College Park",Tuition Fee (international),"$42,266",https://www.usmd.edu/usm/adminfinance/budget/FY2027/UMCP_Tuition_and_Fees_2027.pdf,government,2026-10-04,"FY2027 full-time out-of-state tuition $42,266"
Michigan State University,Tuition Fee (local),"$16,916",https://admissions.msu.edu/cost-aid/default.aspx,official,2026-10-04,"2026-27 in-state tuition and mandatory fees $16,916 (2 semesters)"
Michigan State University,Tuition Fee (international),"$44,300",https://admissions.msu.edu/cost-aid/default.aspx,official,2026-10-04,"2026-27 out-of-state tuition and fees $44,300"
Indian Institute of Technology Bombay (IITB),Tuition Fee (international),"$7,690",https://www.careers360.com/question-how-much-is-fees-for-foreign-national-in-iit-bombay-for-b-tech-undergraduate-course,secondary,2026-10-04,"Foreign nationals BTech academic fee INR 334,150 per semester (Autumn 2026-27) x2; x0.0115"
Texas A&M University,Tuition Fee (local),"$12,928",https://news.tamus.edu/good-news-for-texas-families-texas-am-tuition-and-fees-are-frozen-for-the-next-two-years,official,2026-10-04,"Tuition and fees frozen for 2025-26 and 2026-27; residents about $12,928 a year"
Texas A&M University,Tuition Fee (international),"$40,157",https://news.tamus.edu/good-news-for-texas-families-texas-am-tuition-and-fees-are-frozen-for-the-next-two-years,official,2026-10-04,"Frozen rate; non-residents about $40,157 a year"
Rice University,Tuition Fee (local),"$71,140",https://news.rice.edu/news/2026/rice-sets-2026-27-undergraduate-tuition-while-reaffirming-commitment-full-need-loan-free,official,2026-10-04,"2026-27 tuition $71,140 for first- to third-year students ($65,280 for later years)"
Rice University,Tuition Fee (international),"$71,140",https://news.rice.edu/news/2026/rice-sets-2026-27-undergraduate-tuition-while-reaffirming-commitment-full-need-loan-free,official,2026-10-04,"2026-27 tuition $71,140 for first- to third-year students ($65,280 for later years)"
University of Oslo,Tuition Fee (international),"$8,060 – $14,980",https://unb.com.bd/category/Lifestyle/norway-study-2026-10-affordable-universities-for-non-eu-bangladeshi-students/170136,secondary,2026-10-04,"Non-EEA annual fees NOK 84,000-156,000; x0.096"
University of Florida,Tuition Fee (local),"$6,440",https://www.sfa.ufl.edu/cost/undergraduate-costs/,official,2026-10-04,"2026-27 in-state tuition and fees $6,440 (30 credit hours)"
University of Florida,Tuition Fee (international),"$34,620",https://www.sfa.ufl.edu/cost/undergraduate-costs/,official,2026-10-04,"2026-27 out-of-state tuition and fees $34,620"
Universität Hamburg,Tuition Fee (local),$0,https://www.uni-hamburg.de/en/campuscenter/studienorganisation/studienverlauf/beitraege-gebuehren/semesterbeitrag.html,official,2026-10-04,No tuition for regular degree programmes; semester contribution EUR 384 only
Universität Hamburg,Tuition Fee (international),$0,https://www.uni-hamburg.de/en/campuscenter/studienorganisation/studienverlauf/beitraege-gebuehren/semesterbeitrag.html,official,2026-10-04,No tuition for regular degree programmes; semester contribution EUR 384 only
University of Colorado Boulder,Tuition Fee (local),"$13,973",https://www.cu.edu/doc/2026-06-04-fy2026-27-budget-presentation-finalpdf,official,2026-10-04,"FY2026-27 incoming resident tuition 30 credits $13,973"
University of Colorado Boulder,Tuition Fee (international),"$45,019",https://www.cu.edu/doc/2026-06-04-fy2026-27-budget-presentation-finalpdf,official,2026-10-04,"FY2026-27 incoming nonresident tuition $45,019"
Universiti Sains Malaysia,Tuition Fee (international),"$3,125 – $27,500",https://s2.collegedunia.com/malaysia/university/735-universiti-sains-malaysia-george-town,secondary,2026-10-04,"International undergraduate USD 1,562.50-13,750 per semester by programme x2"
Université Paris Cité,Tuition Fee (local),$200,https://u-paris.fr/droits-dinscription/,official,2026-10-04,Licence fee 2026-2027 EUR 178; moratorium keeps non-EU students at the EU rate; x1.13
Université Paris Cité,Tuition Fee (international),$200,https://u-paris.fr/droits-dinscription/,official,2026-10-04,Licence fee 2026-2027 EUR 178; moratorium keeps non-EU students at the EU rate; x1.13
University of Arizona,Tuition Fee (local),"$13,900",https://news.arizona.edu/news/university-arizona-keeps-resident-undergraduate-tuition-mandatory-fees-flat-third-straight,official,2026-10-04,"Resident tuition and mandatory fees frozen, about $13,900 per year for 2026-27"
University of Arizona,Tuition Fee (international),"$43,100",https://news.arizona.edu/news/university-arizona-keeps-resident-undergraduate-tuition-mandatory-fees-flat-third-straight,official,2026-10-04,"Nonresident tuition and fees about $43,100 per year for 2026-27"
Huazhong University of Science and Technology,Tuition Fee (international),"$2,500 – $5,560",https://iso.hust.edu.cn/Policies___Regulations/Fee_Policy.htm,official,2026-10-04,"International undergraduate RMB 18,000-40,000 per year (Chinese- and English-medium); x0.139"
Case Western Reserve University,Tuition Fee (local),"$71,410",https://case.edu/financialaid/undergraduate/cost/,official,2026-10-04,"2026-2027 undergraduate tuition $71,410"
Case Western Reserve University,Tuition Fee (international),"$71,410",https://case.edu/financialaid/undergraduate/cost/,official,2026-10-04,"2026-2027 undergraduate tuition $71,410"
University of Cape Town,Tuition Fee (local),"$2,420 – $6,000",https://uct.ac.za/sites/default/files/media/documents/uct_ac_za/49/2026-fees-booklet.pdf,official,2026-10-04,"2026 estimated annual undergraduate fees R44,000-R109,000 by programme; x0.055"
Beijing Normal University,Tuition Fee (international),"$3,220 – $3,630",https://international.bnu.edu.cn/user/sysNews/detail/18,official,2026-10-04,"International undergraduate RMB 11,600 (liberal arts) to 13,050 (science/engineering/arts) per semester x2; x0.139"
Arizona State University (Tempe),Tuition Fee (international),"$40,420",https://catalog.asu.edu/tuitionandfees/fall26international,official,2026-10-04,"Fall 2026 international undergraduate tuition and fees $20,210 per semester (12+ hours) x2"
Georgetown University,Tuition Fee (local),"$74,520",https://georgetownvoice.com/2026/02/09/georgetown-to-raise-tuition-by-4-75-percent-for-2026-27-school-year,secondary,2026-10-04,"2026-27 undergraduate tuition $74,520 (+4.75%)"
Georgetown University,Tuition Fee (international),"$74,520",https://georgetownvoice.com/2026/02/09/georgetown-to-raise-tuition-by-4-75-percent-for-2026-27-school-year,secondary,2026-10-04,"2026-27 undergraduate tuition $74,520 (+4.75%)"
Tufts University,Tuition Fee (local),"$71,982",https://students.tufts.edu/registrar/forms-and-policies/bulletin/bulletin-financial-information,official,2026-10-04,"Undergraduate tuition 2025-26 $71,982 (latest published sticker price)"
Tufts University,Tuition Fee (international),"$71,982",https://students.tufts.edu/registrar/forms-and-policies/bulletin/bulletin-financial-information,official,2026-10-04,"Undergraduate tuition 2025-26 $71,982 (latest published sticker price)"
Universidad Autónoma de Madrid,Tuition Fee (international),"$7,710 – $9,250",https://uam.es/uam/media/doc/1606965874673/precios-para-estudiantes-extranjeros---ea.pdf,official,2026-10-04,Non-EU first enrolment EUR 113.71-136.44 per credit x 60 ECTS; x1.13
University of Notre Dame,Tuition Fee (local),"$69,280",https://www.14news.com/2026/03/20/notre-dame-cover-tuition-families-earning-under-150k/,secondary,2026-10-04,"2026-27 full-time undergraduate tuition $69,280 (fees $514 extra)"
University of Notre Dame,Tuition Fee (international),"$69,280",https://www.14news.com/2026/03/20/notre-dame-cover-tuition-families-earning-under-150k/,secondary,2026-10-04,"2026-27 full-time undergraduate tuition $69,280 (fees $514 extra)"
George Washington University,Tuition Fee (local),"$72,000",https://gwtoday.gwu.edu/node/30641,official,2026-10-04,"2026-2027 undergraduate tuition $72,000 (+3%)"
George Washington University,Tuition Fee (international),"$72,000",https://gwtoday.gwu.edu/node/30641,official,2026-10-04,"2026-2027 undergraduate tuition $72,000 (+3%)"
"Northeastern University, US",Tuition Fee (local),"$70,700",https://collegedunia.com/usa/university/1020-northeastern-university-boston/programs,secondary,2026-10-04,"2026-27 undergraduate tuition $70,700 (Boston campus, per Northeastern SFS)"
"Northeastern University, US",Tuition Fee (international),"$70,700",https://collegedunia.com/usa/university/1020-northeastern-university-boston/programs,secondary,2026-10-04,"2026-27 undergraduate tuition $70,700 (Boston campus, per Northeastern SFS)"
Rutgers University – New Brunswick,Tuition Fee (local),"$19,389",https://njbiz.com/rutgers-approves-6-2b-budget-3-tuition-increase/,secondary,2026-10-04,"2026-27 typical NJ-resident arts and sciences tuition $15,381 + mandatory fees $4,008"
Rutgers University – New Brunswick,Tuition Fee (international),"$40,839",https://njbiz.com/rutgers-approves-6-2b-budget-3-tuition-increase/,secondary,2026-10-04,"2026-27 typical out-of-state arts and sciences tuition and mandatory fees $40,839"
Tilburg University,Tuition Fee (local),"$3,040",https://www.uva.nl/en/education/bachelor-s/scholarships--tuition/tuition-fees/tuition-fees.html,secondary,2026-10-04,"Dutch national statutory fee 2026-2027 full-time EUR 2,694; x1.13"
"University of California, Santa Cruz",Tuition Fee (local),"$15,588",https://ucop.edu/operating-budget/_files/fees/202627/2026-27.pdf,official,2026-10-04,"UC systemwide 2026-27 tuition+student services fee for residents $15,588"
"University of California, Santa Cruz",Tuition Fee (international),"$54,858",https://ucop.edu/operating-budget/_files/fees/202627/2026-27.pdf,official,2026-10-04,"$15,588 + nonresident supplemental tuition $39,270"
University of Hawai’i at Mānoa,Tuition Fee (local),"$11,760",https://manoa.hawaii.edu/fas/cost/2026-2027-cost-of-attendance/,official,2026-10-04,2026-27 resident tuition 12 credits per semester x2 (fees $882 extra)
University of Hawai’i at Mānoa,Tuition Fee (international),"$33,792",https://manoa.hawaii.edu/fas/cost/2026-2027-cost-of-attendance/,official,2026-10-04,2026-27 nonresident tuition 12 credits per semester x2
University of Iowa,Tuition Fee (local),"$11,971",https://www.iowaregents.edu/news/newsletter/board-of-regents-news/february-25-26-2026-meeting-preview/proposed-2026-27-tuition-and-fee-rates,government,2026-10-04,"2026-27 resident tuition $9,852 + mandatory fees $2,119"
University of Iowa,Tuition Fee (international),"$34,247",https://www.iowaregents.edu/news/newsletter/board-of-regents-news/february-25-26-2026-meeting-preview/proposed-2026-27-tuition-and-fee-rates,government,2026-10-04,"2026-27 nonresident tuition $32,128 + mandatory fees $2,119"
University of Leicester,Tuition Fee (local),"$12,920",https://www.gov.uk/government/publications/tuition-fees-and-student-support-2026-to-2027-academic-year/changes-to-tuition-fees-2026-to-2027-academic-year-and-2027-to-2028-academic-year,government,2026-10-04,"England home fee cap 2026/27 GBP 9,790 for standard full-time courses; x1.32"
University of Leicester,Tuition Fee (international),"$29,300 – $64,550",https://le.ac.uk/study/undergraduates/fees-funding/tuition-fees,official,2026-10-04,"International 2026/27 GBP 22,200-26,550, Medicine up to GBP 48,900 in clinical years; x1.32"
University of Luxembourg,Tuition Fee (local),$450 – $900,https://globalscholarships.com/cheap-universities-in-luxembourg/,secondary,2026-10-04,"Registration fee EUR 200-400 per semester (400 in first year) x2, same for all nationalities; x1.13"
University of Luxembourg,Tuition Fee (international),$450 – $900,https://globalscholarships.com/cheap-universities-in-luxembourg/,secondary,2026-10-04,"Registration fee EUR 200-400 per semester (400 in first year) x2, same for all nationalities; x1.13"
University of Miami,Tuition Fee (local),"$65,532",https://admissions.miami.edu/undergraduate/financial-aid/cost-of-attendance/index.html,official,2026-10-04,"2026-2027 tuition and fees $65,532"
University of Miami,Tuition Fee (international),"$65,532",https://admissions.miami.edu/undergraduate/financial-aid/cost-of-attendance/index.html,official,2026-10-04,"2026-2027 tuition and fees $65,532"
University of Padua,Tuition Fee (local),"$0 – $3,330",https://www.unipd.it/en/tuition-fees,official,2026-10-04,"Fees from EUR 0 (ISEE no-tax area) to max EUR 2,950 per year; x1.13"
University of Minnesota Twin Cities,Tuition Fee (local),"$19,174",https://admissions.tc.umn.edu/costsaid/tuition.html,official,2026-10-04,"2026-27 estimated resident tuition and fees $19,174"
University of Minnesota Twin Cities,Tuition Fee (international),"$43,332",https://admissions.tc.umn.edu/costsaid/tuition.html,official,2026-10-04,"2026-27 estimated non-resident tuition and fees $43,332"
Friedrich-Alexander-Universität Erlangen-Nürnberg,Tuition Fee (local),$0,https://www.medical-engineering.study.fau.eu/2026/07/15/new-tuition-fees-for-international-students-from-non-eu-countries-from-summer-semester-2027/,official,2026-10-04,No tuition for EU/EEA students; semester contribution EUR 82 only
Friedrich-Alexander-Universität Erlangen-Nürnberg,Tuition Fee (international),"$2,260 – $6,780",https://www.medical-engineering.study.fau.eu/2026/07/15/new-tuition-fees-for-international-students-from-non-eu-countries-from-summer-semester-2027/,official,2026-10-04,"New non-EU students from summer 2027: bachelor EUR 1,000-3,000 per semester x2; x1.13"
Rheinische Friedrich-Wilhelms-Universität Bonn,Tuition Fee (local),$0,https://qogentglobal.com/study-in-germany/finance/tuition-fees,secondary,2026-10-04,German public universities charge no tuition to any nationality outside Baden-Wuerttemberg; North Rhine-Westphalia: semester contribution only
Rheinische Friedrich-Wilhelms-Universität Bonn,Tuition Fee (international),$0,https://qogentglobal.com/study-in-germany/finance/tuition-fees,secondary,2026-10-04,German public universities charge no tuition to any nationality outside Baden-Wuerttemberg; North Rhine-Westphalia: semester contribution only
Ruhr University Bochum,Tuition Fee (local),$0,https://qogentglobal.com/study-in-germany/finance/tuition-fees,secondary,2026-10-04,German public universities charge no tuition to any nationality outside Baden-Wuerttemberg; North Rhine-Westphalia: semester contribution only
Ruhr University Bochum,Tuition Fee (international),$0,https://qogentglobal.com/study-in-germany/finance/tuition-fees,secondary,2026-10-04,German public universities charge no tuition to any nationality outside Baden-Wuerttemberg; North Rhine-Westphalia: semester contribution only
University of Cologne,Tuition Fee (local),$0,https://qogentglobal.com/study-in-germany/finance/tuition-fees,secondary,2026-10-04,German public universities charge no tuition to any nationality outside Baden-Wuerttemberg; North Rhine-Westphalia: semester contribution only
University of Cologne,Tuition Fee (international),$0,https://qogentglobal.com/study-in-germany/finance/tuition-fees,secondary,2026-10-04,German public universities charge no tuition to any nationality outside Baden-Wuerttemberg; North Rhine-Westphalia: semester contribution only
Johannes Gutenberg University of Mainz,Tuition Fee (local),$0,https://qogentglobal.com/study-in-germany/finance/tuition-fees,secondary,2026-10-04,German public universities charge no tuition to any nationality outside Baden-Wuerttemberg; Rhineland-Palatinate: semester contribution only
Johannes Gutenberg University of Mainz,Tuition Fee (international),$0,https://qogentglobal.com/study-in-germany/finance/tuition-fees,secondary,2026-10-04,German public universities charge no tuition to any nationality outside Baden-Wuerttemberg; Rhineland-Palatinate: semester contribution only
Universidade Estadual de Campinas (Unicamp),Tuition Fee (local),$0,https://globalscholarships.com/best-universities-in-brazil/,secondary,2026-10-04,"Brazilian public universities such as Unicamp charge no tuition, including to international students"
Universidade Estadual de Campinas (Unicamp),Tuition Fee (international),$0,https://globalscholarships.com/best-universities-in-brazil/,secondary,2026-10-04,"Brazilian public universities such as Unicamp charge no tuition, including to international students"
Boston College,Tuition Fee (local),"$75,070",https://www.bc.edu/bc-web/sites/bc-news/articles/2026/spring/trustees-set-tuition-for-2026-2027.html,official,2026-10-04,"Trustees set 2026-2027 undergraduate tuition at $75,070"
Boston College,Tuition Fee (international),"$75,070",https://www.bc.edu/bc-web/sites/bc-news/articles/2026/spring/trustees-set-tuition-for-2026-2027.html,official,2026-10-04,"Trustees set 2026-2027 undergraduate tuition at $75,070"
Florida State University,Tuition Fee (local),"$6,467",https://tuition.fsu.edu/sites/default/files/Documents/2026-2027%20Tuition/2026-2027_Tuition_Main.pdf,official,2026-10-04,2026-27 main campus in-state $215.55 per credit hour x 30 credits
Florida State University,Tuition Fee (international),"$25,652",https://tuition.fsu.edu/sites/default/files/Documents/2026-2027%20Tuition/2026-2027_Tuition_Main.pdf,official,2026-10-04,2026-27 out-of-state $855.07 per credit hour x 30 credits
North Carolina State University,Tuition Fee (local),"$9,247",https://abc11.com/post/nc-states-board-trustees-approve-tuition-increase-all-new-students-next-fall/18154438/,secondary,2026-10-04,"2026-27 in-state tuition and fees $9,247"
North Carolina State University,Tuition Fee (international),"$34,961",https://abc11.com/post/nc-states-board-trustees-approve-tuition-increase-all-new-students-next-fall/18154438/,secondary,2026-10-04,"2026-27 out-of-state tuition and fees $34,961"
Lappeenranta-Lahti University of Technology LUT,Tuition Fee (local),$0,https://elut.lut.fi/en/completing-studies/tuition-fee,official,2026-10-04,Only non-EU/EEA citizens pay tuition
Lappeenranta-Lahti University of Technology LUT,Tuition Fee (international),"$13,560",https://elut.lut.fi/en/completing-studies/tuition-fee,official,2026-10-04,"Bachelor tuition from autumn 2026 EUR 12,000 per year; x1.13"
Linköping University,Tuition Fee (local),$0,https://www.tutopiya.com/blog/university-guides/linkoping-university-guide-gcc-sea-students/,secondary,2026-10-04,Tuition applies only to non-EU/EEA students
Linköping University,Tuition Fee (international),"$12,900 – $26,500",https://www.tutopiya.com/blog/university-guides/linkoping-university-guide-gcc-sea-students/,secondary,2026-10-04,"Non-EU fees 2026/27 SEK 129,000-265,000 per year; x0.10"
Semmelweis University,Tuition Fee (international),"$19,900",https://matchtocollege.com/blog/semmelweis-university-medicine-abroad-2026,secondary,2026-10-04,"English medicine programme USD 9,950 per semester x2"
University of Bergen,Tuition Fee (local),$0,https://www4.uib.no/en/studies/admission-and-application/tuition-fee-for-international-students,official,2026-10-04,Only students from outside EU/EEA/EFTA pay tuition
University of Bergen,Tuition Fee (international),"$18,240 – $37,220",https://www4.uib.no/en/studies/admission-and-application/tuition-fee-for-international-students,official,2026-10-04,"Non-EU/EEA tuition NOK 190,000-387,745 per year by programme; x0.096"
"University of California, Riverside",Tuition Fee (local),"$15,588",https://ucop.edu/operating-budget/_files/fees/202627/2026-27.pdf,official,2026-10-04,"UC systemwide 2026-27 tuition+student services fee for residents $15,588"
"University of California, Riverside",Tuition Fee (international),"$54,858",https://ucop.edu/operating-budget/_files/fees/202627/2026-27.pdf,official,2026-10-04,"$15,588 + nonresident supplemental tuition $39,270"
University of Hohenheim,Tuition Fee (local),$0,https://qogentglobal.com/study-in-germany/finance/tuition-fees,secondary,2026-10-04,"Baden-Wuerttemberg public university: no tuition for German/EU students, semester contribution only"
University of Hohenheim,Tuition Fee (international),"$3,390",https://qogentglobal.com/study-in-germany/finance/tuition-fees,secondary,2026-10-04,"Baden-Wuerttemberg non-EU fee EUR 1,500 per semester x2; x1.13"
Universität Konstanz,Tuition Fee (local),$0,https://qogentglobal.com/study-in-germany/finance/tuition-fees,secondary,2026-10-04,"Baden-Wuerttemberg public university: no tuition for German/EU students, semester contribution only"
Universität Konstanz,Tuition Fee (international),"$3,390",https://qogentglobal.com/study-in-germany/finance/tuition-fees,secondary,2026-10-04,"Baden-Wuerttemberg non-EU fee EUR 1,500 per semester x2; x1.13"
University of Oulu,Tuition Fee (local),$0,https://edustore.oulu.fi/tuitionfee/,official,2026-10-04,Tuition applies only to non-EU/EEA/Swiss students
University of Oulu,Tuition Fee (international),"$11,300",https://edustore.oulu.fi/tuitionfee/,official,2026-10-04,"Bachelor tuition for non-EU/EEA EUR 10,000 per year; x1.13"
University of South Florida,Tuition Fee (local),"$6,380",https://www.flbog.edu/wp-content/uploads/2026/07/2026-2027-SUS-Tuition-and-Fees-Report.pdf,government,2026-10-04,"2026-27 projected in-state tuition and fees $6,380 (30 credit hours)"
Università della Svizzera italiana,Tuition Fee (international),"$12,000",https://www.usi.ch/en/education/bachelor/fees-and-grants,official,2026-10-04,"Bachelor semester fee CHF 5,000 for entrants from 2027/28 x2; x1.20"
Université Laval,Tuition Fee (local),"$2,240",https://www.ulaval.ca/etudes/droits-de-scolarite/etudiant-quebecois/automne-2026-hiver-2027,official,2026-10-04,2026-27 Quebec-resident tuition CAD 103.92 per credit x 30 credits; x0.72
Université Laval,Tuition Fee (international),"$19,510",https://www.ulaval.ca/etudes/droits-de-scolarite/etudiant-de-linternational/programmes-de-1er-cycle/automne-2026-hiver-2027,official,2026-10-04,"2026-27 international undergraduate tuition CAD 10,837.80 per 12 credits (base + foreign supplement) x 2.5; x0.72"
Virginia Polytechnic Institute and State University,Tuition Fee (local),"$17,087",https://news.vt.edu/articles/2026/04/cm-bovtuition-041426.html,official,2026-10-04,"2026-27 in-state tuition and mandatory fees $17,087"
Virginia Polytechnic Institute and State University,Tuition Fee (international),"$40,180",https://news.vt.edu/articles/2026/04/cm-bovtuition-041426.html,official,2026-10-04,"2026-27 out-of-state tuition and mandatory fees $40,180"
University of Lisbon,Tuition Fee (local),$790,https://www.ulisboa.pt/sites/default/files/documents/page/2026/deliberacaocgpropinas2026.pdf,official,2026-10-04,Bachelor fee for national/equivalent students EUR 697 per year; x1.13
University of Lisbon,Tuition Fee (international),"$3,960 – $7,910",https://www.ulisboa.pt/sites/default/files/documents/page/2026/deliberacaocgpropinas2026.pdf,official,2026-10-04,"International students EUR 3,500-7,000 per year by faculty; x1.13"
University of the Witwatersrand,Tuition Fee (local),"$2,640 – $4,690",https://businesstech.co.za/news/finance/859648/how-much-it-costs-to-study-in-south-africa-in-2026/,secondary,2026-10-04,"2026 undergraduate fees about R47,930-R85,260 by programme; x0.055"
Radboud University ,Tuition Fee (local),"$3,040",https://www.uva.nl/en/education/bachelor-s/scholarships--tuition/tuition-fees/tuition-fees.html,secondary,2026-10-04,"Dutch national statutory fee 2026-2027 full-time EUR 2,694; x1.13"
University College Cork,Tuition Fee (international),"$13,220 – $63,390",https://www.ucc.ie/en/financeoffice/fees/schedules/internationalundergraduatefees202627/,official,2026-10-04,"International undergraduate fees 2026/27 EUR 11,700-56,100 by programme; x1.13"
University of Galway,Tuition Fee (international),"$21,910 – $30,100",https://www.universityofgalway.ie/student-fees/how-much/undergraduate-fees/,official,2026-10-04,"Non-EU undergraduate 2026/27 EUR 19,390-26,640 per year; x1.13"
Dalhousie University,Tuition Fee (international),"$27,350 – $34,990",https://www.dal.ca/content/dam/www/admissions/cost-and-payment/tuition-and-fee-schedules/international-tution-guarantee.pdf,official,2026-10-04,"2026-27 international guaranteed tuition CAD 37,992 (Arts) to 48,594 (Engineering); x0.72"
University of Porto,Tuition Fee (local),$790,https://qogentglobal.com/portugal/finance/tuition-fees,secondary,2026-10-04,Portuguese public bachelor fee for national/EU students EUR 697 per year; x1.13
Panthéon-Sorbonne University – Paris 1,Tuition Fee (local),$200,https://www.pantheonsorbonne.fr/index.php/inscription/frais-dinscription,official,2026-10-04,Licence registration fee EUR 178; x1.13
Panthéon-Sorbonne University – Paris 1,Tuition Fee (international),"$3,270",https://www.pantheonsorbonne.fr/index.php/inscription/frais-dinscription,official,2026-10-04,"From 2026 differentiated licence fee EUR 2,895 for non-EU students (with exemptions); x1.13"
Stellenbosch University,Tuition Fee (local),"$3,180 – $4,490",https://files.su.ac.za/public/undergraduate-maties/documents/2025-12/2026-su-estimated-student-fees.pdf,official,2026-10-04,"2026 estimated first-year fees R57,767 (BA) to R81,563 (BEng); x0.055"
Drexel University,Tuition Fee (local),"$63,078",https://drexel.edu/drexelcentral/cost/undergrad,official,2026-10-04,"2026-2027 undergraduate tuition $63,078 (fees $2,420 extra)"
Drexel University,Tuition Fee (international),"$63,078",https://drexel.edu/drexelcentral/cost/undergrad,official,2026-10-04,"2026-2027 undergraduate tuition $63,078 (fees $2,420 extra)"
"Royal Holloway, University of London",Tuition Fee (local),"$12,920",https://www.royalholloway.ac.uk/studying-here/fees-and-funding/undergraduate/tuition-fees,official,2026-10-04,"UK fee for 2026/27 entrants GBP 9,790; x1.32"
"Royal Holloway, University of London",Tuition Fee (international),"$27,060 – $39,470",https://www.royalholloway.ac.uk/studying-here/fees-and-funding/undergraduate/tuition-fees,official,2026-10-04,"International fee 2026/27 about GBP 20,500-29,900 by subject; x1.32"
"St George’s, University of London",Tuition Fee (local),"$12,920",https://www.gov.uk/government/publications/tuition-fees-and-student-support-2026-to-2027-academic-year/changes-to-tuition-fees-2026-to-2027-academic-year-and-2027-to-2028-academic-year,government,2026-10-04,"England home fee cap 2026/27 GBP 9,790 for standard full-time courses; x1.32"
Tampere University,Tuition Fee (local),$0,https://tuni.fi/en/study-with-us/apply-to-tampere-university/financial-matters/tuition-fees,official,2026-10-04,Tuition applies only to non-EU/EEA/Swiss citizens
Tampere University,Tuition Fee (international),"$11,300",https://tuni.fi/en/study-with-us/apply-to-tampere-university/financial-matters/tuition-fees,official,2026-10-04,"Students admitted 2026: EUR 10,000 in all bachelor programmes; x1.13"
"The University of Tennessee, Knoxville",Tuition Fee (local),"$14,024",https://news.utk.edu/2026/06/30/ut-trustees-approve-budget-keeping-in-state-tuition-steady/,official,2026-10-04,"2026-27 in-state tuition $11,560 + mandatory fees $2,464"
University at Buffalo,Tuition Fee (local),"$10,036",https://www.buffalo.edu/admissions/costs/tuition.html,official,2026-10-04,"2026-27 NY resident tuition $7,070 + fees $3,966"
University at Buffalo,Tuition Fee (international),"$35,536",https://www.buffalo.edu/admissions/costs/tuition.html,official,2026-10-04,"2026-27 F-1/J-1 international tuition $29,070 + fees $6,466"
University of Tartu,Tuition Fee (local),$0,https://www.study.eu/university/university-of-tartu,secondary,2026-10-04,Estonian-taught programmes are free of charge
University of Tartu,Tuition Fee (international),"$4,520 – $15,820",https://www.study.eu/university/university-of-tartu,secondary,2026-10-04,"Non-EU/EEA tuition EUR 4,000-14,000 per year; x1.13"
University of Turku,Tuition Fee (local),$0,https://www.utu.fi/en/study-at-utu/scholarships-and-tuition-fees,official,2026-10-04,Tuition applies only to non-EU/EEA students
University of Turku,Tuition Fee (international),"$11,300",https://www.utu.fi/en/study-at-utu/scholarships-and-tuition-fees,official,2026-10-04,"Bachelor programmes EUR 10,000 per year for non-EU/EEA (from 1 Aug 2026); x1.13"
Montpellier University,Tuition Fee (local),$200,https://www.service-public.gouv.fr/particuliers/actualites/A18927,government,2026-10-04,National licence registration fee 2026-2027 EUR 178; x1.13
Universität Bremen,Tuition Fee (local),$0,https://qogentglobal.com/study-in-germany/finance/tuition-fees,secondary,2026-10-04,German public universities charge no tuition to any nationality outside Baden-Wuerttemberg; Bremen: semester contribution only
Universität Bremen,Tuition Fee (international),$0,https://qogentglobal.com/study-in-germany/finance/tuition-fees,secondary,2026-10-04,German public universities charge no tuition to any nationality outside Baden-Wuerttemberg; Bremen: semester contribution only
Université Grenoble Alpes,Tuition Fee (local),$200,https://www.service-public.gouv.fr/particuliers/actualites/A18927,government,2026-10-04,National licence registration fee 2026-2027 EUR 178; x1.13
Université de Liège,Tuition Fee (local),"$940 – $1,350",https://www.bruxelles-j.be/etudier-se-former/enseignement-superieur/minerval-et-droits-dinscription,secondary,2026-10-04,"2026-2027 French-community minerval EUR 835 (intermediate) to 1,194 (full); x1.13"
Université de Liège,Tuition Fee (international),"$5,660",https://www.bruxelles-j.be/etudier-se-former/enseignement-superieur/minerval-et-droits-dinscription,secondary,2026-10-04,"Non-EU students from non-exempt countries EUR 5,010; x1.13"
Western Sydney University,Tuition Fee (international),"$21,130 – $55,590",https://articles.unienrol.com/western-sydney-university-wsu-fees-courses/,secondary,2026-10-04,"2026 international undergraduate AUD 32,500-85,520 per year; x0.65"
Universidade Federal do Rio de Janeiro,Tuition Fee (local),$0,https://globalscholarships.com/best-universities-in-brazil/,secondary,2026-10-04,"Brazilian federal universities charge no tuition, including to international students"
Universidade Federal do Rio de Janeiro,Tuition Fee (international),$0,https://globalscholarships.com/best-universities-in-brazil/,secondary,2026-10-04,"Brazilian federal universities charge no tuition, including to international students"
University of Johannesburg,Tuition Fee (local),"$2,370 – $4,680",https://briefly.co.za/106979-full-details-university-fees-south-africa-2022-is-cheap.html,secondary,2026-10-04,"2026 undergraduate tuition about R43,000-R85,000 per year; x0.055"
Universidad Politécnica de Madrid (UPM),Tuition Fee (local),"$1,150 – $1,400",https://www.upm.es/gsfs/SFS51859,official,2026-10-04,2026-27 first-enrolment price EUR 16.92-20.68 per credit x 60 ECTS; x1.13
University of Saskatchewan,Tuition Fee (local),"$5,800 – $17,670",https://news.usask.ca/articles/general/2026/usask-202627-tuition-rates-will-enhance-programming-student-supports.php,official,2026-10-04,"2026-27 domestic CAD 8,059 (Arts) to 24,539 (Pharmacy); x0.72"
University of Saskatchewan,Tuition Fee (international),"$28,090 – $65,240",https://news.usask.ca/articles/general/2026/usask-202627-tuition-rates-will-enhance-programming-student-supports.php,official,2026-10-04,"2026-27 international CAD 39,007 (Arts) to 90,605 (Law); x0.72"
Brunel University London,Tuition Fee (local),"$12,920",https://www.gov.uk/government/publications/tuition-fees-and-student-support-2026-to-2027-academic-year/changes-to-tuition-fees-2026-to-2027-academic-year-and-2027-to-2028-academic-year,government,2026-10-04,"England home fee cap 2026/27 GBP 9,790; x1.32"
Brunel University London,Tuition Fee (international),"$22,970 – $28,770",https://collegedunia.com/uk/university/878-brunel-university-london/programs/english-courses,secondary,2026-10-04,"International undergraduate 2026-27 GBP 17,400-21,795; x1.32"
University of Victoria (UVic),Tuition Fee (international),"$25,520 – $31,240",https://www.kaplanpathways.com/where-to-study/canadian-universities/university-of-victoria/tuition-and-dates/,secondary,2026-10-04,"International tuition and program fees CAD 35,448-43,384 (2025-26); x0.72"
Sciences Po,Tuition Fee (local),"$0 – $16,840",https://www.sciencespo.fr/admissions/en/news/how-much-is-tuition-at-sciences-po/,official,2026-10-04,"EEA students: income-based sliding scale EUR 0-14,900; x1.13"
Sciences Po,Tuition Fee (international),"$16,840",https://www.sciencespo.fr/admissions/en/news/how-much-is-tuition-at-sciences-po/,official,2026-10-04,"Non-EEA fiscal residents 2026-27 undergraduate EUR 14,900; x1.13"
Aix-Marseille University,Tuition Fee (local),$200,https://www.service-public.gouv.fr/particuliers/actualites/A18927,government,2026-10-04,National licence registration fee 2026-2027 EUR 178; x1.13
University of Bordeaux,Tuition Fee (local),$200,https://www.service-public.gouv.fr/particuliers/actualites/A18927,government,2026-10-04,National licence registration fee 2026-2027 EUR 178; x1.13
"City, University of London",Tuition Fee (local),"$12,920",https://www.gov.uk/government/publications/tuition-fees-and-student-support-2026-to-2027-academic-year/changes-to-tuition-fees-2026-to-2027-academic-year-and-2027-to-2028-academic-year,government,2026-10-04,"England home fee cap 2026/27 GBP 9,790; x1.32"
Illinois Institute of Technology,Tuition Fee (local),"$53,198",https://www.iit.edu/admissions-aid/tuition-and-aid/undergraduate-costs-and-aid,official,2026-10-04,"2026-27 undergraduate tuition $53,198, one rate regardless of citizenship"
Illinois Institute of Technology,Tuition Fee (international),"$53,198",https://www.iit.edu/admissions-aid/tuition-and-aid/undergraduate-costs-and-aid,official,2026-10-04,"2026-27 undergraduate tuition $53,198, one rate regardless of citizenship"
Iowa State University,Tuition Fee (local),"$11,402",https://www.iowaregents.edu/news/newsletter/board-of-regents-news/february-25-26-2026-meeting-preview/proposed-2026-27-tuition-and-fee-rates,government,2026-10-04,"2026-27 resident tuition about $9,816 + mandatory fees $1,586"
Temple University,Tuition Fee (local),"$21,474",https://now.temple.edu/news/2026-07-08/temple-university-sets-tuition-rates-2026-27-academic-year,official,2026-10-04,"2026-27 PA resident $10,188 per semester + fees $549 per term, x2"
Temple University,Tuition Fee (international),"$37,698",https://now.temple.edu/news/2026-07-08/temple-university-sets-tuition-rates-2026-27-academic-year,official,2026-10-04,"2026-27 non-resident $18,300 per semester + fees $549 per term, x2"
University of Connecticut,Tuition Fee (local),"$17,010",https://draft-budget.media.uconn.edu/wp-content/uploads/sites/4169/2026/06/FY27-Undergraduate-Tuition-and-Fee-Rates.pdf,official,2026-10-04,"FY27 Storrs in-state tuition $17,010 (fees extra)"
University of Connecticut,Tuition Fee (international),"$39,678",https://draft-budget.media.uconn.edu/wp-content/uploads/sites/4169/2026/06/FY27-Undergraduate-Tuition-and-Fee-Rates.pdf,official,2026-10-04,"FY27 Storrs out-of-state tuition $39,678 (fees extra)"
University of Georgia,Tuition Fee (local),"$11,628",https://busfin.uga.edu/finance-division/bursar/students-parents/bursar-tuition-fees/2026-2027/,official,2026-10-04,"2026-27 in-state tuition $10,134 + mandatory fees $1,494"
University of Georgia,Tuition Fee (international),"$33,298",https://busfin.uga.edu/finance-division/bursar/students-parents/bursar-tuition-fees/2026-2027/,official,2026-10-04,"2026-27 out-of-state tuition $31,804 + mandatory fees $1,494"
Technion Israel Institute of Technology,Tuition Fee (international),"$15,000",https://slimud.technion.ac.il/files/2026/08/Payments-Regulations-2026-2027.pdf,official,2026-10-04,"International School undergraduate tuition 2026-2027 equal to USD 15,000 per year (paid in NIS)"
University of Texas at Dallas,Tuition Fee (local),"$14,644",https://catalog.utdallas.edu/2025/undergraduate/tuition-and-financial-aid,official,2026-10-04,"2025-26 Texas-resident undergraduate tuition and fees $14,644 per year (latest published)"
University of Texas at Dallas,Tuition Fee (international),"$40,164",https://catalog.utdallas.edu/2025/undergraduate/tuition-and-financial-aid,official,2026-10-04,"2025-26 non-resident tuition and fees $40,164 per year (latest published)"
University of Tsukuba,Tuition Fee (local),"$3,640",https://www.tsukuba.ac.jp/en/admissions/fees-tuition/,official,2026-10-04,"Annual tuition JPY 535,800 for undergraduates; x0.0068"
University of Tsukuba,Tuition Fee (international),"$3,640",https://www.tsukuba.ac.jp/en/admissions/fees-tuition/,official,2026-10-04,"Annual tuition JPY 535,800 for undergraduates; x0.0068"
National University of Sciences And Technology (NUST) Islamabad,Tuition Fee (local),"$1,420 – $1,980",https://parhlai.com/blog/nust-fee-structure-2026,secondary,2026-10-04,"2026 national students PKR 197,050-275,400 per semester x2; x0.0036"
National University of Sciences And Technology (NUST) Islamabad,Tuition Fee (international),"$5,400",https://parhlai.com/blog/nust-fee-structure-2026,secondary,2026-10-04,"International students USD 5,400 per year"
Indiana University Bloomington,Tuition Fee (local),"$12,144",https://finance.iu.edu/doc/2025-2027-tuition-and-fee-schedule-approved.pdf,official,2026-10-04,"2026-27 resident tuition $10,621.84 + mandatory fee $1,522.04"
Indiana University Bloomington,Tuition Fee (international),"$42,703",https://finance.iu.edu/doc/2025-2027-tuition-and-fee-schedule-approved.pdf,official,2026-10-04,"2026-27 nonresident tuition $41,180.58 + mandatory fee $1,522.04"
Westfälische Wilhelms-Universität Münster ,Tuition Fee (local),$0,https://qogentglobal.com/study-in-germany/finance/tuition-fees,secondary,2026-10-04,German public universities charge no tuition to any nationality outside Baden-Wuerttemberg; NRW: semester contribution only
Westfälische Wilhelms-Universität Münster ,Tuition Fee (international),$0,https://qogentglobal.com/study-in-germany/finance/tuition-fees,secondary,2026-10-04,German public universities charge no tuition to any nationality outside Baden-Wuerttemberg; NRW: semester contribution only
University of Kent,Tuition Fee (local),"$12,920",https://www.gov.uk/government/publications/tuition-fees-and-student-support-2026-to-2027-academic-year/changes-to-tuition-fees-2026-to-2027-academic-year-and-2027-to-2028-academic-year,government,2026-10-04,"England home fee cap 2026/27 GBP 9,790; x1.32"
University of Coimbra,Tuition Fee (local),$790,https://qogentglobal.com/portugal/finance/tuition-fees,secondary,2026-10-04,Portuguese public bachelor fee for national/EU students EUR 697 per year; x1.13
University of Aveiro,Tuition Fee (local),$790,https://qogentglobal.com/portugal/finance/tuition-fees,secondary,2026-10-04,Portuguese public bachelor fee for national/EU students EUR 697 per year; x1.13
University of Illinois at Urbana-Champaign,Tuition Fee (local),"$16,004",https://collegescorecard.ed.gov/school/?145637-University-of-Illinois-Urbana-Champaign,government,2026-10-04,"US Dept of Education College Scorecard (most recent data): in-state tuition and fees $16,004 for University of Illinois Urbana-Champaign"
University of Illinois at Urbana-Champaign,Tuition Fee (international),"$35,124",https://collegescorecard.ed.gov/school/?145637-University-of-Illinois-Urbana-Champaign,government,2026-10-04,"US Dept of Education College Scorecard (most recent data): out-of-state tuition and fees $35,124 for University of Illinois Urbana-Champaign"
University of Texas at Austin,Tuition Fee (international),"$44,908",https://collegescorecard.ed.gov/school/?228778-The-University-of-Texas-at-Austin,government,2026-10-04,"US Dept of Education College Scorecard (most recent data): out-of-state tuition and fees $44,908 for The University of Texas at Austin"
Arizona State University (Tempe),Tuition Fee (local),"$12,223",https://collegescorecard.ed.gov/school/?104151-Arizona-State-University-Campus-Immersion,government,2026-10-04,"US Dept of Education College Scorecard (most recent data): in-state tuition and fees $12,223 for Arizona State University Campus Immersion"
University of Illinois Chicago,Tuition Fee (local),"$14,338",https://collegescorecard.ed.gov/school/?145600-University-of-Illinois-Chicago,government,2026-10-04,"US Dept of Education College Scorecard (most recent data): in-state tuition and fees $14,338 for University of Illinois Chicago"
University of Illinois Chicago,Tuition Fee (international),"$29,884",https://collegescorecard.ed.gov/school/?145600-University-of-Illinois-Chicago,government,2026-10-04,"US Dept of Education College Scorecard (most recent data): out-of-state tuition and fees $29,884 for University of Illinois Chicago"
University of Utah,Tuition Fee (local),"$9,620",https://collegescorecard.ed.gov/school/?230764-University-of-Utah,government,2026-10-04,"US Dept of Education College Scorecard (most recent data): in-state tuition and fees $9,620 for University of Utah"
University of Utah,Tuition Fee (international),"$30,860",https://collegescorecard.ed.gov/school/?230764-University-of-Utah,government,2026-10-04,"US Dept of Education College Scorecard (most recent data): out-of-state tuition and fees $30,860 for University of Utah"
Brandeis University,Tuition Fee (local),"$68,080",https://collegescorecard.ed.gov/school/?165015-Brandeis-University,government,2026-10-04,"US Dept of Education College Scorecard (most recent data): tuition and fees tuition and fees $68,080 for Brandeis University"
Brandeis University,Tuition Fee (international),"$68,080",https://collegescorecard.ed.gov/school/?165015-Brandeis-University,government,2026-10-04,"US Dept of Education College Scorecard (most recent data): tuition and fees tuition and fees $68,080 for Brandeis University"
University of South Florida,Tuition Fee (international),"$17,324",https://collegescorecard.ed.gov/school/?137351-University-of-South-Florida,government,2026-10-04,"US Dept of Education College Scorecard (most recent data): out-of-state tuition and fees $17,324 for University of South Florida"
University of Pittsburgh,Tuition Fee (local),"$21,926",https://collegescorecard.ed.gov/school/?215293-University-of-Pittsburgh-Pittsburgh-Campus,government,2026-10-04,"US Dept of Education College Scorecard (most recent data): in-state tuition and fees $21,926 for University of Pittsburgh-Pittsburgh Campus"
University of Pittsburgh,Tuition Fee (international),"$41,430",https://collegescorecard.ed.gov/school/?215293-University-of-Pittsburgh-Pittsburgh-Campus,government,2026-10-04,"US Dept of Education College Scorecard (most recent data): out-of-state tuition and fees $41,430 for University of Pittsburgh-Pittsburgh Campus"
"The University of Tennessee, Knoxville",Tuition Fee (international),"$33,256",https://collegescorecard.ed.gov/school/?221759-The-University-of-Tennessee-Knoxville,government,2026-10-04,"US Dept of Education College Scorecard (most recent data): out-of-state tuition and fees $33,256 for The University of Tennessee-Knoxville"
Washington State University,Tuition Fee (local),"$13,391",https://collegescorecard.ed.gov/school/?236939-Washington-State-University,government,2026-10-04,"US Dept of Education College Scorecard (most recent data): in-state tuition and fees $13,391 for Washington State University"
Washington State University,Tuition Fee (international),"$29,950",https://collegescorecard.ed.gov/school/?236939-Washington-State-University,government,2026-10-04,"US Dept of Education College Scorecard (most recent data): out-of-state tuition and fees $29,950 for Washington State University"
Iowa State University,Tuition Fee (international),"$28,881",https://collegescorecard.ed.gov/school/?153603-Iowa-State-University,government,2026-10-04,"US Dept of Education College Scorecard (most recent data): out-of-state tuition and fees $28,881 for Iowa State University"
University of Kansas,Tuition Fee (local),"$12,102",https://collegescorecard.ed.gov/school/?155317-University-of-Kansas,government,2026-10-04,"US Dept of Education College Scorecard (most recent data): in-state tuition and fees $12,102 for University of Kansas"
University of Kansas,Tuition Fee (international),"$30,432",https://collegescorecard.ed.gov/school/?155317-University-of-Kansas,government,2026-10-04,"US Dept of Education College Scorecard (most recent data): out-of-state tuition and fees $30,432 for University of Kansas"
Florida International University,Tuition Fee (local),"$6,565",https://collegescorecard.ed.gov/school/?133951-Florida-International-University,government,2026-10-04,"US Dept of Education College Scorecard (most recent data): in-state tuition and fees $6,565 for Florida International University"
Florida International University,Tuition Fee (international),"$18,964",https://collegescorecard.ed.gov/school/?133951-Florida-International-University,government,2026-10-04,"US Dept of Education College Scorecard (most recent data): out-of-state tuition and fees $18,964 for Florida International University"
George Mason University,Tuition Fee (local),"$14,220",https://collegescorecard.ed.gov/school/?232186-George-Mason-University,government,2026-10-04,"US Dept of Education College Scorecard (most recent data): in-state tuition and fees $14,220 for George Mason University"
George Mason University,Tuition Fee (international),"$38,688",https://collegescorecard.ed.gov/school/?232186-George-Mason-University,government,2026-10-04,"US Dept of Education College Scorecard (most recent data): out-of-state tuition and fees $38,688 for George Mason University"
Georgia State University,Tuition Fee (local),"$8,664",https://collegescorecard.ed.gov/school/?139940-Georgia-State-University,government,2026-10-04,"US Dept of Education College Scorecard (most recent data): in-state tuition and fees $8,664 for Georgia State University"
Georgia State University,Tuition Fee (international),"$24,840",https://collegescorecard.ed.gov/school/?139940-Georgia-State-University,government,2026-10-04,"US Dept of Education College Scorecard (most recent data): out-of-state tuition and fees $24,840 for Georgia State University"
Missouri University of Science and Technology,Tuition Fee (local),"$14,984",https://collegescorecard.ed.gov/school/?178411-Missouri-University-of-Science-and-Technology,government,2026-10-04,"US Dept of Education College Scorecard (most recent data): in-state tuition and fees $14,984 for Missouri University of Science and Technology"
Missouri University of Science and Technology,Tuition Fee (international),"$33,248",https://collegescorecard.ed.gov/school/?178411-Missouri-University-of-Science-and-Technology,government,2026-10-04,"US Dept of Education College Scorecard (most recent data): out-of-state tuition and fees $33,248 for Missouri University of Science and Technology"
New Jersey Institute of Technology,Tuition Fee (local),"$19,974",https://collegescorecard.ed.gov/school/?185828-New-Jersey-Institute-of-Technology,government,2026-10-04,"US Dept of Education College Scorecard (most recent data): in-state tuition and fees $19,974 for New Jersey Institute of Technology"
New Jersey Institute of Technology,Tuition Fee (international),"$37,664",https://collegescorecard.ed.gov/school/?185828-New-Jersey-Institute-of-Technology,government,2026-10-04,"US Dept of Education College Scorecard (most recent data): out-of-state tuition and fees $37,664 for New Jersey Institute of Technology"
Rensselaer Polytechnic Institute,Tuition Fee (local),"$64,081",https://collegescorecard.ed.gov/school/?194824-Rensselaer-Polytechnic-Institute,government,2026-10-04,"US Dept of Education College Scorecard (most recent data): tuition and fees tuition and fees $64,081 for Rensselaer Polytechnic Institute"
Rensselaer Polytechnic Institute,Tuition Fee (international),"$64,081",https://collegescorecard.ed.gov/school/?194824-Rensselaer-Polytechnic-Institute,government,2026-10-04,"US Dept of Education College Scorecard (most recent data): tuition and fees tuition and fees $64,081 for Rensselaer Polytechnic Institute"
Saint Louis University,Tuition Fee (local),"$55,760",https://collegescorecard.ed.gov/school/?179159-Saint-Louis-University,government,2026-10-04,"US Dept of Education College Scorecard (most recent data): tuition and fees tuition and fees $55,760 for Saint Louis University"
Saint Louis University,Tuition Fee (international),"$55,760",https://collegescorecard.ed.gov/school/?179159-Saint-Louis-University,government,2026-10-04,"US Dept of Education College Scorecard (most recent data): tuition and fees tuition and fees $55,760 for Saint Louis University"
Stevens Institute of Technology,Tuition Fee (local),"$63,462",https://collegescorecard.ed.gov/school/?186867-Stevens-Institute-of-Technology,government,2026-10-04,"US Dept of Education College Scorecard (most recent data): tuition and fees tuition and fees $63,462 for Stevens Institute of Technology"
Stevens Institute of Technology,Tuition Fee (international),"$63,462",https://collegescorecard.ed.gov/school/?186867-Stevens-Institute-of-Technology,government,2026-10-04,"US Dept of Education College Scorecard (most recent data): tuition and fees tuition and fees $63,462 for Stevens Institute of Technology"
Syracuse University,Tuition Fee (local),"$65,528",https://collegescorecard.ed.gov/school/?196413-Syracuse-University,government,2026-10-04,"US Dept of Education College Scorecard (most recent data): tuition and fees tuition and fees $65,528 for Syracuse University"
Syracuse University,Tuition Fee (international),"$65,528",https://collegescorecard.ed.gov/school/?196413-Syracuse-University,government,2026-10-04,"US Dept of Education College Scorecard (most recent data): tuition and fees tuition and fees $65,528 for Syracuse University"
Tulane University,Tuition Fee (local),"$68,678",https://collegescorecard.ed.gov/school/?160755-Tulane-University-of-Louisiana,government,2026-10-04,"US Dept of Education College Scorecard (most recent data): tuition and fees tuition and fees $68,678 for Tulane University of Louisiana"
Tulane University,Tuition Fee (international),"$68,678",https://collegescorecard.ed.gov/school/?160755-Tulane-University-of-Louisiana,government,2026-10-04,"US Dept of Education College Scorecard (most recent data): tuition and fees tuition and fees $68,678 for Tulane University of Louisiana"
University of Central Florida,Tuition Fee (local),"$6,368",https://collegescorecard.ed.gov/school/?132903-University-of-Central-Florida,government,2026-10-04,"US Dept of Education College Scorecard (most recent data): in-state tuition and fees $6,368 for University of Central Florida"
University of Central Florida,Tuition Fee (international),"$22,467",https://collegescorecard.ed.gov/school/?132903-University-of-Central-Florida,government,2026-10-04,"US Dept of Education College Scorecard (most recent data): out-of-state tuition and fees $22,467 for University of Central Florida"
University of Delaware,Tuition Fee (local),"$16,810",https://collegescorecard.ed.gov/school/?130943-University-of-Delaware,government,2026-10-04,"US Dept of Education College Scorecard (most recent data): in-state tuition and fees $16,810 for University of Delaware"
University of Delaware,Tuition Fee (international),"$41,400",https://collegescorecard.ed.gov/school/?130943-University-of-Delaware,government,2026-10-04,"US Dept of Education College Scorecard (most recent data): out-of-state tuition and fees $41,400 for University of Delaware"
University of Kentucky,Tuition Fee (local),"$13,502",https://collegescorecard.ed.gov/school/?157085-University-of-Kentucky,government,2026-10-04,"US Dept of Education College Scorecard (most recent data): in-state tuition and fees $13,502 for University of Kentucky"
University of Kentucky,Tuition Fee (international),"$34,140",https://collegescorecard.ed.gov/school/?157085-University-of-Kentucky,government,2026-10-04,"US Dept of Education College Scorecard (most recent data): out-of-state tuition and fees $34,140 for University of Kentucky"
University of Nebraska - Lincoln,Tuition Fee (local),"$10,434",https://collegescorecard.ed.gov/school/?181464-University-of-Nebraska-Lincoln,government,2026-10-04,"US Dept of Education College Scorecard (most recent data): in-state tuition and fees $10,434 for University of Nebraska-Lincoln"
University of Nebraska - Lincoln,Tuition Fee (international),"$28,584",https://collegescorecard.ed.gov/school/?181464-University-of-Nebraska-Lincoln,government,2026-10-04,"US Dept of Education College Scorecard (most recent data): out-of-state tuition and fees $28,584 for University of Nebraska-Lincoln"
University of Oregon,Tuition Fee (local),"$16,137",https://collegescorecard.ed.gov/school/?209551-University-of-Oregon,government,2026-10-04,"US Dept of Education College Scorecard (most recent data): in-state tuition and fees $16,137 for University of Oregon"
University of Oregon,Tuition Fee (international),"$44,598",https://collegescorecard.ed.gov/school/?209551-University-of-Oregon,government,2026-10-04,"US Dept of Education College Scorecard (most recent data): out-of-state tuition and fees $44,598 for University of Oregon"
University of South Carolina-Columbia,Tuition Fee (local),"$12,688",https://collegescorecard.ed.gov/school/?218663-University-of-South-Carolina-Columbia,government,2026-10-04,"US Dept of Education College Scorecard (most recent data): in-state tuition and fees $12,688 for University of South Carolina-Columbia"
University of South Carolina-Columbia,Tuition Fee (international),"$35,972",https://collegescorecard.ed.gov/school/?218663-University-of-South-Carolina-Columbia,government,2026-10-04,"US Dept of Education College Scorecard (most recent data): out-of-state tuition and fees $35,972 for University of South Carolina-Columbia"
Virginia Commonwealth University,Tuition Fee (local),"$16,945",https://collegescorecard.ed.gov/school/?234030-Virginia-Commonwealth-University,government,2026-10-04,"US Dept of Education College Scorecard (most recent data): in-state tuition and fees $16,945 for Virginia Commonwealth University"
Virginia Commonwealth University,Tuition Fee (international),"$40,109",https://collegescorecard.ed.gov/school/?234030-Virginia-Commonwealth-University,government,2026-10-04,"US Dept of Education College Scorecard (most recent data): out-of-state tuition and fees $40,109 for Virginia Commonwealth University"
Wake Forest University,Tuition Fee (local),"$67,642",https://collegescorecard.ed.gov/school/?199847-Wake-Forest-University,government,2026-10-04,"US Dept of Education College Scorecard (most recent data): tuition and fees tuition and fees $67,642 for Wake Forest University"
Wake Forest University,Tuition Fee (international),"$67,642",https://collegescorecard.ed.gov/school/?199847-Wake-Forest-University,government,2026-10-04,"US Dept of Education College Scorecard (most recent data): tuition and fees tuition and fees $67,642 for Wake Forest University"
Yeshiva University,Tuition Fee (local),"$51,800",https://collegescorecard.ed.gov/school/?197708-Yeshiva-University,government,2026-10-04,"US Dept of Education College Scorecard (most recent data): tuition and fees tuition and fees $51,800 for Yeshiva University"
Yeshiva University,Tuition Fee (international),"$51,800",https://collegescorecard.ed.gov/school/?197708-Yeshiva-University,government,2026-10-04,"US Dept of Education College Scorecard (most recent data): tuition and fees tuition and fees $51,800 for Yeshiva University"
Colorado State University,Tuition Fee (local),"$13,373",https://collegescorecard.ed.gov/school/?126818-Colorado-State-University-Fort-Collins,government,2026-10-04,"US Dept of Education College Scorecard (most recent data): in-state tuition and fees $13,373 for Colorado State University-Fort Collins"
Colorado State University,Tuition Fee (international),"$34,783",https://collegescorecard.ed.gov/school/?126818-Colorado-State-University-Fort-Collins,government,2026-10-04,"US Dept of Education College Scorecard (most recent data): out-of-state tuition and fees $34,783 for Colorado State University-Fort Collins"
"Stony Brook University, State University of New York",Tuition Fee (local),"$10,931",https://collegescorecard.ed.gov/school/?196097-Stony-Brook-University,government,2026-10-04,"US Dept of Education College Scorecard (most recent data): in-state tuition and fees $10,931 for Stony Brook University"
"Stony Brook University, State University of New York",Tuition Fee (international),"$32,741",https://collegescorecard.ed.gov/school/?196097-Stony-Brook-University,government,2026-10-04,"US Dept of Education College Scorecard (most recent data): out-of-state tuition and fees $32,741 for Stony Brook University"
Auburn University,Tuition Fee (local),"$12,890",https://collegescorecard.ed.gov/school/?100858-Auburn-University,government,2026-10-04,"US Dept of Education College Scorecard (most recent data): in-state tuition and fees $12,890 for Auburn University"
Auburn University,Tuition Fee (international),"$34,922",https://collegescorecard.ed.gov/school/?100858-Auburn-University,government,2026-10-04,"US Dept of Education College Scorecard (most recent data): out-of-state tuition and fees $34,922 for Auburn University"
Colorado School of Mines,Tuition Fee (local),"$21,914",https://collegescorecard.ed.gov/school/?126775-Colorado-School-of-Mines,government,2026-10-04,"US Dept of Education College Scorecard (most recent data): in-state tuition and fees $21,914 for Colorado School of Mines"
Colorado School of Mines,Tuition Fee (international),"$45,824",https://collegescorecard.ed.gov/school/?126775-Colorado-School-of-Mines,government,2026-10-04,"US Dept of Education College Scorecard (most recent data): out-of-state tuition and fees $45,824 for Colorado School of Mines"
The University of Texas at San Antonio,Tuition Fee (local),"$9,011",https://collegescorecard.ed.gov/school/?229027-The-University-of-Texas-at-San-Antonio,government,2026-10-04,"US Dept of Education College Scorecard (most recent data): in-state tuition and fees $9,011 for The University of Texas at San Antonio"
The University of Texas at San Antonio,Tuition Fee (international),"$22,051",https://collegescorecard.ed.gov/school/?229027-The-University-of-Texas-at-San-Antonio,government,2026-10-04,"US Dept of Education College Scorecard (most recent data): out-of-state tuition and fees $22,051 for The University of Texas at San Antonio"
The University of Tulsa,Tuition Fee (local),"$50,061",https://collegescorecard.ed.gov/school/?207971-University-of-Tulsa,government,2026-10-04,"US Dept of Education College Scorecard (most recent data): tuition and fees tuition and fees $50,061 for University of Tulsa"
The University of Tulsa,Tuition Fee (international),"$50,061",https://collegescorecard.ed.gov/school/?207971-University-of-Tulsa,government,2026-10-04,"US Dept of Education College Scorecard (most recent data): tuition and fees tuition and fees $50,061 for University of Tulsa"
University of Alaska Fairbanks,Tuition Fee (local),"$8,736",https://collegescorecard.ed.gov/school/?102614-University-of-Alaska-Fairbanks,government,2026-10-04,"US Dept of Education College Scorecard (most recent data): in-state tuition and fees $8,736 for University of Alaska Fairbanks"
University of Alaska Fairbanks,Tuition Fee (international),"$22,320",https://collegescorecard.ed.gov/school/?102614-University-of-Alaska-Fairbanks,government,2026-10-04,"US Dept of Education College Scorecard (most recent data): out-of-state tuition and fees $22,320 for University of Alaska Fairbanks"
University of Denver,Tuition Fee (local),"$61,398",https://collegescorecard.ed.gov/school/?127060-University-of-Denver,government,2026-10-04,"US Dept of Education College Scorecard (most recent data): tuition and fees tuition and fees $61,398 for University of Denver"
University of Denver,Tuition Fee (international),"$61,398",https://collegescorecard.ed.gov/school/?127060-University-of-Denver,government,2026-10-04,"US Dept of Education College Scorecard (most recent data): tuition and fees tuition and fees $61,398 for University of Denver"
University of Houston,Tuition Fee (local),"$9,717",https://collegescorecard.ed.gov/school/?225511-University-of-Houston,government,2026-10-04,"US Dept of Education College Scorecard (most recent data): in-state tuition and fees $9,717 for University of Houston"
University of Houston,Tuition Fee (international),"$22,547",https://collegescorecard.ed.gov/school/?225511-University-of-Houston,government,2026-10-04,"US Dept of Education College Scorecard (most recent data): out-of-state tuition and fees $22,547 for University of Houston"
Wayne State University,Tuition Fee (local),"$15,190",https://collegescorecard.ed.gov/school/?172644-Wayne-State-University,government,2026-10-04,"US Dept of Education College Scorecard (most recent data): in-state tuition and fees $15,190 for Wayne State University"
Wayne State University,Tuition Fee (international),"$32,037",https://collegescorecard.ed.gov/school/?172644-Wayne-State-University,government,2026-10-04,"US Dept of Education College Scorecard (most recent data): out-of-state tuition and fees $32,037 for Wayne State University"
American University,Tuition Fee (local),"$58,771",https://collegescorecard.ed.gov/school/?131159-American-University,government,2026-10-04,"US Dept of Education College Scorecard (most recent data): tuition and fees tuition and fees $58,771 for American University"
American University,Tuition Fee (international),"$58,771",https://collegescorecard.ed.gov/school/?131159-American-University,government,2026-10-04,"US Dept of Education College Scorecard (most recent data): tuition and fees tuition and fees $58,771 for American University"
Baylor University,Tuition Fee (local),"$58,100",https://collegescorecard.ed.gov/school/?223232-Baylor-University,government,2026-10-04,"US Dept of Education College Scorecard (most recent data): tuition and fees tuition and fees $58,100 for Baylor University"
Baylor University,Tuition Fee (international),"$58,100",https://collegescorecard.ed.gov/school/?223232-Baylor-University,government,2026-10-04,"US Dept of Education College Scorecard (most recent data): tuition and fees tuition and fees $58,100 for Baylor University"
Clark University,Tuition Fee (local),"$58,867",https://collegescorecard.ed.gov/school/?165334-Clark-University,government,2026-10-04,"US Dept of Education College Scorecard (most recent data): tuition and fees tuition and fees $58,867 for Clark University"
Clark University,Tuition Fee (international),"$58,867",https://collegescorecard.ed.gov/school/?165334-Clark-University,government,2026-10-04,"US Dept of Education College Scorecard (most recent data): tuition and fees tuition and fees $58,867 for Clark University"
Kansas State University,Tuition Fee (local),"$11,221",https://collegescorecard.ed.gov/school/?155399-Kansas-State-University,government,2026-10-04,"US Dept of Education College Scorecard (most recent data): in-state tuition and fees $11,221 for Kansas State University"
Kansas State University,Tuition Fee (international),"$28,568",https://collegescorecard.ed.gov/school/?155399-Kansas-State-University,government,2026-10-04,"US Dept of Education College Scorecard (most recent data): out-of-state tuition and fees $28,568 for Kansas State University"
Lehigh University,Tuition Fee (local),"$64,980",https://collegescorecard.ed.gov/school/?213543-Lehigh-University,government,2026-10-04,"US Dept of Education College Scorecard (most recent data): tuition and fees tuition and fees $64,980 for Lehigh University"
Lehigh University,Tuition Fee (international),"$64,980",https://collegescorecard.ed.gov/school/?213543-Lehigh-University,government,2026-10-04,"US Dept of Education College Scorecard (most recent data): tuition and fees tuition and fees $64,980 for Lehigh University"
Louisiana State University,Tuition Fee (local),"$11,954",https://collegescorecard.ed.gov/school/?159391-Louisiana-State-University-and-Agricultural---Mechanical-College,government,2026-10-04,"US Dept of Education College Scorecard (most recent data): in-state tuition and fees $11,954 for Louisiana State University and Agricultural & Mechanical College"
Louisiana State University,Tuition Fee (international),"$28,631",https://collegescorecard.ed.gov/school/?159391-Louisiana-State-University-and-Agricultural---Mechanical-College,government,2026-10-04,"US Dept of Education College Scorecard (most recent data): out-of-state tuition and fees $28,631 for Louisiana State University and Agricultural & Mechanical College"
Mississippi State University,Tuition Fee (local),"$10,202",https://collegescorecard.ed.gov/school/?176080-Mississippi-State-University,government,2026-10-04,"US Dept of Education College Scorecard (most recent data): in-state tuition and fees $10,202 for Mississippi State University"
Mississippi State University,Tuition Fee (international),"$27,637",https://collegescorecard.ed.gov/school/?176080-Mississippi-State-University,government,2026-10-04,"US Dept of Education College Scorecard (most recent data): out-of-state tuition and fees $27,637 for Mississippi State University"
Oklahoma State University,Tuition Fee (local),"$10,234",https://collegescorecard.ed.gov/school/?207388-Oklahoma-State-University-Main-Campus,government,2026-10-04,"US Dept of Education College Scorecard (most recent data): in-state tuition and fees $10,234 for Oklahoma State University-Main Campus"
Oklahoma State University,Tuition Fee (international),"$25,754",https://collegescorecard.ed.gov/school/?207388-Oklahoma-State-University-Main-Campus,government,2026-10-04,"US Dept of Education College Scorecard (most recent data): out-of-state tuition and fees $25,754 for Oklahoma State University-Main Campus"
SUNY Binghamton University,Tuition Fee (local),"$10,567",https://collegescorecard.ed.gov/school/?196079-Binghamton-University,government,2026-10-04,"US Dept of Education College Scorecard (most recent data): in-state tuition and fees $10,567 for Binghamton University"
SUNY Binghamton University,Tuition Fee (international),"$30,447",https://collegescorecard.ed.gov/school/?196079-Binghamton-University,government,2026-10-04,"US Dept of Education College Scorecard (most recent data): out-of-state tuition and fees $30,447 for Binghamton University"
Texas Tech University,Tuition Fee (local),"$11,852",https://collegescorecard.ed.gov/school/?229115-Texas-Tech-University,government,2026-10-04,"US Dept of Education College Scorecard (most recent data): in-state tuition and fees $11,852 for Texas Tech University"
Texas Tech University,Tuition Fee (international),"$24,451",https://collegescorecard.ed.gov/school/?229115-Texas-Tech-University,government,2026-10-04,"US Dept of Education College Scorecard (most recent data): out-of-state tuition and fees $24,451 for Texas Tech University"
The University of Alabama,Tuition Fee (local),"$12,180",https://collegescorecard.ed.gov/school/?100751-The-University-of-Alabama,government,2026-10-04,"US Dept of Education College Scorecard (most recent data): in-state tuition and fees $12,180 for The University of Alabama"
The University of Alabama,Tuition Fee (international),"$34,172",https://collegescorecard.ed.gov/school/?100751-The-University-of-Alabama,government,2026-10-04,"US Dept of Education College Scorecard (most recent data): out-of-state tuition and fees $34,172 for The University of Alabama"
"University of Maryland, Baltimore County",Tuition Fee (local),"$13,256",https://collegescorecard.ed.gov/school/?163268-University-of-Maryland-Baltimore-County,government,2026-10-04,"US Dept of Education College Scorecard (most recent data): in-state tuition and fees $13,256 for University of Maryland-Baltimore County"
"University of Maryland, Baltimore County",Tuition Fee (international),"$31,275",https://collegescorecard.ed.gov/school/?163268-University-of-Maryland-Baltimore-County,government,2026-10-04,"US Dept of Education College Scorecard (most recent data): out-of-state tuition and fees $31,275 for University of Maryland-Baltimore County"
University of North Carolina at Charlotte,Tuition Fee (local),"$7,239",https://collegescorecard.ed.gov/school/?199139-University-of-North-Carolina-at-Charlotte,government,2026-10-04,"US Dept of Education College Scorecard (most recent data): in-state tuition and fees $7,239 for University of North Carolina at Charlotte"
University of North Carolina at Charlotte,Tuition Fee (international),"$22,492",https://collegescorecard.ed.gov/school/?199139-University-of-North-Carolina-at-Charlotte,government,2026-10-04,"US Dept of Education College Scorecard (most recent data): out-of-state tuition and fees $22,492 for University of North Carolina at Charlotte"
University of Rhode Island,Tuition Fee (local),"$16,942",https://collegescorecard.ed.gov/school/?217484-University-of-Rhode-Island,government,2026-10-04,"US Dept of Education College Scorecard (most recent data): in-state tuition and fees $16,942 for University of Rhode Island"
University of Rhode Island,Tuition Fee (international),"$37,146",https://collegescorecard.ed.gov/school/?217484-University-of-Rhode-Island,government,2026-10-04,"US Dept of Education College Scorecard (most recent data): out-of-state tuition and fees $37,146 for University of Rhode Island"
University of Texas at Arlington,Tuition Fee (local),"$11,950",https://collegescorecard.ed.gov/school/?228769-The-University-of-Texas-at-Arlington,government,2026-10-04,"US Dept of Education College Scorecard (most recent data): in-state tuition and fees $11,950 for The University of Texas at Arlington"
University of Texas at Arlington,Tuition Fee (international),"$29,582",https://collegescorecard.ed.gov/school/?228769-The-University-of-Texas-at-Arlington,government,2026-10-04,"US Dept of Education College Scorecard (most recent data): out-of-state tuition and fees $29,582 for The University of Texas at Arlington"
University of Toledo,Tuition Fee (local),"$12,744",https://collegescorecard.ed.gov/school/?206084-University-of-Toledo,government,2026-10-04,"US Dept of Education College Scorecard (most recent data): in-state tuition and fees $12,744 for University of Toledo"
University of Toledo,Tuition Fee (international),"$22,104",https://collegescorecard.ed.gov/school/?206084-University-of-Toledo,government,2026-10-04,"US Dept of Education College Scorecard (most recent data): out-of-state tuition and fees $22,104 for University of Toledo"
University of Wyoming,Tuition Fee (local),"$7,768",https://collegescorecard.ed.gov/school/?240727-University-of-Wyoming,government,2026-10-04,"US Dept of Education College Scorecard (most recent data): in-state tuition and fees $7,768 for University of Wyoming"
University of Wyoming,Tuition Fee (international),"$24,178",https://collegescorecard.ed.gov/school/?240727-University-of-Wyoming,government,2026-10-04,"US Dept of Education College Scorecard (most recent data): out-of-state tuition and fees $24,178 for University of Wyoming"
Worcester Polytechnic Institute,Tuition Fee (local),"$60,965",https://collegescorecard.ed.gov/school/?168421-Worcester-Polytechnic-Institute,government,2026-10-04,"US Dept of Education College Scorecard (most recent data): tuition and fees tuition and fees $60,965 for Worcester Polytechnic Institute"
Worcester Polytechnic Institute,Tuition Fee (international),"$60,965",https://collegescorecard.ed.gov/school/?168421-Worcester-Polytechnic-Institute,government,2026-10-04,"US Dept of Education College Scorecard (most recent data): tuition and fees tuition and fees $60,965 for Worcester Polytechnic Institute"
"University of Missouri, Columbia",Tuition Fee (local),"$14,837",https://collegescorecard.ed.gov/school/?178396-University-of-Missouri-Columbia,government,2026-10-04,"US Dept of Education College Scorecard (most recent data): in-state tuition and fees $14,837 for University of Missouri-Columbia"
"University of Missouri, Columbia",Tuition Fee (international),"$36,056",https://collegescorecard.ed.gov/school/?178396-University-of-Missouri-Columbia,government,2026-10-04,"US Dept of Education College Scorecard (most recent data): out-of-state tuition and fees $36,056 for University of Missouri-Columbia"
University of Oklahoma,Tuition Fee (local),"$9,797",https://collegescorecard.ed.gov/school/?207500-University-of-Oklahoma-Norman-Campus,government,2026-10-04,"US Dept of Education College Scorecard (most recent data): in-state tuition and fees $9,797 for University of Oklahoma-Norman Campus"
University of Oklahoma,Tuition Fee (international),"$27,377",https://collegescorecard.ed.gov/school/?207500-University-of-Oklahoma-Norman-Campus,government,2026-10-04,"US Dept of Education College Scorecard (most recent data): out-of-state tuition and fees $27,377 for University of Oklahoma-Norman Campus"
University of Cincinnati,Tuition Fee (local),"$13,976",https://collegescorecard.ed.gov/school/?201885-University-of-Cincinnati-Main-Campus,government,2026-10-04,"US Dept of Education College Scorecard (most recent data): in-state tuition and fees $13,976 for University of Cincinnati-Main Campus"
University of Cincinnati,Tuition Fee (international),"$29,310",https://collegescorecard.ed.gov/school/?201885-University-of-Cincinnati-Main-Campus,government,2026-10-04,"US Dept of Education College Scorecard (most recent data): out-of-state tuition and fees $29,310 for University of Cincinnati-Main Campus"
"University of Colorado, Denver",Tuition Fee (local),"$10,383",https://collegescorecard.ed.gov/school/?126562-University-of-Colorado-Denver/Anschutz-Medical-Campus,government,2026-10-04,"US Dept of Education College Scorecard (most recent data): in-state tuition and fees $10,383 for University of Colorado Denver/Anschutz Medical Campus"
"University of Colorado, Denver",Tuition Fee (international),"$29,391",https://collegescorecard.ed.gov/school/?126562-University-of-Colorado-Denver/Anschutz-Medical-Campus,government,2026-10-04,"US Dept of Education College Scorecard (most recent data): out-of-state tuition and fees $29,391 for University of Colorado Denver/Anschutz Medical Campus"
The New School,Tuition Fee (local),"$58,694",https://collegescorecard.ed.gov/school/?193654-The-New-School,government,2026-10-04,"US Dept of Education College Scorecard (most recent data): tuition and fees tuition and fees $58,694 for The New School"
The New School,Tuition Fee (international),"$58,694",https://collegescorecard.ed.gov/school/?193654-The-New-School,government,2026-10-04,"US Dept of Education College Scorecard (most recent data): tuition and fees tuition and fees $58,694 for The New School"
University of New Mexico,Tuition Fee (local),"$10,140",https://collegescorecard.ed.gov/school/?187985-University-of-New-Mexico-Main-Campus,government,2026-10-04,"US Dept of Education College Scorecard (most recent data): in-state tuition and fees $10,140 for University of New Mexico-Main Campus"
University of New Mexico,Tuition Fee (international),"$33,060",https://collegescorecard.ed.gov/school/?187985-University-of-New-Mexico-Main-Campus,government,2026-10-04,"US Dept of Education College Scorecard (most recent data): out-of-state tuition and fees $33,060 for University of New Mexico-Main Campus"
Clarkson University,Tuition Fee (local),"$59,398",https://collegescorecard.ed.gov/school/?190044-Clarkson-University,government,2026-10-04,"US Dept of Education College Scorecard (most recent data): tuition and fees tuition and fees $59,398 for Clarkson University"
Clarkson University,Tuition Fee (international),"$59,398",https://collegescorecard.ed.gov/school/?190044-Clarkson-University,government,2026-10-04,"US Dept of Education College Scorecard (most recent data): tuition and fees tuition and fees $59,398 for Clarkson University"
Howard University,Tuition Fee (local),"$35,810",https://collegescorecard.ed.gov/school/?131520-Howard-University,government,2026-10-04,"US Dept of Education College Scorecard (most recent data): tuition and fees tuition and fees $35,810 for Howard University"
Howard University,Tuition Fee (international),"$35,810",https://collegescorecard.ed.gov/school/?131520-Howard-University,government,2026-10-04,"US Dept of Education College Scorecard (most recent data): tuition and fees tuition and fees $35,810 for Howard University"
Marquette University,Tuition Fee (local),"$51,170",https://collegescorecard.ed.gov/school/?239105-Marquette-University,government,2026-10-04,"US Dept of Education College Scorecard (most recent data): tuition and fees tuition and fees $51,170 for Marquette University"
Marquette University,Tuition Fee (international),"$51,170",https://collegescorecard.ed.gov/school/?239105-Marquette-University,government,2026-10-04,"US Dept of Education College Scorecard (most recent data): tuition and fees tuition and fees $51,170 for Marquette University"
Montana State University,Tuition Fee (local),"$8,460",https://collegescorecard.ed.gov/school/?180461-Montana-State-University,government,2026-10-04,"US Dept of Education College Scorecard (most recent data): in-state tuition and fees $8,460 for Montana State University"
Montana State University,Tuition Fee (international),"$33,287",https://collegescorecard.ed.gov/school/?180461-Montana-State-University,government,2026-10-04,"US Dept of Education College Scorecard (most recent data): out-of-state tuition and fees $33,287 for Montana State University"
Nova Southeastern University,Tuition Fee (local),"$38,700",https://collegescorecard.ed.gov/school/?136215-Nova-Southeastern-University,government,2026-10-04,"US Dept of Education College Scorecard (most recent data): tuition and fees tuition and fees $38,700 for Nova Southeastern University"
Nova Southeastern University,Tuition Fee (international),"$38,700",https://collegescorecard.ed.gov/school/?136215-Nova-Southeastern-University,government,2026-10-04,"US Dept of Education College Scorecard (most recent data): tuition and fees tuition and fees $38,700 for Nova Southeastern University"
Portland State University,Tuition Fee (local),"$11,679",https://collegescorecard.ed.gov/school/?209807-Portland-State-University,government,2026-10-04,"US Dept of Education College Scorecard (most recent data): in-state tuition and fees $11,679 for Portland State University"
Portland State University,Tuition Fee (international),"$31,074",https://collegescorecard.ed.gov/school/?209807-Portland-State-University,government,2026-10-04,"US Dept of Education College Scorecard (most recent data): out-of-state tuition and fees $31,074 for Portland State University"
Rochester Institute of Technology,Tuition Fee (local),"$59,274",https://collegescorecard.ed.gov/school/?195003-Rochester-Institute-of-Technology,government,2026-10-04,"US Dept of Education College Scorecard (most recent data): tuition and fees tuition and fees $59,274 for Rochester Institute of Technology"
Rochester Institute of Technology,Tuition Fee (international),"$59,274",https://collegescorecard.ed.gov/school/?195003-Rochester-Institute-of-Technology,government,2026-10-04,"US Dept of Education College Scorecard (most recent data): tuition and fees tuition and fees $59,274 for Rochester Institute of Technology"
Rutgers University–Newark,Tuition Fee (local),"$17,250",https://collegescorecard.ed.gov/school/?186399-Rutgers-University-Newark,government,2026-10-04,"US Dept of Education College Scorecard (most recent data): in-state tuition and fees $17,250 for Rutgers University-Newark"
Rutgers University–Newark,Tuition Fee (international),"$36,762",https://collegescorecard.ed.gov/school/?186399-Rutgers-University-Newark,government,2026-10-04,"US Dept of Education College Scorecard (most recent data): out-of-state tuition and fees $36,762 for Rutgers University-Newark"
San Diego State University,Tuition Fee (local),"$8,728",https://collegescorecard.ed.gov/school/?122409-San-Diego-State-University,government,2026-10-04,"US Dept of Education College Scorecard (most recent data): in-state tuition and fees $8,728 for San Diego State University"
San Diego State University,Tuition Fee (international),"$21,328",https://collegescorecard.ed.gov/school/?122409-San-Diego-State-University,government,2026-10-04,"US Dept of Education College Scorecard (most recent data): out-of-state tuition and fees $21,328 for San Diego State University"
University of Memphis,Tuition Fee (local),"$10,728",https://collegescorecard.ed.gov/school/?220862-University-of-Memphis,government,2026-10-04,"US Dept of Education College Scorecard (most recent data): in-state tuition and fees $10,728 for University of Memphis"
University of Memphis,Tuition Fee (international),"$15,384",https://collegescorecard.ed.gov/school/?220862-University-of-Memphis,government,2026-10-04,"US Dept of Education College Scorecard (most recent data): out-of-state tuition and fees $15,384 for University of Memphis"
University of Texas at El Paso,Tuition Fee (local),"$9,744",https://collegescorecard.ed.gov/school/?228796-The-University-of-Texas-at-El-Paso,government,2026-10-04,"US Dept of Education College Scorecard (most recent data): in-state tuition and fees $9,744 for The University of Texas at El Paso"
University of Texas at El Paso,Tuition Fee (international),"$25,502",https://collegescorecard.ed.gov/school/?228796-The-University-of-Texas-at-El-Paso,government,2026-10-04,"US Dept of Education College Scorecard (most recent data): out-of-state tuition and fees $25,502 for The University of Texas at El Paso"
Swarthmore College,Tuition Fee (local),"$65,494",https://collegescorecard.ed.gov/school/?216287-Swarthmore-College,government,2026-10-04,"US Dept of Education College Scorecard (most recent data): tuition and fees tuition and fees $65,494 for Swarthmore College"
Swarthmore College,Tuition Fee (international),"$65,494",https://collegescorecard.ed.gov/school/?216287-Swarthmore-College,government,2026-10-04,"US Dept of Education College Scorecard (most recent data): tuition and fees tuition and fees $65,494 for Swarthmore College"
University at Albany SUNY,Tuition Fee (local),"$10,866",https://collegescorecard.ed.gov/school/?196060-University-at-Albany,government,2026-10-04,"US Dept of Education College Scorecard (most recent data): in-state tuition and fees $10,866 for University at Albany"
University at Albany SUNY,Tuition Fee (international),"$31,256",https://collegescorecard.ed.gov/school/?196060-University-at-Albany,government,2026-10-04,"US Dept of Education College Scorecard (most recent data): out-of-state tuition and fees $31,256 for University at Albany"
University of Mississippi,Tuition Fee (local),"$9,772",https://collegescorecard.ed.gov/school/?176017-University-of-Mississippi,government,2026-10-04,"US Dept of Education College Scorecard (most recent data): in-state tuition and fees $9,772 for University of Mississippi"
University of Mississippi,Tuition Fee (international),"$28,600",https://collegescorecard.ed.gov/school/?176017-University-of-Mississippi,government,2026-10-04,"US Dept of Education College Scorecard (most recent data): out-of-state tuition and fees $28,600 for University of Mississippi"
Michigan Technological University,Tuition Fee (local),"$19,123",https://collegescorecard.ed.gov/school/?171128-Michigan-Technological-University,government,2026-10-04,"US Dept of Education College Scorecard (most recent data): in-state tuition and fees $19,123 for Michigan Technological University"
Michigan Technological University,Tuition Fee (international),"$42,988",https://collegescorecard.ed.gov/school/?171128-Michigan-Technological-University,government,2026-10-04,"US Dept of Education College Scorecard (most recent data): out-of-state tuition and fees $42,988 for Michigan Technological University"
"University of Alabama, Birmingham",Tuition Fee (local),"$9,098",https://collegescorecard.ed.gov/school/?100663-University-of-Alabama-at-Birmingham,government,2026-10-04,"US Dept of Education College Scorecard (most recent data): in-state tuition and fees $9,098 for University of Alabama at Birmingham"
"University of Alabama, Birmingham",Tuition Fee (international),"$22,562",https://collegescorecard.ed.gov/school/?100663-University-of-Alabama-at-Birmingham,government,2026-10-04,"US Dept of Education College Scorecard (most recent data): out-of-state tuition and fees $22,562 for University of Alabama at Birmingham"
Clemson University,Tuition Fee (local),"$15,554",https://collegescorecard.ed.gov/school/?217882-Clemson-University,government,2026-10-04,"US Dept of Education College Scorecard (most recent data): in-state tuition and fees $15,554 for Clemson University"
Clemson University,Tuition Fee (international),"$40,866",https://collegescorecard.ed.gov/school/?217882-Clemson-University,government,2026-10-04,"US Dept of Education College Scorecard (most recent data): out-of-state tuition and fees $40,866 for Clemson University"
Massachusetts Institute of Technology (MIT),Living Cost,"$22,650",https://collegescorecard.ed.gov/school/?166683-Massachusetts-Institute-of-Technology,government,2026-10-04,"City: Cambridge. College Scorecard (US Dept of Education) on-campus room and board $20,280 + other expenses $2,374 per year"
University of Oxford,Living Cost,"$20,760",https://livingcost.org/cost/united-kingdom/eng/oxford,secondary,2026-10-04,"City: Oxford (location from Wikidata). livingcost.org (updated June 21, 2026): one-person monthly cost without rent $907 + one room in a shared flat = (cheap 3-bedroom apartment $2,231 + family utility bill $239) / 3 = $823; total $1,730/month x12"
Stanford University,Living Cost,"$26,160",https://collegescorecard.ed.gov/school/?243744-Stanford-University,government,2026-10-04,"City: Stanford. College Scorecard (US Dept of Education) on-campus room and board $21,315 + other expenses $4,842 per year"
Harvard University,Living Cost,"$26,640",https://collegescorecard.ed.gov/school/?166027-Harvard-University,government,2026-10-04,"City: Cambridge. College Scorecard (US Dept of Education) on-campus room and board $21,190 + other expenses $5,449 per year"
Princeton University,Living Cost,"$24,150",https://collegescorecard.ed.gov/school/?186131-Princeton-University,government,2026-10-04,"City: Princeton. College Scorecard (US Dept of Education) on-campus room and board $20,250 + other expenses $3,900 per year"
California Institute of Technology,Living Cost,"$23,500",https://collegescorecard.ed.gov/school/?110404-California-Institute-of-Technology,government,2026-10-04,"City: Pasadena. College Scorecard (US Dept of Education) on-campus room and board $20,283 + other expenses $3,213 per year"
ETH Zurich - Swiss Federal Institute of Technology,Living Cost,"$32,920",https://livingcost.org/cost/switzerland/zurich,secondary,2026-10-04,"City: Zurich (location from Wikidata). livingcost.org (updated June 21, 2026): one-person monthly cost without rent $1,444 + one room in a shared flat = (cheap 3-bedroom apartment $3,627 + family utility bill $272) / 3 = $1,300; total $2,744/month x12"
National University of Singapore,Living Cost,"$25,900",https://livingcost.org/cost/singapore/singapore,secondary,2026-10-04,"City: Singapore City (location from Wikidata). livingcost.org (updated June 21, 2026): one-person monthly cost without rent $1,004 + one room in a shared flat = (cheap 3-bedroom apartment $3,306 + family utility bill $157) / 3 = $1,154; total $2,158/month x12"
UCL,Living Cost,"$29,860",https://livingcost.org/cost/united-kingdom/eng/london,secondary,2026-10-04,"City: London (location from Wikidata). livingcost.org (updated June 21, 2026): one-person monthly cost without rent $1,229 + one room in a shared flat = (cheap 3-bedroom apartment $3,517 + family utility bill $260) / 3 = $1,259; total $2,488/month x12"
"University of California, Berkeley",Living Cost,"$30,780",https://collegescorecard.ed.gov/school/?110635-University-of-California-Berkeley,government,2026-10-04,"City: Berkeley. College Scorecard (US Dept of Education) on-campus room and board $23,750 + other expenses $7,031 per year"
Yale University,Living Cost,"$23,700",https://collegescorecard.ed.gov/school/?130794-Yale-University,government,2026-10-04,"City: New Haven. College Scorecard (US Dept of Education) on-campus room and board $19,900 + other expenses $3,800 per year"
University of Pennsylvania,Living Cost,"$22,240",https://collegescorecard.ed.gov/school/?215062-University-of-Pennsylvania,government,2026-10-04,"City: Philadelphia. College Scorecard (US Dept of Education) on-campus room and board $19,174 + other expenses $3,070 per year"
Tsinghua University,Living Cost,"$9,360",https://livingcost.org/cost/china/beijing,secondary,2026-10-04,"City: Beijing (location from Wikidata). livingcost.org (updated June 21, 2026): one-person monthly cost without rent $460 + one room in a shared flat = (cheap 3-bedroom apartment $909 + family utility bill $50) / 3 = $320; total $780/month x12"
The University of Chicago,Living Cost,"$22,510",https://collegescorecard.ed.gov/school/?144050-University-of-Chicago,government,2026-10-04,"City: Chicago. College Scorecard (US Dept of Education) on-campus room and board $20,109 + other expenses $2,400 per year"
University of Melbourne,Living Cost,"$22,660",https://livingcost.org/cost/australia/melbourne,secondary,2026-10-04,"City: Melbourne (location from Wikidata). livingcost.org (updated June 21, 2026): one-person monthly cost without rent $1,129 + one room in a shared flat = (cheap 3-bedroom apartment $2,092 + family utility bill $186) / 3 = $759; total $1,888/month x12"
Peking University,Living Cost,"$9,360",https://livingcost.org/cost/china/beijing,secondary,2026-10-04,"City: Beijing (location from Wikidata). livingcost.org (updated June 21, 2026): one-person monthly cost without rent $460 + one room in a shared flat = (cheap 3-bedroom apartment $909 + family utility bill $50) / 3 = $320; total $780/month x12"
Johns Hopkins University,Living Cost,"$22,390",https://collegescorecard.ed.gov/school/?162928-Johns-Hopkins-University,government,2026-10-04,"City: Baltimore. College Scorecard (US Dept of Education) on-campus room and board $20,150 + other expenses $2,240 per year"
"Nanyang Technological University, Singapore",Living Cost,"$25,900",https://livingcost.org/cost/singapore/singapore,secondary,2026-10-04,"City: Singapore City (location from Wikidata). livingcost.org (updated June 21, 2026): one-person monthly cost without rent $1,004 + one room in a shared flat = (cheap 3-bedroom apartment $3,306 + family utility bill $157) / 3 = $1,154; total $2,158/month x12"
Cornell University,Living Cost,"$21,610",https://collegescorecard.ed.gov/school/?190415-Cornell-University,government,2026-10-04,"City: Ithaca. College Scorecard (US Dept of Education) on-campus room and board $19,428 + other expenses $2,182 per year"
Columbia University,Living Cost,"$19,090",https://collegescorecard.ed.gov/school/?190150-Columbia-University-in-the-City-of-New-York,government,2026-10-04,"City: New York. College Scorecard (US Dept of Education) on-campus room and board $17,580 + other expenses $1,508 per year"
The University of Sydney,Living Cost,"$24,170",https://livingcost.org/cost/australia/sydney,secondary,2026-10-04,"City: Sydney (location from Wikidata). livingcost.org (updated June 21, 2026): one-person monthly cost without rent $1,089 + one room in a shared flat = (cheap 3-bedroom apartment $2,582 + family utility bill $193) / 3 = $925; total $2,014/month x12"
"University of California, Los Angeles",Living Cost,"$25,150",https://collegescorecard.ed.gov/school/?110662-University-of-California-Los-Angeles,government,2026-10-04,"City: Los Angeles. College Scorecard (US Dept of Education) on-campus room and board $18,369 + other expenses $6,777 per year"
University of Toronto,Living Cost,"$20,280",https://livingcost.org/cost/canada/on/toronto,secondary,2026-10-04,"City: Toronto (location from Wikidata). livingcost.org (updated June 21, 2026): one-person monthly cost without rent $985 + one room in a shared flat = (cheap 3-bedroom apartment $1,987 + family utility bill $128) / 3 = $705; total $1,690/month x12"
University of Michigan-Ann Arbor,Living Cost,"$18,040",https://collegescorecard.ed.gov/school/?170976-University-of-Michigan-Ann-Arbor,government,2026-10-04,"City: Ann Arbor. College Scorecard (US Dept of Education) on-campus room and board $15,328 + other expenses $2,710 per year"
Carnegie Mellon University,Living Cost,"$19,570",https://collegescorecard.ed.gov/school/?211440-Carnegie-Mellon-University,government,2026-10-04,"City: Pittsburgh. College Scorecard (US Dept of Education) on-campus room and board $18,166 + other expenses $1,400 per year"
Université PSL,Living Cost,"$21,620",https://livingcost.org/cost/france/idf/paris,secondary,2026-10-04,"City: Paris (location from Wikidata). livingcost.org (updated June 21, 2026): one-person monthly cost without rent $1,028 + one room in a shared flat = (cheap 3-bedroom apartment $2,070 + family utility bill $252) / 3 = $774; total $1,802/month x12"
University of Washington,Living Cost,"$21,430",https://collegescorecard.ed.gov/school/?236948-University-of-Washington-Seattle-Campus,government,2026-10-04,"City: Seattle. College Scorecard (US Dept of Education) on-campus room and board $18,405 + other expenses $3,027 per year"
Duke University,Living Cost,"$21,400",https://collegescorecard.ed.gov/school/?198419-Duke-University,government,2026-10-04,"City: Durham. College Scorecard (US Dept of Education) on-campus room and board $18,128 + other expenses $3,274 per year"
EPFL,Living Cost,"$27,890",https://livingcost.org/cost/switzerland/lausanne,secondary,2026-10-04,"City: Lausanne (location from Wikidata). livingcost.org (updated June 21, 2026): one-person monthly cost without rent $1,322 + one room in a shared flat = (cheap 3-bedroom apartment $2,724 + family utility bill $283) / 3 = $1,002; total $2,324/month x12"
New York University,Living Cost,"$27,820",https://collegescorecard.ed.gov/school/?193900-New-York-University,government,2026-10-04,"City: New York. College Scorecard (US Dept of Education) on-campus room and board $23,530 + other expenses $4,294 per year"
University of Edinburgh,Living Cost,"$20,060",https://livingcost.org/cost/united-kingdom/sct/edinburgh,secondary,2026-10-04,"City: Edinburgh (location from Wikidata). livingcost.org (updated June 21, 2026): one-person monthly cost without rent $935 + one room in a shared flat = (cheap 3-bedroom apartment $1,966 + family utility bill $245) / 3 = $737; total $1,672/month x12"
Northwestern University,Living Cost,"$24,760",https://collegescorecard.ed.gov/school/?147767-Northwestern-University,government,2026-10-04,"City: Evanston. College Scorecard (US Dept of Education) on-campus room and board $21,126 + other expenses $3,636 per year"
Technical University of Munich,Living Cost,"$22,020",https://livingcost.org/cost/germany/by/munich,secondary,2026-10-04,"City: Munich (location from Wikidata). livingcost.org (updated June 21, 2026): one-person monthly cost without rent $1,025 + one room in a shared flat = (cheap 3-bedroom apartment $2,116 + family utility bill $313) / 3 = $810; total $1,835/month x12"
McGill University,Living Cost,"$17,150",https://livingcost.org/cost/canada/qc/montreal,secondary,2026-10-04,"City: Montreal (location from Wikidata). livingcost.org (updated June 21, 2026): one-person monthly cost without rent $916 + one room in a shared flat = (cheap 3-bedroom apartment $1,459 + family utility bill $80) / 3 = $513; total $1,429/month x12"
Australian National University,Living Cost,"$17,760",https://livingcost.org/cost/australia/canberra,secondary,2026-10-04,"City: Canberra (location from Wikidata). livingcost.org (updated June 21, 2026): one-person monthly cost without rent $849 + one room in a shared flat = (cheap 3-bedroom apartment $1,714 + family utility bill $179) / 3 = $631; total $1,480/month x12"
Seoul National University,Living Cost,"$11,940",https://livingcost.org/cost/south-korea/seoul,secondary,2026-10-04,"City: Seoul (location from Wikidata). livingcost.org (updated June 21, 2026): one-person monthly cost without rent $672 + one room in a shared flat = (cheap 3-bedroom apartment $818 + family utility bill $152) / 3 = $323; total $995/month x12"
"University of California, San Diego",Living Cost,"$24,860",https://collegescorecard.ed.gov/school/?110680-University-of-California-San-Diego,government,2026-10-04,"City: La Jolla. College Scorecard (US Dept of Education) on-campus room and board $18,970 + other expenses $5,888 per year"
University of Manchester,Living Cost,"$19,820",https://livingcost.org/cost/united-kingdom/eng/manchester,secondary,2026-10-04,"City: Manchester (location from Wikidata). livingcost.org (updated June 21, 2026): one-person monthly cost without rent $896 + one room in a shared flat = (cheap 3-bedroom apartment $1,988 + family utility bill $280) / 3 = $756; total $1,652/month x12"
Georgia Institute of Technology,Living Cost,"$16,810",https://collegescorecard.ed.gov/school/?139755-Georgia-Institute-of-Technology-Main-Campus,government,2026-10-04,"City: Atlanta. College Scorecard (US Dept of Education) on-campus room and board $13,608 + other expenses $3,200 per year"
Monash University,Living Cost,"$22,660",https://livingcost.org/cost/australia/melbourne,secondary,2026-10-04,"City: Melbourne (location from Wikidata). livingcost.org (updated June 21, 2026): one-person monthly cost without rent $1,129 + one room in a shared flat = (cheap 3-bedroom apartment $2,092 + family utility bill $186) / 3 = $759; total $1,888/month x12"
King’s College London,Living Cost,"$29,860",https://livingcost.org/cost/united-kingdom/eng/london,secondary,2026-10-04,"City: London (location from Wikidata). livingcost.org (updated June 21, 2026): one-person monthly cost without rent $1,229 + one room in a shared flat = (cheap 3-bedroom apartment $3,517 + family utility bill $260) / 3 = $1,259; total $2,488/month x12"
University of British Columbia,Living Cost,"$21,170",https://livingcost.org/cost/canada/bc/vancouver,secondary,2026-10-04,"City: Vancouver (location from Wikidata). livingcost.org (updated June 21, 2026): one-person monthly cost without rent $941 + one room in a shared flat = (cheap 3-bedroom apartment $2,377 + family utility bill $94) / 3 = $824; total $1,765/month x12"
Fudan University,Living Cost,"$10,130",https://livingcost.org/cost/china/shanghai,secondary,2026-10-04,"City: Shanghai (location from Wikidata). livingcost.org (updated June 21, 2026): one-person monthly cost without rent $512 + one room in a shared flat = (cheap 3-bedroom apartment $937 + family utility bill $59) / 3 = $332; total $844/month x12"
The University of Queensland,Living Cost,"$19,780",https://livingcost.org/cost/australia/brisbane,secondary,2026-10-04,"City: Brisbane (location from Wikidata). livingcost.org (updated June 21, 2026): one-person monthly cost without rent $884 + one room in a shared flat = (cheap 3-bedroom apartment $2,142 + family utility bill $151) / 3 = $764; total $1,648/month x12"
University of Illinois at Urbana-Champaign,Living Cost,"$17,020",https://collegescorecard.ed.gov/school/?145637-University-of-Illinois-Urbana-Champaign,government,2026-10-04,"City: Champaign. College Scorecard (US Dept of Education) on-campus room and board $14,522 + other expenses $2,500 per year"
Shanghai Jiao Tong University,Living Cost,"$10,130",https://livingcost.org/cost/china/shanghai,secondary,2026-10-04,"City: Shanghai (location from Wikidata). livingcost.org (updated June 21, 2026): one-person monthly cost without rent $512 + one room in a shared flat = (cheap 3-bedroom apartment $937 + family utility bill $59) / 3 = $332; total $844/month x12"
KU Leuven,Living Cost,"$16,840",https://livingcost.org/cost/belgium/leuven,secondary,2026-10-04,"City: Leuven (location from Wikidata). livingcost.org (updated June 21, 2026): one-person monthly cost without rent $778 + one room in a shared flat = (cheap 3-bedroom apartment $1,677 + family utility bill $199) / 3 = $625; total $1,403/month x12"
London School of Economics and Political Science,Living Cost,"$29,860",https://livingcost.org/cost/united-kingdom/eng/london,secondary,2026-10-04,"City: London (location from Wikidata). livingcost.org (updated June 21, 2026): one-person monthly cost without rent $1,229 + one room in a shared flat = (cheap 3-bedroom apartment $3,517 + family utility bill $260) / 3 = $1,259; total $2,488/month x12"
The Hong Kong University of Science and Technology,Living Cost,"$22,390",https://livingcost.org/cost/china/hong-kong,secondary,2026-10-04,"City: Hong Kong (location from Wikidata). livingcost.org (updated June 21, 2026): one-person monthly cost without rent $921 + one room in a shared flat = (cheap 3-bedroom apartment $2,621 + family utility bill $213) / 3 = $945; total $1,866/month x12"
Zhejiang University,Living Cost,"$8,170",https://livingcost.org/cost/china/hangzhou,secondary,2026-10-04,"City: Hangzhou (location from Wikidata). livingcost.org (updated June 21, 2026): one-person monthly cost without rent $461 + one room in a shared flat = (cheap 3-bedroom apartment $600 + family utility bill $60) / 3 = $220; total $681/month x12"
Delft University of Technology,Living Cost,"$20,520",https://livingcost.org/cost/netherlands/delft,secondary,2026-10-04,"City: Delft (location from Wikidata). livingcost.org (updated June 21, 2026): one-person monthly cost without rent $882 + one room in a shared flat = (cheap 3-bedroom apartment $2,239 + family utility bill $246) / 3 = $828; total $1,710/month x12"
Karolinska Institute,Living Cost,"$21,240",https://livingcost.org/cost/sweden/stockholm,secondary,2026-10-04,"City: Stockholm (location from Wikidata). livingcost.org (updated June 21, 2026): one-person monthly cost without rent $1,056 + one room in a shared flat = (cheap 3-bedroom apartment $1,877 + family utility bill $264) / 3 = $714; total $1,770/month x12"
Kyoto University,Living Cost,"$10,680",https://livingcost.org/cost/japan/kyoto,secondary,2026-10-04,"City: Kyoto (location from Wikidata). livingcost.org (updated June 21, 2026): one-person monthly cost without rent $681 + one room in a shared flat = (cheap 3-bedroom apartment $531 + family utility bill $97) / 3 = $209; total $890/month x12"
University of Texas at Austin,Living Cost,"$20,030",https://collegescorecard.ed.gov/school/?228778-The-University-of-Texas-at-Austin,government,2026-10-04,"City: Austin. College Scorecard (US Dept of Education) on-campus room and board $14,828 + other expenses $5,206 per year"
Korea Advanced Institute of Science and Technology (KAIST),Living Cost,"$8,950",https://livingcost.org/cost/south-korea/daejeon,secondary,2026-10-04,"City: Daejeon (location from Wikidata). livingcost.org (updated June 21, 2026): one-person monthly cost without rent $565 + one room in a shared flat = (cheap 3-bedroom apartment $426 + family utility bill $116) / 3 = $181; total $746/month x12"
University of Bristol,Living Cost,"$21,570",https://livingcost.org/cost/united-kingdom/eng/bristol,secondary,2026-10-04,"City: Bristol (location from Wikidata). livingcost.org (updated June 21, 2026): one-person monthly cost without rent $919 + one room in a shared flat = (cheap 3-bedroom apartment $2,318 + family utility bill $317) / 3 = $878; total $1,797/month x12"
University of Amsterdam,Living Cost,"$25,460",https://livingcost.org/cost/netherlands/amsterdam,secondary,2026-10-04,"City: Amsterdam (location from Wikidata). livingcost.org (updated June 21, 2026): one-person monthly cost without rent $1,093 + one room in a shared flat = (cheap 3-bedroom apartment $2,790 + family utility bill $296) / 3 = $1,029; total $2,122/month x12"
Hong Kong Polytechnic University,Living Cost,"$22,390",https://livingcost.org/cost/china/hong-kong,secondary,2026-10-04,"City: Hong Kong (location from Wikidata). livingcost.org (updated June 21, 2026): one-person monthly cost without rent $921 + one room in a shared flat = (cheap 3-bedroom apartment $2,621 + family utility bill $213) / 3 = $945; total $1,866/month x12"
University of Science and Technology of China,Living Cost,"$6,800",https://livingcost.org/cost/china/hefei,secondary,2026-10-04,"City: Hefei (location from Wikidata). livingcost.org (updated June 21, 2026): one-person monthly cost without rent $456 + one room in a shared flat = (cheap 3-bedroom apartment $288 + family utility bill $45) / 3 = $111; total $567/month x12"
Ludwig-Maximilians-Universität München,Living Cost,"$22,020",https://livingcost.org/cost/germany/by/munich,secondary,2026-10-04,"City: Munich (location from Wikidata). livingcost.org (updated June 21, 2026): one-person monthly cost without rent $1,025 + one room in a shared flat = (cheap 3-bedroom apartment $2,116 + family utility bill $313) / 3 = $810; total $1,835/month x12"
"University of California, Davis",Living Cost,"$26,040",https://collegescorecard.ed.gov/school/?110644-University-of-California-Davis,government,2026-10-04,"City: Davis. College Scorecard (US Dept of Education) on-campus room and board $19,426 + other expenses $6,616 per year"
Universiti Malaya (UM),Living Cost,"$8,640",https://livingcost.org/cost/malaysia/kuala-lumpur,secondary,2026-10-04,"City: Kuala Lumpur (location from Wikidata). livingcost.org (updated June 21, 2026): one-person monthly cost without rent $509 + one room in a shared flat = (cheap 3-bedroom apartment $572 + family utility bill $60) / 3 = $211; total $720/month x12"
City University of Hong Kong,Living Cost,"$22,390",https://livingcost.org/cost/china/hong-kong,secondary,2026-10-04,"City: Hong Kong (location from Wikidata). livingcost.org (updated June 21, 2026): one-person monthly cost without rent $921 + one room in a shared flat = (cheap 3-bedroom apartment $2,621 + family utility bill $213) / 3 = $945; total $1,866/month x12"
Sorbonne University,Living Cost,"$21,620",https://livingcost.org/cost/france/idf/paris,secondary,2026-10-04,"City: Paris (location from Wikidata). livingcost.org (updated June 21, 2026): one-person monthly cost without rent $1,028 + one room in a shared flat = (cheap 3-bedroom apartment $2,070 + family utility bill $252) / 3 = $774; total $1,802/month x12"
University of Wisconsin-Madison,Living Cost,"$17,300",https://collegescorecard.ed.gov/school/?240444-University-of-Wisconsin-Madison,government,2026-10-04,"City: Madison. College Scorecard (US Dept of Education) on-campus room and board $14,124 + other expenses $3,178 per year"
Brown University,Living Cost,"$20,260",https://collegescorecard.ed.gov/school/?217156-Brown-University,government,2026-10-04,"City: Providence. College Scorecard (US Dept of Education) on-campus room and board $17,444 + other expenses $2,820 per year"
Wageningen University & Research,Living Cost,"$20,740",https://livingcost.org/cost/netherlands/wageningen,secondary,2026-10-04,"City: Wageningen (location from Wikidata). livingcost.org (updated June 21, 2026): one-person monthly cost without rent $864 + one room in a shared flat = (cheap 3-bedroom apartment $2,266 + family utility bill $327) / 3 = $864; total $1,728/month x12"
University of Auckland,Living Cost,"$17,630",https://livingcost.org/cost/new-zealand/auckland,secondary,2026-10-04,"City: Auckland (location from Wikidata). livingcost.org (updated June 21, 2026): one-person monthly cost without rent $882 + one room in a shared flat = (cheap 3-bedroom apartment $1,609 + family utility bill $153) / 3 = $587; total $1,469/month x12"
Korea University,Living Cost,"$11,940",https://livingcost.org/cost/south-korea/seoul,secondary,2026-10-04,"City: Seoul (location from Wikidata). livingcost.org (updated June 21, 2026): one-person monthly cost without rent $672 + one room in a shared flat = (cheap 3-bedroom apartment $818 + family utility bill $152) / 3 = $323; total $995/month x12"
Washington University in St Louis,Living Cost,"$25,430",https://collegescorecard.ed.gov/school/?179867-Washington-University-in-St-Louis,government,2026-10-04,"City: St. Louis. College Scorecard (US Dept of Education) on-campus room and board $21,854 + other expenses $3,575 per year"
"University of California, Santa Barbara",Living Cost,"$27,110",https://collegescorecard.ed.gov/school/?110705-University-of-California-Santa-Barbara,government,2026-10-04,"City: Santa Barbara. College Scorecard (US Dept of Education) on-campus room and board $20,279 + other expenses $6,833 per year"
University of Warwick,Living Cost,"$16,940",https://livingcost.org/cost/united-kingdom/eng/coventry,secondary,2026-10-04,"City: Coventry (location from Wikidata). livingcost.org (updated June 21, 2026): one-person monthly cost without rent $831 + one room in a shared flat = (cheap 3-bedroom apartment $1,548 + family utility bill $195) / 3 = $581; total $1,412/month x12"
Universidad de Buenos Aires (UBA),Living Cost,"$11,780",https://livingcost.org/cost/argentina/buenos-aires,secondary,2026-10-04,"City: Buenos Aires (location from Wikidata). livingcost.org (updated June 21, 2026): one-person monthly cost without rent $693 + one room in a shared flat = (cheap 3-bedroom apartment $729 + family utility bill $138) / 3 = $289; total $982/month x12"
University of North Carolina at Chapel Hill,Living Cost,"$16,740",https://collegescorecard.ed.gov/school/?199120-University-of-North-Carolina-at-Chapel-Hill,government,2026-10-04,"City: Chapel Hill. College Scorecard (US Dept of Education) on-campus room and board $13,804 + other expenses $2,932 per year"
Nanjing University,Living Cost,"$7,230",https://livingcost.org/cost/china/nanjing,secondary,2026-10-04,"City: Nanjing (location from Wikidata). livingcost.org (updated June 21, 2026): one-person monthly cost without rent $419 + one room in a shared flat = (cheap 3-bedroom apartment $500 + family utility bill $50) / 3 = $183; total $602/month x12"
KTH Royal Institute of Technology,Living Cost,"$21,240",https://livingcost.org/cost/sweden/stockholm,secondary,2026-10-04,"City: Stockholm (location from Wikidata). livingcost.org (updated June 21, 2026): one-person monthly cost without rent $1,056 + one room in a shared flat = (cheap 3-bedroom apartment $1,877 + family utility bill $264) / 3 = $714; total $1,770/month x12"
University of Southern California,Living Cost,"$21,940",https://collegescorecard.ed.gov/school/?123961-University-of-Southern-California,government,2026-10-04,"City: Los Angeles. College Scorecard (US Dept of Education) on-campus room and board $19,931 + other expenses $2,006 per year"
Lund University,Living Cost,"$14,360",https://livingcost.org/cost/sweden/lund,secondary,2026-10-04,"City: Lund (location from Wikidata). livingcost.org (updated June 21, 2026): one-person monthly cost without rent $789 + one room in a shared flat = (cheap 3-bedroom apartment $1,141 + family utility bill $82) / 3 = $408; total $1,197/month x12"
Leiden University,Living Cost,"$19,120",https://livingcost.org/cost/netherlands/leiden,secondary,2026-10-04,"City: Leiden (location from Wikidata). livingcost.org (updated June 21, 2026): one-person monthly cost without rent $846 + one room in a shared flat = (cheap 3-bedroom apartment $1,958 + family utility bill $284) / 3 = $747; total $1,593/month x12"
The University of Western Australia,Living Cost,"$20,580",https://livingcost.org/cost/australia/perth,secondary,2026-10-04,"City: Perth (location from Wikidata). livingcost.org (updated June 21, 2026): one-person monthly cost without rent $996 + one room in a shared flat = (cheap 3-bedroom apartment $1,980 + family utility bill $176) / 3 = $719; total $1,715/month x12"
Boston University,Living Cost,"$21,100",https://collegescorecard.ed.gov/school/?164988-Boston-University,government,2026-10-04,"City: Boston. College Scorecard (US Dept of Education) on-campus room and board $19,020 + other expenses $2,085 per year"
University of Glasgow,Living Cost,"$18,650",https://livingcost.org/cost/united-kingdom/sct/glasgow,secondary,2026-10-04,"City: Glasgow (location from Wikidata). livingcost.org (updated June 21, 2026): one-person monthly cost without rent $887 + one room in a shared flat = (cheap 3-bedroom apartment $1,681 + family utility bill $320) / 3 = $667; total $1,554/month x12"
University of Groningen,Living Cost,"$17,300",https://livingcost.org/cost/netherlands/groningen,secondary,2026-10-04,"City: Groningen (location from Wikidata). livingcost.org (updated June 21, 2026): one-person monthly cost without rent $897 + one room in a shared flat = (cheap 3-bedroom apartment $1,401 + family utility bill $232) / 3 = $544; total $1,441/month x12"
University of Birmingham,Living Cost,"$18,590",https://livingcost.org/cost/united-kingdom/eng/birmingham,secondary,2026-10-04,"City: Birmingham (location from Wikidata). livingcost.org (updated June 21, 2026): one-person monthly cost without rent $950 + one room in a shared flat = (cheap 3-bedroom apartment $1,484 + family utility bill $314) / 3 = $599; total $1,549/month x12"
University of Southampton,Living Cost,"$19,830",https://livingcost.org/cost/united-kingdom/eng/southampton,secondary,2026-10-04,"City: Southampton (location from Wikidata). livingcost.org (updated June 21, 2026): one-person monthly cost without rent $903 + one room in a shared flat = (cheap 3-bedroom apartment $1,938 + family utility bill $310) / 3 = $749; total $1,652/month x12"
University of Zurich,Living Cost,"$32,920",https://livingcost.org/cost/switzerland/zurich,secondary,2026-10-04,"City: Zurich (location from Wikidata). livingcost.org (updated June 21, 2026): one-person monthly cost without rent $1,444 + one room in a shared flat = (cheap 3-bedroom apartment $3,627 + family utility bill $272) / 3 = $1,300; total $2,744/month x12"
University of Leeds,Living Cost,"$18,190",https://livingcost.org/cost/united-kingdom/eng/leeds,secondary,2026-10-04,"City: Leeds (location from Wikidata). livingcost.org (updated June 21, 2026): one-person monthly cost without rent $892 + one room in a shared flat = (cheap 3-bedroom apartment $1,606 + family utility bill $266) / 3 = $624; total $1,516/month x12"
Ruprecht-Karls-Universität Heidelberg,Living Cost,"$18,490",https://livingcost.org/cost/germany/bw/heidelberg,secondary,2026-10-04,"City: Heidelberg (location from Wikidata). livingcost.org (updated June 21, 2026): one-person monthly cost without rent $885 + one room in a shared flat = (cheap 3-bedroom apartment $1,678 + family utility bill $290) / 3 = $656; total $1,541/month x12"
Purdue University West Lafayette,Living Cost,"$15,110",https://collegescorecard.ed.gov/school/?243780-Purdue-University-Main-Campus,government,2026-10-04,"City: West Lafayette. College Scorecard (US Dept of Education) on-campus room and board $12,820 + other expenses $2,290 per year"
Humboldt-Universität zu Berlin,Living Cost,"$20,920",https://livingcost.org/cost/germany/bb/berlin,secondary,2026-10-04,"City: Berlin (location from Wikidata). livingcost.org (updated June 21, 2026): one-person monthly cost without rent $1,041 + one room in a shared flat = (cheap 3-bedroom apartment $1,800 + family utility bill $307) / 3 = $702; total $1,743/month x12"
"Trinity College Dublin, The University of Dublin",Living Cost,"$24,880",https://livingcost.org/cost/ireland/dublin,secondary,2026-10-04,"City: Dublin (location from Wikidata). livingcost.org (updated June 21, 2026): one-person monthly cost without rent $996 + one room in a shared flat = (cheap 3-bedroom apartment $2,979 + family utility bill $252) / 3 = $1,077; total $2,073/month x12"
University of Technology Sydney,Living Cost,"$24,170",https://livingcost.org/cost/australia/sydney,secondary,2026-10-04,"City: Sydney (location from Wikidata). livingcost.org (updated June 21, 2026): one-person monthly cost without rent $1,089 + one room in a shared flat = (cheap 3-bedroom apartment $2,582 + family utility bill $193) / 3 = $925; total $2,014/month x12"
Pennsylvania State University,Living Cost,"$19,490",https://collegescorecard.ed.gov/school/?214777-Pennsylvania-State-University-Main-Campus,government,2026-10-04,"City: University Park. College Scorecard (US Dept of Education) on-campus room and board $14,474 + other expenses $5,020 per year"
RWTH Aachen University,Living Cost,"$14,540",https://livingcost.org/cost/germany/nw/aachen,secondary,2026-10-04,"City: Aachen (location from Wikidata). livingcost.org (updated June 21, 2026): one-person monthly cost without rent $793 + one room in a shared flat = (cheap 3-bedroom apartment $978 + family utility bill $277) / 3 = $418; total $1,211/month x12"
Universidade de São Paulo,Living Cost,"$10,430",https://livingcost.org/cost/brazil/sao-paulo,secondary,2026-10-04,"City: Sao Paulo (location from Wikidata). livingcost.org (updated June 21, 2026): one-person monthly cost without rent $588 + one room in a shared flat = (cheap 3-bedroom apartment $747 + family utility bill $97) / 3 = $281; total $869/month x12"
"University of California, Irvine",Living Cost,"$24,680",https://collegescorecard.ed.gov/school/?110653-University-of-California-Irvine,government,2026-10-04,"City: Irvine. College Scorecard (US Dept of Education) on-campus room and board $18,991 + other expenses $5,692 per year"
Vanderbilt University,Living Cost,"$25,450",https://collegescorecard.ed.gov/school/?221999-Vanderbilt-University,government,2026-10-04,"City: Nashville. College Scorecard (US Dept of Education) on-campus room and board $22,054 + other expenses $3,396 per year"
Pontificia Universidad Católica de Chile,Living Cost,"$11,080",https://livingcost.org/cost/chile/santiago,secondary,2026-10-04,"City: Santiago (location from Wikidata). livingcost.org (updated June 21, 2026): one-person monthly cost without rent $647 + one room in a shared flat = (cheap 3-bedroom apartment $699 + family utility bill $130) / 3 = $276; total $923/month x12"
Lomonosov Moscow State University,Living Cost,"$14,110",https://livingcost.org/cost/russia/moscow,secondary,2026-10-04,"City: Moscow (location from Wikidata). livingcost.org (updated June 21, 2026): one-person monthly cost without rent $672 + one room in a shared flat = (cheap 3-bedroom apartment $1,335 + family utility bill $176) / 3 = $504; total $1,176/month x12"
Universidad Nacional Autónoma de México (UNAM),Living Cost,"$12,980",https://livingcost.org/cost/mexico/mexico,secondary,2026-10-04,"City: Mexico City (location from Wikidata). livingcost.org (updated June 21, 2026): one-person monthly cost without rent $682 + one room in a shared flat = (cheap 3-bedroom apartment $1,139 + family utility bill $61) / 3 = $400; total $1,082/month x12"
University of Tübingen,Living Cost,"$16,850",https://livingcost.org/cost/germany/bw/tubingen,secondary,2026-10-04,"City: Tubingen (location from Wikidata). livingcost.org (updated June 21, 2026): one-person monthly cost without rent $828 + one room in a shared flat = (cheap 3-bedroom apartment $1,451 + family utility bill $278) / 3 = $576; total $1,404/month x12"
University of Alberta,Living Cost,"$16,020",https://livingcost.org/cost/canada/ab/edmonton,secondary,2026-10-04,"City: Edmonton (location from Wikidata). livingcost.org (updated June 21, 2026): one-person monthly cost without rent $838 + one room in a shared flat = (cheap 3-bedroom apartment $1,273 + family utility bill $219) / 3 = $497; total $1,335/month x12"
Freie Universitaet Berlin,Living Cost,"$20,920",https://livingcost.org/cost/germany/bb/berlin,secondary,2026-10-04,"City: Berlin (location from Wikidata). livingcost.org (updated June 21, 2026): one-person monthly cost without rent $1,041 + one room in a shared flat = (cheap 3-bedroom apartment $1,800 + family utility bill $307) / 3 = $702; total $1,743/month x12"
Pohang University of Science and Technology (POSTECH),Living Cost,"$8,900",https://livingcost.org/cost/south-korea/pohang,secondary,2026-10-04,"City: Pohang (location from Wikidata). livingcost.org (updated June 21, 2026): one-person monthly cost without rent $524 + one room in a shared flat = (cheap 3-bedroom apartment $563 + family utility bill $90) / 3 = $218; total $742/month x12"
Erasmus University Rotterdam,Living Cost,"$22,720",https://livingcost.org/cost/netherlands/rotterdam,secondary,2026-10-04,"City: Rotterdam (location from Wikidata). livingcost.org (updated June 21, 2026): one-person monthly cost without rent $1,014 + one room in a shared flat = (cheap 3-bedroom apartment $2,361 + family utility bill $278) / 3 = $880; total $1,894/month x12"
University of Copenhagen,Living Cost,"$22,490",https://livingcost.org/cost/denmark/copenhagen,secondary,2026-10-04,"City: Copenhagen (location from Wikidata). livingcost.org (updated June 21, 2026): one-person monthly cost without rent $1,108 + one room in a shared flat = (cheap 3-bedroom apartment $2,119 + family utility bill $180) / 3 = $766; total $1,874/month x12"
King Fahd University of Petroleum and Minerals,Living Cost,"$8,390",https://livingcost.org/cost/saudi-arabia/dhahran,secondary,2026-10-04,"City: Dhahran (location from Wikidata). livingcost.org (updated June 21, 2026): one-person monthly cost without rent $469 + one room in a shared flat = (cheap 3-bedroom apartment $613 + family utility bill $78) / 3 = $230; total $699/month x12"
Karlsruhe Institute of Technology,Living Cost,"$17,780",https://livingcost.org/cost/germany/bw/karlsruhe,secondary,2026-10-04,"City: Karlsruhe (location from Wikidata). livingcost.org (updated June 21, 2026): one-person monthly cost without rent $936 + one room in a shared flat = (cheap 3-bedroom apartment $1,375 + family utility bill $263) / 3 = $546; total $1,482/month x12"
McMaster University,Living Cost,"$17,530",https://livingcost.org/cost/canada/on/hamilton,secondary,2026-10-04,"City: Hamilton (location from Wikidata). livingcost.org (updated June 21, 2026): one-person monthly cost without rent $788 + one room in a shared flat = (cheap 3-bedroom apartment $1,880 + family utility bill $138) / 3 = $673; total $1,461/month x12"
Uppsala University,Living Cost,"$14,670",https://livingcost.org/cost/sweden/uppsala,secondary,2026-10-04,"City: Uppsala (location from Wikidata). livingcost.org (updated June 21, 2026): one-person monthly cost without rent $826 + one room in a shared flat = (cheap 3-bedroom apartment $1,089 + family utility bill $100) / 3 = $396; total $1,222/month x12"
University of Sheffield,Living Cost,"$16,840",https://livingcost.org/cost/united-kingdom/eng/sheffield,secondary,2026-10-04,"City: Sheffield (location from Wikidata). livingcost.org (updated June 21, 2026): one-person monthly cost without rent $811 + one room in a shared flat = (cheap 3-bedroom apartment $1,455 + family utility bill $323) / 3 = $593; total $1,404/month x12"
Utrecht University,Living Cost,"$21,450",https://livingcost.org/cost/netherlands/utrecht,secondary,2026-10-04,"City: Utrecht (location from Wikidata). livingcost.org (updated June 21, 2026): one-person monthly cost without rent $919 + one room in a shared flat = (cheap 3-bedroom apartment $2,353 + family utility bill $252) / 3 = $868; total $1,787/month x12"
Emory University,Living Cost,"$22,870",https://collegescorecard.ed.gov/school/?139658-Emory-University,government,2026-10-04,"City: Atlanta. College Scorecard (US Dept of Education) on-campus room and board $20,220 + other expenses $2,652 per year"
University of Nottingham,Living Cost,"$16,800",https://livingcost.org/cost/united-kingdom/eng/nottingham,secondary,2026-10-04,"City: Nottingham (location from Wikidata). livingcost.org (updated June 21, 2026): one-person monthly cost without rent $830 + one room in a shared flat = (cheap 3-bedroom apartment $1,459 + family utility bill $250) / 3 = $570; total $1,400/month x12"
Aarhus University,Living Cost,"$19,320",https://livingcost.org/cost/denmark/aarhus,secondary,2026-10-04,"City: Aarhus (location from Wikidata). livingcost.org (updated June 21, 2026): one-person monthly cost without rent $1,006 + one room in a shared flat = (cheap 3-bedroom apartment $1,601 + family utility bill $212) / 3 = $604; total $1,610/month x12"
Politecnico di Milano,Living Cost,"$20,650",https://livingcost.org/cost/italy/lo/milan,secondary,2026-10-04,"City: Milan (location from Wikidata). livingcost.org (updated June 21, 2026): one-person monthly cost without rent $1,015 + one room in a shared flat = (cheap 3-bedroom apartment $1,894 + family utility bill $224) / 3 = $706; total $1,721/month x12"
University of Göttingen,Living Cost,"$13,680",https://livingcost.org/cost/germany/ni/gottingen,secondary,2026-10-04,"City: Gottingen (location from Wikidata). livingcost.org (updated June 21, 2026): one-person monthly cost without rent $769 + one room in a shared flat = (cheap 3-bedroom apartment $882 + family utility bill $230) / 3 = $371; total $1,140/month x12"
Université de Montréal ,Living Cost,"$17,150",https://livingcost.org/cost/canada/qc/montreal,secondary,2026-10-04,"City: Montreal (location from Wikidata). livingcost.org (updated June 21, 2026): one-person monthly cost without rent $916 + one room in a shared flat = (cheap 3-bedroom apartment $1,459 + family utility bill $80) / 3 = $513; total $1,429/month x12"
Aalto University,Living Cost,"$18,480",https://livingcost.org/cost/finland/espoo,secondary,2026-10-04,"City: Espoo (location from Wikidata). livingcost.org (updated June 21, 2026): one-person monthly cost without rent $998 + one room in a shared flat = (cheap 3-bedroom apartment $1,519 + family utility bill $107) / 3 = $542; total $1,540/month x12"
"University of Maryland, College Park",Living Cost,"$18,670",https://collegescorecard.ed.gov/school/?163286-University-of-Maryland-College-Park,government,2026-10-04,"City: College Park. College Scorecard (US Dept of Education) on-campus room and board $15,958 + other expenses $2,714 per year"
Ghent University,Living Cost,"$16,410",https://livingcost.org/cost/belgium/ghent,secondary,2026-10-04,"City: Ghent (location from Wikidata). livingcost.org (updated June 21, 2026): one-person monthly cost without rent $876 + one room in a shared flat = (cheap 3-bedroom apartment $1,259 + family utility bill $216) / 3 = $492; total $1,368/month x12"
University of Waterloo,Living Cost,"$16,340",https://livingcost.org/cost/canada/on/waterloo,secondary,2026-10-04,"City: Waterloo (location from Wikidata). livingcost.org (updated June 21, 2026): one-person monthly cost without rent $706 + one room in a shared flat = (cheap 3-bedroom apartment $1,830 + family utility bill $137) / 3 = $656; total $1,362/month x12"
Michigan State University,Living Cost,"$16,400",https://collegescorecard.ed.gov/school/?171100-Michigan-State-University,government,2026-10-04,"City: East Lansing. College Scorecard (US Dept of Education) on-campus room and board $12,564 + other expenses $3,838 per year"
University of Bern,Living Cost,"$25,570",https://livingcost.org/cost/switzerland/bern,secondary,2026-10-04,"City: Bern (location from Wikidata). livingcost.org (updated June 21, 2026): one-person monthly cost without rent $1,286 + one room in a shared flat = (cheap 3-bedroom apartment $2,271 + family utility bill $263) / 3 = $845; total $2,131/month x12"
University of Helsinki,Living Cost,"$18,270",https://livingcost.org/cost/finland/helsinki,secondary,2026-10-04,"City: Helsinki (location from Wikidata). livingcost.org (updated June 21, 2026): one-person monthly cost without rent $998 + one room in a shared flat = (cheap 3-bedroom apartment $1,470 + family utility bill $103) / 3 = $524; total $1,522/month x12"
Indian Institute of Technology Bombay (IITB),Living Cost,"$6,040",https://livingcost.org/cost/india/mh/mumbai,secondary,2026-10-04,"City: Mumbai (location from Wikidata). livingcost.org (updated June 21, 2026): one-person monthly cost without rent $292 + one room in a shared flat = (cheap 3-bedroom apartment $577 + family utility bill $57) / 3 = $211; total $503/month x12"
Texas A&M University,Living Cost,"$19,620",https://collegescorecard.ed.gov/school/?228723-Texas-A-M-University-College-Station,government,2026-10-04,"City: College Station. College Scorecard (US Dept of Education) on-campus room and board $13,008 + other expenses $6,610 per year"
Rice University,Living Cost,"$22,240",https://collegescorecard.ed.gov/school/?227757-Rice-University,government,2026-10-04,"City: Houston. College Scorecard (US Dept of Education) on-campus room and board $18,100 + other expenses $4,140 per year"
University of Oslo,Living Cost,"$23,890",https://livingcost.org/cost/norway/oslo,secondary,2026-10-04,"City: Oslo (location from Wikidata). livingcost.org (updated June 21, 2026): one-person monthly cost without rent $1,216 + one room in a shared flat = (cheap 3-bedroom apartment $2,070 + family utility bill $255) / 3 = $775; total $1,991/month x12"
University of Vienna,Living Cost,"$20,520",https://livingcost.org/cost/austria/vienna,secondary,2026-10-04,"City: Vienna (location from Wikidata). livingcost.org (updated June 21, 2026): one-person monthly cost without rent $1,083 + one room in a shared flat = (cheap 3-bedroom apartment $1,556 + family utility bill $326) / 3 = $627; total $1,710/month x12"
Queen Mary University of London,Living Cost,"$29,860",https://livingcost.org/cost/united-kingdom/eng/london,secondary,2026-10-04,"City: London (location from Wikidata). livingcost.org (updated June 21, 2026): one-person monthly cost without rent $1,229 + one room in a shared flat = (cheap 3-bedroom apartment $3,517 + family utility bill $260) / 3 = $1,259; total $2,488/month x12"
Western University,Living Cost,"$16,020",https://livingcost.org/cost/canada/on/london,secondary,2026-10-04,"City: London (location from Wikidata). livingcost.org (updated June 21, 2026): one-person monthly cost without rent $795 + one room in a shared flat = (cheap 3-bedroom apartment $1,486 + family utility bill $133) / 3 = $540; total $1,335/month x12"
Qatar University,Living Cost,"$16,540",https://livingcost.org/cost/qatar/doha,secondary,2026-10-04,"City: Doha (location from Wikidata). livingcost.org (updated June 21, 2026): one-person monthly cost without rent $676 + one room in a shared flat = (cheap 3-bedroom apartment $2,017 + family utility bill $89) / 3 = $702; total $1,378/month x12"
RMIT University,Living Cost,"$22,660",https://livingcost.org/cost/australia/melbourne,secondary,2026-10-04,"City: Melbourne (location from Wikidata). livingcost.org (updated June 21, 2026): one-person monthly cost without rent $1,129 + one room in a shared flat = (cheap 3-bedroom apartment $2,092 + family utility bill $186) / 3 = $759; total $1,888/month x12"
University of Basel,Living Cost,"$26,990",https://livingcost.org/cost/switzerland/basel,secondary,2026-10-04,"City: Basel (location from Wikidata). livingcost.org (updated June 21, 2026): one-person monthly cost without rent $1,403 + one room in a shared flat = (cheap 3-bedroom apartment $2,265 + family utility bill $274) / 3 = $846; total $2,249/month x12"
University of Massachusetts,Living Cost,"$22,120",https://collegescorecard.ed.gov/school/?166638-University-of-Massachusetts-Boston,government,2026-10-04,"City: Boston. College Scorecard (US Dept of Education) on-campus room and board $19,128 + other expenses $2,994 per year"
Vrije Universiteit Amsterdam,Living Cost,"$25,460",https://livingcost.org/cost/netherlands/amsterdam,secondary,2026-10-04,"City: Amsterdam (location from Wikidata). livingcost.org (updated June 21, 2026): one-person monthly cost without rent $1,093 + one room in a shared flat = (cheap 3-bedroom apartment $2,790 + family utility bill $296) / 3 = $1,029; total $2,122/month x12"
University College Dublin,Living Cost,"$24,880",https://livingcost.org/cost/ireland/dublin,secondary,2026-10-04,"City: Dublin (location from Wikidata). livingcost.org (updated June 21, 2026): one-person monthly cost without rent $996 + one room in a shared flat = (cheap 3-bedroom apartment $2,979 + family utility bill $252) / 3 = $1,077; total $2,073/month x12"
Stockholm University,Living Cost,"$21,240",https://livingcost.org/cost/sweden/stockholm,secondary,2026-10-04,"City: Stockholm (location from Wikidata). livingcost.org (updated June 21, 2026): one-person monthly cost without rent $1,056 + one room in a shared flat = (cheap 3-bedroom apartment $1,877 + family utility bill $264) / 3 = $714; total $1,770/month x12"
Newcastle University,Living Cost,"$17,050",https://livingcost.org/cost/united-kingdom/eng/newcastle-upon-tyne,secondary,2026-10-04,"City: Newcastle upon Tyne (location from Wikidata). livingcost.org (updated June 21, 2026): one-person monthly cost without rent $846 + one room in a shared flat = (cheap 3-bedroom apartment $1,485 + family utility bill $239) / 3 = $575; total $1,421/month x12"
Sapienza University of Rome,Living Cost,"$17,560",https://livingcost.org/cost/italy/lz/rome,secondary,2026-10-04,"City: Rome (location from Wikidata). livingcost.org (updated June 21, 2026): one-person monthly cost without rent $873 + one room in a shared flat = (cheap 3-bedroom apartment $1,571 + family utility bill $199) / 3 = $590; total $1,463/month x12"
University of Florida,Living Cost,"$16,330",https://collegescorecard.ed.gov/school/?134130-University-of-Florida,government,2026-10-04,"City: Gainesville. College Scorecard (US Dept of Education) on-campus room and board $12,120 + other expenses $4,210 per year"
Alma Mater Studiorum - University of Bologna,Living Cost,"$15,980",https://livingcost.org/cost/italy/er/bologna,secondary,2026-10-04,"City: Bologna (location from Wikidata). livingcost.org (updated June 21, 2026): one-person monthly cost without rent $830 + one room in a shared flat = (cheap 3-bedroom apartment $1,287 + family utility bill $217) / 3 = $501; total $1,331/month x12"
Macquarie University,Living Cost,"$24,170",https://livingcost.org/cost/australia/sydney,secondary,2026-10-04,"City: Sydney (location from Wikidata). livingcost.org (updated June 21, 2026): one-person monthly cost without rent $1,089 + one room in a shared flat = (cheap 3-bedroom apartment $2,582 + family utility bill $193) / 3 = $925; total $2,014/month x12"
University of Rochester,Living Cost,"$21,170",https://collegescorecard.ed.gov/school/?195030-University-of-Rochester,government,2026-10-04,"City: Rochester. College Scorecard (US Dept of Education) on-campus room and board $19,792 + other expenses $1,380 per year"
Eindhoven University of Technology,Living Cost,"$18,790",https://livingcost.org/cost/netherlands/eindhoven,secondary,2026-10-04,"City: Eindhoven (location from Wikidata). livingcost.org (updated June 21, 2026): one-person monthly cost without rent $879 + one room in a shared flat = (cheap 3-bedroom apartment $1,830 + family utility bill $230) / 3 = $687; total $1,566/month x12"
Technische Universität Berlin (TU Berlin),Living Cost,"$20,920",https://livingcost.org/cost/germany/bb/berlin,secondary,2026-10-04,"City: Berlin (location from Wikidata). livingcost.org (updated June 21, 2026): one-person monthly cost without rent $1,041 + one room in a shared flat = (cheap 3-bedroom apartment $1,800 + family utility bill $307) / 3 = $702; total $1,743/month x12"
Universität Hamburg,Living Cost,"$19,780",https://livingcost.org/cost/germany/hh/hamburg,secondary,2026-10-04,"City: Hamburg City (location from Wikidata). livingcost.org (updated June 21, 2026): one-person monthly cost without rent $1,027 + one room in a shared flat = (cheap 3-bedroom apartment $1,636 + family utility bill $229) / 3 = $622; total $1,649/month x12"
Maastricht University,Living Cost,"$18,550",https://livingcost.org/cost/netherlands/maastricht,secondary,2026-10-04,"City: Maastricht (location from Wikidata). livingcost.org (updated June 21, 2026): one-person monthly cost without rent $867 + one room in a shared flat = (cheap 3-bedroom apartment $1,748 + family utility bill $288) / 3 = $679; total $1,546/month x12"
Universiti Kebangsaan Malaysia,Living Cost,"$8,640",https://livingcost.org/cost/malaysia/kuala-lumpur,secondary,2026-10-04,"City: Kuala Lumpur (location from Wikidata). livingcost.org (updated June 21, 2026): one-person monthly cost without rent $509 + one room in a shared flat = (cheap 3-bedroom apartment $572 + family utility bill $60) / 3 = $211; total $720/month x12"
University of Colorado Boulder,Living Cost,"$21,590",https://collegescorecard.ed.gov/school/?126614-University-of-Colorado-Boulder,government,2026-10-04,"City: Boulder. College Scorecard (US Dept of Education) on-campus room and board $18,468 + other expenses $3,122 per year"
Chalmers University of Technology,Living Cost,"$17,400",https://livingcost.org/cost/sweden/gothenburg,secondary,2026-10-04,"City: Gothenburg (location from Wikidata). livingcost.org (updated June 21, 2026): one-person monthly cost without rent $930 + one room in a shared flat = (cheap 3-bedroom apartment $1,459 + family utility bill $102) / 3 = $520; total $1,450/month x12"
Universidad de Chile,Living Cost,"$11,080",https://livingcost.org/cost/chile/santiago,secondary,2026-10-04,"City: Santiago (location from Wikidata). livingcost.org (updated June 21, 2026): one-person monthly cost without rent $647 + one room in a shared flat = (cheap 3-bedroom apartment $699 + family utility bill $130) / 3 = $276; total $923/month x12"
University of Lausanne,Living Cost,"$27,890",https://livingcost.org/cost/switzerland/lausanne,secondary,2026-10-04,"City: Lausanne (location from Wikidata). livingcost.org (updated June 21, 2026): one-person monthly cost without rent $1,322 + one room in a shared flat = (cheap 3-bedroom apartment $2,724 + family utility bill $283) / 3 = $1,002; total $2,324/month x12"
University of York,Living Cost,"$17,000",https://livingcost.org/cost/united-kingdom/eng/york,secondary,2026-10-04,"City: York (location from Wikidata). livingcost.org (updated June 21, 2026): one-person monthly cost without rent $850 + one room in a shared flat = (cheap 3-bedroom apartment $1,511 + family utility bill $188) / 3 = $566; total $1,416/month x12"
King Abdulaziz University,Living Cost,"$10,840",https://livingcost.org/cost/saudi-arabia/jeddah,secondary,2026-10-04,"City: Jeddah (location from Wikidata). livingcost.org (updated June 21, 2026): one-person monthly cost without rent $627 + one room in a shared flat = (cheap 3-bedroom apartment $732 + family utility bill $96) / 3 = $276; total $903/month x12"
Indian Institute of Technology Delhi (IITD),Living Cost,"$4,620",https://livingcost.org/cost/india/hr/delhi,secondary,2026-10-04,"City: Delhi (location from Wikidata). livingcost.org (updated June 21, 2026): one-person monthly cost without rent $287 + one room in a shared flat = (cheap 3-bedroom apartment $248 + family utility bill $47) / 3 = $98; total $385/month x12"
Sichuan University,Living Cost,"$6,420",https://livingcost.org/cost/china/chengdu,secondary,2026-10-04,"City: Chengdu (location from Wikidata). livingcost.org (updated June 21, 2026): one-person monthly cost without rent $390 + one room in a shared flat = (cheap 3-bedroom apartment $386 + family utility bill $49) / 3 = $145; total $535/month x12"
Universitat de Barcelona,Living Cost,"$17,500",https://livingcost.org/cost/spain/barcelona,secondary,2026-10-04,"City: Barcelona (location from Wikidata). livingcost.org (updated June 21, 2026): one-person monthly cost without rent $821 + one room in a shared flat = (cheap 3-bedroom apartment $1,738 + family utility bill $173) / 3 = $637; total $1,458/month x12"
Université Paris Cité,Living Cost,"$21,620",https://livingcost.org/cost/france/idf/paris,secondary,2026-10-04,"City: Paris (location from Wikidata). livingcost.org (updated June 21, 2026): one-person monthly cost without rent $1,028 + one room in a shared flat = (cheap 3-bedroom apartment $2,070 + family utility bill $252) / 3 = $774; total $1,802/month x12"
University of Arizona,Living Cost,"$21,200",https://collegescorecard.ed.gov/school/?104179-University-of-Arizona,government,2026-10-04,"City: Tucson. College Scorecard (US Dept of Education) on-campus room and board $16,746 + other expenses $4,450 per year"
University of Geneva,Living Cost,"$31,430",https://livingcost.org/cost/switzerland/geneva,secondary,2026-10-04,"City: Geneva (location from Wikidata). livingcost.org (updated June 21, 2026): one-person monthly cost without rent $1,402 + one room in a shared flat = (cheap 3-bedroom apartment $3,406 + family utility bill $245) / 3 = $1,217; total $2,619/month x12"
Huazhong University of Science and Technology,Living Cost,"$6,370",https://livingcost.org/cost/china/wuhan,secondary,2026-10-04,"City: Wuhan (location from Wikidata). livingcost.org (updated June 21, 2026): one-person monthly cost without rent $402 + one room in a shared flat = (cheap 3-bedroom apartment $337 + family utility bill $49) / 3 = $129; total $531/month x12"
University of Cologne,Living Cost,"$17,410",https://livingcost.org/cost/germany/nw/cologne,secondary,2026-10-04,"City: Cologne (location from Wikidata). livingcost.org (updated June 21, 2026): one-person monthly cost without rent $892 + one room in a shared flat = (cheap 3-bedroom apartment $1,445 + family utility bill $231) / 3 = $559; total $1,451/month x12"
Dartmouth College,Living Cost,"$22,040",https://collegescorecard.ed.gov/school/?182670-Dartmouth-College,government,2026-10-04,"City: Hanover. College Scorecard (US Dept of Education) on-campus room and board $19,999 + other expenses $2,040 per year"
University of Antwerp,Living Cost,"$16,530",https://livingcost.org/cost/belgium/antwerp,secondary,2026-10-04,"City: Antwerp (location from Wikidata). livingcost.org (updated June 21, 2026): one-person monthly cost without rent $905 + one room in a shared flat = (cheap 3-bedroom apartment $1,217 + family utility bill $201) / 3 = $473; total $1,378/month x12"
Hanyang University,Living Cost,"$11,940",https://livingcost.org/cost/south-korea/seoul,secondary,2026-10-04,"City: Seoul (location from Wikidata). livingcost.org (updated June 21, 2026): one-person monthly cost without rent $672 + one room in a shared flat = (cheap 3-bedroom apartment $818 + family utility bill $152) / 3 = $323; total $995/month x12"
Al-Farabi Kazakh National University,Living Cost,"$9,160",https://livingcost.org/cost/kazakhstan/almaty,secondary,2026-10-04,"City: Almaty (location from Wikidata). livingcost.org (updated June 21, 2026): one-person monthly cost without rent $483 + one room in a shared flat = (cheap 3-bedroom apartment $768 + family utility bill $72) / 3 = $280; total $763/month x12"
Case Western Reserve University,Living Cost,"$20,760",https://collegescorecard.ed.gov/school/?201645-Case-Western-Reserve-University,government,2026-10-04,"City: Cleveland. College Scorecard (US Dept of Education) on-campus room and board $18,762 + other expenses $2,000 per year"
Complutense University of Madrid,Living Cost,"$17,900",https://livingcost.org/cost/spain/madrid,secondary,2026-10-04,"City: Madrid (location from Wikidata). livingcost.org (updated June 21, 2026): one-person monthly cost without rent $858 + one room in a shared flat = (cheap 3-bedroom apartment $1,735 + family utility bill $165) / 3 = $633; total $1,491/month x12"
Wuhan University,Living Cost,"$6,370",https://livingcost.org/cost/china/wuhan,secondary,2026-10-04,"City: Wuhan (location from Wikidata). livingcost.org (updated June 21, 2026): one-person monthly cost without rent $402 + one room in a shared flat = (cheap 3-bedroom apartment $337 + family utility bill $49) / 3 = $129; total $531/month x12"
University of Liverpool,Living Cost,"$17,330",https://livingcost.org/cost/united-kingdom/eng/liverpool,secondary,2026-10-04,"City: Liverpool (location from Wikidata). livingcost.org (updated June 21, 2026): one-person monthly cost without rent $918 + one room in a shared flat = (cheap 3-bedroom apartment $1,293 + family utility bill $285) / 3 = $526; total $1,444/month x12"
University of Virginia (Main campus),Living Cost,"$18,520",https://collegescorecard.ed.gov/school/?234076-University-of-Virginia-Main-Campus,government,2026-10-04,"City: Charlottesville. College Scorecard (US Dept of Education) on-campus room and board $14,800 + other expenses $3,720 per year"
Kyushu University,Living Cost,"$9,470",https://livingcost.org/cost/japan/fukuoka,secondary,2026-10-04,"City: Fukuoka (location from Wikidata). livingcost.org (updated June 21, 2026): one-person monthly cost without rent $592 + one room in a shared flat = (cheap 3-bedroom apartment $499 + family utility bill $92) / 3 = $197; total $789/month x12"
University of Cape Town,Living Cost,"$12,080",https://livingcost.org/cost/south-africa/cape-town,secondary,2026-10-04,"City: Cape Town (location from Wikidata). livingcost.org (updated June 21, 2026): one-person monthly cost without rent $611 + one room in a shared flat = (cheap 3-bedroom apartment $1,075 + family utility bill $112) / 3 = $396; total $1,007/month x12"
University of Wollongong,Living Cost,"$15,090",https://livingcost.org/cost/australia/wollongong,secondary,2026-10-04,"City: Wollongong (location from Wikidata). livingcost.org (updated June 21, 2026): one-person monthly cost without rent $737 + one room in a shared flat = (cheap 3-bedroom apartment $1,393 + family utility bill $168) / 3 = $520; total $1,257/month x12"
Harbin Institute of Technology,Living Cost,"$6,790",https://livingcost.org/cost/china/harbin,secondary,2026-10-04,"City: Harbin (location from Wikidata). livingcost.org (updated June 21, 2026): one-person monthly cost without rent $382 + one room in a shared flat = (cheap 3-bedroom apartment $482 + family utility bill $70) / 3 = $184; total $566/month x12"
Université Catholique de Louvain,Living Cost,"$16,840",https://livingcost.org/cost/belgium/leuven,secondary,2026-10-04,"City: Leuven (location from Wikidata). livingcost.org (updated June 21, 2026): one-person monthly cost without rent $778 + one room in a shared flat = (cheap 3-bedroom apartment $1,677 + family utility bill $199) / 3 = $625; total $1,403/month x12"
University of Reading,Living Cost,"$20,960",https://livingcost.org/cost/united-kingdom/eng/reading,secondary,2026-10-04,"City: Reading (location from Wikidata). livingcost.org (updated June 21, 2026): one-person monthly cost without rent $894 + one room in a shared flat = (cheap 3-bedroom apartment $2,293 + family utility bill $266) / 3 = $853; total $1,747/month x12"
Curtin University,Living Cost,"$14,420",https://livingcost.org/cost/australia/kalgoorlie,secondary,2026-10-04,"City: Kalgoorlie (location from Wikidata). livingcost.org (updated June 21, 2026): one-person monthly cost without rent $831 + one room in a shared flat = (cheap 3-bedroom apartment $813 + family utility bill $300) / 3 = $371; total $1,202/month x12"
Beijing Normal University,Living Cost,"$9,360",https://livingcost.org/cost/china/beijing,secondary,2026-10-04,"City: Beijing (location from Wikidata). livingcost.org (updated June 21, 2026): one-person monthly cost without rent $460 + one room in a shared flat = (cheap 3-bedroom apartment $909 + family utility bill $50) / 3 = $320; total $780/month x12"
University of Ottawa,Living Cost,"$18,160",https://livingcost.org/cost/canada/on/ottawa,secondary,2026-10-04,"City: Ottawa (location from Wikidata). livingcost.org (updated June 21, 2026): one-person monthly cost without rent $874 + one room in a shared flat = (cheap 3-bedroom apartment $1,775 + family utility bill $142) / 3 = $639; total $1,513/month x12"
Universidad de los Andes,Living Cost,"$10,340",https://livingcost.org/cost/colombia/bogota,secondary,2026-10-04,"City: Bogota (location from Wikidata). livingcost.org (updated June 21, 2026): one-person monthly cost without rent $606 + one room in a shared flat = (cheap 3-bedroom apartment $668 + family utility bill $100) / 3 = $256; total $862/month x12"
Waseda University,Living Cost,"$15,130",https://livingcost.org/cost/japan/tokyo,secondary,2026-10-04,"City: Tokyo (location from Wikidata). livingcost.org (updated June 21, 2026): one-person monthly cost without rent $866 + one room in a shared flat = (cheap 3-bedroom apartment $1,045 + family utility bill $140) / 3 = $395; total $1,261/month x12"
Arizona State University (Tempe),Living Cost,"$20,630",https://collegescorecard.ed.gov/school/?104151-Arizona-State-University-Campus-Immersion,government,2026-10-04,"City: Tempe. College Scorecard (US Dept of Education) on-campus room and board $16,712 + other expenses $3,920 per year"
Hamad Bin Khalifa University,Living Cost,"$16,540",https://livingcost.org/cost/qatar/doha,secondary,2026-10-04,"City: Doha (location from Wikidata). livingcost.org (updated June 21, 2026): one-person monthly cost without rent $676 + one room in a shared flat = (cheap 3-bedroom apartment $2,017 + family utility bill $89) / 3 = $702; total $1,378/month x12"
University of Twente,Living Cost,"$18,500",https://livingcost.org/cost/netherlands/enschede,secondary,2026-10-04,"City: Enschede (location from Wikidata). livingcost.org (updated June 21, 2026): one-person monthly cost without rent $881 + one room in a shared flat = (cheap 3-bedroom apartment $1,724 + family utility bill $257) / 3 = $660; total $1,541/month x12"
Tecnológico de Monterrey,Living Cost,"$9,990",https://livingcost.org/cost/mexico/puebla,secondary,2026-10-04,"City: Puebla (location from Wikidata). livingcost.org (updated June 21, 2026): one-person monthly cost without rent $655 + one room in a shared flat = (cheap 3-bedroom apartment $470 + family utility bill $61) / 3 = $177; total $832/month x12"
Tongji University,Living Cost,"$10,130",https://livingcost.org/cost/china/shanghai,secondary,2026-10-04,"City: Shanghai (location from Wikidata). livingcost.org (updated June 21, 2026): one-person monthly cost without rent $512 + one room in a shared flat = (cheap 3-bedroom apartment $937 + family utility bill $59) / 3 = $332; total $844/month x12"
Cardiff University,Living Cost,"$17,310",https://livingcost.org/cost/united-kingdom/wls/cardiff,secondary,2026-10-04,"City: Cardiff (location from Wikidata). livingcost.org (updated June 21, 2026): one-person monthly cost without rent $832 + one room in a shared flat = (cheap 3-bedroom apartment $1,536 + family utility bill $296) / 3 = $611; total $1,443/month x12"
Georgetown University,Living Cost,"$23,350",https://collegescorecard.ed.gov/school/?131496-Georgetown-University,government,2026-10-04,"City: Washington. College Scorecard (US Dept of Education) on-campus room and board $20,596 + other expenses $2,750 per year"
University of Mannheim,Living Cost,"$16,000",https://livingcost.org/cost/germany/bw/mannheim,secondary,2026-10-04,"City: Mannheim (location from Wikidata). livingcost.org (updated June 21, 2026): one-person monthly cost without rent $843 + one room in a shared flat = (cheap 3-bedroom apartment $1,195 + family utility bill $276) / 3 = $490; total $1,333/month x12"
École Normale Supérieure de Lyon,Living Cost,"$16,230",https://livingcost.org/cost/france/ara/lyon,secondary,2026-10-04,"City: Lyon (location from Wikidata). livingcost.org (updated June 21, 2026): one-person monthly cost without rent $900 + one room in a shared flat = (cheap 3-bedroom apartment $1,118 + family utility bill $239) / 3 = $452; total $1,352/month x12"
Keio University,Living Cost,"$15,130",https://livingcost.org/cost/japan/tokyo,secondary,2026-10-04,"City: Tokyo (location from Wikidata). livingcost.org (updated June 21, 2026): one-person monthly cost without rent $866 + one room in a shared flat = (cheap 3-bedroom apartment $1,045 + family utility bill $140) / 3 = $395; total $1,261/month x12"
Technische Universität Wien,Living Cost,"$20,520",https://livingcost.org/cost/austria/vienna,secondary,2026-10-04,"City: Vienna (location from Wikidata). livingcost.org (updated June 21, 2026): one-person monthly cost without rent $1,083 + one room in a shared flat = (cheap 3-bedroom apartment $1,556 + family utility bill $326) / 3 = $627; total $1,710/month x12"
Tufts University,Living Cost,"$20,380",https://collegescorecard.ed.gov/school/?168148-Tufts-University,government,2026-10-04,"City: Medford. College Scorecard (US Dept of Education) on-campus room and board $18,588 + other expenses $1,796 per year"
Queen's University at Kingston,Living Cost,"$11,860",https://livingcost.org/cost/canada/on/kingston,secondary,2026-10-04,"City: Kingston (location from Wikidata). livingcost.org (updated June 21, 2026): one-person monthly cost without rent $618 + one room in a shared flat = (cheap 3-bedroom apartment $962 + family utility bill $150) / 3 = $371; total $989/month x12"
Ulm University,Living Cost,"$15,190",https://livingcost.org/cost/germany/bw/ulm,secondary,2026-10-04,"City: Ulm (location from Wikidata). livingcost.org (updated June 21, 2026): one-person monthly cost without rent $786 + one room in a shared flat = (cheap 3-bedroom apartment $1,267 + family utility bill $173) / 3 = $480; total $1,266/month x12"
University of Macau,Living Cost,"$14,090",https://livingcost.org/cost/china/macau,secondary,2026-10-04,"City: Macau (location from Wikidata). livingcost.org (updated June 21, 2026): one-person monthly cost without rent $681 + one room in a shared flat = (cheap 3-bedroom apartment $1,370 + family utility bill $110) / 3 = $493; total $1,174/month x12"
University of Gothenburg,Living Cost,"$17,400",https://livingcost.org/cost/sweden/gothenburg,secondary,2026-10-04,"City: Gothenburg (location from Wikidata). livingcost.org (updated June 21, 2026): one-person monthly cost without rent $930 + one room in a shared flat = (cheap 3-bedroom apartment $1,459 + family utility bill $102) / 3 = $520; total $1,450/month x12"
Deakin University,Living Cost,"$22,660",https://livingcost.org/cost/australia/melbourne,secondary,2026-10-04,"City: Melbourne (location from Wikidata). livingcost.org (updated June 21, 2026): one-person monthly cost without rent $1,129 + one room in a shared flat = (cheap 3-bedroom apartment $2,092 + family utility bill $186) / 3 = $759; total $1,888/month x12"
Indiana University,Living Cost,"$17,210",https://collegescorecard.ed.gov/school/?151351-Indiana-University-Bloomington,government,2026-10-04,"City: Bloomington. College Scorecard (US Dept of Education) on-campus room and board $13,984 + other expenses $3,224 per year"
Universidad Autónoma de Madrid,Living Cost,"$17,900",https://livingcost.org/cost/spain/madrid,secondary,2026-10-04,"City: Madrid (location from Wikidata). livingcost.org (updated June 21, 2026): one-person monthly cost without rent $858 + one room in a shared flat = (cheap 3-bedroom apartment $1,735 + family utility bill $165) / 3 = $633; total $1,491/month x12"
University of Calgary,Living Cost,"$17,980",https://livingcost.org/cost/canada/ab/calgary,secondary,2026-10-04,"City: Calgary (location from Wikidata). livingcost.org (updated June 21, 2026): one-person monthly cost without rent $915 + one room in a shared flat = (cheap 3-bedroom apartment $1,549 + family utility bill $200) / 3 = $583; total $1,498/month x12"
Queensland University of Technology,Living Cost,"$19,780",https://livingcost.org/cost/australia/brisbane,secondary,2026-10-04,"City: Brisbane (location from Wikidata). livingcost.org (updated June 21, 2026): one-person monthly cost without rent $884 + one room in a shared flat = (cheap 3-bedroom apartment $2,142 + family utility bill $151) / 3 = $764; total $1,648/month x12"
Ulsan National Institute of Science and Technology (UNIST),Living Cost,"$9,150",https://livingcost.org/cost/south-korea/ulsan,secondary,2026-10-04,"City: Ulsan (location from Wikidata). livingcost.org (updated June 21, 2026): one-person monthly cost without rent $562 + one room in a shared flat = (cheap 3-bedroom apartment $477 + family utility bill $125) / 3 = $201; total $763/month x12"
University of Notre Dame,Living Cost,"$19,850",https://collegescorecard.ed.gov/school/?152080-University-of-Notre-Dame,government,2026-10-04,"City: Notre Dame. College Scorecard (US Dept of Education) on-campus room and board $17,900 + other expenses $1,950 per year"
King Saud University,Living Cost,"$13,360",https://livingcost.org/cost/saudi-arabia/riyadh,secondary,2026-10-04,"City: Riyadh (location from Wikidata). livingcost.org (updated June 21, 2026): one-person monthly cost without rent $692 + one room in a shared flat = (cheap 3-bedroom apartment $1,176 + family utility bill $88) / 3 = $421; total $1,113/month x12"
Aalborg University,Living Cost,"$17,350",https://livingcost.org/cost/denmark/aalborg,secondary,2026-10-04,"City: Aalborg (location from Wikidata). livingcost.org (updated June 21, 2026): one-person monthly cost without rent $983 + one room in a shared flat = (cheap 3-bedroom apartment $1,175 + family utility bill $213) / 3 = $463; total $1,446/month x12"
Abu Dhabi University,Living Cost,"$17,140",https://livingcost.org/cost/united-arab-emirates/abu-dhabi,secondary,2026-10-04,"City: Abu Dhabi (location from Wikidata). livingcost.org (updated June 21, 2026): one-person monthly cost without rent $645 + one room in a shared flat = (cheap 3-bedroom apartment $2,202 + family utility bill $149) / 3 = $784; total $1,429/month x12"
George Washington University,Living Cost,"$18,620",https://collegescorecard.ed.gov/school/?131469-George-Washington-University,government,2026-10-04,"City: Washington. College Scorecard (US Dept of Education) on-campus room and board $16,920 + other expenses $1,700 per year"
Medical University of Vienna,Living Cost,"$20,520",https://livingcost.org/cost/austria/vienna,secondary,2026-10-04,"City: Vienna (location from Wikidata). livingcost.org (updated June 21, 2026): one-person monthly cost without rent $1,083 + one room in a shared flat = (cheap 3-bedroom apartment $1,556 + family utility bill $326) / 3 = $627; total $1,710/month x12"
"Northeastern University, US",Living Cost,"$21,380",https://collegescorecard.ed.gov/school/?167358-Northeastern-University,government,2026-10-04,"City: Boston. College Scorecard (US Dept of Education) on-campus room and board $19,580 + other expenses $1,800 per year"
Queen’s University Belfast,Living Cost,"$15,780",https://livingcost.org/cost/united-kingdom/nir/belfast,secondary,2026-10-04,"City: Belfast (location from Wikidata). livingcost.org (updated June 21, 2026): one-person monthly cost without rent $842 + one room in a shared flat = (cheap 3-bedroom apartment $1,233 + family utility bill $187) / 3 = $473; total $1,315/month x12"
Rutgers University – New Brunswick,Living Cost,"$20,170",https://collegescorecard.ed.gov/school/?186380-Rutgers-University-New-Brunswick,government,2026-10-04,"City: New Brunswick. College Scorecard (US Dept of Education) on-campus room and board $15,714 + other expenses $4,458 per year"
Sun Yat-sen University,Living Cost,"$7,280",https://livingcost.org/cost/china/guangzhou,secondary,2026-10-04,"City: Guangzhou (location from Wikidata). livingcost.org (updated June 21, 2026): one-person monthly cost without rent $443 + one room in a shared flat = (cheap 3-bedroom apartment $437 + family utility bill $54) / 3 = $164; total $607/month x12"
Tel Aviv University,Living Cost,"$25,830",https://livingcost.org/cost/israel/tel-aviv,secondary,2026-10-04,"City: Tel Aviv (location from Wikidata). livingcost.org (updated June 21, 2026): one-person monthly cost without rent $1,214 + one room in a shared flat = (cheap 3-bedroom apartment $2,528 + family utility bill $288) / 3 = $939; total $2,153/month x12"
Tianjin University,Living Cost,"$6,650",https://livingcost.org/cost/china/tianjin,secondary,2026-10-04,"City: Tianjin (location from Wikidata). livingcost.org (updated June 21, 2026): one-person monthly cost without rent $411 + one room in a shared flat = (cheap 3-bedroom apartment $368 + family utility bill $63) / 3 = $144; total $555/month x12"
Universitat Pompeu Fabra (Barcelona),Living Cost,"$17,500",https://livingcost.org/cost/spain/barcelona,secondary,2026-10-04,"City: Barcelona (location from Wikidata). livingcost.org (updated June 21, 2026): one-person monthly cost without rent $821 + one room in a shared flat = (cheap 3-bedroom apartment $1,738 + family utility bill $173) / 3 = $637; total $1,458/month x12"
University of Aberdeen,Living Cost,"$16,700",https://livingcost.org/cost/united-kingdom/sct/aberdeen,secondary,2026-10-04,"City: Aberdeen (location from Wikidata). livingcost.org (updated June 21, 2026): one-person monthly cost without rent $863 + one room in a shared flat = (cheap 3-bedroom apartment $1,341 + family utility bill $245) / 3 = $529; total $1,392/month x12"
"University of California, Santa Cruz",Living Cost,"$26,850",https://collegescorecard.ed.gov/school/?110714-University-of-California-Santa-Cruz,government,2026-10-04,"City: Santa Cruz. College Scorecard (US Dept of Education) on-campus room and board $19,948 + other expenses $6,902 per year"
University of Hawai’i at Mānoa,Living Cost,"$18,770",https://collegescorecard.ed.gov/school/?141574-University-of-Hawaii-at-Manoa,government,2026-10-04,"City: Honolulu. College Scorecard (US Dept of Education) on-campus room and board $14,658 + other expenses $4,112 per year"
University of Illinois Chicago,Living Cost,"$22,530",https://collegescorecard.ed.gov/school/?145600-University-of-Illinois-Chicago,government,2026-10-04,"City: Chicago. College Scorecard (US Dept of Education) on-campus room and board $16,500 + other expenses $6,026 per year"
University of Iowa,Living Cost,"$16,990",https://collegescorecard.ed.gov/school/?153658-University-of-Iowa,government,2026-10-04,"City: Iowa City. College Scorecard (US Dept of Education) on-campus room and board $12,920 + other expenses $4,066 per year"
University of Leicester,Living Cost,"$14,460",https://livingcost.org/cost/united-kingdom/eng/leicester,secondary,2026-10-04,"City: Leicester (location from Wikidata). livingcost.org (updated June 21, 2026): one-person monthly cost without rent $742 + one room in a shared flat = (cheap 3-bedroom apartment $1,131 + family utility bill $257) / 3 = $463; total $1,205/month x12"
University of Luxembourg,Living Cost,"$22,260",https://livingcost.org/cost/luxembourg/esch-sur-alzette,secondary,2026-10-04,"City: Esch-sur-Alzette (location from Wikidata). livingcost.org (updated June 21, 2026): one-person monthly cost without rent $914 + one room in a shared flat = (cheap 3-bedroom apartment $2,564 + family utility bill $259) / 3 = $941; total $1,855/month x12"
University of Miami,Living Cost,"$30,010",https://collegescorecard.ed.gov/school/?135726-University-of-Miami,government,2026-10-04,"City: Coral Gables. College Scorecard (US Dept of Education) on-campus room and board $23,790 + other expenses $6,220 per year"
University of Potsdam,Living Cost,"$16,380",https://livingcost.org/cost/germany/bb/potsdam,secondary,2026-10-04,"City: Potsdam (location from Wikidata). livingcost.org (updated June 21, 2026): one-person monthly cost without rent $840 + one room in a shared flat = (cheap 3-bedroom apartment $1,269 + family utility bill $306) / 3 = $525; total $1,365/month x12"
University of Utah,Living Cost,"$23,020",https://collegescorecard.ed.gov/school/?230764-University-of-Utah,government,2026-10-04,"City: Salt Lake City. College Scorecard (US Dept of Education) on-campus room and board $13,315 + other expenses $9,700 per year"
Université Libre de Bruxelles,Living Cost,"$17,840",https://livingcost.org/cost/belgium/brussels,secondary,2026-10-04,"City: Brussels (location from Wikidata). livingcost.org (updated June 21, 2026): one-person monthly cost without rent $864 + one room in a shared flat = (cheap 3-bedroom apartment $1,605 + family utility bill $262) / 3 = $622; total $1,486/month x12"
University of Minnesota Twin Cities,Living Cost,"$16,210",https://collegescorecard.ed.gov/school/?174066-University-of-Minnesota-Twin-Cities,government,2026-10-04,"City: Minneapolis. College Scorecard (US Dept of Education) on-campus room and board $13,856 + other expenses $2,350 per year"
University of Indonesia,Living Cost,"$3,740",https://livingcost.org/cost/indonesia/depok,secondary,2026-10-04,"City: Depok (location from Wikidata). livingcost.org (updated June 21, 2026): one-person monthly cost without rent $273 + one room in a shared flat = (cheap 3-bedroom apartment $84 + family utility bill $32) / 3 = $39; total $312/month x12"
Albert-Ludwigs-Universitaet Freiburg,Living Cost,"$15,660",https://livingcost.org/cost/germany/bw/freiburg-im-breisgau,secondary,2026-10-04,"City: Freiburg im Breisgau (location from Wikidata). livingcost.org (updated June 21, 2026): one-person monthly cost without rent $811 + one room in a shared flat = (cheap 3-bedroom apartment $1,237 + family utility bill $246) / 3 = $494; total $1,305/month x12"
University of Otago,Living Cost,"$12,920",https://livingcost.org/cost/new-zealand/dunedin,secondary,2026-10-04,"City: Dunedin (location from Wikidata). livingcost.org (updated June 21, 2026): one-person monthly cost without rent $683 + one room in a shared flat = (cheap 3-bedroom apartment $1,075 + family utility bill $106) / 3 = $394; total $1,077/month x12"
National Cheng Kung University (NCKU),Living Cost,"$9,600",https://livingcost.org/cost/taiwan/tainan,secondary,2026-10-04,"City: Tainan (location from Wikidata). livingcost.org (updated June 21, 2026): one-person monthly cost without rent $666 + one room in a shared flat = (cheap 3-bedroom apartment $319 + family utility bill $84) / 3 = $134; total $800/month x12"
Universidad Nacional de Colombia,Living Cost,"$10,340",https://livingcost.org/cost/colombia/bogota,secondary,2026-10-04,"City: Bogota (location from Wikidata). livingcost.org (updated June 21, 2026): one-person monthly cost without rent $606 + one room in a shared flat = (cheap 3-bedroom apartment $668 + family utility bill $100) / 3 = $256; total $862/month x12"
Indian Institute of Technology Kharagpur (IIT-KGP),Living Cost,"$2,700",https://livingcost.org/cost/india/wb/kharagpur,secondary,2026-10-04,"City: Kharagpur (location from Wikidata). livingcost.org (updated June 21, 2026): one-person monthly cost without rent $179 + one room in a shared flat = (cheap 3-bedroom apartment $100 + family utility bill $38) / 3 = $46; total $225/month x12"
Friedrich-Alexander-Universität Erlangen-Nürnberg,Living Cost,"$15,140",https://livingcost.org/cost/germany/by/erlangen,secondary,2026-10-04,"City: Erlangen (location from Wikidata). livingcost.org (updated June 21, 2026): one-person monthly cost without rent $792 + one room in a shared flat = (cheap 3-bedroom apartment $1,118 + family utility bill $290) / 3 = $469; total $1,261/month x12"
Rheinische Friedrich-Wilhelms-Universität Bonn,Living Cost,"$17,500",https://livingcost.org/cost/germany/nw/bonn,secondary,2026-10-04,"City: Bonn (location from Wikidata). livingcost.org (updated June 21, 2026): one-person monthly cost without rent $849 + one room in a shared flat = (cheap 3-bedroom apartment $1,509 + family utility bill $318) / 3 = $609; total $1,458/month x12"
Chulalongkorn University,Living Cost,"$9,210",https://livingcost.org/cost/thailand/bangkok,secondary,2026-10-04,"City: Bangkok (location from Wikidata). livingcost.org (updated June 21, 2026): one-person monthly cost without rent $562 + one room in a shared flat = (cheap 3-bedroom apartment $525 + family utility bill $92) / 3 = $206; total $768/month x12"
Universidade Estadual de Campinas (Unicamp),Living Cost,"$8,450",https://livingcost.org/cost/brazil/campinas,secondary,2026-10-04,"City: Campinas (location from Wikidata). livingcost.org (updated June 21, 2026): one-person monthly cost without rent $504 + one room in a shared flat = (cheap 3-bedroom apartment $531 + family utility bill $70) / 3 = $200; total $704/month x12"
Technische Universität Dresden,Living Cost,"$13,620",https://livingcost.org/cost/germany/sn/dresden,secondary,2026-10-04,"City: Dresden (location from Wikidata). livingcost.org (updated June 21, 2026): one-person monthly cost without rent $810 + one room in a shared flat = (cheap 3-bedroom apartment $764 + family utility bill $210) / 3 = $325; total $1,135/month x12"
University of Waikato,Living Cost,"$12,710",https://livingcost.org/cost/new-zealand/hamilton,secondary,2026-10-04,"City: Hamilton (location from Wikidata). livingcost.org (updated June 21, 2026): one-person monthly cost without rent $664 + one room in a shared flat = (cheap 3-bedroom apartment $1,104 + family utility bill $82) / 3 = $395; total $1,059/month x12"
Università di Padova,Living Cost,"$16,720",https://livingcost.org/cost/italy/ve/padua,secondary,2026-10-04,"City: Padua (location from Wikidata). livingcost.org (updated June 21, 2026): one-person monthly cost without rent $870 + one room in a shared flat = (cheap 3-bedroom apartment $1,313 + family utility bill $256) / 3 = $523; total $1,393/month x12"
Massey University,Living Cost,"$12,620",https://livingcost.org/cost/new-zealand/palmerston-north,secondary,2026-10-04,"City: Palmerston North (location from Wikidata). livingcost.org (updated June 21, 2026): one-person monthly cost without rent $676 + one room in a shared flat = (cheap 3-bedroom apartment $1,039 + family utility bill $89) / 3 = $376; total $1,052/month x12"
Universitas Gadjah Mada,Living Cost,"$3,670",https://livingcost.org/cost/indonesia/yogyakarta,secondary,2026-10-04,"City: Yogyakarta (location from Wikidata). livingcost.org (updated June 21, 2026): one-person monthly cost without rent $243 + one room in a shared flat = (cheap 3-bedroom apartment $135 + family utility bill $55) / 3 = $63; total $306/month x12"
Technical University of Darmstadt,Living Cost,"$15,660",https://livingcost.org/cost/germany/he/darmstadt,secondary,2026-10-04,"City: Darmstadt (location from Wikidata). livingcost.org (updated June 21, 2026): one-person monthly cost without rent $781 + one room in a shared flat = (cheap 3-bedroom apartment $1,280 + family utility bill $292) / 3 = $524; total $1,305/month x12"
Victoria University of Wellington,Living Cost,"$16,080",https://livingcost.org/cost/new-zealand/wellington,secondary,2026-10-04,"City: Wellington (location from Wikidata). livingcost.org (updated June 21, 2026): one-person monthly cost without rent $759 + one room in a shared flat = (cheap 3-bedroom apartment $1,575 + family utility bill $169) / 3 = $581; total $1,340/month x12"
Charles University,Living Cost,"$16,000",https://livingcost.org/cost/czech-republic/prague,secondary,2026-10-04,"City: Prague (location from Wikidata). livingcost.org (updated June 21, 2026): one-person monthly cost without rent $717 + one room in a shared flat = (cheap 3-bedroom apartment $1,546 + family utility bill $304) / 3 = $617; total $1,334/month x12"
University of Navarra,Living Cost,"$13,340",https://livingcost.org/cost/spain/pamplona,secondary,2026-10-04,"City: Pamplona (location from Wikidata). livingcost.org (updated June 21, 2026): one-person monthly cost without rent $714 + one room in a shared flat = (cheap 3-bedroom apartment $1,040 + family utility bill $154) / 3 = $398; total $1,112/month x12"
American University of Beirut,Living Cost,"$13,360",https://livingcost.org/cost/lebanon/beirut,secondary,2026-10-04,"City: Beirut (location from Wikidata). livingcost.org (updated June 21, 2026): one-person monthly cost without rent $800 + one room in a shared flat = (cheap 3-bedroom apartment $743 + family utility bill $198) / 3 = $314; total $1,114/month x12"
Boston College,Living Cost,"$21,220",https://collegescorecard.ed.gov/school/?164924-Boston-College,government,2026-10-04,"City: Chestnut Hill. College Scorecard (US Dept of Education) on-campus room and board $18,916 + other expenses $2,300 per year"
Brandeis University,Living Cost,"$21,140",https://collegescorecard.ed.gov/school/?165015-Brandeis-University,government,2026-10-04,"City: Waltham. College Scorecard (US Dept of Education) on-campus room and board $19,944 + other expenses $1,200 per year"
Florida State University,Living Cost,"$18,540",https://collegescorecard.ed.gov/school/?134097-Florida-State-University,government,2026-10-04,"City: Tallahassee. College Scorecard (US Dept of Education) on-campus room and board $13,474 + other expenses $5,070 per year"
Johannes Gutenberg University of Mainz,Living Cost,"$15,630",https://livingcost.org/cost/germany/rp/mainz,secondary,2026-10-04,"City: Mainz (location from Wikidata). livingcost.org (updated June 21, 2026): one-person monthly cost without rent $838 + one room in a shared flat = (cheap 3-bedroom apartment $1,152 + family utility bill $242) / 3 = $465; total $1,303/month x12"
Khalifa University,Living Cost,"$17,140",https://livingcost.org/cost/united-arab-emirates/abu-dhabi,secondary,2026-10-04,"City: Abu Dhabi (location from Wikidata). livingcost.org (updated June 21, 2026): one-person monthly cost without rent $645 + one room in a shared flat = (cheap 3-bedroom apartment $2,202 + family utility bill $149) / 3 = $784; total $1,429/month x12"
Lappeenranta-Lahti University of Technology LUT,Living Cost,"$14,330",https://livingcost.org/cost/finland/lahti,secondary,2026-10-04,"City: Lahti (location from Wikidata). livingcost.org (updated June 21, 2026): one-person monthly cost without rent $804 + one room in a shared flat = (cheap 3-bedroom apartment $926 + family utility bill $245) / 3 = $390; total $1,194/month x12"
Linköping University,Living Cost,"$14,290",https://livingcost.org/cost/sweden/linkoping,secondary,2026-10-04,"City: Linkoping (location from Wikidata). livingcost.org (updated June 21, 2026): one-person monthly cost without rent $825 + one room in a shared flat = (cheap 3-bedroom apartment $985 + family utility bill $112) / 3 = $366; total $1,191/month x12"
Macau University of Science and Technology,Living Cost,"$14,090",https://livingcost.org/cost/china/macau,secondary,2026-10-04,"City: Macau (location from Wikidata). livingcost.org (updated June 21, 2026): one-person monthly cost without rent $681 + one room in a shared flat = (cheap 3-bedroom apartment $1,370 + family utility bill $110) / 3 = $493; total $1,174/month x12"
Medical University of Innsbruck,Living Cost,"$16,880",https://livingcost.org/cost/austria/innsbruck,secondary,2026-10-04,"City: Innsbruck (location from Wikidata). livingcost.org (updated June 21, 2026): one-person monthly cost without rent $827 + one room in a shared flat = (cheap 3-bedroom apartment $1,543 + family utility bill $196) / 3 = $580; total $1,407/month x12"
Nankai University,Living Cost,"$6,650",https://livingcost.org/cost/china/tianjin,secondary,2026-10-04,"City: Tianjin (location from Wikidata). livingcost.org (updated June 21, 2026): one-person monthly cost without rent $411 + one room in a shared flat = (cheap 3-bedroom apartment $368 + family utility bill $63) / 3 = $144; total $555/month x12"
North Carolina State University,Living Cost,"$17,560",https://collegescorecard.ed.gov/school/?199193-North-Carolina-State-University-at-Raleigh,government,2026-10-04,"City: Raleigh. College Scorecard (US Dept of Education) on-campus room and board $14,332 + other expenses $3,230 per year"
RCSI University of Medicine and Health Sciences,Living Cost,"$24,880",https://livingcost.org/cost/ireland/dublin,secondary,2026-10-04,"City: Dublin (location from Wikidata). livingcost.org (updated June 21, 2026): one-person monthly cost without rent $996 + one room in a shared flat = (cheap 3-bedroom apartment $2,979 + family utility bill $252) / 3 = $1,077; total $2,073/month x12"
Ruhr University Bochum,Living Cost,"$14,310",https://livingcost.org/cost/germany/nw/bochum,secondary,2026-10-04,"City: Bochum (location from Wikidata). livingcost.org (updated June 21, 2026): one-person monthly cost without rent $853 + one room in a shared flat = (cheap 3-bedroom apartment $772 + family utility bill $247) / 3 = $340; total $1,193/month x12"
Sejong University,Living Cost,"$11,940",https://livingcost.org/cost/south-korea/seoul,secondary,2026-10-04,"City: Seoul (location from Wikidata). livingcost.org (updated June 21, 2026): one-person monthly cost without rent $672 + one room in a shared flat = (cheap 3-bedroom apartment $818 + family utility bill $152) / 3 = $323; total $995/month x12"
Semmelweis University,Living Cost,"$14,560",https://livingcost.org/cost/hungary/budapest,secondary,2026-10-04,"City: Budapest (location from Wikidata). livingcost.org (updated June 21, 2026): one-person monthly cost without rent $770 + one room in a shared flat = (cheap 3-bedroom apartment $1,160 + family utility bill $170) / 3 = $443; total $1,213/month x12"
Simon Fraser University,Living Cost,"$21,170",https://livingcost.org/cost/canada/bc/vancouver,secondary,2026-10-04,"City: Vancouver (location from Wikidata). livingcost.org (updated June 21, 2026): one-person monthly cost without rent $941 + one room in a shared flat = (cheap 3-bedroom apartment $2,377 + family utility bill $94) / 3 = $824; total $1,765/month x12"
South China University of Technology,Living Cost,"$7,280",https://livingcost.org/cost/china/guangzhou,secondary,2026-10-04,"City: Guangzhou (location from Wikidata). livingcost.org (updated June 21, 2026): one-person monthly cost without rent $443 + one room in a shared flat = (cheap 3-bedroom apartment $437 + family utility bill $54) / 3 = $164; total $607/month x12"
Swansea University,Living Cost,"$15,260",https://livingcost.org/cost/united-kingdom/wls/swansea,secondary,2026-10-04,"City: Swansea (location from Wikidata). livingcost.org (updated June 21, 2026): one-person monthly cost without rent $793 + one room in a shared flat = (cheap 3-bedroom apartment $1,155 + family utility bill $280) / 3 = $478; total $1,271/month x12"
Taylor's University,Living Cost,"$8,640",https://livingcost.org/cost/malaysia/kuala-lumpur,secondary,2026-10-04,"City: Kuala Lumpur (location from Wikidata). livingcost.org (updated June 21, 2026): one-person monthly cost without rent $509 + one room in a shared flat = (cheap 3-bedroom apartment $572 + family utility bill $60) / 3 = $211; total $720/month x12"
University of Bergen,Living Cost,"$21,070",https://livingcost.org/cost/norway/bergen,secondary,2026-10-04,"City: Bergen (location from Wikidata). livingcost.org (updated June 21, 2026): one-person monthly cost without rent $1,143 + one room in a shared flat = (cheap 3-bedroom apartment $1,584 + family utility bill $254) / 3 = $613; total $1,756/month x12"
"University of California, Riverside",Living Cost,"$26,420",https://collegescorecard.ed.gov/school/?110671-University-of-California-Riverside,government,2026-10-04,"City: Riverside. College Scorecard (US Dept of Education) on-campus room and board $20,691 + other expenses $5,730 per year"
University of East Anglia,Living Cost,"$18,550",https://livingcost.org/cost/united-kingdom/eng/norwich,secondary,2026-10-04,"City: Norwich (location from Wikidata). livingcost.org (updated June 21, 2026): one-person monthly cost without rent $906 + one room in a shared flat = (cheap 3-bedroom apartment $1,613 + family utility bill $307) / 3 = $640; total $1,546/month x12"
University of Hohenheim,Living Cost,"$18,080",https://livingcost.org/cost/germany/bw/stuttgart,secondary,2026-10-04,"City: Stuttgart (location from Wikidata). livingcost.org (updated June 21, 2026): one-person monthly cost without rent $929 + one room in a shared flat = (cheap 3-bedroom apartment $1,424 + family utility bill $308) / 3 = $577; total $1,506/month x12"
University of Oulu,Living Cost,"$15,840",https://livingcost.org/cost/finland/oulu,secondary,2026-10-04,"City: Oulu (location from Wikidata). livingcost.org (updated June 21, 2026): one-person monthly cost without rent $915 + one room in a shared flat = (cheap 3-bedroom apartment $1,099 + family utility bill $116) / 3 = $405; total $1,320/month x12"
University of South Florida,Living Cost,"$19,340",https://collegescorecard.ed.gov/school/?137351-University-of-South-Florida,government,2026-10-04,"City: Tampa. College Scorecard (US Dept of Education) on-campus room and board $14,440 + other expenses $4,896 per year"
University of Southern Denmark,Living Cost,"$17,680",https://livingcost.org/cost/denmark/odense,secondary,2026-10-04,"City: Odense (location from Wikidata). livingcost.org (updated June 21, 2026): one-person monthly cost without rent $986 + one room in a shared flat = (cheap 3-bedroom apartment $1,298 + family utility bill $163) / 3 = $487; total $1,473/month x12"
University of Stuttgart,Living Cost,"$18,080",https://livingcost.org/cost/germany/bw/stuttgart,secondary,2026-10-04,"City: Stuttgart (location from Wikidata). livingcost.org (updated June 21, 2026): one-person monthly cost without rent $929 + one room in a shared flat = (cheap 3-bedroom apartment $1,424 + family utility bill $308) / 3 = $577; total $1,506/month x12"
Virginia Polytechnic Institute and State University,Living Cost,"$21,040",https://collegescorecard.ed.gov/school/?233921-Virginia-Polytechnic-Institute-and-State-University,government,2026-10-04,"City: Blacksburg. College Scorecard (US Dept of Education) on-campus room and board $16,550 + other expenses $4,494 per year"
Vita-Salute San Raffaele University,Living Cost,"$20,650",https://livingcost.org/cost/italy/lo/milan,secondary,2026-10-04,"City: Milan (location from Wikidata). livingcost.org (updated June 21, 2026): one-person monthly cost without rent $1,015 + one room in a shared flat = (cheap 3-bedroom apartment $1,894 + family utility bill $224) / 3 = $706; total $1,721/month x12"
Xi’an Jiaotong University,Living Cost,"$5,770",https://livingcost.org/cost/china/xi-an,secondary,2026-10-04,"City: Xi'an (location from Wikidata). livingcost.org (updated June 21, 2026): one-person monthly cost without rent $367 + one room in a shared flat = (cheap 3-bedroom apartment $288 + family utility bill $54) / 3 = $114; total $481/month x12"
Hong Kong Baptist University,Living Cost,"$22,390",https://livingcost.org/cost/china/hong-kong,secondary,2026-10-04,"City: Hong Kong (location from Wikidata). livingcost.org (updated June 21, 2026): one-person monthly cost without rent $921 + one room in a shared flat = (cheap 3-bedroom apartment $2,621 + family utility bill $213) / 3 = $945; total $1,866/month x12"
Heriot-Watt University,Living Cost,"$20,060",https://livingcost.org/cost/united-kingdom/sct/edinburgh,secondary,2026-10-04,"City: Edinburgh (location from Wikidata). livingcost.org (updated June 21, 2026): one-person monthly cost without rent $935 + one room in a shared flat = (cheap 3-bedroom apartment $1,966 + family utility bill $245) / 3 = $737; total $1,672/month x12"
University of Warsaw,Living Cost,"$16,650",https://livingcost.org/cost/poland/warsaw,secondary,2026-10-04,"City: Warsaw (location from Wikidata). livingcost.org (updated June 21, 2026): one-person monthly cost without rent $751 + one room in a shared flat = (cheap 3-bedroom apartment $1,584 + family utility bill $325) / 3 = $636; total $1,387/month x12"
University of Lisbon,Living Cost,"$16,360",https://livingcost.org/cost/portugal/lisbon,secondary,2026-10-04,"City: Lisbon (location from Wikidata). livingcost.org (updated June 21, 2026): one-person monthly cost without rent $707 + one room in a shared flat = (cheap 3-bedroom apartment $1,788 + family utility bill $181) / 3 = $656; total $1,363/month x12"
United Arab Emirates University,Living Cost,"$11,630",https://livingcost.org/cost/united-arab-emirates/al-ain,secondary,2026-10-04,"City: Al Ain (location from Wikidata). livingcost.org (updated June 21, 2026): one-person monthly cost without rent $555 + one room in a shared flat = (cheap 3-bedroom apartment $1,126 + family utility bill $116) / 3 = $414; total $969/month x12"
University of Canterbury | Te Whare Wananga o Waitaha,Living Cost,"$14,260",https://livingcost.org/cost/new-zealand/christchurch,secondary,2026-10-04,"City: Christchurch (location from Wikidata). livingcost.org (updated June 21, 2026): one-person monthly cost without rent $706 + one room in a shared flat = (cheap 3-bedroom apartment $1,308 + family utility bill $138) / 3 = $482; total $1,188/month x12"
UCSI University,Living Cost,"$8,640",https://livingcost.org/cost/malaysia/kuala-lumpur,secondary,2026-10-04,"City: Kuala Lumpur (location from Wikidata). livingcost.org (updated June 21, 2026): one-person monthly cost without rent $509 + one room in a shared flat = (cheap 3-bedroom apartment $572 + family utility bill $60) / 3 = $211; total $720/month x12"
University of the Witwatersrand,Living Cost,"$11,260",https://livingcost.org/cost/south-africa/johannesburg,secondary,2026-10-04,"City: Johannesburg (location from Wikidata). livingcost.org (updated June 21, 2026): one-person monthly cost without rent $657 + one room in a shared flat = (cheap 3-bedroom apartment $679 + family utility bill $164) / 3 = $281; total $938/month x12"
Radboud University ,Living Cost,"$18,880",https://livingcost.org/cost/netherlands/nijmegen,secondary,2026-10-04,"City: Nijmegen (location from Wikidata). livingcost.org (updated June 21, 2026): one-person monthly cost without rent $909 + one room in a shared flat = (cheap 3-bedroom apartment $1,721 + family utility bill $272) / 3 = $664; total $1,573/month x12"
University College Cork,Living Cost,"$21,240",https://livingcost.org/cost/ireland/cork,secondary,2026-10-04,"City: Cork (location from Wikidata). livingcost.org (updated June 21, 2026): one-person monthly cost without rent $871 + one room in a shared flat = (cheap 3-bedroom apartment $2,457 + family utility bill $239) / 3 = $899; total $1,770/month x12"
University of Galway,Living Cost,"$22,850",https://livingcost.org/cost/ireland/galway,secondary,2026-10-04,"City: Galway (location from Wikidata). livingcost.org (updated June 21, 2026): one-person monthly cost without rent $880 + one room in a shared flat = (cheap 3-bedroom apartment $2,837 + family utility bill $235) / 3 = $1,024; total $1,904/month x12"
Dalhousie University,Living Cost,"$17,650",https://livingcost.org/cost/canada/ns/halifax,secondary,2026-10-04,"City: Halifax (location from Wikidata). livingcost.org (updated June 21, 2026): one-person monthly cost without rent $831 + one room in a shared flat = (cheap 3-bedroom apartment $1,750 + family utility bill $169) / 3 = $640; total $1,471/month x12"
University of Massachusetts Amherst,Living Cost,"$18,150",https://collegescorecard.ed.gov/school/?166629-University-of-Massachusetts-Amherst,government,2026-10-04,"City: Amherst. College Scorecard (US Dept of Education) on-campus room and board $16,710 + other expenses $1,440 per year"
University of Pittsburgh,Living Cost,"$16,630",https://collegescorecard.ed.gov/school/?215293-University-of-Pittsburgh-Pittsburgh-Campus,government,2026-10-04,"City: Pittsburgh. College Scorecard (US Dept of Education) on-campus room and board $13,620 + other expenses $3,014 per year"
University of Porto,Living Cost,"$13,630",https://livingcost.org/cost/portugal/porto,secondary,2026-10-04,"City: Porto (location from Wikidata). livingcost.org (updated June 21, 2026): one-person monthly cost without rent $599 + one room in a shared flat = (cheap 3-bedroom apartment $1,465 + family utility bill $145) / 3 = $537; total $1,136/month x12"
Hebrew University of Jerusalem,Living Cost,"$22,320",https://livingcost.org/cost/israel/jerusalem,secondary,2026-10-04,"City: Jerusalem (location from Wikidata). livingcost.org (updated June 21, 2026): one-person monthly cost without rent $1,130 + one room in a shared flat = (cheap 3-bedroom apartment $1,910 + family utility bill $281) / 3 = $730; total $1,860/month x12"
University of Strathclyde,Living Cost,"$18,650",https://livingcost.org/cost/united-kingdom/sct/glasgow,secondary,2026-10-04,"City: Glasgow (location from Wikidata). livingcost.org (updated June 21, 2026): one-person monthly cost without rent $887 + one room in a shared flat = (cheap 3-bedroom apartment $1,681 + family utility bill $320) / 3 = $667; total $1,554/month x12"
Middle East Technical University,Living Cost,"$9,480",https://livingcost.org/cost/turkey/ankara,secondary,2026-10-04,"City: Ankara (location from Wikidata). livingcost.org (updated June 21, 2026): one-person monthly cost without rent $533 + one room in a shared flat = (cheap 3-bedroom apartment $704 + family utility bill $68) / 3 = $257; total $790/month x12"
Universidad Carlos III de Madrid (UC3M),Living Cost,"$17,900",https://livingcost.org/cost/spain/madrid,secondary,2026-10-04,"City: Madrid (location from Wikidata). livingcost.org (updated June 21, 2026): one-person monthly cost without rent $858 + one room in a shared flat = (cheap 3-bedroom apartment $1,735 + family utility bill $165) / 3 = $633; total $1,491/month x12"
University of Milan,Living Cost,"$20,650",https://livingcost.org/cost/italy/lo/milan,secondary,2026-10-04,"City: Milan (location from Wikidata). livingcost.org (updated June 21, 2026): one-person monthly cost without rent $1,015 + one room in a shared flat = (cheap 3-bedroom apartment $1,894 + family utility bill $224) / 3 = $706; total $1,721/month x12"
Bauman Moscow State Technical University,Living Cost,"$14,110",https://livingcost.org/cost/russia/moscow,secondary,2026-10-04,"City: Moscow (location from Wikidata). livingcost.org (updated June 21, 2026): one-person monthly cost without rent $672 + one room in a shared flat = (cheap 3-bedroom apartment $1,335 + family utility bill $176) / 3 = $504; total $1,176/month x12"
Beihang University (former BUAA),Living Cost,"$9,360",https://livingcost.org/cost/china/beijing,secondary,2026-10-04,"City: Beijing (location from Wikidata). livingcost.org (updated June 21, 2026): one-person monthly cost without rent $460 + one room in a shared flat = (cheap 3-bedroom apartment $909 + family utility bill $50) / 3 = $320; total $780/month x12"
Catholic University of the Sacred Heart,Living Cost,"$20,650",https://livingcost.org/cost/italy/lo/milan,secondary,2026-10-04,"City: Milan (location from Wikidata). livingcost.org (updated June 21, 2026): one-person monthly cost without rent $1,015 + one room in a shared flat = (cheap 3-bedroom apartment $1,894 + family utility bill $224) / 3 = $706; total $1,721/month x12"
"China Medical University, Taiwan",Living Cost,"$9,270",https://livingcost.org/cost/taiwan/taichung,secondary,2026-10-04,"City: Taichung (location from Wikidata). livingcost.org (updated June 21, 2026): one-person monthly cost without rent $590 + one room in a shared flat = (cheap 3-bedroom apartment $459 + family utility bill $88) / 3 = $182; total $772/month x12"
Copenhagen Business School,Living Cost,"$22,490",https://livingcost.org/cost/denmark/copenhagen,secondary,2026-10-04,"City: Copenhagen (location from Wikidata). livingcost.org (updated June 21, 2026): one-person monthly cost without rent $1,108 + one room in a shared flat = (cheap 3-bedroom apartment $2,119 + family utility bill $180) / 3 = $766; total $1,874/month x12"
Drexel University,Living Cost,"$19,600",https://collegescorecard.ed.gov/school/?212054-Drexel-University,government,2026-10-04,"City: Philadelphia. College Scorecard (US Dept of Education) on-campus room and board $18,096 + other expenses $1,500 per year"
East China Normal University,Living Cost,"$10,130",https://livingcost.org/cost/china/shanghai,secondary,2026-10-04,"City: Shanghai (location from Wikidata). livingcost.org (updated June 21, 2026): one-person monthly cost without rent $512 + one room in a shared flat = (cheap 3-bedroom apartment $937 + family utility bill $59) / 3 = $332; total $844/month x12"
Montpellier University,Living Cost,"$14,640",https://livingcost.org/cost/france/occ/montpellier,secondary,2026-10-04,"City: Montpellier (location from Wikidata). livingcost.org (updated June 21, 2026): one-person monthly cost without rent $785 + one room in a shared flat = (cheap 3-bedroom apartment $1,120 + family utility bill $184) / 3 = $435; total $1,220/month x12"
Northwestern Polytechnical University,Living Cost,"$5,770",https://livingcost.org/cost/china/xi-an,secondary,2026-10-04,"City: Xi'an (location from Wikidata). livingcost.org (updated June 21, 2026): one-person monthly cost without rent $367 + one room in a shared flat = (cheap 3-bedroom apartment $288 + family utility bill $54) / 3 = $114; total $481/month x12"
Southeast University,Living Cost,"$7,230",https://livingcost.org/cost/china/nanjing,secondary,2026-10-04,"City: Nanjing (location from Wikidata). livingcost.org (updated June 21, 2026): one-person monthly cost without rent $419 + one room in a shared flat = (cheap 3-bedroom apartment $500 + family utility bill $50) / 3 = $183; total $602/month x12"
Swedish University of Agricultural Sciences,Living Cost,"$14,670",https://livingcost.org/cost/sweden/uppsala,secondary,2026-10-04,"City: Uppsala (location from Wikidata). livingcost.org (updated June 21, 2026): one-person monthly cost without rent $826 + one room in a shared flat = (cheap 3-bedroom apartment $1,089 + family utility bill $100) / 3 = $396; total $1,222/month x12"
Tampere University,Living Cost,"$12,430",https://livingcost.org/cost/finland/tampere,secondary,2026-10-04,"City: Tampere (location from Wikidata). livingcost.org (updated June 21, 2026): one-person monthly cost without rent $739 + one room in a shared flat = (cheap 3-bedroom apartment $792 + family utility bill $98) / 3 = $297; total $1,036/month x12"
"The University of Tennessee, Knoxville",Living Cost,"$19,650",https://collegescorecard.ed.gov/school/?221759-The-University-of-Tennessee-Knoxville,government,2026-10-04,"City: Knoxville. College Scorecard (US Dept of Education) on-campus room and board $13,356 + other expenses $6,298 per year"
University at Buffalo,Living Cost,"$22,260",https://collegescorecard.ed.gov/school/?196088-University-at-Buffalo,government,2026-10-04,"City: Buffalo. College Scorecard (US Dept of Education) on-campus room and board $17,426 + other expenses $4,830 per year"
University of Dundee,Living Cost,"$14,080",https://livingcost.org/cost/united-kingdom/sct/dundee,secondary,2026-10-04,"City: Dundee (location from Wikidata). livingcost.org (updated June 21, 2026): one-person monthly cost without rent $758 + one room in a shared flat = (cheap 3-bedroom apartment $1,035 + family utility bill $210) / 3 = $415; total $1,173/month x12"
University of Innsbruck,Living Cost,"$16,880",https://livingcost.org/cost/austria/innsbruck,secondary,2026-10-04,"City: Innsbruck (location from Wikidata). livingcost.org (updated June 21, 2026): one-person monthly cost without rent $827 + one room in a shared flat = (cheap 3-bedroom apartment $1,543 + family utility bill $196) / 3 = $580; total $1,407/month x12"
University of Rome II – Tor Vergata,Living Cost,"$17,560",https://livingcost.org/cost/italy/lz/rome,secondary,2026-10-04,"City: Rome (location from Wikidata). livingcost.org (updated June 21, 2026): one-person monthly cost without rent $873 + one room in a shared flat = (cheap 3-bedroom apartment $1,571 + family utility bill $199) / 3 = $590; total $1,463/month x12"
University of Tartu,Living Cost,"$11,110",https://livingcost.org/cost/estonia/tartu,secondary,2026-10-04,"City: Tartu (location from Wikidata). livingcost.org (updated June 21, 2026): one-person monthly cost without rent $613 + one room in a shared flat = (cheap 3-bedroom apartment $700 + family utility bill $238) / 3 = $313; total $926/month x12"
University of Turku,Living Cost,"$14,640",https://livingcost.org/cost/finland/turku,secondary,2026-10-04,"City: Turku (location from Wikidata). livingcost.org (updated June 21, 2026): one-person monthly cost without rent $846 + one room in a shared flat = (cheap 3-bedroom apartment $1,006 + family utility bill $115) / 3 = $374; total $1,220/month x12"
Università degli Studi di Pavia,Living Cost,"$13,960",https://livingcost.org/cost/italy/lo/pavia,secondary,2026-10-04,"City: Pavia (location from Wikidata). livingcost.org (updated June 21, 2026): one-person monthly cost without rent $804 + one room in a shared flat = (cheap 3-bedroom apartment $844 + family utility bill $234) / 3 = $359; total $1,163/month x12"
Universität Bremen,Living Cost,"$16,120",https://livingcost.org/cost/germany/hb/bremen,secondary,2026-10-04,"City: Bremen City (location from Wikidata). livingcost.org (updated June 21, 2026): one-person monthly cost without rent $897 + one room in a shared flat = (cheap 3-bedroom apartment $1,035 + family utility bill $305) / 3 = $447; total $1,344/month x12"
Université Grenoble Alpes,Living Cost,"$14,220",https://livingcost.org/cost/france/ara/grenoble,secondary,2026-10-04,"City: Grenoble (location from Wikidata). livingcost.org (updated June 21, 2026): one-person monthly cost without rent $766 + one room in a shared flat = (cheap 3-bedroom apartment $985 + family utility bill $271) / 3 = $419; total $1,185/month x12"
Université de Liège,Living Cost,"$13,930",https://livingcost.org/cost/belgium/liege,secondary,2026-10-04,"City: Liege (location from Wikidata). livingcost.org (updated June 21, 2026): one-person monthly cost without rent $768 + one room in a shared flat = (cheap 3-bedroom apartment $913 + family utility bill $266) / 3 = $393; total $1,161/month x12"
Washington State University,Living Cost,"$17,070",https://collegescorecard.ed.gov/school/?236939-Washington-State-University,government,2026-10-04,"City: Pullman. College Scorecard (US Dept of Education) on-campus room and board $13,622 + other expenses $3,444 per year"
Universidade Federal do Rio de Janeiro,Living Cost,"$9,370",https://livingcost.org/cost/brazil/rio-de-janeiro,secondary,2026-10-04,"City: Rio de Janeiro (location from Wikidata). livingcost.org (updated June 21, 2026): one-person monthly cost without rent $528 + one room in a shared flat = (cheap 3-bedroom apartment $621 + family utility bill $137) / 3 = $253; total $781/month x12"
Goethe-University Frankfurt am Main,Living Cost,"$19,940",https://livingcost.org/cost/germany/he/frankfurt,secondary,2026-10-04,"City: Frankfurt (location from Wikidata). livingcost.org (updated June 21, 2026): one-person monthly cost without rent $961 + one room in a shared flat = (cheap 3-bedroom apartment $1,825 + family utility bill $276) / 3 = $700; total $1,661/month x12"
Jagiellonian University,Living Cost,"$13,870",https://livingcost.org/cost/poland/krakow,secondary,2026-10-04,"City: Krakow (location from Wikidata). livingcost.org (updated June 21, 2026): one-person monthly cost without rent $648 + one room in a shared flat = (cheap 3-bedroom apartment $1,205 + family utility bill $318) / 3 = $508; total $1,156/month x12"
University of Johannesburg,Living Cost,"$11,260",https://livingcost.org/cost/south-africa/johannesburg,secondary,2026-10-04,"City: Johannesburg (location from Wikidata). livingcost.org (updated June 21, 2026): one-person monthly cost without rent $657 + one room in a shared flat = (cheap 3-bedroom apartment $679 + family utility bill $164) / 3 = $281; total $938/month x12"
Quaid-i-Azam University,Living Cost,"$4,530",https://livingcost.org/cost/pakistan/islamabad,secondary,2026-10-04,"City: Islamabad (location from Wikidata). livingcost.org (updated June 21, 2026): one-person monthly cost without rent $268 + one room in a shared flat = (cheap 3-bedroom apartment $233 + family utility bill $96) / 3 = $110; total $378/month x12"
RUDN University,Living Cost,"$14,110",https://livingcost.org/cost/russia/moscow,secondary,2026-10-04,"City: Moscow (location from Wikidata). livingcost.org (updated June 21, 2026): one-person monthly cost without rent $672 + one room in a shared flat = (cheap 3-bedroom apartment $1,335 + family utility bill $176) / 3 = $504; total $1,176/month x12"
National Technical University of Athens,Living Cost,"$13,380",https://livingcost.org/cost/greece/athens,secondary,2026-10-04,"City: Athens (location from Wikidata). livingcost.org (updated June 21, 2026): one-person monthly cost without rent $726 + one room in a shared flat = (cheap 3-bedroom apartment $967 + family utility bill $201) / 3 = $389; total $1,115/month x12"
Universidad Politécnica de Madrid (UPM),Living Cost,"$17,900",https://livingcost.org/cost/spain/madrid,secondary,2026-10-04,"City: Madrid (location from Wikidata). livingcost.org (updated June 21, 2026): one-person monthly cost without rent $858 + one room in a shared flat = (cheap 3-bedroom apartment $1,735 + family utility bill $165) / 3 = $633; total $1,491/month x12"
Daegu Gyeongbuk Institute of Science and Technology (DGIST),Living Cost,"$9,610",https://livingcost.org/cost/south-korea/daegu,secondary,2026-10-04,"City: Daegu (location from Wikidata). livingcost.org (updated June 21, 2026): one-person monthly cost without rent $612 + one room in a shared flat = (cheap 3-bedroom apartment $386 + family utility bill $181) / 3 = $189; total $801/month x12"
Istanbul Technical University,Living Cost,"$11,960",https://livingcost.org/cost/turkey/istanbul,secondary,2026-10-04,"City: Istanbul (location from Wikidata). livingcost.org (updated June 21, 2026): one-person monthly cost without rent $641 + one room in a shared flat = (cheap 3-bedroom apartment $983 + family utility bill $84) / 3 = $356; total $997/month x12"
University of Delhi,Living Cost,"$4,620",https://livingcost.org/cost/india/hr/delhi,secondary,2026-10-04,"City: Delhi (location from Wikidata). livingcost.org (updated June 21, 2026): one-person monthly cost without rent $287 + one room in a shared flat = (cheap 3-bedroom apartment $248 + family utility bill $47) / 3 = $98; total $385/month x12"
University of the Philippines,Living Cost,"$7,290",https://livingcost.org/cost/philippines/manila,secondary,2026-10-04,"City: Manila (location from Wikidata). livingcost.org (updated June 21, 2026): one-person monthly cost without rent $409 + one room in a shared flat = (cheap 3-bedroom apartment $483 + family utility bill $112) / 3 = $198; total $607/month x12"
University of Saskatchewan,Living Cost,"$15,780",https://livingcost.org/cost/canada/sk/saskatoon,secondary,2026-10-04,"City: Saskatoon (location from Wikidata). livingcost.org (updated June 21, 2026): one-person monthly cost without rent $785 + one room in a shared flat = (cheap 3-bedroom apartment $1,393 + family utility bill $198) / 3 = $530; total $1,315/month x12"
Indian Institute of Technology Guwahati,Living Cost,"$3,290",https://livingcost.org/cost/india/as/guwahati,secondary,2026-10-04,"City: Guwahati (location from Wikidata). livingcost.org (updated June 21, 2026): one-person monthly cost without rent $226 + one room in a shared flat = (cheap 3-bedroom apartment $111 + family utility bill $33) / 3 = $48; total $274/month x12"
University of Naples Federico II,Living Cost,"$14,050",https://livingcost.org/cost/italy/cm/naples,secondary,2026-10-04,"City: Naples (location from Wikidata). livingcost.org (updated June 21, 2026): one-person monthly cost without rent $772 + one room in a shared flat = (cheap 3-bedroom apartment $1,018 + family utility bill $178) / 3 = $399; total $1,171/month x12"
Cairo University,Living Cost,"$3,450",https://livingcost.org/cost/egypt/giza,secondary,2026-10-04,"City: Giza (location from Wikidata). livingcost.org (updated June 21, 2026): one-person monthly cost without rent $234 + one room in a shared flat = (cheap 3-bedroom apartment $145 + family utility bill $16) / 3 = $54; total $288/month x12"
Sciences Po,Living Cost,"$21,620",https://livingcost.org/cost/france/idf/paris,secondary,2026-10-04,"City: Paris (location from Wikidata). livingcost.org (updated June 21, 2026): one-person monthly cost without rent $1,028 + one room in a shared flat = (cheap 3-bedroom apartment $2,070 + family utility bill $252) / 3 = $774; total $1,802/month x12"
Aix-Marseille University,Living Cost,"$16,620",https://livingcost.org/cost/france/pac/marseille,secondary,2026-10-04,"City: Marseille (location from Wikidata). livingcost.org (updated June 21, 2026): one-person monthly cost without rent $979 + one room in a shared flat = (cheap 3-bedroom apartment $1,061 + family utility bill $157) / 3 = $406; total $1,385/month x12"
Amirkabir University of Technology,Living Cost,"$6,050",https://livingcost.org/cost/iran/tehran,secondary,2026-10-04,"City: Tehran (location from Wikidata). livingcost.org (updated June 21, 2026): one-person monthly cost without rent $347 + one room in a shared flat = (cheap 3-bedroom apartment $458 + family utility bill $12) / 3 = $157; total $504/month x12"
Chongqing University,Living Cost,"$6,180",https://livingcost.org/cost/china/chongqing,secondary,2026-10-04,"City: Chongqing (location from Wikidata). livingcost.org (updated June 21, 2026): one-person monthly cost without rent $402 + one room in a shared flat = (cheap 3-bedroom apartment $299 + family utility bill $39) / 3 = $113; total $515/month x12"
"City, University of London",Living Cost,"$29,860",https://livingcost.org/cost/united-kingdom/eng/london,secondary,2026-10-04,"City: London (location from Wikidata). livingcost.org (updated June 21, 2026): one-person monthly cost without rent $1,229 + one room in a shared flat = (cheap 3-bedroom apartment $3,517 + family utility bill $260) / 3 = $1,259; total $2,488/month x12"
Edith Cowan University,Living Cost,"$16,380",https://livingcost.org/cost/australia/bunbury,secondary,2026-10-04,"City: Bunbury (location from Wikidata). livingcost.org (updated June 21, 2026): one-person monthly cost without rent $781 + one room in a shared flat = (cheap 3-bedroom apartment $1,599 + family utility bill $152) / 3 = $584; total $1,365/month x12"
Free University of Bozen-Bolzano,Living Cost,"$12,250",https://livingcost.org/cost/italy/tt/bolzano,secondary,2026-10-04,"City: Bolzano (location from Wikidata). livingcost.org (updated June 21, 2026): one-person monthly cost without rent $673 + one room in a shared flat = (cheap 3-bedroom apartment $857 + family utility bill $187) / 3 = $348; total $1,021/month x12"
Hasselt University,Living Cost,"$15,640",https://livingcost.org/cost/belgium/hasselt,secondary,2026-10-04,"City: Hasselt (location from Wikidata). livingcost.org (updated June 21, 2026): one-person monthly cost without rent $819 + one room in a shared flat = (cheap 3-bedroom apartment $1,252 + family utility bill $202) / 3 = $485; total $1,304/month x12"
Hunan University,Living Cost,"$6,220",https://livingcost.org/cost/china/changsha,secondary,2026-10-04,"City: Changsha (location from Wikidata). livingcost.org (updated June 21, 2026): one-person monthly cost without rent $411 + one room in a shared flat = (cheap 3-bedroom apartment $273 + family utility bill $49) / 3 = $107; total $518/month x12"
Illinois Institute of Technology,Living Cost,"$22,060",https://collegescorecard.ed.gov/school/?145725-Illinois-Institute-of-Technology,government,2026-10-04,"City: Chicago. College Scorecard (US Dept of Education) on-campus room and board $17,356 + other expenses $4,700 per year"
Iowa State University,Living Cost,"$13,210",https://collegescorecard.ed.gov/school/?153603-Iowa-State-University,government,2026-10-04,"City: Ames. College Scorecard (US Dept of Education) on-campus room and board $10,808 + other expenses $2,400 per year"
Koç University,Living Cost,"$11,960",https://livingcost.org/cost/turkey/istanbul,secondary,2026-10-04,"City: Istanbul (location from Wikidata). livingcost.org (updated June 21, 2026): one-person monthly cost without rent $641 + one room in a shared flat = (cheap 3-bedroom apartment $983 + family utility bill $84) / 3 = $356; total $997/month x12"
Leibniz University Hannover,Living Cost,"$16,790",https://livingcost.org/cost/germany/ni/hanover,secondary,2026-10-04,"City: Hanover (location from Wikidata). livingcost.org (updated June 21, 2026): one-person monthly cost without rent $920 + one room in a shared flat = (cheap 3-bedroom apartment $1,227 + family utility bill $211) / 3 = $479; total $1,399/month x12"
Peter the Great St Petersburg Polytechnic University,Living Cost,"$10,280",https://livingcost.org/cost/russia/saint-petersburg,secondary,2026-10-04,"City: Saint Petersburg (location from Wikidata). livingcost.org (updated June 21, 2026): one-person monthly cost without rent $562 + one room in a shared flat = (cheap 3-bedroom apartment $765 + family utility bill $120) / 3 = $295; total $857/month x12"
Sabancı University,Living Cost,"$11,960",https://livingcost.org/cost/turkey/istanbul,secondary,2026-10-04,"City: Istanbul (location from Wikidata). livingcost.org (updated June 21, 2026): one-person monthly cost without rent $641 + one room in a shared flat = (cheap 3-bedroom apartment $983 + family utility bill $84) / 3 = $356; total $997/month x12"
Technion Israel Institute of Technology,Living Cost,"$16,700",https://livingcost.org/cost/israel/haifa,secondary,2026-10-04,"City: Haifa (location from Wikidata). livingcost.org (updated June 21, 2026): one-person monthly cost without rent $978 + one room in a shared flat = (cheap 3-bedroom apartment $1,033 + family utility bill $208) / 3 = $414; total $1,392/month x12"
Temple University,Living Cost,"$22,240",https://collegescorecard.ed.gov/school/?216339-Temple-University,government,2026-10-04,"City: Philadelphia. College Scorecard (US Dept of Education) on-campus room and board $17,690 + other expenses $4,555 per year"
University of Bayreuth,Living Cost,"$13,010",https://livingcost.org/cost/germany/by/bayreuth,secondary,2026-10-04,"City: Bayreuth (location from Wikidata). livingcost.org (updated June 21, 2026): one-person monthly cost without rent $733 + one room in a shared flat = (cheap 3-bedroom apartment $787 + family utility bill $267) / 3 = $351; total $1,084/month x12"
University of Connecticut,Living Cost,"$18,710",https://collegescorecard.ed.gov/school/?129020-University-of-Connecticut,government,2026-10-04,"City: Storrs. College Scorecard (US Dept of Education) on-campus room and board $14,380 + other expenses $4,330 per year"
University of Electronic Science and Technology of China,Living Cost,"$6,420",https://livingcost.org/cost/china/chengdu,secondary,2026-10-04,"City: Chengdu (location from Wikidata). livingcost.org (updated June 21, 2026): one-person monthly cost without rent $390 + one room in a shared flat = (cheap 3-bedroom apartment $386 + family utility bill $49) / 3 = $145; total $535/month x12"
University of Florence,Living Cost,"$16,710",https://livingcost.org/cost/italy/tu/florence,secondary,2026-10-04,"City: Florence (location from Wikidata). livingcost.org (updated June 21, 2026): one-person monthly cost without rent $845 + one room in a shared flat = (cheap 3-bedroom apartment $1,442 + family utility bill $200) / 3 = $547; total $1,392/month x12"
University of Georgia,Living Cost,"$16,490",https://collegescorecard.ed.gov/school/?139959-University-of-Georgia,government,2026-10-04,"City: Athens. College Scorecard (US Dept of Education) on-campus room and board $11,672 + other expenses $4,816 per year"
University of Kansas,Living Cost,"$15,480",https://collegescorecard.ed.gov/school/?155317-University-of-Kansas,government,2026-10-04,"City: Lawrence. College Scorecard (US Dept of Education) on-campus room and board $11,358 + other expenses $4,124 per year"
University of Manitoba,Living Cost,"$16,320",https://livingcost.org/cost/canada/mb/winnipeg,secondary,2026-10-04,"City: Winnipeg (location from Wikidata). livingcost.org (updated June 21, 2026): one-person monthly cost without rent $793 + one room in a shared flat = (cheap 3-bedroom apartment $1,548 + family utility bill $153) / 3 = $567; total $1,360/month x12"
University of Milan-Bicocca,Living Cost,"$20,650",https://livingcost.org/cost/italy/lo/milan,secondary,2026-10-04,"City: Milan (location from Wikidata). livingcost.org (updated June 21, 2026): one-person monthly cost without rent $1,015 + one room in a shared flat = (cheap 3-bedroom apartment $1,894 + family utility bill $224) / 3 = $706; total $1,721/month x12"
University of St Gallen,Living Cost,"$25,830",https://livingcost.org/cost/switzerland/st-gallen,secondary,2026-10-04,"City: St. Gallen (location from Wikidata). livingcost.org (updated June 21, 2026): one-person monthly cost without rent $1,292 + one room in a shared flat = (cheap 3-bedroom apartment $2,280 + family utility bill $302) / 3 = $861; total $2,153/month x12"
University of Texas at Dallas,Living Cost,"$18,340",https://collegescorecard.ed.gov/school/?228787-The-University-of-Texas-at-Dallas,government,2026-10-04,"City: Richardson. College Scorecard (US Dept of Education) on-campus room and board $14,430 + other expenses $3,914 per year"
University of Trento,Living Cost,"$14,600",https://livingcost.org/cost/italy/tt/trento,secondary,2026-10-04,"City: Trento (location from Wikidata). livingcost.org (updated June 21, 2026): one-person monthly cost without rent $798 + one room in a shared flat = (cheap 3-bedroom apartment $1,073 + family utility bill $184) / 3 = $419; total $1,217/month x12"
York University,Living Cost,"$18,470",https://livingcost.org/cost/canada/on/markham,secondary,2026-10-04,"City: Markham (location from Wikidata). livingcost.org (updated June 21, 2026): one-person monthly cost without rent $720 + one room in a shared flat = (cheap 3-bedroom apartment $2,337 + family utility bill $121) / 3 = $819; total $1,539/month x12"
National University of Sciences And Technology (NUST) Islamabad,Living Cost,"$4,530",https://livingcost.org/cost/pakistan/islamabad,secondary,2026-10-04,"City: Islamabad (location from Wikidata). livingcost.org (updated June 21, 2026): one-person monthly cost without rent $268 + one room in a shared flat = (cheap 3-bedroom apartment $233 + family utility bill $96) / 3 = $110; total $378/month x12"
University of Pretoria,Living Cost,"$9,340",https://livingcost.org/cost/south-africa/pretoria,secondary,2026-10-04,"City: Pretoria (location from Wikidata). livingcost.org (updated June 21, 2026): one-person monthly cost without rent $504 + one room in a shared flat = (cheap 3-bedroom apartment $680 + family utility bill $144) / 3 = $275; total $779/month x12"
Indiana University Bloomington,Living Cost,"$17,210",https://collegescorecard.ed.gov/school/?151351-Indiana-University-Bloomington,government,2026-10-04,"City: Bloomington. College Scorecard (US Dept of Education) on-campus room and board $13,984 + other expenses $3,224 per year"
University of Coimbra,Living Cost,"$11,330",https://livingcost.org/cost/portugal/coimbra,secondary,2026-10-04,"City: Coimbra (location from Wikidata). livingcost.org (updated June 21, 2026): one-person monthly cost without rent $574 + one room in a shared flat = (cheap 3-bedroom apartment $990 + family utility bill $121) / 3 = $370; total $944/month x12"
Gwangju Institute of Science and Technology (GIST),Living Cost,"$9,250",https://livingcost.org/cost/south-korea/gwangju,secondary,2026-10-04,"City: Gwangju (location from Wikidata). livingcost.org (updated June 21, 2026): one-person monthly cost without rent $565 + one room in a shared flat = (cheap 3-bedroom apartment $462 + family utility bill $155) / 3 = $206; total $771/month x12"
Pontificia Universidad Católica del Perú,Living Cost,"$9,380",https://livingcost.org/cost/peru/lima,secondary,2026-10-04,"City: Lima (location from Wikidata). livingcost.org (updated June 21, 2026): one-person monthly cost without rent $568 + one room in a shared flat = (cheap 3-bedroom apartment $580 + family utility bill $61) / 3 = $214; total $782/month x12"
University of Aveiro,Living Cost,"$12,680",https://livingcost.org/cost/portugal/aveiro,secondary,2026-10-04,"City: Aveiro (location from Wikidata). livingcost.org (updated June 21, 2026): one-person monthly cost without rent $605 + one room in a shared flat = (cheap 3-bedroom apartment $1,237 + family utility bill $118) / 3 = $452; total $1,057/month x12"
Saint Petersburg State University,Living Cost,"$10,280",https://livingcost.org/cost/russia/saint-petersburg,secondary,2026-10-04,"City: Saint Petersburg (location from Wikidata). livingcost.org (updated June 21, 2026): one-person monthly cost without rent $562 + one room in a shared flat = (cheap 3-bedroom apartment $765 + family utility bill $120) / 3 = $295; total $857/month x12"
Westfälische Wilhelms-Universität Münster ,Living Cost,"$16,050",https://livingcost.org/cost/germany/nw/munster,secondary,2026-10-04,"City: Munster (location from Wikidata). livingcost.org (updated June 21, 2026): one-person monthly cost without rent $816 + one room in a shared flat = (cheap 3-bedroom apartment $1,298 + family utility bill $267) / 3 = $522; total $1,338/month x12"
Mahidol University,Living Cost,"$9,210",https://livingcost.org/cost/thailand/bangkok,secondary,2026-10-04,"City: Bangkok (location from Wikidata). livingcost.org (updated June 21, 2026): one-person monthly cost without rent $562 + one room in a shared flat = (cheap 3-bedroom apartment $525 + family utility bill $92) / 3 = $206; total $768/month x12"
The University of Jordan,Living Cost,"$10,030",https://livingcost.org/cost/jordan/amman,secondary,2026-10-04,"City: Amman (location from Wikidata). livingcost.org (updated June 21, 2026): one-person monthly cost without rent $647 + one room in a shared flat = (cheap 3-bedroom apartment $436 + family utility bill $130) / 3 = $189; total $836/month x12"
Universitat Politècnica de Catalunya · BarcelonaTech (UPC),Living Cost,"$17,500",https://livingcost.org/cost/spain/barcelona,secondary,2026-10-04,"City: Barcelona (location from Wikidata). livingcost.org (updated June 21, 2026): one-person monthly cost without rent $821 + one room in a shared flat = (cheap 3-bedroom apartment $1,738 + family utility bill $173) / 3 = $637; total $1,458/month x12"
University of Turin,Living Cost,"$15,290",https://livingcost.org/cost/italy/pi/turin,secondary,2026-10-04,"City: Turin (location from Wikidata). livingcost.org (updated June 21, 2026): one-person monthly cost without rent $857 + one room in a shared flat = (cheap 3-bedroom apartment $1,023 + family utility bill $229) / 3 = $417; total $1,274/month x12"
Technische Universität Bergakademie Freiberg,Living Cost,"$12,270",https://livingcost.org/cost/germany/sn/freiberg,secondary,2026-10-04,"City: Freiberg (location from Wikidata). livingcost.org (updated June 21, 2026): one-person monthly cost without rent $693 + one room in a shared flat = (cheap 3-bedroom apartment $671 + family utility bill $318) / 3 = $330; total $1,023/month x12"
University of Pisa,Living Cost,"$14,770",https://livingcost.org/cost/italy/tu/pisa,secondary,2026-10-04,"City: Pisa (location from Wikidata). livingcost.org (updated June 21, 2026): one-person monthly cost without rent $807 + one room in a shared flat = (cheap 3-bedroom apartment $1,130 + family utility bill $141) / 3 = $424; total $1,231/month x12"
Anna University,Living Cost,"$4,060",https://livingcost.org/cost/india/tn/chennai,secondary,2026-10-04,"City: Chennai (location from Wikidata). livingcost.org (updated June 21, 2026): one-person monthly cost without rent $267 + one room in a shared flat = (cheap 3-bedroom apartment $178 + family utility bill $37) / 3 = $72; total $339/month x12"
Universiti Brunei Darussalam,Living Cost,"$8,950",https://livingcost.org/cost/brunei/bandar-seri-begawan,secondary,2026-10-04,"City: Bandar Seri Begawan (location from Wikidata). livingcost.org (updated June 21, 2026): one-person monthly cost without rent $494 + one room in a shared flat = (cheap 3-bedroom apartment $687 + family utility bill $69) / 3 = $252; total $746/month x12"
Belarusian State University,Living Cost,"$8,550",https://livingcost.org/cost/belarus/minsk,secondary,2026-10-04,"City: Minsk (location from Wikidata). livingcost.org (updated June 21, 2026): one-person monthly cost without rent $469 + one room in a shared flat = (cheap 3-bedroom apartment $667 + family utility bill $63) / 3 = $243; total $712/month x12"
Universidade Nova de Lisboa,Living Cost,"$16,360",https://livingcost.org/cost/portugal/lisbon,secondary,2026-10-04,"City: Lisbon (location from Wikidata). livingcost.org (updated June 21, 2026): one-person monthly cost without rent $707 + one room in a shared flat = (cheap 3-bedroom apartment $1,788 + family utility bill $181) / 3 = $656; total $1,363/month x12"
University of Cyprus,Living Cost,"$13,400",https://livingcost.org/cost/cyprus/nicosia,secondary,2026-10-04,"City: Nicosia (location from Wikidata). livingcost.org (updated June 21, 2026): one-person monthly cost without rent $685 + one room in a shared flat = (cheap 3-bedroom apartment $1,067 + family utility bill $228) / 3 = $432; total $1,117/month x12"
National Taiwan University of Science and Technology (Taiwan Tech),Living Cost,"$11,560",https://livingcost.org/cost/taiwan/taipei,secondary,2026-10-04,"City: Taipei (location from Wikidata). livingcost.org (updated June 21, 2026): one-person monthly cost without rent $662 + one room in a shared flat = (cheap 3-bedroom apartment $835 + family utility bill $68) / 3 = $301; total $963/month x12"
National and Kapodistrian University of Athens,Living Cost,"$13,380",https://livingcost.org/cost/greece/athens,secondary,2026-10-04,"City: Athens (location from Wikidata). livingcost.org (updated June 21, 2026): one-person monthly cost without rent $726 + one room in a shared flat = (cheap 3-bedroom apartment $967 + family utility bill $201) / 3 = $389; total $1,115/month x12"
"University of Rome ""Tor Vergata""",Living Cost,"$17,560",https://livingcost.org/cost/italy/lz/rome,secondary,2026-10-04,"City: Rome (location from Wikidata). livingcost.org (updated June 21, 2026): one-person monthly cost without rent $873 + one room in a shared flat = (cheap 3-bedroom apartment $1,571 + family utility bill $199) / 3 = $590; total $1,463/month x12"
Aston University,Living Cost,"$18,590",https://livingcost.org/cost/united-kingdom/eng/birmingham,secondary,2026-10-04,"City: Birmingham (location from Wikidata). livingcost.org (updated June 21, 2026): one-person monthly cost without rent $950 + one room in a shared flat = (cheap 3-bedroom apartment $1,484 + family utility bill $314) / 3 = $599; total $1,549/month x12"
Australian Catholic University,Living Cost,"$19,780",https://livingcost.org/cost/australia/brisbane,secondary,2026-10-04,"City: Brisbane (location from Wikidata). livingcost.org (updated June 21, 2026): one-person monthly cost without rent $884 + one room in a shared flat = (cheap 3-bedroom apartment $2,142 + family utility bill $151) / 3 = $764; total $1,648/month x12"
Campus Bio-Medico University of Rome,Living Cost,"$17,560",https://livingcost.org/cost/italy/lz/rome,secondary,2026-10-04,"City: Rome (location from Wikidata). livingcost.org (updated June 21, 2026): one-person monthly cost without rent $873 + one room in a shared flat = (cheap 3-bedroom apartment $1,571 + family utility bill $199) / 3 = $590; total $1,463/month x12"
Charles Darwin University,Living Cost,"$15,730",https://livingcost.org/cost/australia/darwin,secondary,2026-10-04,"City: Darwin (location from Wikidata). livingcost.org (updated June 21, 2026): one-person monthly cost without rent $727 + one room in a shared flat = (cheap 3-bedroom apartment $1,496 + family utility bill $255) / 3 = $584; total $1,311/month x12"
Chung-Ang University,Living Cost,"$11,940",https://livingcost.org/cost/south-korea/seoul,secondary,2026-10-04,"City: Seoul (location from Wikidata). livingcost.org (updated June 21, 2026): one-person monthly cost without rent $672 + one room in a shared flat = (cheap 3-bedroom apartment $818 + family utility bill $152) / 3 = $323; total $995/month x12"
Claude Bernard University Lyon 1,Living Cost,"$14,280",https://livingcost.org/cost/france/ara/villeurbanne,secondary,2026-10-04,"City: Villeurbanne (location from Wikidata). livingcost.org (updated June 21, 2026): one-person monthly cost without rent $822 + one room in a shared flat = (cheap 3-bedroom apartment $911 + family utility bill $194) / 3 = $368; total $1,190/month x12"
Constructor University Bremen,Living Cost,"$16,120",https://livingcost.org/cost/germany/hb/bremen,secondary,2026-10-04,"City: Bremen City (location from Wikidata). livingcost.org (updated June 21, 2026): one-person monthly cost without rent $897 + one room in a shared flat = (cheap 3-bedroom apartment $1,035 + family utility bill $305) / 3 = $447; total $1,344/month x12"
Dalian University of Technology,Living Cost,"$7,110",https://livingcost.org/cost/china/dalian,secondary,2026-10-04,"City: Dalian (location from Wikidata). livingcost.org (updated June 21, 2026): one-person monthly cost without rent $446 + one room in a shared flat = (cheap 3-bedroom apartment $391 + family utility bill $49) / 3 = $147; total $593/month x12"
Dublin City University,Living Cost,"$24,880",https://livingcost.org/cost/ireland/dublin,secondary,2026-10-04,"City: Dublin (location from Wikidata). livingcost.org (updated June 21, 2026): one-person monthly cost without rent $996 + one room in a shared flat = (cheap 3-bedroom apartment $2,979 + family utility bill $252) / 3 = $1,077; total $2,073/month x12"
Federal University of Toulouse Midi-Pyrénées,Living Cost,"$15,770",https://livingcost.org/cost/france/occ/toulouse,secondary,2026-10-04,"City: Toulouse (location from Wikidata). livingcost.org (updated June 21, 2026): one-person monthly cost without rent $878 + one room in a shared flat = (cheap 3-bedroom apartment $1,101 + family utility bill $208) / 3 = $436; total $1,314/month x12"
Florida International University,Living Cost,"$19,320",https://collegescorecard.ed.gov/school/?133951-Florida-International-University,government,2026-10-04,"City: Miami. College Scorecard (US Dept of Education) on-campus room and board $13,080 + other expenses $6,240 per year"
George Mason University,Living Cost,"$19,390",https://collegescorecard.ed.gov/school/?232186-George-Mason-University,government,2026-10-04,"City: Fairfax. College Scorecard (US Dept of Education) on-campus room and board $15,725 + other expenses $3,667 per year"
Georgia State University,Living Cost,"$18,500",https://collegescorecard.ed.gov/school/?139940-Georgia-State-University,government,2026-10-04,"City: Atlanta. College Scorecard (US Dept of Education) on-campus room and board $13,392 + other expenses $5,110 per year"
"Goldsmiths, University of London",Living Cost,"$29,860",https://livingcost.org/cost/united-kingdom/eng/london,secondary,2026-10-04,"City: London (location from Wikidata). livingcost.org (updated June 21, 2026): one-person monthly cost without rent $1,229 + one room in a shared flat = (cheap 3-bedroom apartment $3,517 + family utility bill $260) / 3 = $1,259; total $2,488/month x12"
HSE University,Living Cost,"$14,110",https://livingcost.org/cost/russia/moscow,secondary,2026-10-04,"City: Moscow (location from Wikidata). livingcost.org (updated June 21, 2026): one-person monthly cost without rent $672 + one room in a shared flat = (cheap 3-bedroom apartment $1,335 + family utility bill $176) / 3 = $504; total $1,176/month x12"
Iran University of Science and Technology,Living Cost,"$6,050",https://livingcost.org/cost/iran/tehran,secondary,2026-10-04,"City: Tehran (location from Wikidata). livingcost.org (updated June 21, 2026): one-person monthly cost without rent $347 + one room in a shared flat = (cheap 3-bedroom apartment $458 + family utility bill $12) / 3 = $157; total $504/month x12"
Kazan (Volga region) Federal University,Living Cost,"$8,790",https://livingcost.org/cost/russia/kazan,secondary,2026-10-04,"City: Kazan (location from Wikidata). livingcost.org (updated June 21, 2026): one-person monthly cost without rent $475 + one room in a shared flat = (cheap 3-bedroom apartment $658 + family utility bill $114) / 3 = $257; total $732/month x12"
Missouri University of Science and Technology,Living Cost,"$15,200",https://collegescorecard.ed.gov/school/?178411-Missouri-University-of-Science-and-Technology,government,2026-10-04,"City: Rolla. College Scorecard (US Dept of Education) on-campus room and board $12,862 + other expenses $2,342 per year"
New Jersey Institute of Technology,Living Cost,"$21,650",https://collegescorecard.ed.gov/school/?185828-New-Jersey-Institute-of-Technology,government,2026-10-04,"City: Newark. College Scorecard (US Dept of Education) on-campus room and board $16,450 + other expenses $5,200 per year"
Polytechnic University of Turin,Living Cost,"$15,290",https://livingcost.org/cost/italy/pi/turin,secondary,2026-10-04,"City: Turin (location from Wikidata). livingcost.org (updated June 21, 2026): one-person monthly cost without rent $857 + one room in a shared flat = (cheap 3-bedroom apartment $1,023 + family utility bill $229) / 3 = $417; total $1,274/month x12"
Prince Sultan University (PSU),Living Cost,"$13,360",https://livingcost.org/cost/saudi-arabia/riyadh,secondary,2026-10-04,"City: Riyadh (location from Wikidata). livingcost.org (updated June 21, 2026): one-person monthly cost without rent $692 + one room in a shared flat = (cheap 3-bedroom apartment $1,176 + family utility bill $88) / 3 = $421; total $1,113/month x12"
Rensselaer Polytechnic Institute,Living Cost,"$19,860",https://collegescorecard.ed.gov/school/?194824-Rensselaer-Polytechnic-Institute,government,2026-10-04,"City: Troy. College Scorecard (US Dept of Education) on-campus room and board $18,120 + other expenses $1,740 per year"
SOAS University of London,Living Cost,"$29,860",https://livingcost.org/cost/united-kingdom/eng/london,secondary,2026-10-04,"City: London (location from Wikidata). livingcost.org (updated June 21, 2026): one-person monthly cost without rent $1,229 + one room in a shared flat = (cheap 3-bedroom apartment $3,517 + family utility bill $260) / 3 = $1,259; total $2,488/month x12"
Saint Louis University,Living Cost,"$20,280",https://collegescorecard.ed.gov/school/?179159-Saint-Louis-University,government,2026-10-04,"City: Saint Louis. College Scorecard (US Dept of Education) on-campus room and board $15,280 + other expenses $5,000 per year"
Stevens Institute of Technology,Living Cost,"$20,170",https://collegescorecard.ed.gov/school/?186867-Stevens-Institute-of-Technology,government,2026-10-04,"City: Hoboken. College Scorecard (US Dept of Education) on-campus room and board $19,124 + other expenses $1,050 per year"
Sumy State University,Living Cost,"$4,970",https://livingcost.org/cost/ukraine/sumy,secondary,2026-10-04,"City: Sumy (location from Wikidata). livingcost.org (updated June 21, 2026): one-person monthly cost without rent $325 + one room in a shared flat = (cheap 3-bedroom apartment $178 + family utility bill $89) / 3 = $89; total $414/month x12"
Syracuse University,Living Cost,"$21,210",https://collegescorecard.ed.gov/school/?196413-Syracuse-University,government,2026-10-04,"City: Syracuse. College Scorecard (US Dept of Education) on-campus room and board $19,188 + other expenses $2,024 per year"
TU Dortmund University,Living Cost,"$13,990",https://livingcost.org/cost/germany/nw/dortmund,secondary,2026-10-04,"City: Dortmund (location from Wikidata). livingcost.org (updated June 21, 2026): one-person monthly cost without rent $807 + one room in a shared flat = (cheap 3-bedroom apartment $911 + family utility bill $166) / 3 = $359; total $1,166/month x12"
Tulane University,Living Cost,"$21,610",https://collegescorecard.ed.gov/school/?160755-Tulane-University-of-Louisiana,government,2026-10-04,"City: New Orleans. College Scorecard (US Dept of Education) on-campus room and board $18,868 + other expenses $2,740 per year"
Umeå University,Living Cost,"$13,100",https://livingcost.org/cost/sweden/umea,secondary,2026-10-04,"City: Umea (location from Wikidata). livingcost.org (updated June 21, 2026): one-person monthly cost without rent $777 + one room in a shared flat = (cheap 3-bedroom apartment $835 + family utility bill $110) / 3 = $315; total $1,092/month x12"
University of Brescia,Living Cost,"$17,420",https://livingcost.org/cost/italy/lo/brescia,secondary,2026-10-04,"City: Brescia (location from Wikidata). livingcost.org (updated June 21, 2026): one-person monthly cost without rent $913 + one room in a shared flat = (cheap 3-bedroom apartment $1,296 + family utility bill $321) / 3 = $539; total $1,452/month x12"
"University of California, Merced",Living Cost,"$27,300",https://collegescorecard.ed.gov/school/?445188-University-of-California-Merced,government,2026-10-04,"City: Merced. College Scorecard (US Dept of Education) on-campus room and board $21,445 + other expenses $5,852 per year"
University of Catania,Living Cost,"$12,340",https://livingcost.org/cost/italy/si/catania,secondary,2026-10-04,"City: Catania (location from Wikidata). livingcost.org (updated June 21, 2026): one-person monthly cost without rent $730 + one room in a shared flat = (cheap 3-bedroom apartment $627 + family utility bill $269) / 3 = $299; total $1,029/month x12"
University of Central Florida,Living Cost,"$17,680",https://collegescorecard.ed.gov/school/?132903-University-of-Central-Florida,government,2026-10-04,"City: Orlando. College Scorecard (US Dept of Education) on-campus room and board $12,452 + other expenses $5,230 per year"
University of Delaware,Living Cost,"$17,390",https://collegescorecard.ed.gov/school/?130943-University-of-Delaware,government,2026-10-04,"City: Newark. College Scorecard (US Dept of Education) on-campus room and board $15,386 + other expenses $2,000 per year"
University of Genoa,Living Cost,"$14,580",https://livingcost.org/cost/italy/li/genoa,secondary,2026-10-04,"City: Genoa (location from Wikidata). livingcost.org (updated June 21, 2026): one-person monthly cost without rent $844 + one room in a shared flat = (cheap 3-bedroom apartment $909 + family utility bill $204) / 3 = $371; total $1,215/month x12"
University of Greifswald,Living Cost,"$13,760",https://livingcost.org/cost/germany/mv/greifswald,secondary,2026-10-04,"City: Greifswald (location from Wikidata). livingcost.org (updated June 21, 2026): one-person monthly cost without rent $773 + one room in a shared flat = (cheap 3-bedroom apartment $864 + family utility bill $258) / 3 = $374; total $1,147/month x12"
University of Guelph,Living Cost,"$16,090",https://livingcost.org/cost/canada/on/guelph,secondary,2026-10-04,"City: Guelph (location from Wikidata). livingcost.org (updated June 21, 2026): one-person monthly cost without rent $750 + one room in a shared flat = (cheap 3-bedroom apartment $1,649 + family utility bill $123) / 3 = $591; total $1,341/month x12"
University of Hull,Living Cost,"$14,000",https://livingcost.org/cost/united-kingdom/eng/kingston-upon-hull,secondary,2026-10-04,"City: Kingston upon Hull (location from Wikidata). livingcost.org (updated June 21, 2026): one-person monthly cost without rent $720 + one room in a shared flat = (cheap 3-bedroom apartment $1,076 + family utility bill $264) / 3 = $447; total $1,167/month x12"
University of Jyväskylä,Living Cost,"$12,160",https://livingcost.org/cost/finland/jyvaskyla,secondary,2026-10-04,"City: Jyvaskyla (location from Wikidata). livingcost.org (updated June 21, 2026): one-person monthly cost without rent $749 + one room in a shared flat = (cheap 3-bedroom apartment $710 + family utility bill $84) / 3 = $265; total $1,014/month x12"
University of Kentucky,Living Cost,"$21,860",https://collegescorecard.ed.gov/school/?157085-University-of-Kentucky,government,2026-10-04,"City: Lexington. College Scorecard (US Dept of Education) on-campus room and board $16,016 + other expenses $5,840 per year"
University of Limerick,Living Cost,"$16,660",https://livingcost.org/cost/ireland/limerick,secondary,2026-10-04,"City: Limerick (location from Wikidata). livingcost.org (updated June 21, 2026): one-person monthly cost without rent $753 + one room in a shared flat = (cheap 3-bedroom apartment $1,731 + family utility bill $175) / 3 = $635; total $1,388/month x12"
University of Modena and Reggio Emilia,Living Cost,"$15,440",https://livingcost.org/cost/italy/er/modena,secondary,2026-10-04,"City: Modena (location from Wikidata). livingcost.org (updated June 21, 2026): one-person monthly cost without rent $847 + one room in a shared flat = (cheap 3-bedroom apartment $1,134 + family utility bill $185) / 3 = $440; total $1,287/month x12"
University of Nebraska - Lincoln,Living Cost,"$17,120",https://collegescorecard.ed.gov/school/?181464-University-of-Nebraska-Lincoln,government,2026-10-04,"City: Lincoln. College Scorecard (US Dept of Education) on-campus room and board $14,120 + other expenses $3,000 per year"
University of Neuchâtel,Living Cost,"$25,980",https://livingcost.org/cost/switzerland/neuchatel,secondary,2026-10-04,"City: Neuchatel (location from Wikidata). livingcost.org (updated June 21, 2026): one-person monthly cost without rent $1,282 + one room in a shared flat = (cheap 3-bedroom apartment $2,380 + family utility bill $269) / 3 = $883; total $2,165/month x12"
University of Oregon,Living Cost,"$19,590",https://collegescorecard.ed.gov/school/?209551-University-of-Oregon,government,2026-10-04,"City: Eugene. College Scorecard (US Dept of Education) on-campus room and board $16,611 + other expenses $2,982 per year"
University of Passau,Living Cost,"$13,550",https://livingcost.org/cost/germany/by/passau,secondary,2026-10-04,"City: Passau (location from Wikidata). livingcost.org (updated June 21, 2026): one-person monthly cost without rent $782 + one room in a shared flat = (cheap 3-bedroom apartment $781 + family utility bill $260) / 3 = $347; total $1,129/month x12"
University of Plymouth,Living Cost,"$15,070",https://livingcost.org/cost/united-kingdom/eng/plymouth,secondary,2026-10-04,"City: Plymouth (location from Wikidata). livingcost.org (updated June 21, 2026): one-person monthly cost without rent $774 + one room in a shared flat = (cheap 3-bedroom apartment $1,195 + family utility bill $251) / 3 = $482; total $1,256/month x12"
University of Portsmouth,Living Cost,"$17,270",https://livingcost.org/cost/united-kingdom/eng/portsmouth,secondary,2026-10-04,"City: Portsmouth (location from Wikidata). livingcost.org (updated June 21, 2026): one-person monthly cost without rent $816 + one room in a shared flat = (cheap 3-bedroom apartment $1,712 + family utility bill $158) / 3 = $623; total $1,439/month x12"
University of South Carolina-Columbia,Living Cost,"$18,060",https://collegescorecard.ed.gov/school/?218663-University-of-South-Carolina-Columbia,government,2026-10-04,"City: Columbia. College Scorecard (US Dept of Education) on-campus room and board $13,534 + other expenses $4,530 per year"
University of Stirling,Living Cost,"$16,240",https://livingcost.org/cost/united-kingdom/sct/stirling,secondary,2026-10-04,"City: Stirling (location from Wikidata). livingcost.org (updated June 21, 2026): one-person monthly cost without rent $759 + one room in a shared flat = (cheap 3-bedroom apartment $1,515 + family utility bill $267) / 3 = $594; total $1,353/month x12"
University of Vaasa,Living Cost,"$13,480",https://livingcost.org/cost/finland/vaasa,secondary,2026-10-04,"City: Vaasa (location from Wikidata). livingcost.org (updated June 21, 2026): one-person monthly cost without rent $796 + one room in a shared flat = (cheap 3-bedroom apartment $791 + family utility bill $190) / 3 = $327; total $1,123/month x12"
Université de Fribourg,Living Cost,"$25,610",https://livingcost.org/cost/switzerland/fribourg,secondary,2026-10-04,"City: Fribourg (location from Wikidata). livingcost.org (updated June 21, 2026): one-person monthly cost without rent $1,262 + one room in a shared flat = (cheap 3-bedroom apartment $2,286 + family utility bill $330) / 3 = $872; total $2,134/month x12"
Verona University,Living Cost,"$15,810",https://livingcost.org/cost/italy/ve/verona,secondary,2026-10-04,"City: Verona (location from Wikidata). livingcost.org (updated June 21, 2026): one-person monthly cost without rent $882 + one room in a shared flat = (cheap 3-bedroom apartment $1,119 + family utility bill $188) / 3 = $436; total $1,318/month x12"
Virginia Commonwealth University,Living Cost,"$24,600",https://collegescorecard.ed.gov/school/?234030-Virginia-Commonwealth-University,government,2026-10-04,"City: Richmond. College Scorecard (US Dept of Education) on-campus room and board $18,254 + other expenses $6,344 per year"
Wake Forest University,Living Cost,"$21,880",https://collegescorecard.ed.gov/school/?199847-Wake-Forest-University,government,2026-10-04,"City: Winston-Salem. College Scorecard (US Dept of Education) on-campus room and board $18,494 + other expenses $3,386 per year"
Zayed University,Living Cost,"$17,140",https://livingcost.org/cost/united-arab-emirates/abu-dhabi,secondary,2026-10-04,"City: Abu Dhabi (location from Wikidata). livingcost.org (updated June 21, 2026): one-person monthly cost without rent $645 + one room in a shared flat = (cheap 3-bedroom apartment $2,202 + family utility bill $149) / 3 = $784; total $1,429/month x12"
Satbayev University,Living Cost,"$9,160",https://livingcost.org/cost/kazakhstan/almaty,secondary,2026-10-04,"City: Almaty (location from Wikidata). livingcost.org (updated June 21, 2026): one-person monthly cost without rent $483 + one room in a shared flat = (cheap 3-bedroom apartment $768 + family utility bill $72) / 3 = $280; total $763/month x12"
"Birkbeck, University of London",Living Cost,"$29,860",https://livingcost.org/cost/united-kingdom/eng/london,secondary,2026-10-04,"City: London (location from Wikidata). livingcost.org (updated June 21, 2026): one-person monthly cost without rent $1,229 + one room in a shared flat = (cheap 3-bedroom apartment $3,517 + family utility bill $260) / 3 = $1,259; total $2,488/month x12"
Masaryk University,Living Cost,"$13,690",https://livingcost.org/cost/czech-republic/brno,secondary,2026-10-04,"City: Brno (location from Wikidata). livingcost.org (updated June 21, 2026): one-person monthly cost without rent $623 + one room in a shared flat = (cheap 3-bedroom apartment $1,254 + family utility bill $300) / 3 = $518; total $1,141/month x12"
American University in Cairo,Living Cost,"$4,730",https://livingcost.org/cost/egypt/cairo,secondary,2026-10-04,"City: Cairo (location from Wikidata). livingcost.org (updated June 21, 2026): one-person monthly cost without rent $293 + one room in a shared flat = (cheap 3-bedroom apartment $277 + family utility bill $26) / 3 = $101; total $394/month x12"
Graz University of Technology,Living Cost,"$15,840",https://livingcost.org/cost/austria/graz,secondary,2026-10-04,"City: Graz (location from Wikidata). livingcost.org (updated June 21, 2026): one-person monthly cost without rent $889 + one room in a shared flat = (cheap 3-bedroom apartment $1,102 + family utility bill $192) / 3 = $431; total $1,320/month x12"
Yeshiva University,Living Cost,"$21,150",https://collegescorecard.ed.gov/school/?197708-Yeshiva-University,government,2026-10-04,"City: New York. College Scorecard (US Dept of Education) on-campus room and board $15,750 + other expenses $5,400 per year"
Oxford Brookes University,Living Cost,"$20,760",https://livingcost.org/cost/united-kingdom/eng/oxford,secondary,2026-10-04,"City: Oxford (location from Wikidata). livingcost.org (updated June 21, 2026): one-person monthly cost without rent $907 + one room in a shared flat = (cheap 3-bedroom apartment $2,231 + family utility bill $239) / 3 = $823; total $1,730/month x12"
Czech Technical University in Prague,Living Cost,"$16,000",https://livingcost.org/cost/czech-republic/prague,secondary,2026-10-04,"City: Prague (location from Wikidata). livingcost.org (updated June 21, 2026): one-person monthly cost without rent $717 + one room in a shared flat = (cheap 3-bedroom apartment $1,546 + family utility bill $304) / 3 = $617; total $1,334/month x12"
National Taipei University of Technology,Living Cost,"$11,560",https://livingcost.org/cost/taiwan/taipei,secondary,2026-10-04,"City: Taipei (location from Wikidata). livingcost.org (updated June 21, 2026): one-person monthly cost without rent $662 + one room in a shared flat = (cheap 3-bedroom apartment $835 + family utility bill $68) / 3 = $301; total $963/month x12"
Julius-Maximilians-Universität Würzburg,Living Cost,"$11,420",https://livingcost.org/cost/germany/by/wurzburg,secondary,2026-10-04,"City: Wurzburg (location from Wikidata). livingcost.org (updated June 21, 2026): one-person monthly cost without rent $622 + one room in a shared flat = (cheap 3-bedroom apartment $822 + family utility bill $167) / 3 = $330; total $952/month x12"
Central South University,Living Cost,"$6,220",https://livingcost.org/cost/china/changsha,secondary,2026-10-04,"City: Changsha (location from Wikidata). livingcost.org (updated June 21, 2026): one-person monthly cost without rent $411 + one room in a shared flat = (cheap 3-bedroom apartment $273 + family utility bill $49) / 3 = $107; total $518/month x12"
University of Granada,Living Cost,"$11,750",https://livingcost.org/cost/spain/granada,secondary,2026-10-04,"City: Granada (location from Wikidata). livingcost.org (updated June 21, 2026): one-person monthly cost without rent $630 + one room in a shared flat = (cheap 3-bedroom apartment $912 + family utility bill $135) / 3 = $349; total $979/month x12"
Universitat Politècnica de València,Living Cost,"$15,330",https://livingcost.org/cost/spain/valencia,secondary,2026-10-04,"City: Valencia (location from Wikidata). livingcost.org (updated June 21, 2026): one-person monthly cost without rent $753 + one room in a shared flat = (cheap 3-bedroom apartment $1,423 + family utility bill $150) / 3 = $524; total $1,277/month x12"
Vilnius University,Living Cost,"$12,690",https://livingcost.org/cost/lithuania/vilnius,secondary,2026-10-04,"City: Vilnius (location from Wikidata). livingcost.org (updated June 21, 2026): one-person monthly cost without rent $661 + one room in a shared flat = (cheap 3-bedroom apartment $955 + family utility bill $235) / 3 = $397; total $1,058/month x12"
Singapore University of Technology and Design,Living Cost,"$25,900",https://livingcost.org/cost/singapore/singapore,secondary,2026-10-04,"City: Singapore City (location from Wikidata). livingcost.org (updated June 21, 2026): one-person monthly cost without rent $1,004 + one room in a shared flat = (cheap 3-bedroom apartment $3,306 + family utility bill $157) / 3 = $1,154; total $2,158/month x12"
Colorado State University,Living Cost,"$20,110",https://collegescorecard.ed.gov/school/?126818-Colorado-State-University-Fort-Collins,government,2026-10-04,"City: Fort Collins. College Scorecard (US Dept of Education) on-campus room and board $16,817 + other expenses $3,294 per year"
Universitat de Valencia,Living Cost,"$15,330",https://livingcost.org/cost/spain/valencia,secondary,2026-10-04,"City: Valencia (location from Wikidata). livingcost.org (updated June 21, 2026): one-person monthly cost without rent $753 + one room in a shared flat = (cheap 3-bedroom apartment $1,423 + family utility bill $150) / 3 = $524; total $1,277/month x12"
National Taiwan Normal University,Living Cost,"$11,560",https://livingcost.org/cost/taiwan/taipei,secondary,2026-10-04,"City: Taipei (location from Wikidata). livingcost.org (updated June 21, 2026): one-person monthly cost without rent $662 + one room in a shared flat = (cheap 3-bedroom apartment $835 + family utility bill $68) / 3 = $301; total $963/month x12"
Université de Strasbourg,Living Cost,"$15,060",https://livingcost.org/cost/france/ges/strasbourg,secondary,2026-10-04,"City: Strasbourg (location from Wikidata). livingcost.org (updated June 21, 2026): one-person monthly cost without rent $814 + one room in a shared flat = (cheap 3-bedroom apartment $1,086 + family utility bill $237) / 3 = $441; total $1,255/month x12"
"Stony Brook University, State University of New York",Living Cost,"$21,440",https://collegescorecard.ed.gov/school/?196097-Stony-Brook-University,government,2026-10-04,"City: Stony Brook. College Scorecard (US Dept of Education) on-campus room and board $18,196 + other expenses $3,248 per year"
Universidad de Santiago de Chile (USACH),Living Cost,"$11,080",https://livingcost.org/cost/chile/santiago,secondary,2026-10-04,"City: Santiago (location from Wikidata). livingcost.org (updated June 21, 2026): one-person monthly cost without rent $647 + one room in a shared flat = (cheap 3-bedroom apartment $699 + family utility bill $130) / 3 = $276; total $923/month x12"
Universidad de Sevilla,Living Cost,"$12,230",https://livingcost.org/cost/spain/seville,secondary,2026-10-04,"City: Seville (location from Wikidata). livingcost.org (updated June 21, 2026): one-person monthly cost without rent $645 + one room in a shared flat = (cheap 3-bedroom apartment $1,015 + family utility bill $108) / 3 = $374; total $1,019/month x12"
Ben-Gurion University of the Negev,Living Cost,"$17,380",https://livingcost.org/cost/israel/beersheba,secondary,2026-10-04,"City: Beersheba (location from Wikidata). livingcost.org (updated June 21, 2026): one-person monthly cost without rent $1,014 + one room in a shared flat = (cheap 3-bedroom apartment $1,037 + family utility bill $267) / 3 = $435; total $1,449/month x12"
Bilkent University,Living Cost,"$9,480",https://livingcost.org/cost/turkey/ankara,secondary,2026-10-04,"City: Ankara (location from Wikidata). livingcost.org (updated June 21, 2026): one-person monthly cost without rent $533 + one room in a shared flat = (cheap 3-bedroom apartment $704 + family utility bill $68) / 3 = $257; total $790/month x12"
Indian Institute of Technology Indore (IIT Indore),Living Cost,"$3,390",https://livingcost.org/cost/india/mp/indore,secondary,2026-10-04,"City: Indore (location from Wikidata). livingcost.org (updated June 21, 2026): one-person monthly cost without rent $225 + one room in a shared flat = (cheap 3-bedroom apartment $139 + family utility bill $34) / 3 = $58; total $283/month x12"
Pontificia Universidad Católica Argentina,Living Cost,"$11,780",https://livingcost.org/cost/argentina/buenos-aires,secondary,2026-10-04,"City: Buenos Aires (location from Wikidata). livingcost.org (updated June 21, 2026): one-person monthly cost without rent $693 + one room in a shared flat = (cheap 3-bedroom apartment $729 + family utility bill $138) / 3 = $289; total $982/month x12"
China Agricultural University ,Living Cost,"$9,360",https://livingcost.org/cost/china/beijing,secondary,2026-10-04,"City: Beijing (location from Wikidata). livingcost.org (updated June 21, 2026): one-person monthly cost without rent $460 + one room in a shared flat = (cheap 3-bedroom apartment $909 + family utility bill $50) / 3 = $320; total $780/month x12"
Isfahan University of Technology,Living Cost,"$4,650",https://livingcost.org/cost/iran/isfahan,secondary,2026-10-04,"City: Isfahan (location from Wikidata). livingcost.org (updated June 21, 2026): one-person monthly cost without rent $280 + one room in a shared flat = (cheap 3-bedroom apartment $308 + family utility bill $14) / 3 = $107; total $387/month x12"
Shanghai University,Living Cost,"$10,130",https://livingcost.org/cost/china/shanghai,secondary,2026-10-04,"City: Shanghai (location from Wikidata). livingcost.org (updated June 21, 2026): one-person monthly cost without rent $512 + one room in a shared flat = (cheap 3-bedroom apartment $937 + family utility bill $59) / 3 = $332; total $844/month x12"
UNESP,Living Cost,"$10,430",https://livingcost.org/cost/brazil/sao-paulo,secondary,2026-10-04,"City: Sao Paulo (location from Wikidata). livingcost.org (updated June 21, 2026): one-person monthly cost without rent $588 + one room in a shared flat = (cheap 3-bedroom apartment $747 + family utility bill $97) / 3 = $281; total $869/month x12"
Duy Tan University,Living Cost,"$6,220",https://livingcost.org/cost/vietnam/da-nang,secondary,2026-10-04,"City: Da Nang (location from Wikidata). livingcost.org (updated June 21, 2026): one-person monthly cost without rent $319 + one room in a shared flat = (cheap 3-bedroom apartment $514 + family utility bill $83) / 3 = $199; total $518/month x12"
Jilin University,Living Cost,"$5,770",https://livingcost.org/cost/china/changchun,secondary,2026-10-04,"City: Changchun (location from Wikidata). livingcost.org (updated June 21, 2026): one-person monthly cost without rent $365 + one room in a shared flat = (cheap 3-bedroom apartment $308 + family utility bill $39) / 3 = $116; total $481/month x12"
Abo Akademi University,Living Cost,"$14,640",https://livingcost.org/cost/finland/turku,secondary,2026-10-04,"City: Turku (location from Wikidata). livingcost.org (updated June 21, 2026): one-person monthly cost without rent $846 + one room in a shared flat = (cheap 3-bedroom apartment $1,006 + family utility bill $115) / 3 = $374; total $1,220/month x12"
Ajou University,Living Cost,"$9,540",https://livingcost.org/cost/south-korea/suwon,secondary,2026-10-04,"City: Suwon (location from Wikidata). livingcost.org (updated June 21, 2026): one-person monthly cost without rent $558 + one room in a shared flat = (cheap 3-bedroom apartment $556 + family utility bill $156) / 3 = $237; total $795/month x12"
Alfaisal University,Living Cost,"$13,360",https://livingcost.org/cost/saudi-arabia/riyadh,secondary,2026-10-04,"City: Riyadh (location from Wikidata). livingcost.org (updated June 21, 2026): one-person monthly cost without rent $692 + one room in a shared flat = (cheap 3-bedroom apartment $1,176 + family utility bill $88) / 3 = $421; total $1,113/month x12"
Auburn University,Living Cost,"$22,790",https://collegescorecard.ed.gov/school/?100858-Auburn-University,government,2026-10-04,"City: Auburn. College Scorecard (US Dept of Education) on-campus room and board $16,626 + other expenses $6,166 per year"
Babol Noshirvani University of Technology,Living Cost,"$3,730",https://livingcost.org/cost/iran/babol,secondary,2026-10-04,"City: Babol (location from Wikidata). livingcost.org (updated June 21, 2026): one-person monthly cost without rent $265 + one room in a shared flat = (cheap 3-bedroom apartment $125 + family utility bill $13) / 3 = $46; total $311/month x12"
Bar-Ilan University,Living Cost,"$21,980",https://livingcost.org/cost/israel/ramat-gan,secondary,2026-10-04,"City: Ramat Gan (location from Wikidata). livingcost.org (updated June 21, 2026): one-person monthly cost without rent $1,058 + one room in a shared flat = (cheap 3-bedroom apartment $2,091 + family utility bill $229) / 3 = $773; total $1,831/month x12"
Beirut Arab University,Living Cost,"$13,360",https://livingcost.org/cost/lebanon/beirut,secondary,2026-10-04,"City: Beirut (location from Wikidata). livingcost.org (updated June 21, 2026): one-person monthly cost without rent $800 + one room in a shared flat = (cheap 3-bedroom apartment $743 + family utility bill $198) / 3 = $314; total $1,114/month x12"
Carleton University,Living Cost,"$18,160",https://livingcost.org/cost/canada/on/ottawa,secondary,2026-10-04,"City: Ottawa (location from Wikidata). livingcost.org (updated June 21, 2026): one-person monthly cost without rent $874 + one room in a shared flat = (cheap 3-bedroom apartment $1,775 + family utility bill $142) / 3 = $639; total $1,513/month x12"
Ca’ Foscari University of Venice,Living Cost,"$15,540",https://livingcost.org/cost/italy/ve/venice,secondary,2026-10-04,"City: Venice (location from Wikidata). livingcost.org (updated June 21, 2026): one-person monthly cost without rent $856 + one room in a shared flat = (cheap 3-bedroom apartment $1,083 + family utility bill $234) / 3 = $439; total $1,295/month x12"
Colorado School of Mines,Living Cost,"$20,330",https://collegescorecard.ed.gov/school/?126775-Colorado-School-of-Mines,government,2026-10-04,"City: Golden. College Scorecard (US Dept of Education) on-campus room and board $17,531 + other expenses $2,800 per year"
Donghua University,Living Cost,"$10,130",https://livingcost.org/cost/china/shanghai,secondary,2026-10-04,"City: Shanghai (location from Wikidata). livingcost.org (updated June 21, 2026): one-person monthly cost without rent $512 + one room in a shared flat = (cheap 3-bedroom apartment $937 + family utility bill $59) / 3 = $332; total $844/month x12"
Edinburgh Napier University,Living Cost,"$20,060",https://livingcost.org/cost/united-kingdom/sct/edinburgh,secondary,2026-10-04,"City: Edinburgh (location from Wikidata). livingcost.org (updated June 21, 2026): one-person monthly cost without rent $935 + one room in a shared flat = (cheap 3-bedroom apartment $1,966 + family utility bill $245) / 3 = $737; total $1,672/month x12"
Hamburg University of Technology,Living Cost,"$19,780",https://livingcost.org/cost/germany/hh/hamburg,secondary,2026-10-04,"City: Hamburg City (location from Wikidata). livingcost.org (updated June 21, 2026): one-person monthly cost without rent $1,027 + one room in a shared flat = (cheap 3-bedroom apartment $1,636 + family utility bill $229) / 3 = $622; total $1,649/month x12"
Jamia Millia Islamia,Living Cost,"$4,620",https://livingcost.org/cost/india/hr/delhi,secondary,2026-10-04,"City: Delhi (location from Wikidata). livingcost.org (updated June 21, 2026): one-person monthly cost without rent $287 + one room in a shared flat = (cheap 3-bedroom apartment $248 + family utility bill $47) / 3 = $98; total $385/month x12"
Jinan University (China),Living Cost,"$7,280",https://livingcost.org/cost/china/guangzhou,secondary,2026-10-04,"City: Guangzhou (location from Wikidata). livingcost.org (updated June 21, 2026): one-person monthly cost without rent $443 + one room in a shared flat = (cheap 3-bedroom apartment $437 + family utility bill $54) / 3 = $164; total $607/month x12"
King Khalid University,Living Cost,"$8,140",https://livingcost.org/cost/saudi-arabia/abha,secondary,2026-10-04,"City: Abha (location from Wikidata). livingcost.org (updated June 21, 2026): one-person monthly cost without rent $520 + one room in a shared flat = (cheap 3-bedroom apartment $392 + family utility bill $84) / 3 = $159; total $679/month x12"
Kyungpook National University,Living Cost,"$9,610",https://livingcost.org/cost/south-korea/daegu,secondary,2026-10-04,"City: Daegu (location from Wikidata). livingcost.org (updated June 21, 2026): one-person monthly cost without rent $612 + one room in a shared flat = (cheap 3-bedroom apartment $386 + family utility bill $181) / 3 = $189; total $801/month x12"
Lebanese American University,Living Cost,"$13,360",https://livingcost.org/cost/lebanon/beirut,secondary,2026-10-04,"City: Beirut (location from Wikidata). livingcost.org (updated June 21, 2026): one-person monthly cost without rent $800 + one room in a shared flat = (cheap 3-bedroom apartment $743 + family utility bill $198) / 3 = $314; total $1,114/month x12"
Leuphana University of Lüneburg,Living Cost,"$14,080",https://livingcost.org/cost/germany/ni/luneburg,secondary,2026-10-04,"City: Luneburg (location from Wikidata). livingcost.org (updated June 21, 2026): one-person monthly cost without rent $764 + one room in a shared flat = (cheap 3-bedroom apartment $1,004 + family utility bill $223) / 3 = $409; total $1,173/month x12"
Liverpool John Moores University,Living Cost,"$17,330",https://livingcost.org/cost/united-kingdom/eng/liverpool,secondary,2026-10-04,"City: Liverpool (location from Wikidata). livingcost.org (updated June 21, 2026): one-person monthly cost without rent $918 + one room in a shared flat = (cheap 3-bedroom apartment $1,293 + family utility bill $285) / 3 = $526; total $1,444/month x12"
Manchester Metropolitan University,Living Cost,"$19,820",https://livingcost.org/cost/united-kingdom/eng/manchester,secondary,2026-10-04,"City: Manchester (location from Wikidata). livingcost.org (updated June 21, 2026): one-person monthly cost without rent $896 + one room in a shared flat = (cheap 3-bedroom apartment $1,988 + family utility bill $280) / 3 = $756; total $1,652/month x12"
Nottingham Trent University,Living Cost,"$16,800",https://livingcost.org/cost/united-kingdom/eng/nottingham,secondary,2026-10-04,"City: Nottingham (location from Wikidata). livingcost.org (updated June 21, 2026): one-person monthly cost without rent $830 + one room in a shared flat = (cheap 3-bedroom apartment $1,459 + family utility bill $250) / 3 = $570; total $1,400/month x12"
Pusan National University,Living Cost,"$10,420",https://livingcost.org/cost/south-korea/busan,secondary,2026-10-04,"City: Busan (location from Wikidata). livingcost.org (updated June 21, 2026): one-person monthly cost without rent $656 + one room in a shared flat = (cheap 3-bedroom apartment $498 + family utility bill $138) / 3 = $212; total $868/month x12"
Rovira i Virgili University,Living Cost,"$13,190",https://livingcost.org/cost/spain/tarragona,secondary,2026-10-04,"City: Tarragona (location from Wikidata). livingcost.org (updated June 21, 2026): one-person monthly cost without rent $653 + one room in a shared flat = (cheap 3-bedroom apartment $1,218 + family utility bill $121) / 3 = $446; total $1,099/month x12"
Shiraz University of Technology,Living Cost,"$4,790",https://livingcost.org/cost/iran/shiraz,secondary,2026-10-04,"City: Shiraz (location from Wikidata). livingcost.org (updated June 21, 2026): one-person monthly cost without rent $291 + one room in a shared flat = (cheap 3-bedroom apartment $300 + family utility bill $24) / 3 = $108; total $399/month x12"
"Soochow University, China",Living Cost,"$7,730",https://livingcost.org/cost/china/suzhou-js,secondary,2026-10-04,"City: Suzhou (location from Wikidata). livingcost.org (updated June 21, 2026): one-person monthly cost without rent $509 + one room in a shared flat = (cheap 3-bedroom apartment $314 + family utility bill $92) / 3 = $136; total $644/month x12"
Southern Cross University,Living Cost,"$20,860",https://livingcost.org/cost/australia/gold-coast,secondary,2026-10-04,"City: Gold Coast (location from Wikidata). livingcost.org (updated June 21, 2026): one-person monthly cost without rent $886 + one room in a shared flat = (cheap 3-bedroom apartment $2,351 + family utility bill $205) / 3 = $852; total $1,738/month x12"
The University of Texas at San Antonio,Living Cost,"$17,910",https://collegescorecard.ed.gov/school/?229027-The-University-of-Texas-at-San-Antonio,government,2026-10-04,"City: San Antonio. College Scorecard (US Dept of Education) on-campus room and board $14,912 + other expenses $3,002 per year"
The University of Tulsa,Living Cost,"$20,120",https://collegescorecard.ed.gov/school/?207971-University-of-Tulsa,government,2026-10-04,"City: Tulsa. College Scorecard (US Dept of Education) on-campus room and board $12,108 + other expenses $8,010 per year"
Universita' degli Studi di Ferrara,Living Cost,"$13,520",https://livingcost.org/cost/italy/er/ferrara,secondary,2026-10-04,"City: Ferrara (location from Wikidata). livingcost.org (updated June 21, 2026): one-person monthly cost without rent $782 + one room in a shared flat = (cheap 3-bedroom apartment $897 + family utility bill $136) / 3 = $344; total $1,126/month x12"
University of Alaska Fairbanks,Living Cost,"$14,340",https://collegescorecard.ed.gov/school/?102614-University-of-Alaska-Fairbanks,government,2026-10-04,"City: Fairbanks. College Scorecard (US Dept of Education) on-campus room and board $10,590 + other expenses $3,750 per year"
University of Calabria,Living Cost,"$11,600",https://livingcost.org/cost/italy/ca/cosenza,secondary,2026-10-04,"City: Cosenza (location from Wikidata). livingcost.org (updated June 21, 2026): one-person monthly cost without rent $693 + one room in a shared flat = (cheap 3-bedroom apartment $617 + family utility bill $205) / 3 = $274; total $967/month x12"
University of Crete,Living Cost,"$10,850",https://livingcost.org/cost/greece/rethymno,secondary,2026-10-04,"City: Rethymno (location from Wikidata). livingcost.org (updated June 21, 2026): one-person monthly cost without rent $609 + one room in a shared flat = (cheap 3-bedroom apartment $734 + family utility bill $152) / 3 = $295; total $904/month x12"
University of Denver,Living Cost,"$20,170",https://collegescorecard.ed.gov/school/?127060-University-of-Denver,government,2026-10-04,"City: Denver. College Scorecard (US Dept of Education) on-campus room and board $17,759 + other expenses $2,409 per year"
University of Eastern Finland,Living Cost,"$13,760",https://livingcost.org/cost/finland/kuopio,secondary,2026-10-04,"City: Kuopio (location from Wikidata). livingcost.org (updated June 21, 2026): one-person monthly cost without rent $794 + one room in a shared flat = (cheap 3-bedroom apartment $928 + family utility bill $131) / 3 = $353; total $1,147/month x12"
University of Greenwich,Living Cost,"$29,860",https://livingcost.org/cost/united-kingdom/eng/london,secondary,2026-10-04,"City: London (location from Wikidata). livingcost.org (updated June 21, 2026): one-person monthly cost without rent $1,229 + one room in a shared flat = (cheap 3-bedroom apartment $3,517 + family utility bill $260) / 3 = $1,259; total $2,488/month x12"
University of Houston,Living Cost,"$16,610",https://collegescorecard.ed.gov/school/?225511-University-of-Houston,government,2026-10-04,"City: Houston. College Scorecard (US Dept of Education) on-campus room and board $11,286 + other expenses $5,328 per year"
University of Huddersfield,Living Cost,"$15,420",https://livingcost.org/cost/united-kingdom/eng/huddersfield,secondary,2026-10-04,"City: Huddersfield (location from Wikidata). livingcost.org (updated June 21, 2026): one-person monthly cost without rent $788 + one room in a shared flat = (cheap 3-bedroom apartment $1,226 + family utility bill $264) / 3 = $497; total $1,285/month x12"
University of Iceland,Living Cost,"$25,970",https://livingcost.org/cost/iceland/reykjavik,secondary,2026-10-04,"City: Reykjavik (location from Wikidata). livingcost.org (updated June 21, 2026): one-person monthly cost without rent $1,251 + one room in a shared flat = (cheap 3-bedroom apartment $2,660 + family utility bill $80) / 3 = $913; total $2,164/month x12"
University of KwaZulu-Natal,Living Cost,"$8,510",https://livingcost.org/cost/south-africa/durban,secondary,2026-10-04,"City: Durban (location from Wikidata). livingcost.org (updated June 21, 2026): one-person monthly cost without rent $442 + one room in a shared flat = (cheap 3-bedroom apartment $661 + family utility bill $141) / 3 = $267; total $709/month x12"
University of L’Aquila,Living Cost,"$12,640",https://livingcost.org/cost/italy/ab/l-aquila,secondary,2026-10-04,"City: L'Aquila (location from Wikidata). livingcost.org (updated June 21, 2026): one-person monthly cost without rent $750 + one room in a shared flat = (cheap 3-bedroom apartment $717 + family utility bill $193) / 3 = $303; total $1,053/month x12"
University of Messina,Living Cost,"$11,930",https://livingcost.org/cost/italy/si/messina,secondary,2026-10-04,"City: Messina (location from Wikidata). livingcost.org (updated June 21, 2026): one-person monthly cost without rent $717 + one room in a shared flat = (cheap 3-bedroom apartment $676 + family utility bill $156) / 3 = $277; total $994/month x12"
University of Nicosia,Living Cost,"$13,400",https://livingcost.org/cost/cyprus/nicosia,secondary,2026-10-04,"City: Nicosia (location from Wikidata). livingcost.org (updated June 21, 2026): one-person monthly cost without rent $685 + one room in a shared flat = (cheap 3-bedroom apartment $1,067 + family utility bill $228) / 3 = $432; total $1,117/month x12"
University of Salerno,Living Cost,"$13,740",https://livingcost.org/cost/italy/cm/salerno,secondary,2026-10-04,"City: Salerno (location from Wikidata). livingcost.org (updated June 21, 2026): one-person monthly cost without rent $708 + one room in a shared flat = (cheap 3-bedroom apartment $1,229 + family utility bill $82) / 3 = $437; total $1,145/month x12"
University of Siena,Living Cost,"$14,290",https://livingcost.org/cost/italy/tu/siena,secondary,2026-10-04,"City: Siena (location from Wikidata). livingcost.org (updated June 21, 2026): one-person monthly cost without rent $747 + one room in a shared flat = (cheap 3-bedroom apartment $1,168 + family utility bill $163) / 3 = $444; total $1,191/month x12"
University of Tabriz,Living Cost,"$4,650",https://livingcost.org/cost/iran/tabriz,secondary,2026-10-04,"City: Tabriz (location from Wikidata). livingcost.org (updated June 21, 2026): one-person monthly cost without rent $329 + one room in a shared flat = (cheap 3-bedroom apartment $163 + family utility bill $12) / 3 = $58; total $387/month x12"
University of Trieste,Living Cost,"$14,990",https://livingcost.org/cost/italy/fg/trieste,secondary,2026-10-04,"City: Trieste (location from Wikidata). livingcost.org (updated June 21, 2026): one-person monthly cost without rent $847 + one room in a shared flat = (cheap 3-bedroom apartment $994 + family utility bill $212) / 3 = $402; total $1,249/month x12"
University of Ulsan,Living Cost,"$9,150",https://livingcost.org/cost/south-korea/ulsan,secondary,2026-10-04,"City: Ulsan (location from Wikidata). livingcost.org (updated June 21, 2026): one-person monthly cost without rent $562 + one room in a shared flat = (cheap 3-bedroom apartment $477 + family utility bill $125) / 3 = $201; total $763/month x12"
Université Côte d\'Azur,Living Cost,"$17,460",https://livingcost.org/cost/france/pac/nice,secondary,2026-10-04,"City: Nice (location from Wikidata). livingcost.org (updated June 21, 2026): one-person monthly cost without rent $900 + one room in a shared flat = (cheap 3-bedroom apartment $1,421 + family utility bill $245) / 3 = $555; total $1,455/month x12"
Wayne State University,Living Cost,"$18,570",https://collegescorecard.ed.gov/school/?172644-Wayne-State-University,government,2026-10-04,"City: Detroit. College Scorecard (US Dept of Education) on-campus room and board $14,252 + other expenses $4,314 per year"
Aristotle University of Thessaloniki,Living Cost,"$12,000",https://livingcost.org/cost/greece/thessaloniki,secondary,2026-10-04,"City: Thessaloniki (location from Wikidata). livingcost.org (updated June 21, 2026): one-person monthly cost without rent $682 + one room in a shared flat = (cheap 3-bedroom apartment $755 + family utility bill $198) / 3 = $318; total $1,000/month x12"
Ewha Womans University,Living Cost,"$11,940",https://livingcost.org/cost/south-korea/seoul,secondary,2026-10-04,"City: Seoul (location from Wikidata). livingcost.org (updated June 21, 2026): one-person monthly cost without rent $672 + one room in a shared flat = (cheap 3-bedroom apartment $818 + family utility bill $152) / 3 = $323; total $995/month x12"
Zhengzhou University,Living Cost,"$5,180",https://livingcost.org/cost/china/zhengzhou,secondary,2026-10-04,"City: Zhengzhou (location from Wikidata). livingcost.org (updated June 21, 2026): one-person monthly cost without rent $327 + one room in a shared flat = (cheap 3-bedroom apartment $249 + family utility bill $64) / 3 = $104; total $431/month x12"
Canadian University Dubai,Living Cost,"$19,770",https://livingcost.org/cost/united-arab-emirates/dubai,secondary,2026-10-04,"City: Dubai (location from Wikidata). livingcost.org (updated June 21, 2026): one-person monthly cost without rent $805 + one room in a shared flat = (cheap 3-bedroom apartment $2,306 + family utility bill $222) / 3 = $843; total $1,648/month x12"
Universidad Austral,Living Cost,"$11,780",https://livingcost.org/cost/argentina/buenos-aires,secondary,2026-10-04,"City: Buenos Aires (location from Wikidata). livingcost.org (updated June 21, 2026): one-person monthly cost without rent $693 + one room in a shared flat = (cheap 3-bedroom apartment $729 + family utility bill $138) / 3 = $289; total $982/month x12"
Coventry University,Living Cost,"$16,940",https://livingcost.org/cost/united-kingdom/eng/coventry,secondary,2026-10-04,"City: Coventry (location from Wikidata). livingcost.org (updated June 21, 2026): one-person monthly cost without rent $831 + one room in a shared flat = (cheap 3-bedroom apartment $1,548 + family utility bill $195) / 3 = $581; total $1,412/month x12"
Universität Jena,Living Cost,"$11,680",https://livingcost.org/cost/germany/th/jena,secondary,2026-10-04,"City: Jena (location from Wikidata). livingcost.org (updated June 21, 2026): one-person monthly cost without rent $668 + one room in a shared flat = (cheap 3-bedroom apartment $715 + family utility bill $201) / 3 = $305; total $973/month x12"
Universität Leipzig,Living Cost,"$15,160",https://livingcost.org/cost/germany/sn/leipzig,secondary,2026-10-04,"City: Leipzig (location from Wikidata). livingcost.org (updated June 21, 2026): one-person monthly cost without rent $826 + one room in a shared flat = (cheap 3-bedroom apartment $997 + family utility bill $314) / 3 = $437; total $1,263/month x12"
Warsaw University of Technology,Living Cost,"$16,650",https://livingcost.org/cost/poland/warsaw,secondary,2026-10-04,"City: Warsaw (location from Wikidata). livingcost.org (updated June 21, 2026): one-person monthly cost without rent $751 + one room in a shared flat = (cheap 3-bedroom apartment $1,584 + family utility bill $325) / 3 = $636; total $1,387/month x12"
Indian Institute of Technology (BHU) Varanasi,Living Cost,"$2,590",https://livingcost.org/cost/india/up/varanasi,secondary,2026-10-04,"City: Varanasi (location from Wikidata). livingcost.org (updated June 21, 2026): one-person monthly cost without rent $186 + one room in a shared flat = (cheap 3-bedroom apartment $77 + family utility bill $12) / 3 = $30; total $216/month x12"
Universidad Nacional de La Plata (UNLP),Living Cost,"$8,070",https://livingcost.org/cost/argentina/la-plata,secondary,2026-10-04,"City: La Plata (location from Wikidata). livingcost.org (updated June 21, 2026): one-person monthly cost without rent $539 + one room in a shared flat = (cheap 3-bedroom apartment $357 + family utility bill $44) / 3 = $134; total $673/month x12"
Lahore University of Management Sciences,Living Cost,"$4,250",https://livingcost.org/cost/pakistan/lahore,secondary,2026-10-04,"City: Lahore (location from Wikidata). livingcost.org (updated June 21, 2026): one-person monthly cost without rent $267 + one room in a shared flat = (cheap 3-bedroom apartment $133 + family utility bill $129) / 3 = $87; total $354/month x12"
Northumbria University at Newcastle,Living Cost,"$17,050",https://livingcost.org/cost/united-kingdom/eng/newcastle-upon-tyne,secondary,2026-10-04,"City: Newcastle upon Tyne (location from Wikidata). livingcost.org (updated June 21, 2026): one-person monthly cost without rent $846 + one room in a shared flat = (cheap 3-bedroom apartment $1,485 + family utility bill $239) / 3 = $575; total $1,421/month x12"
Hitotsubashi University,Living Cost,"$15,130",https://livingcost.org/cost/japan/tokyo,secondary,2026-10-04,"City: Tokyo (location from Wikidata). livingcost.org (updated June 21, 2026): one-person monthly cost without rent $866 + one room in a shared flat = (cheap 3-bedroom apartment $1,045 + family utility bill $140) / 3 = $395; total $1,261/month x12"
University of Salamanca,Living Cost,"$10,740",https://livingcost.org/cost/spain/salamanca,secondary,2026-10-04,"City: Salamanca (location from Wikidata). livingcost.org (updated June 21, 2026): one-person monthly cost without rent $566 + one room in a shared flat = (cheap 3-bedroom apartment $869 + family utility bill $119) / 3 = $329; total $895/month x12"
Universidad de Zaragoza,Living Cost,"$12,670",https://livingcost.org/cost/spain/zaragoza,secondary,2026-10-04,"City: Zaragoza (location from Wikidata). livingcost.org (updated June 21, 2026): one-person monthly cost without rent $710 + one room in a shared flat = (cheap 3-bedroom apartment $902 + family utility bill $135) / 3 = $346; total $1,056/month x12"
Tashkent Institute of Irrigation and Agricultural Mechanization Engineers - National Research University (TIIAME-NRU),Living Cost,"$7,690",https://livingcost.org/cost/uzbekistan/tashkent,secondary,2026-10-04,"City: Tashkent (location from Wikidata). livingcost.org (updated June 21, 2026): one-person monthly cost without rent $420 + one room in a shared flat = (cheap 3-bedroom apartment $603 + family utility bill $60) / 3 = $221; total $641/month x12"
Al Ain University,Living Cost,"$11,630",https://livingcost.org/cost/united-arab-emirates/al-ain,secondary,2026-10-04,"City: Al Ain (location from Wikidata). livingcost.org (updated June 21, 2026): one-person monthly cost without rent $555 + one room in a shared flat = (cheap 3-bedroom apartment $1,126 + family utility bill $116) / 3 = $414; total $969/month x12"
University of Dhaka,Living Cost,"$4,820",https://livingcost.org/cost/bangladesh/dhaka,secondary,2026-10-04,"City: Dhaka (location from Wikidata). livingcost.org (updated June 21, 2026): one-person monthly cost without rent $328 + one room in a shared flat = (cheap 3-bedroom apartment $181 + family utility bill $40) / 3 = $74; total $402/month x12"
Ulster University,Living Cost,"$14,250",https://livingcost.org/cost/united-kingdom/nir/derry,secondary,2026-10-04,"City: Derry (location from Wikidata). livingcost.org (updated June 21, 2026): one-person monthly cost without rent $731 + one room in a shared flat = (cheap 3-bedroom apartment $1,133 + family utility bill $236) / 3 = $456; total $1,187/month x12"
Umm Al-Qura University,Living Cost,"$9,740",https://livingcost.org/cost/saudi-arabia/mecca,secondary,2026-10-04,"City: Mecca (location from Wikidata). livingcost.org (updated June 21, 2026): one-person monthly cost without rent $592 + one room in a shared flat = (cheap 3-bedroom apartment $600 + family utility bill $60) / 3 = $220; total $812/month x12"
Universiti Teknologi Brunei,Living Cost,"$8,950",https://livingcost.org/cost/brunei/bandar-seri-begawan,secondary,2026-10-04,"City: Bandar Seri Begawan (location from Wikidata). livingcost.org (updated June 21, 2026): one-person monthly cost without rent $494 + one room in a shared flat = (cheap 3-bedroom apartment $687 + family utility bill $69) / 3 = $252; total $746/month x12"
Eötvös Loránd University,Living Cost,"$14,560",https://livingcost.org/cost/hungary/budapest,secondary,2026-10-04,"City: Budapest (location from Wikidata). livingcost.org (updated June 21, 2026): one-person monthly cost without rent $770 + one room in a shared flat = (cheap 3-bedroom apartment $1,160 + family utility bill $170) / 3 = $443; total $1,213/month x12"
Chiang Mai University,Living Cost,"$6,860",https://livingcost.org/cost/thailand/chiang-mai,secondary,2026-10-04,"City: Chiang Mai (location from Wikidata). livingcost.org (updated June 21, 2026): one-person monthly cost without rent $396 + one room in a shared flat = (cheap 3-bedroom apartment $467 + family utility bill $60) / 3 = $176; total $572/month x12"
MGIMO University,Living Cost,"$14,110",https://livingcost.org/cost/russia/moscow,secondary,2026-10-04,"City: Moscow (location from Wikidata). livingcost.org (updated June 21, 2026): one-person monthly cost without rent $672 + one room in a shared flat = (cheap 3-bedroom apartment $1,335 + family utility bill $176) / 3 = $504; total $1,176/month x12"
"University of Chemistry and Technology, Prague",Living Cost,"$16,000",https://livingcost.org/cost/czech-republic/prague,secondary,2026-10-04,"City: Prague (location from Wikidata). livingcost.org (updated June 21, 2026): one-person monthly cost without rent $717 + one room in a shared flat = (cheap 3-bedroom apartment $1,546 + family utility bill $304) / 3 = $617; total $1,334/month x12"
University of Szeged,Living Cost,"$10,040",https://livingcost.org/cost/hungary/szeged,secondary,2026-10-04,"City: Szeged (location from Wikidata). livingcost.org (updated June 21, 2026): one-person monthly cost without rent $576 + one room in a shared flat = (cheap 3-bedroom apartment $654 + family utility bill $128) / 3 = $261; total $837/month x12"
University of the Punjab,Living Cost,"$4,250",https://livingcost.org/cost/pakistan/lahore,secondary,2026-10-04,"City: Lahore (location from Wikidata). livingcost.org (updated June 21, 2026): one-person monthly cost without rent $267 + one room in a shared flat = (cheap 3-bedroom apartment $133 + family utility bill $129) / 3 = $87; total $354/month x12"
Adolfo Ibáñez University,Living Cost,"$11,080",https://livingcost.org/cost/chile/santiago,secondary,2026-10-04,"City: Santiago (location from Wikidata). livingcost.org (updated June 21, 2026): one-person monthly cost without rent $647 + one room in a shared flat = (cheap 3-bedroom apartment $699 + family utility bill $130) / 3 = $276; total $923/month x12"
Sogang University,Living Cost,"$11,940",https://livingcost.org/cost/south-korea/seoul,secondary,2026-10-04,"City: Seoul (location from Wikidata). livingcost.org (updated June 21, 2026): one-person monthly cost without rent $672 + one room in a shared flat = (cheap 3-bedroom apartment $818 + family utility bill $152) / 3 = $323; total $995/month x12"
Management and Science University,Living Cost,"$6,790",https://livingcost.org/cost/malaysia/shah-alam,secondary,2026-10-04,"City: Shah Alam (location from Wikidata). livingcost.org (updated June 21, 2026): one-person monthly cost without rent $390 + one room in a shared flat = (cheap 3-bedroom apartment $473 + family utility bill $54) / 3 = $176; total $566/month x12"
Politecnico di Bari,Living Cost,"$14,550",https://livingcost.org/cost/italy/ap/bari,secondary,2026-10-04,"City: Bari (location from Wikidata). livingcost.org (updated June 21, 2026): one-person monthly cost without rent $767 + one room in a shared flat = (cheap 3-bedroom apartment $1,105 + family utility bill $232) / 3 = $446; total $1,213/month x12"
Université Paul Sabatier Toulouse III,Living Cost,"$15,770",https://livingcost.org/cost/france/occ/toulouse,secondary,2026-10-04,"City: Toulouse (location from Wikidata). livingcost.org (updated June 21, 2026): one-person monthly cost without rent $878 + one room in a shared flat = (cheap 3-bedroom apartment $1,101 + family utility bill $208) / 3 = $436; total $1,314/month x12"
Singapore Management University,Living Cost,"$25,900",https://livingcost.org/cost/singapore/singapore,secondary,2026-10-04,"City: Singapore City (location from Wikidata). livingcost.org (updated June 21, 2026): one-person monthly cost without rent $1,004 + one room in a shared flat = (cheap 3-bedroom apartment $3,306 + family utility bill $157) / 3 = $1,154; total $2,158/month x12"
Universitas Padjadjaran,Living Cost,"$4,710",https://livingcost.org/cost/indonesia/bandung,secondary,2026-10-04,"City: Bandung (location from Wikidata). livingcost.org (updated June 21, 2026): one-person monthly cost without rent $292 + one room in a shared flat = (cheap 3-bedroom apartment $269 + family utility bill $32) / 3 = $100; total $392/month x12"
University of Ljubljana,Living Cost,"$14,740",https://livingcost.org/cost/slovenia/ljubljana,secondary,2026-10-04,"City: Ljubljana (location from Wikidata). livingcost.org (updated June 21, 2026): one-person monthly cost without rent $694 + one room in a shared flat = (cheap 3-bedroom apartment $1,303 + family utility bill $299) / 3 = $534; total $1,228/month x12"
Abdul Wali Khan University Mardan,Living Cost,"$3,360",https://livingcost.org/cost/pakistan/mardan,secondary,2026-10-04,"City: Mardan (location from Wikidata). livingcost.org (updated June 21, 2026): one-person monthly cost without rent $224 + one room in a shared flat = (cheap 3-bedroom apartment $70 + family utility bill $97) / 3 = $56; total $280/month x12"
Air University,Living Cost,"$4,530",https://livingcost.org/cost/pakistan/islamabad,secondary,2026-10-04,"City: Islamabad (location from Wikidata). livingcost.org (updated June 21, 2026): one-person monthly cost without rent $268 + one room in a shared flat = (cheap 3-bedroom apartment $233 + family utility bill $96) / 3 = $110; total $378/month x12"
Amedeo Avogadro University of Eastern Piedmont,Living Cost,"$12,240",https://livingcost.org/cost/italy/pi/vercelli,secondary,2026-10-04,"City: Vercelli (location from Wikidata). livingcost.org (updated June 21, 2026): one-person monthly cost without rent $749 + one room in a shared flat = (cheap 3-bedroom apartment $579 + family utility bill $234) / 3 = $271; total $1,020/month x12"
American University,Living Cost,"$19,600",https://collegescorecard.ed.gov/school/?131159-American-University,government,2026-10-04,"City: Washington. College Scorecard (US Dept of Education) on-campus room and board $17,982 + other expenses $1,618 per year"
Babol University of Medical Sciences,Living Cost,"$3,730",https://livingcost.org/cost/iran/babol,secondary,2026-10-04,"City: Babol (location from Wikidata). livingcost.org (updated June 21, 2026): one-person monthly cost without rent $265 + one room in a shared flat = (cheap 3-bedroom apartment $125 + family utility bill $13) / 3 = $46; total $311/month x12"
Banaras Hindu University,Living Cost,"$2,590",https://livingcost.org/cost/india/up/varanasi,secondary,2026-10-04,"City: Varanasi (location from Wikidata). livingcost.org (updated June 21, 2026): one-person monthly cost without rent $186 + one room in a shared flat = (cheap 3-bedroom apartment $77 + family utility bill $12) / 3 = $30; total $216/month x12"
Baylor University,Living Cost,"$19,220",https://collegescorecard.ed.gov/school/?223232-Baylor-University,government,2026-10-04,"City: Waco. College Scorecard (US Dept of Education) on-campus room and board $15,314 + other expenses $3,904 per year"
Birmingham City University,Living Cost,"$18,590",https://livingcost.org/cost/united-kingdom/eng/birmingham,secondary,2026-10-04,"City: Birmingham (location from Wikidata). livingcost.org (updated June 21, 2026): one-person monthly cost without rent $950 + one room in a shared flat = (cheap 3-bedroom apartment $1,484 + family utility bill $314) / 3 = $599; total $1,549/month x12"
COMSATS University Islamabad,Living Cost,"$4,530",https://livingcost.org/cost/pakistan/islamabad,secondary,2026-10-04,"City: Islamabad (location from Wikidata). livingcost.org (updated June 21, 2026): one-person monthly cost without rent $268 + one room in a shared flat = (cheap 3-bedroom apartment $233 + family utility bill $96) / 3 = $110; total $378/month x12"
Cankaya University,Living Cost,"$9,480",https://livingcost.org/cost/turkey/ankara,secondary,2026-10-04,"City: Ankara (location from Wikidata). livingcost.org (updated June 21, 2026): one-person monthly cost without rent $533 + one room in a shared flat = (cheap 3-bedroom apartment $704 + family utility bill $68) / 3 = $257; total $790/month x12"
Chang Gung University,Living Cost,"$9,450",https://livingcost.org/cost/taiwan/taoyuan,secondary,2026-10-04,"City: Taoyuan (location from Wikidata). livingcost.org (updated June 21, 2026): one-person monthly cost without rent $581 + one room in a shared flat = (cheap 3-bedroom apartment $555 + family utility bill $66) / 3 = $207; total $788/month x12"
Clark University,Living Cost,"$13,550",https://collegescorecard.ed.gov/school/?165334-Clark-University,government,2026-10-04,"City: Worcester. College Scorecard (US Dept of Education) on-campus room and board $12,500 + other expenses $1,050 per year"
Cyprus University of Technology,Living Cost,"$17,220",https://livingcost.org/cost/cyprus/limassol,secondary,2026-10-04,"City: Limassol (location from Wikidata). livingcost.org (updated June 21, 2026): one-person monthly cost without rent $758 + one room in a shared flat = (cheap 3-bedroom apartment $1,808 + family utility bill $223) / 3 = $677; total $1,435/month x12"
De Montfort University,Living Cost,"$14,460",https://livingcost.org/cost/united-kingdom/eng/leicester,secondary,2026-10-04,"City: Leicester (location from Wikidata). livingcost.org (updated June 21, 2026): one-person monthly cost without rent $742 + one room in a shared flat = (cheap 3-bedroom apartment $1,131 + family utility bill $257) / 3 = $463; total $1,205/month x12"
Federation University Australia,Living Cost,"$14,400",https://livingcost.org/cost/australia/ballarat,secondary,2026-10-04,"City: Ballarat (location from Wikidata). livingcost.org (updated June 21, 2026): one-person monthly cost without rent $771 + one room in a shared flat = (cheap 3-bedroom apartment $1,092 + family utility bill $196) / 3 = $429; total $1,200/month x12"
Glasgow Caledonian University,Living Cost,"$18,650",https://livingcost.org/cost/united-kingdom/sct/glasgow,secondary,2026-10-04,"City: Glasgow (location from Wikidata). livingcost.org (updated June 21, 2026): one-person monthly cost without rent $887 + one room in a shared flat = (cheap 3-bedroom apartment $1,681 + family utility bill $320) / 3 = $667; total $1,554/month x12"
Government College University Faisalabad,Living Cost,"$3,540",https://livingcost.org/cost/pakistan/faisalabad,secondary,2026-10-04,"City: Faisalabad (location from Wikidata). livingcost.org (updated June 21, 2026): one-person monthly cost without rent $236 + one room in a shared flat = (cheap 3-bedroom apartment $103 + family utility bill $73) / 3 = $59; total $295/month x12"
Guangdong University of Technology,Living Cost,"$7,280",https://livingcost.org/cost/china/guangzhou,secondary,2026-10-04,"City: Guangzhou (location from Wikidata). livingcost.org (updated June 21, 2026): one-person monthly cost without rent $443 + one room in a shared flat = (cheap 3-bedroom apartment $437 + family utility bill $54) / 3 = $164; total $607/month x12"
Hacettepe University,Living Cost,"$9,480",https://livingcost.org/cost/turkey/ankara,secondary,2026-10-04,"City: Ankara (location from Wikidata). livingcost.org (updated June 21, 2026): one-person monthly cost without rent $533 + one room in a shared flat = (cheap 3-bedroom apartment $704 + family utility bill $68) / 3 = $257; total $790/month x12"
Harokopio University of Athens,Living Cost,"$11,880",https://livingcost.org/cost/greece/kallithea,secondary,2026-10-04,"City: Kallithea (location from Wikidata). livingcost.org (updated June 21, 2026): one-person monthly cost without rent $608 + one room in a shared flat = (cheap 3-bedroom apartment $939 + family utility bill $207) / 3 = $382; total $990/month x12"
Indian Institute of Technology (Indian School of Mines) Dhanbad,Living Cost,"$2,840",https://livingcost.org/cost/india/jh/dhanbad,secondary,2026-10-04,"City: Dhanbad (location from Wikidata). livingcost.org (updated June 21, 2026): one-person monthly cost without rent $202 + one room in a shared flat = (cheap 3-bedroom apartment $65 + family utility bill $38) / 3 = $34; total $236/month x12"
Indian Institute of Technology Patna,Living Cost,"$3,000",https://livingcost.org/cost/india/br/patna,secondary,2026-10-04,"City: Patna (location from Wikidata). livingcost.org (updated June 21, 2026): one-person monthly cost without rent $207 + one room in a shared flat = (cheap 3-bedroom apartment $90 + family utility bill $38) / 3 = $43; total $250/month x12"
Jiangsu University,Living Cost,"$6,640",https://livingcost.org/cost/china/wuxi,secondary,2026-10-04,"City: Wuxi (location from Wikidata). livingcost.org (updated June 21, 2026): one-person monthly cost without rent $432 + one room in a shared flat = (cheap 3-bedroom apartment $330 + family utility bill $34) / 3 = $121; total $553/month x12"
Jouf University,Living Cost,"$7,120",https://livingcost.org/cost/saudi-arabia/sakakah,secondary,2026-10-04,"City: Sakakah (location from Wikidata). livingcost.org (updated June 21, 2026): one-person monthly cost without rent $450 + one room in a shared flat = (cheap 3-bedroom apartment $365 + family utility bill $66) / 3 = $144; total $594/month x12"
Juntendo University,Living Cost,"$15,130",https://livingcost.org/cost/japan/tokyo,secondary,2026-10-04,"City: Tokyo (location from Wikidata). livingcost.org (updated June 21, 2026): one-person monthly cost without rent $866 + one room in a shared flat = (cheap 3-bedroom apartment $1,045 + family utility bill $140) / 3 = $395; total $1,261/month x12"
Jönköping University,Living Cost,"$13,730",https://livingcost.org/cost/sweden/jonkoping,secondary,2026-10-04,"City: Jonkoping (location from Wikidata). livingcost.org (updated June 21, 2026): one-person monthly cost without rent $760 + one room in a shared flat = (cheap 3-bedroom apartment $1,060 + family utility bill $92) / 3 = $384; total $1,144/month x12"
KIIT University,Living Cost,"$3,720",https://livingcost.org/cost/india/or/bhubaneswar,secondary,2026-10-04,"City: Bhubaneswar (location from Wikidata). livingcost.org (updated June 21, 2026): one-person monthly cost without rent $252 + one room in a shared flat = (cheap 3-bedroom apartment $137 + family utility bill $38) / 3 = $58; total $310/month x12"
Kansas State University,Living Cost,"$15,900",https://collegescorecard.ed.gov/school/?155399-Kansas-State-University,government,2026-10-04,"City: Manhattan. College Scorecard (US Dept of Education) on-campus room and board $12,830 + other expenses $3,070 per year"
Kashan University of Medical Sciences and Health Services,Living Cost,"$4,690",https://livingcost.org/cost/iran/kashan,secondary,2026-10-04,"City: Kashan (location from Wikidata). livingcost.org (updated June 21, 2026): one-person monthly cost without rent $281 + one room in a shared flat = (cheap 3-bedroom apartment $315 + family utility bill $14) / 3 = $110; total $391/month x12"
Konkuk University,Living Cost,"$11,940",https://livingcost.org/cost/south-korea/seoul,secondary,2026-10-04,"City: Seoul (location from Wikidata). livingcost.org (updated June 21, 2026): one-person monthly cost without rent $672 + one room in a shared flat = (cheap 3-bedroom apartment $818 + family utility bill $152) / 3 = $323; total $995/month x12"
Kurdistan University of Medical Sciences,Living Cost,"$4,200",https://livingcost.org/cost/iran/sanandaj,secondary,2026-10-04,"City: Sanandaj (location from Wikidata). livingcost.org (updated June 21, 2026): one-person monthly cost without rent $286 + one room in a shared flat = (cheap 3-bedroom apartment $183 + family utility bill $9) / 3 = $64; total $350/month x12"
Lehigh University,Living Cost,"$18,720",https://collegescorecard.ed.gov/school/?213543-Lehigh-University,government,2026-10-04,"City: Bethlehem. College Scorecard (US Dept of Education) on-campus room and board $17,220 + other expenses $1,500 per year"
Louisiana State University,Living Cost,"$23,030",https://collegescorecard.ed.gov/school/?159391-Louisiana-State-University-and-Agricultural---Mechanical-College,government,2026-10-04,"City: Baton Rouge. College Scorecard (US Dept of Education) on-campus room and board $15,142 + other expenses $7,884 per year"
Lviv Polytechnic National University,Living Cost,"$7,290",https://livingcost.org/cost/ukraine/lviv,secondary,2026-10-04,"City: Lviv (location from Wikidata). livingcost.org (updated June 21, 2026): one-person monthly cost without rent $381 + one room in a shared flat = (cheap 3-bedroom apartment $598 + family utility bill $81) / 3 = $226; total $607/month x12"
Mazandaran University of Medical Sciences,Living Cost,"$4,610",https://livingcost.org/cost/iran/sari,secondary,2026-10-04,"City: Sari (location from Wikidata). livingcost.org (updated June 21, 2026): one-person monthly cost without rent $269 + one room in a shared flat = (cheap 3-bedroom apartment $333 + family utility bill $12) / 3 = $115; total $384/month x12"
Mississippi State University,Living Cost,"$19,310",https://collegescorecard.ed.gov/school/?176080-Mississippi-State-University,government,2026-10-04,"City: Mississippi State. College Scorecard (US Dept of Education) on-campus room and board $12,902 + other expenses $6,409 per year"
Nanjing Forestry University,Living Cost,"$7,230",https://livingcost.org/cost/china/nanjing,secondary,2026-10-04,"City: Nanjing (location from Wikidata). livingcost.org (updated June 21, 2026): one-person monthly cost without rent $419 + one room in a shared flat = (cheap 3-bedroom apartment $500 + family utility bill $50) / 3 = $183; total $602/month x12"
Nanjing Tech University,Living Cost,"$7,230",https://livingcost.org/cost/china/nanjing,secondary,2026-10-04,"City: Nanjing (location from Wikidata). livingcost.org (updated June 21, 2026): one-person monthly cost without rent $419 + one room in a shared flat = (cheap 3-bedroom apartment $500 + family utility bill $50) / 3 = $183; total $602/month x12"
Nanjing University of Aeronautics and Astronautics,Living Cost,"$7,230",https://livingcost.org/cost/china/nanjing,secondary,2026-10-04,"City: Nanjing (location from Wikidata). livingcost.org (updated June 21, 2026): one-person monthly cost without rent $419 + one room in a shared flat = (cheap 3-bedroom apartment $500 + family utility bill $50) / 3 = $183; total $602/month x12"
National Institute of Technology Rourkela,Living Cost,"$2,850",https://livingcost.org/cost/india/or/rourkela,secondary,2026-10-04,"City: Rourkela (location from Wikidata). livingcost.org (updated June 21, 2026): one-person monthly cost without rent $207 + one room in a shared flat = (cheap 3-bedroom apartment $70 + family utility bill $22) / 3 = $31; total $238/month x12"
Near East University,Living Cost,"$13,400",https://livingcost.org/cost/cyprus/nicosia,secondary,2026-10-04,"City: Nicosia (location from Wikidata). livingcost.org (updated June 21, 2026): one-person monthly cost without rent $685 + one room in a shared flat = (cheap 3-bedroom apartment $1,067 + family utility bill $228) / 3 = $432; total $1,117/month x12"
North-West University,Living Cost,"$7,160",https://livingcost.org/cost/south-africa/potchefstroom,secondary,2026-10-04,"City: Potchefstroom (location from Wikidata). livingcost.org (updated June 21, 2026): one-person monthly cost without rent $371 + one room in a shared flat = (cheap 3-bedroom apartment $532 + family utility bill $145) / 3 = $226; total $597/month x12"
"Northeastern University, China",Living Cost,"$5,770",https://livingcost.org/cost/china/xi-an,secondary,2026-10-04,"City: Xi'an (location from Wikidata). livingcost.org (updated June 21, 2026): one-person monthly cost without rent $367 + one room in a shared flat = (cheap 3-bedroom apartment $288 + family utility bill $54) / 3 = $114; total $481/month x12"
Northern Illinois University,Living Cost,"$16,580",https://collegescorecard.ed.gov/school/?147703-Northern-Illinois-University,government,2026-10-04,"City: Dekalb. College Scorecard (US Dept of Education) on-campus room and board $14,160 + other expenses $2,422 per year"
Ohio University (Main campus),Living Cost,"$17,180",https://collegescorecard.ed.gov/school/?204857-Ohio-University-Main-Campus,government,2026-10-04,"City: Athens. College Scorecard (US Dept of Education) on-campus room and board $14,162 + other expenses $3,016 per year"
Oklahoma State University,Living Cost,"$16,840",https://collegescorecard.ed.gov/school/?207388-Oklahoma-State-University-Main-Campus,government,2026-10-04,"City: Stillwater. College Scorecard (US Dept of Education) on-campus room and board $11,230 + other expenses $5,610 per year"
Old Dominion University,Living Cost,"$18,440",https://collegescorecard.ed.gov/school/?232982-Old-Dominion-University,government,2026-10-04,"City: Norfolk. College Scorecard (US Dept of Education) on-campus room and board $14,878 + other expenses $3,560 per year"
Open University of Catalonia,Living Cost,"$17,500",https://livingcost.org/cost/spain/barcelona,secondary,2026-10-04,"City: Barcelona (location from Wikidata). livingcost.org (updated June 21, 2026): one-person monthly cost without rent $821 + one room in a shared flat = (cheap 3-bedroom apartment $1,738 + family utility bill $173) / 3 = $637; total $1,458/month x12"
Otto von Guericke University of Magdeburg,Living Cost,"$13,660",https://livingcost.org/cost/germany/st/magdeburg,secondary,2026-10-04,"City: Magdeburg (location from Wikidata). livingcost.org (updated June 21, 2026): one-person monthly cost without rent $806 + one room in a shared flat = (cheap 3-bedroom apartment $740 + family utility bill $257) / 3 = $332; total $1,138/month x12"
Panjab University,Living Cost,"$3,650",https://livingcost.org/cost/india/pb/chandigarh,secondary,2026-10-04,"City: Chandigarh (location from Wikidata). livingcost.org (updated June 21, 2026): one-person monthly cost without rent $227 + one room in a shared flat = (cheap 3-bedroom apartment $183 + family utility bill $48) / 3 = $77; total $304/month x12"
Parthenope University of Naples,Living Cost,"$14,050",https://livingcost.org/cost/italy/cm/naples,secondary,2026-10-04,"City: Naples (location from Wikidata). livingcost.org (updated June 21, 2026): one-person monthly cost without rent $772 + one room in a shared flat = (cheap 3-bedroom apartment $1,018 + family utility bill $178) / 3 = $399; total $1,171/month x12"
Reykjavík University,Living Cost,"$25,970",https://livingcost.org/cost/iceland/reykjavik,secondary,2026-10-04,"City: Reykjavik (location from Wikidata). livingcost.org (updated June 21, 2026): one-person monthly cost without rent $1,251 + one room in a shared flat = (cheap 3-bedroom apartment $2,660 + family utility bill $80) / 3 = $913; total $2,164/month x12"
Roskilde University,Living Cost,"$19,260",https://livingcost.org/cost/denmark/roskilde,secondary,2026-10-04,"City: Roskilde (location from Wikidata). livingcost.org (updated June 21, 2026): one-person monthly cost without rent $908 + one room in a shared flat = (cheap 3-bedroom apartment $1,881 + family utility bill $211) / 3 = $697; total $1,605/month x12"
SRUC (Scotland’s Rural College),Living Cost,"$20,060",https://livingcost.org/cost/united-kingdom/sct/edinburgh,secondary,2026-10-04,"City: Edinburgh (location from Wikidata). livingcost.org (updated June 21, 2026): one-person monthly cost without rent $935 + one room in a shared flat = (cheap 3-bedroom apartment $1,966 + family utility bill $245) / 3 = $737; total $1,672/month x12"
SUNY Binghamton University,Living Cost,"$19,810",https://collegescorecard.ed.gov/school/?196079-Binghamton-University,government,2026-10-04,"City: Vestal. College Scorecard (US Dept of Education) on-campus room and board $18,809 + other expenses $1,000 per year"
Saveetha Institute of Medical and Technical Sciences (Deemed to be University),Living Cost,"$4,060",https://livingcost.org/cost/india/tn/chennai,secondary,2026-10-04,"City: Chennai (location from Wikidata). livingcost.org (updated June 21, 2026): one-person monthly cost without rent $267 + one room in a shared flat = (cheap 3-bedroom apartment $178 + family utility bill $37) / 3 = $72; total $339/month x12"
South China Normal University,Living Cost,"$7,280",https://livingcost.org/cost/china/guangzhou,secondary,2026-10-04,"City: Guangzhou (location from Wikidata). livingcost.org (updated June 21, 2026): one-person monthly cost without rent $443 + one room in a shared flat = (cheap 3-bedroom apartment $437 + family utility bill $54) / 3 = $164; total $607/month x12"
Texas Tech University,Living Cost,"$15,470",https://collegescorecard.ed.gov/school/?229115-Texas-Tech-University,government,2026-10-04,"City: Lubbock. College Scorecard (US Dept of Education) on-campus room and board $10,742 + other expenses $4,731 per year"
The Catholic University of America,Living Cost,"$21,700",https://collegescorecard.ed.gov/school/?131283-The-Catholic-University-of-America,government,2026-10-04,"City: Washington. College Scorecard (US Dept of Education) on-campus room and board $18,200 + other expenses $3,502 per year"
The Open University,Living Cost,"$18,990",https://livingcost.org/cost/united-kingdom/eng/milton-keynes,secondary,2026-10-04,"City: Milton Keynes (location from Wikidata). livingcost.org (updated June 21, 2026): one-person monthly cost without rent $847 + one room in a shared flat = (cheap 3-bedroom apartment $1,875 + family utility bill $332) / 3 = $736; total $1,583/month x12"
The University of Alabama,Living Cost,"$21,040",https://collegescorecard.ed.gov/school/?100751-The-University-of-Alabama,government,2026-10-04,"City: Tuscaloosa. College Scorecard (US Dept of Education) on-campus room and board $15,016 + other expenses $6,028 per year"
Ton Duc Thang University,Living Cost,"$6,400",https://livingcost.org/cost/vietnam/ho-chi-minh,secondary,2026-10-04,"City: Ho Chi Minh (location from Wikidata). livingcost.org (updated June 21, 2026): one-person monthly cost without rent $356 + one room in a shared flat = (cheap 3-bedroom apartment $437 + family utility bill $94) / 3 = $177; total $533/month x12"
Toronto Metropolitan University,Living Cost,"$20,280",https://livingcost.org/cost/canada/on/toronto,secondary,2026-10-04,"City: Toronto (location from Wikidata). livingcost.org (updated June 21, 2026): one-person monthly cost without rent $985 + one room in a shared flat = (cheap 3-bedroom apartment $1,987 + family utility bill $128) / 3 = $705; total $1,690/month x12"
Universidade Federal do Rio Grande do Sul,Living Cost,"$8,100",https://livingcost.org/cost/brazil/porto-alegre,secondary,2026-10-04,"City: Porto Alegre (location from Wikidata). livingcost.org (updated June 21, 2026): one-person monthly cost without rent $499 + one room in a shared flat = (cheap 3-bedroom apartment $437 + family utility bill $91) / 3 = $176; total $675/month x12"
Universiti Malaysia Pahang,Living Cost,"$5,200",https://livingcost.org/cost/malaysia/kuantan,secondary,2026-10-04,"City: Kuantan (location from Wikidata). livingcost.org (updated June 21, 2026): one-person monthly cost without rent $332 + one room in a shared flat = (cheap 3-bedroom apartment $267 + family utility bill $36) / 3 = $101; total $433/month x12"
University of Bari Aldo Moro,Living Cost,"$14,550",https://livingcost.org/cost/italy/ap/bari,secondary,2026-10-04,"City: Bari (location from Wikidata). livingcost.org (updated June 21, 2026): one-person monthly cost without rent $767 + one room in a shared flat = (cheap 3-bedroom apartment $1,105 + family utility bill $232) / 3 = $446; total $1,213/month x12"
University of Campania Luigi Vanvitelli,Living Cost,"$12,310",https://livingcost.org/cost/italy/cm/caserta,secondary,2026-10-04,"City: Caserta (location from Wikidata). livingcost.org (updated June 21, 2026): one-person monthly cost without rent $720 + one room in a shared flat = (cheap 3-bedroom apartment $734 + family utility bill $183) / 3 = $306; total $1,026/month x12"
University of Derby,Living Cost,"$15,850",https://livingcost.org/cost/united-kingdom/eng/derby,secondary,2026-10-04,"City: Derby (location from Wikidata). livingcost.org (updated June 21, 2026): one-person monthly cost without rent $837 + one room in a shared flat = (cheap 3-bedroom apartment $1,128 + family utility bill $324) / 3 = $484; total $1,321/month x12"
University of Foggia,Living Cost,"$12,140",https://livingcost.org/cost/italy/ap/foggia,secondary,2026-10-04,"City: Foggia (location from Wikidata). livingcost.org (updated June 21, 2026): one-person monthly cost without rent $733 + one room in a shared flat = (cheap 3-bedroom apartment $634 + family utility bill $202) / 3 = $279; total $1,012/month x12"
University of Haifa,Living Cost,"$16,700",https://livingcost.org/cost/israel/haifa,secondary,2026-10-04,"City: Haifa (location from Wikidata). livingcost.org (updated June 21, 2026): one-person monthly cost without rent $978 + one room in a shared flat = (cheap 3-bedroom apartment $1,033 + family utility bill $208) / 3 = $414; total $1,392/month x12"
University of Hail,Living Cost,"$6,630",https://livingcost.org/cost/saudi-arabia/ha-il,secondary,2026-10-04,"City: Ha'il (location from Wikidata). livingcost.org (updated June 21, 2026): one-person monthly cost without rent $429 + one room in a shared flat = (cheap 3-bedroom apartment $320 + family utility bill $50) / 3 = $123; total $552/month x12"
University of Insubria,Living Cost,"$14,780",https://livingcost.org/cost/italy/lo/varese,secondary,2026-10-04,"City: Varese (location from Wikidata). livingcost.org (updated June 21, 2026): one-person monthly cost without rent $804 + one room in a shared flat = (cheap 3-bedroom apartment $1,067 + family utility bill $215) / 3 = $427; total $1,231/month x12"
University of Kashan,Living Cost,"$4,690",https://livingcost.org/cost/iran/kashan,secondary,2026-10-04,"City: Kashan (location from Wikidata). livingcost.org (updated June 21, 2026): one-person monthly cost without rent $281 + one room in a shared flat = (cheap 3-bedroom apartment $315 + family utility bill $14) / 3 = $110; total $391/month x12"
"University of Maryland, Baltimore County",Living Cost,"$18,910",https://collegescorecard.ed.gov/school/?163268-University-of-Maryland-Baltimore-County,government,2026-10-04,"City: Baltimore. College Scorecard (US Dept of Education) on-campus room and board $15,146 + other expenses $3,764 per year"
University of Minho,Living Cost,"$11,400",https://livingcost.org/cost/portugal/braga,secondary,2026-10-04,"City: Braga (location from Wikidata). livingcost.org (updated June 21, 2026): one-person monthly cost without rent $568 + one room in a shared flat = (cheap 3-bedroom apartment $1,009 + family utility bill $137) / 3 = $382; total $950/month x12"
University of Namur,Living Cost,"$14,690",https://livingcost.org/cost/belgium/namur,secondary,2026-10-04,"City: Namur (location from Wikidata). livingcost.org (updated June 21, 2026): one-person monthly cost without rent $811 + one room in a shared flat = (cheap 3-bedroom apartment $1,035 + family utility bill $205) / 3 = $413; total $1,224/month x12"
"University of Nevada, Las Vegas",Living Cost,"$17,000",https://collegescorecard.ed.gov/school/?182281-University-of-Nevada-Las-Vegas,government,2026-10-04,"City: Las Vegas. College Scorecard (US Dept of Education) on-campus room and board $12,628 + other expenses $4,372 per year"
University of North Carolina at Charlotte,Living Cost,"$17,500",https://collegescorecard.ed.gov/school/?199139-University-of-North-Carolina-at-Charlotte,government,2026-10-04,"City: Charlotte. College Scorecard (US Dept of Education) on-campus room and board $14,458 + other expenses $3,040 per year"
University of Palermo,Living Cost,"$11,000",https://livingcost.org/cost/italy/si/palermo,secondary,2026-10-04,"City: Palermo (location from Wikidata). livingcost.org (updated June 21, 2026): one-person monthly cost without rent $669 + one room in a shared flat = (cheap 3-bedroom apartment $584 + family utility bill $160) / 3 = $248; total $917/month x12"
University of Parma,Living Cost,"$14,760",https://livingcost.org/cost/italy/er/parma,secondary,2026-10-04,"City: Parma (location from Wikidata). livingcost.org (updated June 21, 2026): one-person monthly cost without rent $797 + one room in a shared flat = (cheap 3-bedroom apartment $1,072 + family utility bill $226) / 3 = $433; total $1,230/month x12"
University of Rhode Island,Living Cost,"$18,280",https://collegescorecard.ed.gov/school/?217484-University-of-Rhode-Island,government,2026-10-04,"City: Kingston. College Scorecard (US Dept of Education) on-campus room and board $15,607 + other expenses $2,678 per year"
University of Sannio,Living Cost,"$12,020",https://livingcost.org/cost/italy/cm/benevento,secondary,2026-10-04,"City: Benevento (location from Wikidata). livingcost.org (updated June 21, 2026): one-person monthly cost without rent $696 + one room in a shared flat = (cheap 3-bedroom apartment $719 + family utility bill $197) / 3 = $305; total $1,001/month x12"
University of Sassari,Living Cost,"$13,090",https://livingcost.org/cost/italy/sa/sassari,secondary,2026-10-04,"City: Sassari (location from Wikidata). livingcost.org (updated June 21, 2026): one-person monthly cost without rent $734 + one room in a shared flat = (cheap 3-bedroom apartment $904 + family utility bill $167) / 3 = $357; total $1,091/month x12"
University of Stavanger,Living Cost,"$21,720",https://livingcost.org/cost/norway/stavanger,secondary,2026-10-04,"City: Stavanger (location from Wikidata). livingcost.org (updated June 21, 2026): one-person monthly cost without rent $1,049 + one room in a shared flat = (cheap 3-bedroom apartment $2,057 + family utility bill $227) / 3 = $761; total $1,810/month x12"
University of Texas at Arlington,Living Cost,"$16,610",https://collegescorecard.ed.gov/school/?228769-The-University-of-Texas-at-Arlington,government,2026-10-04,"City: Arlington. College Scorecard (US Dept of Education) on-campus room and board $11,228 + other expenses $5,384 per year"
University of Toledo,Living Cost,"$18,660",https://collegescorecard.ed.gov/school/?206084-University-of-Toledo,government,2026-10-04,"City: Toledo. College Scorecard (US Dept of Education) on-campus room and board $14,830 + other expenses $3,827 per year"
University of Wolverhampton,Living Cost,"$16,480",https://livingcost.org/cost/united-kingdom/eng/wolverhampton,secondary,2026-10-04,"City: Wolverhampton (location from Wikidata). livingcost.org (updated June 21, 2026): one-person monthly cost without rent $813 + one room in a shared flat = (cheap 3-bedroom apartment $1,431 + family utility bill $250) / 3 = $560; total $1,373/month x12"
University of Wyoming,Living Cost,"$17,610",https://collegescorecard.ed.gov/school/?240727-University-of-Wyoming,government,2026-10-04,"City: Laramie. College Scorecard (US Dept of Education) on-campus room and board $13,710 + other expenses $3,900 per year"
University of the West of Scotland,Living Cost,"$16,610",https://livingcost.org/cost/united-kingdom/sct/paisley,secondary,2026-10-04,"City: Paisley (location from Wikidata). livingcost.org (updated June 21, 2026): one-person monthly cost without rent $783 + one room in a shared flat = (cheap 3-bedroom apartment $1,520 + family utility bill $283) / 3 = $601; total $1,384/month x12"
Università degli Studi della Tuscia (University of Tuscia),Living Cost,"$12,940",https://livingcost.org/cost/italy/lz/viterbo,secondary,2026-10-04,"City: Viterbo (location from Wikidata). livingcost.org (updated June 21, 2026): one-person monthly cost without rent $740 + one room in a shared flat = (cheap 3-bedroom apartment $787 + family utility bill $228) / 3 = $338; total $1,078/month x12"
Università degli Studi di Udine,Living Cost,"$14,200",https://livingcost.org/cost/italy/fg/udine,secondary,2026-10-04,"City: Udine (location from Wikidata). livingcost.org (updated June 21, 2026): one-person monthly cost without rent $818 + one room in a shared flat = (cheap 3-bedroom apartment $917 + family utility bill $179) / 3 = $365; total $1,183/month x12"
Università del Salento,Living Cost,"$12,380",https://livingcost.org/cost/italy/ap/lecce,secondary,2026-10-04,"City: Lecce (location from Wikidata). livingcost.org (updated June 21, 2026): one-person monthly cost without rent $707 + one room in a shared flat = (cheap 3-bedroom apartment $806 + family utility bill $168) / 3 = $325; total $1,032/month x12"
Universität Siegen,Living Cost,"$13,080",https://livingcost.org/cost/germany/nw/siegen,secondary,2026-10-04,"City: Siegen (location from Wikidata). livingcost.org (updated June 21, 2026): one-person monthly cost without rent $699 + one room in a shared flat = (cheap 3-bedroom apartment $847 + family utility bill $326) / 3 = $391; total $1,090/month x12"
Universität des Saarlandes,Living Cost,"$13,380",https://livingcost.org/cost/germany/sl/saarbrucken,secondary,2026-10-04,"City: Saarbrucken (location from Wikidata). livingcost.org (updated June 21, 2026): one-person monthly cost without rent $773 + one room in a shared flat = (cheap 3-bedroom apartment $817 + family utility bill $208) / 3 = $342; total $1,115/month x12"
Université de Lille,Living Cost,"$15,340",https://livingcost.org/cost/france/hdf/lille,secondary,2026-10-04,"City: Lille (location from Wikidata). livingcost.org (updated June 21, 2026): one-person monthly cost without rent $812 + one room in a shared flat = (cheap 3-bedroom apartment $1,196 + family utility bill $202) / 3 = $466; total $1,278/month x12"
Université de Lorraine,Living Cost,"$13,720",https://livingcost.org/cost/france/ges/nancy,secondary,2026-10-04,"City: Nancy (location from Wikidata). livingcost.org (updated June 21, 2026): one-person monthly cost without rent $795 + one room in a shared flat = (cheap 3-bedroom apartment $785 + family utility bill $261) / 3 = $349; total $1,144/month x12"
Worcester Polytechnic Institute,Living Cost,"$19,590",https://collegescorecard.ed.gov/school/?168421-Worcester-Polytechnic-Institute,government,2026-10-04,"City: Worcester. College Scorecard (US Dept of Education) on-campus room and board $18,386 + other expenses $1,200 per year"
Xidian University,Living Cost,"$5,770",https://livingcost.org/cost/china/xi-an,secondary,2026-10-04,"City: Xi'an (location from Wikidata). livingcost.org (updated June 21, 2026): one-person monthly cost without rent $367 + one room in a shared flat = (cheap 3-bedroom apartment $288 + family utility bill $54) / 3 = $114; total $481/month x12"
Xi’an Jiaotong-Liverpool University,Living Cost,"$7,730",https://livingcost.org/cost/china/suzhou-js,secondary,2026-10-04,"City: Suzhou (location from Wikidata). livingcost.org (updated June 21, 2026): one-person monthly cost without rent $509 + one room in a shared flat = (cheap 3-bedroom apartment $314 + family utility bill $92) / 3 = $136; total $644/month x12"
Yeungnam University,Living Cost,"$9,610",https://livingcost.org/cost/south-korea/daegu,secondary,2026-10-04,"City: Daegu (location from Wikidata). livingcost.org (updated June 21, 2026): one-person monthly cost without rent $612 + one room in a shared flat = (cheap 3-bedroom apartment $386 + family utility bill $181) / 3 = $189; total $801/month x12"
École Centrale de Lyon,Living Cost,"$11,950",https://livingcost.org/cost/france/ara/saint-etienne,secondary,2026-10-04,"City: Saint-Etienne (location from Wikidata). livingcost.org (updated June 21, 2026): one-person monthly cost without rent $692 + one room in a shared flat = (cheap 3-bedroom apartment $747 + family utility bill $164) / 3 = $304; total $996/month x12"
Örebro University,Living Cost,"$11,780",https://livingcost.org/cost/sweden/orebro,secondary,2026-10-04,"City: Orebro (location from Wikidata). livingcost.org (updated June 21, 2026): one-person monthly cost without rent $715 + one room in a shared flat = (cheap 3-bedroom apartment $688 + family utility bill $113) / 3 = $267; total $982/month x12"
Asia Pacific University of Technology and Innovation (APU),Living Cost,"$8,640",https://livingcost.org/cost/malaysia/kuala-lumpur,secondary,2026-10-04,"City: Kuala Lumpur (location from Wikidata). livingcost.org (updated June 21, 2026): one-person monthly cost without rent $509 + one room in a shared flat = (cheap 3-bedroom apartment $572 + family utility bill $60) / 3 = $211; total $720/month x12"
Brno University of Technology,Living Cost,"$13,690",https://livingcost.org/cost/czech-republic/brno,secondary,2026-10-04,"City: Brno (location from Wikidata). livingcost.org (updated June 21, 2026): one-person monthly cost without rent $623 + one room in a shared flat = (cheap 3-bedroom apartment $1,254 + family utility bill $300) / 3 = $518; total $1,141/month x12"
Christian-Albrechts-University zu Kiel,Living Cost,"$14,030",https://livingcost.org/cost/germany/sh/kiel,secondary,2026-10-04,"City: Kiel (location from Wikidata). livingcost.org (updated June 21, 2026): one-person monthly cost without rent $769 + one room in a shared flat = (cheap 3-bedroom apartment $923 + family utility bill $277) / 3 = $400; total $1,169/month x12"
Pontifícia Universidade Católica do Rio de Janeiro,Living Cost,"$9,370",https://livingcost.org/cost/brazil/rio-de-janeiro,secondary,2026-10-04,"City: Rio de Janeiro (location from Wikidata). livingcost.org (updated June 21, 2026): one-person monthly cost without rent $528 + one room in a shared flat = (cheap 3-bedroom apartment $621 + family utility bill $137) / 3 = $253; total $781/month x12"
American University in Dubai,Living Cost,"$19,770",https://livingcost.org/cost/united-arab-emirates/dubai,secondary,2026-10-04,"City: Dubai (location from Wikidata). livingcost.org (updated June 21, 2026): one-person monthly cost without rent $805 + one room in a shared flat = (cheap 3-bedroom apartment $2,306 + family utility bill $222) / 3 = $843; total $1,648/month x12"
Istanbul University,Living Cost,"$11,960",https://livingcost.org/cost/turkey/istanbul,secondary,2026-10-04,"City: Istanbul (location from Wikidata). livingcost.org (updated June 21, 2026): one-person monthly cost without rent $641 + one room in a shared flat = (cheap 3-bedroom apartment $983 + family utility bill $84) / 3 = $356; total $997/month x12"
Renmin (People's) University of China,Living Cost,"$9,360",https://livingcost.org/cost/china/beijing,secondary,2026-10-04,"City: Beijing (location from Wikidata). livingcost.org (updated June 21, 2026): one-person monthly cost without rent $460 + one room in a shared flat = (cheap 3-bedroom apartment $909 + family utility bill $50) / 3 = $320; total $780/month x12"
Universidad de Alcalá,Living Cost,"$13,900",https://livingcost.org/cost/spain/alcala-de-henares,secondary,2026-10-04,"City: Alcala de Henares (location from Wikidata). livingcost.org (updated June 21, 2026): one-person monthly cost without rent $707 + one room in a shared flat = (cheap 3-bedroom apartment $1,185 + family utility bill $170) / 3 = $452; total $1,159/month x12"
Universidad de Palermo (UP),Living Cost,"$11,780",https://livingcost.org/cost/argentina/buenos-aires,secondary,2026-10-04,"City: Buenos Aires (location from Wikidata). livingcost.org (updated June 21, 2026): one-person monthly cost without rent $693 + one room in a shared flat = (cheap 3-bedroom apartment $729 + family utility bill $138) / 3 = $289; total $982/month x12"
China University of Petroleum (East China),Living Cost,"$9,360",https://livingcost.org/cost/china/beijing,secondary,2026-10-04,"City: Beijing (location from Wikidata). livingcost.org (updated June 21, 2026): one-person monthly cost without rent $460 + one room in a shared flat = (cheap 3-bedroom apartment $909 + family utility bill $50) / 3 = $320; total $780/month x12"
Inha University,Living Cost,"$9,680",https://livingcost.org/cost/south-korea/incheon,secondary,2026-10-04,"City: Incheon (location from Wikidata). livingcost.org (updated June 21, 2026): one-person monthly cost without rent $586 + one room in a shared flat = (cheap 3-bedroom apartment $511 + family utility bill $151) / 3 = $221; total $807/month x12"
Universidad de Concepción,Living Cost,"$8,550",https://livingcost.org/cost/chile/concepcion,secondary,2026-10-04,"City: Concepcion (location from Wikidata). livingcost.org (updated June 21, 2026): one-person monthly cost without rent $484 + one room in a shared flat = (cheap 3-bedroom apartment $587 + family utility bill $99) / 3 = $229; total $713/month x12"
National Central University,Living Cost,"$9,450",https://livingcost.org/cost/taiwan/taoyuan,secondary,2026-10-04,"City: Taoyuan (location from Wikidata). livingcost.org (updated June 21, 2026): one-person monthly cost without rent $581 + one room in a shared flat = (cheap 3-bedroom apartment $555 + family utility bill $66) / 3 = $207; total $788/month x12"
Soochow University (Taiwan),Living Cost,"$11,560",https://livingcost.org/cost/taiwan/taipei,secondary,2026-10-04,"City: Taipei (location from Wikidata). livingcost.org (updated June 21, 2026): one-person monthly cost without rent $662 + one room in a shared flat = (cheap 3-bedroom apartment $835 + family utility bill $68) / 3 = $301; total $963/month x12"
"University of Missouri, Columbia",Living Cost,"$17,260",https://collegescorecard.ed.gov/school/?178396-University-of-Missouri-Columbia,government,2026-10-04,"City: Columbia. College Scorecard (US Dept of Education) on-campus room and board $13,700 + other expenses $3,558 per year"
HUFS - Hankuk (Korea) University of Foreign Studies,Living Cost,"$11,940",https://livingcost.org/cost/south-korea/seoul,secondary,2026-10-04,"City: Seoul (location from Wikidata). livingcost.org (updated June 21, 2026): one-person monthly cost without rent $672 + one room in a shared flat = (cheap 3-bedroom apartment $818 + family utility bill $152) / 3 = $323; total $995/month x12"
Palacký University Olomouc,Living Cost,"$11,240",https://livingcost.org/cost/czech-republic/olomouc,secondary,2026-10-04,"City: Olomouc (location from Wikidata). livingcost.org (updated June 21, 2026): one-person monthly cost without rent $512 + one room in a shared flat = (cheap 3-bedroom apartment $1,000 + family utility bill $274) / 3 = $425; total $937/month x12"
University of Zagreb,Living Cost,"$13,240",https://livingcost.org/cost/croatia/zagreb,secondary,2026-10-04,"City: Zagreb (location from Wikidata). livingcost.org (updated June 21, 2026): one-person monthly cost without rent $703 + one room in a shared flat = (cheap 3-bedroom apartment $983 + family utility bill $219) / 3 = $401; total $1,104/month x12"
Comenius University in Bratislava,Living Cost,"$13,890",https://livingcost.org/cost/slovakia/bratislava,secondary,2026-10-04,"City: Bratislava (location from Wikidata). livingcost.org (updated June 21, 2026): one-person monthly cost without rent $680 + one room in a shared flat = (cheap 3-bedroom apartment $1,200 + family utility bill $233) / 3 = $478; total $1,158/month x12"
ISCTE - Instituto Universitario de Lisboa,Living Cost,"$16,360",https://livingcost.org/cost/portugal/lisbon,secondary,2026-10-04,"City: Lisbon (location from Wikidata). livingcost.org (updated June 21, 2026): one-person monthly cost without rent $707 + one room in a shared flat = (cheap 3-bedroom apartment $1,788 + family utility bill $181) / 3 = $656; total $1,363/month x12"
"Sofia University ""St. Kliment Ohridski""",Living Cost,"$12,760",https://livingcost.org/cost/bulgaria/sofia,secondary,2026-10-04,"City: Sofia (location from Wikidata). livingcost.org (updated June 21, 2026): one-person monthly cost without rent $678 + one room in a shared flat = (cheap 3-bedroom apartment $998 + family utility bill $157) / 3 = $385; total $1,063/month x12"
Universidad de la República (Udelar),Living Cost,"$14,270",https://livingcost.org/cost/uruguay/montevideo,secondary,2026-10-04,"City: Montevideo (location from Wikidata). livingcost.org (updated June 21, 2026): one-person monthly cost without rent $850 + one room in a shared flat = (cheap 3-bedroom apartment $851 + family utility bill $166) / 3 = $339; total $1,189/month x12"
Karl-Franzens-Universitaet Graz,Living Cost,"$15,840",https://livingcost.org/cost/austria/graz,secondary,2026-10-04,"City: Graz (location from Wikidata). livingcost.org (updated June 21, 2026): one-person monthly cost without rent $889 + one room in a shared flat = (cheap 3-bedroom apartment $1,102 + family utility bill $192) / 3 = $431; total $1,320/month x12"
Universidade Federal de Minas Gerais,Living Cost,"$8,370",https://livingcost.org/cost/brazil/belo-horizonte,secondary,2026-10-04,"City: Belo Horizonte (location from Wikidata). livingcost.org (updated June 21, 2026): one-person monthly cost without rent $511 + one room in a shared flat = (cheap 3-bedroom apartment $467 + family utility bill $92) / 3 = $186; total $697/month x12"
China University of Mining and Technology,Living Cost,"$5,110",https://livingcost.org/cost/china/xuzhou,secondary,2026-10-04,"City: Xuzhou (location from Wikidata). livingcost.org (updated June 21, 2026): one-person monthly cost without rent $316 + one room in a shared flat = (cheap 3-bedroom apartment $282 + family utility bill $47) / 3 = $110; total $426/month x12"
Indian Institute of Technology Hyderabad,Living Cost,"$4,330",https://livingcost.org/cost/india/tg/hyderabad,secondary,2026-10-04,"City: Hyderabad (location from Wikidata). livingcost.org (updated June 21, 2026): one-person monthly cost without rent $284 + one room in a shared flat = (cheap 3-bedroom apartment $198 + family utility bill $33) / 3 = $77; total $361/month x12"
Jeonbuk National University,Living Cost,"$7,830",https://livingcost.org/cost/south-korea/jeonju,secondary,2026-10-04,"City: Jeonju (location from Wikidata). livingcost.org (updated June 21, 2026): one-person monthly cost without rent $518 + one room in a shared flat = (cheap 3-bedroom apartment $358 + family utility bill $46) / 3 = $135; total $653/month x12"
"University of Agriculture, Faisalabad",Living Cost,"$3,540",https://livingcost.org/cost/pakistan/faisalabad,secondary,2026-10-04,"City: Faisalabad (location from Wikidata). livingcost.org (updated June 21, 2026): one-person monthly cost without rent $236 + one room in a shared flat = (cheap 3-bedroom apartment $103 + family utility bill $73) / 3 = $59; total $295/month x12"
Pakistan Institute of Engineering and Applied Sciences (PIEAS),Living Cost,"$4,530",https://livingcost.org/cost/pakistan/islamabad,secondary,2026-10-04,"City: Islamabad (location from Wikidata). livingcost.org (updated June 21, 2026): one-person monthly cost without rent $268 + one room in a shared flat = (cheap 3-bedroom apartment $233 + family utility bill $96) / 3 = $110; total $378/month x12"
Shiraz University,Living Cost,"$4,790",https://livingcost.org/cost/iran/shiraz,secondary,2026-10-04,"City: Shiraz (location from Wikidata). livingcost.org (updated June 21, 2026): one-person monthly cost without rent $291 + one room in a shared flat = (cheap 3-bedroom apartment $300 + family utility bill $24) / 3 = $108; total $399/month x12"
Universidad Panamericana (UP),Living Cost,"$12,980",https://livingcost.org/cost/mexico/mexico,secondary,2026-10-04,"City: Mexico City (location from Wikidata). livingcost.org (updated June 21, 2026): one-person monthly cost without rent $682 + one room in a shared flat = (cheap 3-bedroom apartment $1,139 + family utility bill $61) / 3 = $400; total $1,082/month x12"
Beijing University of Chemical Technology,Living Cost,"$9,360",https://livingcost.org/cost/china/beijing,secondary,2026-10-04,"City: Beijing (location from Wikidata). livingcost.org (updated June 21, 2026): one-person monthly cost without rent $460 + one room in a shared flat = (cheap 3-bedroom apartment $909 + family utility bill $50) / 3 = $320; total $780/month x12"
Dongguk University,Living Cost,"$11,940",https://livingcost.org/cost/south-korea/seoul,secondary,2026-10-04,"City: Seoul (location from Wikidata). livingcost.org (updated June 21, 2026): one-person monthly cost without rent $672 + one room in a shared flat = (cheap 3-bedroom apartment $818 + family utility bill $152) / 3 = $323; total $995/month x12"
"National Institute of Technology, Tiruchirappalli",Living Cost,"$2,970",https://livingcost.org/cost/india/tn/tiruchirappalli,secondary,2026-10-04,"City: Tiruchirappalli (location from Wikidata). livingcost.org (updated June 21, 2026): one-person monthly cost without rent $200 + one room in a shared flat = (cheap 3-bedroom apartment $114 + family utility bill $27) / 3 = $47; total $247/month x12"
Taras Shevchenko National University of Kyiv,Living Cost,"$7,770",https://livingcost.org/cost/ukraine/kiev,secondary,2026-10-04,"City: Kyiv (location from Wikidata). livingcost.org (updated June 21, 2026): one-person monthly cost without rent $422 + one room in a shared flat = (cheap 3-bedroom apartment $583 + family utility bill $92) / 3 = $225; total $647/month x12"
University of Oklahoma,Living Cost,"$20,620",https://collegescorecard.ed.gov/school/?207500-University-of-Oklahoma-Norman-Campus,government,2026-10-04,"City: Norman. College Scorecard (US Dept of Education) on-campus room and board $13,630 + other expenses $6,989 per year"
Czech University of Life Sciences Prague (CZU),Living Cost,"$16,000",https://livingcost.org/cost/czech-republic/prague,secondary,2026-10-04,"City: Prague (location from Wikidata). livingcost.org (updated June 21, 2026): one-person monthly cost without rent $717 + one room in a shared flat = (cheap 3-bedroom apartment $1,546 + family utility bill $304) / 3 = $617; total $1,334/month x12"
Nanjing Agricultural University,Living Cost,"$7,230",https://livingcost.org/cost/china/nanjing,secondary,2026-10-04,"City: Nanjing (location from Wikidata). livingcost.org (updated June 21, 2026): one-person monthly cost without rent $419 + one room in a shared flat = (cheap 3-bedroom apartment $500 + family utility bill $50) / 3 = $183; total $602/month x12"
Plekhanov Russian University of Economics,Living Cost,"$14,110",https://livingcost.org/cost/russia/moscow,secondary,2026-10-04,"City: Moscow (location from Wikidata). livingcost.org (updated June 21, 2026): one-person monthly cost without rent $672 + one room in a shared flat = (cheap 3-bedroom apartment $1,335 + family utility bill $176) / 3 = $504; total $1,176/month x12"
University of Franche-Comté,Living Cost,"$12,280",https://livingcost.org/cost/france/bfc/besancon,secondary,2026-10-04,"City: Besancon (location from Wikidata). livingcost.org (updated June 21, 2026): one-person monthly cost without rent $720 + one room in a shared flat = (cheap 3-bedroom apartment $802 + family utility bill $109) / 3 = $304; total $1,024/month x12"
University of Mumbai,Living Cost,"$6,040",https://livingcost.org/cost/india/mh/mumbai,secondary,2026-10-04,"City: Mumbai (location from Wikidata). livingcost.org (updated June 21, 2026): one-person monthly cost without rent $292 + one room in a shared flat = (cheap 3-bedroom apartment $577 + family utility bill $57) / 3 = $211; total $503/month x12"
Budapest University of Technology and Economics,Living Cost,"$14,560",https://livingcost.org/cost/hungary/budapest,secondary,2026-10-04,"City: Budapest (location from Wikidata). livingcost.org (updated June 21, 2026): one-person monthly cost without rent $770 + one room in a shared flat = (cheap 3-bedroom apartment $1,160 + family utility bill $170) / 3 = $443; total $1,213/month x12"
Riga Technical University,Living Cost,"$11,610",https://livingcost.org/cost/latvia/riga,secondary,2026-10-04,"City: Riga (location from Wikidata). livingcost.org (updated June 21, 2026): one-person monthly cost without rent $663 + one room in a shared flat = (cheap 3-bedroom apartment $669 + family utility bill $245) / 3 = $305; total $968/month x12"
University of Belgrade,Living Cost,"$11,980",https://livingcost.org/cost/serbia/belgrade,secondary,2026-10-04,"City: Belgrade (location from Wikidata). livingcost.org (updated June 21, 2026): one-person monthly cost without rent $629 + one room in a shared flat = (cheap 3-bedroom apartment $899 + family utility bill $209) / 3 = $369; total $998/month x12"
Universidad Católica Andres Bello,Living Cost,"$12,230",https://livingcost.org/cost/venezuela/caracas,secondary,2026-10-04,"City: Caracas (location from Wikidata). livingcost.org (updated June 21, 2026): one-person monthly cost without rent $781 + one room in a shared flat = (cheap 3-bedroom apartment $680 + family utility bill $34) / 3 = $238; total $1,019/month x12"
Universidad de Montevideo (UM),Living Cost,"$14,270",https://livingcost.org/cost/uruguay/montevideo,secondary,2026-10-04,"City: Montevideo (location from Wikidata). livingcost.org (updated June 21, 2026): one-person monthly cost without rent $850 + one room in a shared flat = (cheap 3-bedroom apartment $851 + family utility bill $166) / 3 = $339; total $1,189/month x12"
University of Westminster,Living Cost,"$29,860",https://livingcost.org/cost/united-kingdom/eng/london,secondary,2026-10-04,"City: London (location from Wikidata). livingcost.org (updated June 21, 2026): one-person monthly cost without rent $1,229 + one room in a shared flat = (cheap 3-bedroom apartment $3,517 + family utility bill $260) / 3 = $1,259; total $2,488/month x12"
Universität Regensburg,Living Cost,"$15,150",https://livingcost.org/cost/germany/by/regensburg,secondary,2026-10-04,"City: Regensburg (location from Wikidata). livingcost.org (updated June 21, 2026): one-person monthly cost without rent $821 + one room in a shared flat = (cheap 3-bedroom apartment $1,046 + family utility bill $278) / 3 = $441; total $1,262/month x12"
V.N. Karazin Kharkiv National University,Living Cost,"$4,740",https://livingcost.org/cost/ukraine/kharkiv,secondary,2026-10-04,"City: Kharkiv (location from Wikidata). livingcost.org (updated June 21, 2026): one-person monthly cost without rent $297 + one room in a shared flat = (cheap 3-bedroom apartment $213 + family utility bill $81) / 3 = $98; total $395/month x12"
Vytautas Magnus University,Living Cost,"$11,350",https://livingcost.org/cost/lithuania/kaunas,secondary,2026-10-04,"City: Kaunas (location from Wikidata). livingcost.org (updated June 21, 2026): one-person monthly cost without rent $651 + one room in a shared flat = (cheap 3-bedroom apartment $680 + family utility bill $204) / 3 = $295; total $946/month x12"
Instituto Tecnológico Autónomo de México (ITAM),Living Cost,"$12,980",https://livingcost.org/cost/mexico/mexico,secondary,2026-10-04,"City: Mexico City (location from Wikidata). livingcost.org (updated June 21, 2026): one-person monthly cost without rent $682 + one room in a shared flat = (cheap 3-bedroom apartment $1,139 + family utility bill $61) / 3 = $400; total $1,082/month x12"
Kaunas University of Technology,Living Cost,"$11,350",https://livingcost.org/cost/lithuania/kaunas,secondary,2026-10-04,"City: Kaunas (location from Wikidata). livingcost.org (updated June 21, 2026): one-person monthly cost without rent $651 + one room in a shared flat = (cheap 3-bedroom apartment $680 + family utility bill $204) / 3 = $295; total $946/month x12"
Tokyo University of Science,Living Cost,"$15,130",https://livingcost.org/cost/japan/tokyo,secondary,2026-10-04,"City: Tokyo (location from Wikidata). livingcost.org (updated June 21, 2026): one-person monthly cost without rent $866 + one room in a shared flat = (cheap 3-bedroom apartment $1,045 + family utility bill $140) / 3 = $395; total $1,261/month x12"
Universidade de Brasília,Living Cost,"$8,800",https://livingcost.org/cost/brazil/brasilia,secondary,2026-10-04,"City: Brasilia (location from Wikidata). livingcost.org (updated June 21, 2026): one-person monthly cost without rent $514 + one room in a shared flat = (cheap 3-bedroom apartment $561 + family utility bill $96) / 3 = $219; total $733/month x12"
Universita' Politecnica delle Marche,Living Cost,"$12,640",https://livingcost.org/cost/italy/ma/ancona,secondary,2026-10-04,"City: Ancona (location from Wikidata). livingcost.org (updated June 21, 2026): one-person monthly cost without rent $733 + one room in a shared flat = (cheap 3-bedroom apartment $690 + family utility bill $270) / 3 = $320; total $1,053/month x12"
University of Calcutta,Living Cost,"$3,560",https://livingcost.org/cost/india/wb/kolkata,secondary,2026-10-04,"City: Kolkata (location from Wikidata). livingcost.org (updated June 21, 2026): one-person monthly cost without rent $235 + one room in a shared flat = (cheap 3-bedroom apartment $138 + family utility bill $48) / 3 = $62; total $297/month x12"
University of Engineering & Technology (UET) Lahore,Living Cost,"$4,250",https://livingcost.org/cost/pakistan/lahore,secondary,2026-10-04,"City: Lahore (location from Wikidata). livingcost.org (updated June 21, 2026): one-person monthly cost without rent $267 + one room in a shared flat = (cheap 3-bedroom apartment $133 + family utility bill $129) / 3 = $87; total $354/month x12"
Bangladesh University of Engineering and Technology,Living Cost,"$4,820",https://livingcost.org/cost/bangladesh/dhaka,secondary,2026-10-04,"City: Dhaka (location from Wikidata). livingcost.org (updated June 21, 2026): one-person monthly cost without rent $328 + one room in a shared flat = (cheap 3-bedroom apartment $181 + family utility bill $40) / 3 = $74; total $402/month x12"
University of Cincinnati,Living Cost,"$20,490",https://collegescorecard.ed.gov/school/?201885-University-of-Cincinnati-Main-Campus,government,2026-10-04,"City: Cincinnati. College Scorecard (US Dept of Education) on-campus room and board $13,564 + other expenses $6,924 per year"
"University of Colorado, Denver",Living Cost,"$21,890",https://collegescorecard.ed.gov/school/?126562-University-of-Colorado-Denver/Anschutz-Medical-Campus,government,2026-10-04,"City: Denver. College Scorecard (US Dept of Education) on-campus room and board $15,442 + other expenses $6,444 per year"
University of Patras,Living Cost,"$10,410",https://livingcost.org/cost/greece/patras,secondary,2026-10-04,"City: Patras (location from Wikidata). livingcost.org (updated June 21, 2026): one-person monthly cost without rent $589 + one room in a shared flat = (cheap 3-bedroom apartment $700 + family utility bill $135) / 3 = $278; total $867/month x12"
Addis Ababa University,Living Cost,"$9,440",https://livingcost.org/cost/ethiopia/addis-ababa,secondary,2026-10-04,"City: Addis Ababa (location from Wikidata). livingcost.org (updated June 21, 2026): one-person monthly cost without rent $473 + one room in a shared flat = (cheap 3-bedroom apartment $774 + family utility bill $167) / 3 = $314; total $787/month x12"
China University of Geosciences,Living Cost,"$6,370",https://livingcost.org/cost/china/wuhan,secondary,2026-10-04,"City: Wuhan (location from Wikidata). livingcost.org (updated June 21, 2026): one-person monthly cost without rent $402 + one room in a shared flat = (cheap 3-bedroom apartment $337 + family utility bill $49) / 3 = $129; total $531/month x12"
Colegio de México,Living Cost,"$12,980",https://livingcost.org/cost/mexico/mexico,secondary,2026-10-04,"City: Mexico City (location from Wikidata). livingcost.org (updated June 21, 2026): one-person monthly cost without rent $682 + one room in a shared flat = (cheap 3-bedroom apartment $1,139 + family utility bill $61) / 3 = $400; total $1,082/month x12"
Del Rosario University,Living Cost,"$10,340",https://livingcost.org/cost/colombia/bogota,secondary,2026-10-04,"City: Bogota (location from Wikidata). livingcost.org (updated June 21, 2026): one-person monthly cost without rent $606 + one room in a shared flat = (cheap 3-bedroom apartment $668 + family utility bill $100) / 3 = $256; total $862/month x12"
Holy Spirit University of Kaslik,Living Cost,"$10,840",https://livingcost.org/cost/lebanon/jounieh,secondary,2026-10-04,"City: Jounieh (location from Wikidata). livingcost.org (updated June 21, 2026): one-person monthly cost without rent $628 + one room in a shared flat = (cheap 3-bedroom apartment $637 + family utility bill $189) / 3 = $275; total $903/month x12"
University of Pécs,Living Cost,"$10,770",https://livingcost.org/cost/hungary/pecs,secondary,2026-10-04,"City: Pecs (location from Wikidata). livingcost.org (updated June 21, 2026): one-person monthly cost without rent $595 + one room in a shared flat = (cheap 3-bedroom apartment $737 + family utility bill $170) / 3 = $302; total $897/month x12"
Babeş-Bolyai University,Living Cost,"$11,210",https://livingcost.org/cost/romania/cluj-napoca,secondary,2026-10-04,"City: Cluj-Napoca (location from Wikidata). livingcost.org (updated June 21, 2026): one-person monthly cost without rent $581 + one room in a shared flat = (cheap 3-bedroom apartment $905 + family utility bill $154) / 3 = $353; total $934/month x12"
Kasetsart University,Living Cost,"$9,210",https://livingcost.org/cost/thailand/bangkok,secondary,2026-10-04,"City: Bangkok (location from Wikidata). livingcost.org (updated June 21, 2026): one-person monthly cost without rent $562 + one room in a shared flat = (cheap 3-bedroom apartment $525 + family utility bill $92) / 3 = $206; total $768/month x12"
The New School,Living Cost,"$28,290",https://collegescorecard.ed.gov/school/?193654-The-New-School,government,2026-10-04,"City: New York. College Scorecard (US Dept of Education) on-campus room and board $25,337 + other expenses $2,952 per year"
Universidad de Belgrano,Living Cost,"$11,780",https://livingcost.org/cost/argentina/buenos-aires,secondary,2026-10-04,"City: Buenos Aires (location from Wikidata). livingcost.org (updated June 21, 2026): one-person monthly cost without rent $693 + one room in a shared flat = (cheap 3-bedroom apartment $729 + family utility bill $138) / 3 = $289; total $982/month x12"
Universidade Federal de Santa Catarina,Living Cost,"$9,430",https://livingcost.org/cost/brazil/florianopolis,secondary,2026-10-04,"City: Florianopolis (location from Wikidata). livingcost.org (updated June 21, 2026): one-person monthly cost without rent $508 + one room in a shared flat = (cheap 3-bedroom apartment $720 + family utility bill $113) / 3 = $278; total $786/month x12"
University of Latvia,Living Cost,"$11,610",https://livingcost.org/cost/latvia/riga,secondary,2026-10-04,"City: Riga (location from Wikidata). livingcost.org (updated June 21, 2026): one-person monthly cost without rent $663 + one room in a shared flat = (cheap 3-bedroom apartment $669 + family utility bill $245) / 3 = $305; total $968/month x12"
Ivane Javakhishvili Tbilisi State University,Living Cost,"$9,580",https://livingcost.org/cost/georgia/tbilisi,secondary,2026-10-04,"City: Tbilisi (location from Wikidata). livingcost.org (updated June 21, 2026): one-person monthly cost without rent $526 + one room in a shared flat = (cheap 3-bedroom apartment $735 + family utility bill $82) / 3 = $272; total $798/month x12"
Sechenov University,Living Cost,"$14,110",https://livingcost.org/cost/russia/moscow,secondary,2026-10-04,"City: Moscow (location from Wikidata). livingcost.org (updated June 21, 2026): one-person monthly cost without rent $672 + one room in a shared flat = (cheap 3-bedroom apartment $1,335 + family utility bill $176) / 3 = $504; total $1,176/month x12"
Universidad de Antioquia,Living Cost,"$10,520",https://livingcost.org/cost/colombia/medellin,secondary,2026-10-04,"City: Medellin (location from Wikidata). livingcost.org (updated June 21, 2026): one-person monthly cost without rent $583 + one room in a shared flat = (cheap 3-bedroom apartment $792 + family utility bill $89) / 3 = $294; total $877/month x12"
University of New Mexico,Living Cost,"$17,030",https://collegescorecard.ed.gov/school/?187985-University-of-New-Mexico-Main-Campus,government,2026-10-04,"City: Albuquerque. College Scorecard (US Dept of Education) on-campus room and board $12,026 + other expenses $5,000 per year"
Ahvaz Jundishapur University of Medical Sciences (AJUMS),Living Cost,"$5,200",https://livingcost.org/cost/iran/ahvaz,secondary,2026-10-04,"City: Ahvaz (location from Wikidata). livingcost.org (updated June 21, 2026): one-person monthly cost without rent $312 + one room in a shared flat = (cheap 3-bedroom apartment $352 + family utility bill $13) / 3 = $122; total $434/month x12"
Al-Ahliyya Amman University,Living Cost,"$10,030",https://livingcost.org/cost/jordan/amman,secondary,2026-10-04,"City: Amman (location from Wikidata). livingcost.org (updated June 21, 2026): one-person monthly cost without rent $647 + one room in a shared flat = (cheap 3-bedroom apartment $436 + family utility bill $130) / 3 = $189; total $836/month x12"
Al-Azhar University,Living Cost,"$4,730",https://livingcost.org/cost/egypt/cairo,secondary,2026-10-04,"City: Cairo (location from Wikidata). livingcost.org (updated June 21, 2026): one-person monthly cost without rent $293 + one room in a shared flat = (cheap 3-bedroom apartment $277 + family utility bill $26) / 3 = $101; total $394/month x12"
Alexandria University,Living Cost,"$3,770",https://livingcost.org/cost/egypt/alexandria,secondary,2026-10-04,"City: Alexandria (location from Wikidata). livingcost.org (updated June 21, 2026): one-person monthly cost without rent $272 + one room in a shared flat = (cheap 3-bedroom apartment $115 + family utility bill $12) / 3 = $42; total $314/month x12"
Amity University,Living Cost,"$4,620",https://livingcost.org/cost/india/hr/delhi,secondary,2026-10-04,"City: Delhi (location from Wikidata). livingcost.org (updated June 21, 2026): one-person monthly cost without rent $287 + one room in a shared flat = (cheap 3-bedroom apartment $248 + family utility bill $47) / 3 = $98; total $385/month x12"
Amrita Vishwa Vidyapeetham,Living Cost,"$3,080",https://livingcost.org/cost/india/tn/coimbatore,secondary,2026-10-04,"City: Coimbatore (location from Wikidata). livingcost.org (updated June 21, 2026): one-person monthly cost without rent $201 + one room in a shared flat = (cheap 3-bedroom apartment $139 + family utility bill $29) / 3 = $56; total $257/month x12"
Ankara Üniversitesi,Living Cost,"$9,480",https://livingcost.org/cost/turkey/ankara,secondary,2026-10-04,"City: Ankara (location from Wikidata). livingcost.org (updated June 21, 2026): one-person monthly cost without rent $533 + one room in a shared flat = (cheap 3-bedroom apartment $704 + family utility bill $68) / 3 = $257; total $790/month x12"
Arak University of Medical Sciences,Living Cost,"$4,630",https://livingcost.org/cost/iran/arak,secondary,2026-10-04,"City: Arak (location from Wikidata). livingcost.org (updated June 21, 2026): one-person monthly cost without rent $249 + one room in a shared flat = (cheap 3-bedroom apartment $401 + family utility bill $9) / 3 = $137; total $386/month x12"
Aswan University,Living Cost,"$2,690",https://livingcost.org/cost/egypt/aswan,secondary,2026-10-04,"City: Aswan (location from Wikidata). livingcost.org (updated June 21, 2026): one-person monthly cost without rent $169 + one room in a shared flat = (cheap 3-bedroom apartment $123 + family utility bill $42) / 3 = $55; total $224/month x12"
Athens University of Economics and Business,Living Cost,"$13,380",https://livingcost.org/cost/greece/athens,secondary,2026-10-04,"City: Athens (location from Wikidata). livingcost.org (updated June 21, 2026): one-person monthly cost without rent $726 + one room in a shared flat = (cheap 3-bedroom apartment $967 + family utility bill $201) / 3 = $389; total $1,115/month x12"
BRAC University,Living Cost,"$4,820",https://livingcost.org/cost/bangladesh/dhaka,secondary,2026-10-04,"City: Dhaka (location from Wikidata). livingcost.org (updated June 21, 2026): one-person monthly cost without rent $328 + one room in a shared flat = (cheap 3-bedroom apartment $181 + family utility bill $40) / 3 = $74; total $402/month x12"
"Birla Institute of Technology and Science, Pilani",Living Cost,"$4,330",https://livingcost.org/cost/india/tg/hyderabad,secondary,2026-10-04,"City: Hyderabad (location from Wikidata). livingcost.org (updated June 21, 2026): one-person monthly cost without rent $284 + one room in a shared flat = (cheap 3-bedroom apartment $198 + family utility bill $33) / 3 = $77; total $361/month x12"
Bucharest University of Economic Studies,Living Cost,"$10,470",https://livingcost.org/cost/romania/bucharest,secondary,2026-10-04,"City: Bucharest (location from Wikidata). livingcost.org (updated June 21, 2026): one-person monthly cost without rent $585 + one room in a shared flat = (cheap 3-bedroom apartment $694 + family utility bill $169) / 3 = $288; total $873/month x12"
Changsha University of Science and Technology,Living Cost,"$6,220",https://livingcost.org/cost/china/changsha,secondary,2026-10-04,"City: Changsha (location from Wikidata). livingcost.org (updated June 21, 2026): one-person monthly cost without rent $411 + one room in a shared flat = (cheap 3-bedroom apartment $273 + family utility bill $49) / 3 = $107; total $518/month x12"
Chapman University,Living Cost,"$21,150",https://collegescorecard.ed.gov/school/?111948-Chapman-University,government,2026-10-04,"City: Orange. College Scorecard (US Dept of Education) on-campus room and board $17,814 + other expenses $3,332 per year"
Charles Sturt University,Living Cost,"$15,020",https://livingcost.org/cost/australia/bathurst,secondary,2026-10-04,"City: Bathurst (location from Wikidata). livingcost.org (updated June 21, 2026): one-person monthly cost without rent $731 + one room in a shared flat = (cheap 3-bedroom apartment $1,389 + family utility bill $174) / 3 = $521; total $1,252/month x12"
Chengdu University,Living Cost,"$6,420",https://livingcost.org/cost/china/chengdu,secondary,2026-10-04,"City: Chengdu (location from Wikidata). livingcost.org (updated June 21, 2026): one-person monthly cost without rent $390 + one room in a shared flat = (cheap 3-bedroom apartment $386 + family utility bill $49) / 3 = $145; total $535/month x12"
Chungnam National University,Living Cost,"$8,950",https://livingcost.org/cost/south-korea/daejeon,secondary,2026-10-04,"City: Daejeon (location from Wikidata). livingcost.org (updated June 21, 2026): one-person monthly cost without rent $565 + one room in a shared flat = (cheap 3-bedroom apartment $426 + family utility bill $116) / 3 = $181; total $746/month x12"
Clarkson University,Living Cost,"$20,750",https://collegescorecard.ed.gov/school/?190044-Clarkson-University,government,2026-10-04,"City: Potsdam. College Scorecard (US Dept of Education) on-campus room and board $18,252 + other expenses $2,496 per year"
Damietta University,Living Cost,"$2,750",https://livingcost.org/cost/egypt/damietta,secondary,2026-10-04,"City: Damietta (location from Wikidata). livingcost.org (updated June 21, 2026): one-person monthly cost without rent $194 + one room in a shared flat = (cheap 3-bedroom apartment $82 + family utility bill $24) / 3 = $35; total $229/month x12"
Ferdowsi University of Mashhad,Living Cost,"$4,770",https://livingcost.org/cost/iran/mashhad,secondary,2026-10-04,"City: Mashhad (location from Wikidata). livingcost.org (updated June 21, 2026): one-person monthly cost without rent $311 + one room in a shared flat = (cheap 3-bedroom apartment $246 + family utility bill $13) / 3 = $86; total $397/month x12"
Florida Institute of Technology,Living Cost,"$18,840",https://collegescorecard.ed.gov/school/?133881-Florida-Institute-of-Technology,government,2026-10-04,"City: Melbourne. College Scorecard (US Dept of Education) on-campus room and board $15,240 + other expenses $3,600 per year"
Gdańsk University of Technology,Living Cost,"$13,420",https://livingcost.org/cost/poland/gdansk,secondary,2026-10-04,"City: Gdansk (location from Wikidata). livingcost.org (updated June 21, 2026): one-person monthly cost without rent $634 + one room in a shared flat = (cheap 3-bedroom apartment $1,144 + family utility bill $309) / 3 = $484; total $1,118/month x12"
Gorgan University of Agricultural Sciences and Natural Resources,Living Cost,"$6,030",https://livingcost.org/cost/iran/gorgan,secondary,2026-10-04,"City: Gorgan (location from Wikidata). livingcost.org (updated June 21, 2026): one-person monthly cost without rent $343 + one room in a shared flat = (cheap 3-bedroom apartment $462 + family utility bill $16) / 3 = $159; total $502/month x12"
Guangzhou University,Living Cost,"$7,280",https://livingcost.org/cost/china/guangzhou,secondary,2026-10-04,"City: Guangzhou (location from Wikidata). livingcost.org (updated June 21, 2026): one-person monthly cost without rent $443 + one room in a shared flat = (cheap 3-bedroom apartment $437 + family utility bill $54) / 3 = $164; total $607/month x12"
Guilan University of Medical Sciences,Living Cost,"$4,300",https://livingcost.org/cost/iran/rasht,secondary,2026-10-04,"City: Rasht (location from Wikidata). livingcost.org (updated June 21, 2026): one-person monthly cost without rent $284 + one room in a shared flat = (cheap 3-bedroom apartment $211 + family utility bill $13) / 3 = $75; total $359/month x12"
Howard University,Living Cost,"$20,860",https://collegescorecard.ed.gov/school/?131520-Howard-University,government,2026-10-04,"City: Washington. College Scorecard (US Dept of Education) on-campus room and board $17,322 + other expenses $3,540 per year"
Huazhong Agricultural University,Living Cost,"$6,370",https://livingcost.org/cost/china/wuhan,secondary,2026-10-04,"City: Wuhan (location from Wikidata). livingcost.org (updated June 21, 2026): one-person monthly cost without rent $402 + one room in a shared flat = (cheap 3-bedroom apartment $337 + family utility bill $49) / 3 = $129; total $531/month x12"
"Indian Institute of Science Education and Research, Pune",Living Cost,"$4,770",https://livingcost.org/cost/india/mh/pune,secondary,2026-10-04,"City: Pune (location from Wikidata). livingcost.org (updated June 21, 2026): one-person monthly cost without rent $288 + one room in a shared flat = (cheap 3-bedroom apartment $294 + family utility bill $34) / 3 = $109; total $397/month x12"
Indian Institute of Technology Gandhinagar,Living Cost,"$3,820",https://livingcost.org/cost/india/gj/gandhinagar,secondary,2026-10-04,"City: Gandhinagar (location from Wikidata). livingcost.org (updated June 21, 2026): one-person monthly cost without rent $224 + one room in a shared flat = (cheap 3-bedroom apartment $233 + family utility bill $50) / 3 = $94; total $318/month x12"
Institute of Space Technology,Living Cost,"$4,530",https://livingcost.org/cost/pakistan/islamabad,secondary,2026-10-04,"City: Islamabad (location from Wikidata). livingcost.org (updated June 21, 2026): one-person monthly cost without rent $268 + one room in a shared flat = (cheap 3-bedroom apartment $233 + family utility bill $96) / 3 = $110; total $378/month x12"
Instituto Politécnico Nacional (IPN),Living Cost,"$12,980",https://livingcost.org/cost/mexico/mexico,secondary,2026-10-04,"City: Mexico City (location from Wikidata). livingcost.org (updated June 21, 2026): one-person monthly cost without rent $682 + one room in a shared flat = (cheap 3-bedroom apartment $1,139 + family utility bill $61) / 3 = $400; total $1,082/month x12"
"International Islamic University, Islamabad",Living Cost,"$4,530",https://livingcost.org/cost/pakistan/islamabad,secondary,2026-10-04,"City: Islamabad (location from Wikidata). livingcost.org (updated June 21, 2026): one-person monthly cost without rent $268 + one room in a shared flat = (cheap 3-bedroom apartment $233 + family utility bill $96) / 3 = $110; total $378/month x12"
Isfahan University of Medical Sciences,Living Cost,"$4,650",https://livingcost.org/cost/iran/isfahan,secondary,2026-10-04,"City: Isfahan (location from Wikidata). livingcost.org (updated June 21, 2026): one-person monthly cost without rent $280 + one room in a shared flat = (cheap 3-bedroom apartment $308 + family utility bill $14) / 3 = $107; total $387/month x12"
Islamia College Peshawar,Living Cost,"$3,010",https://livingcost.org/cost/pakistan/peshawar,secondary,2026-10-04,"City: Peshawar (location from Wikidata). livingcost.org (updated June 21, 2026): one-person monthly cost without rent $195 + one room in a shared flat = (cheap 3-bedroom apartment $96 + family utility bill $70) / 3 = $55; total $250/month x12"
JSS Academy of Higher Education and Research,Living Cost,"$3,310",https://livingcost.org/cost/india/ka/mysore,secondary,2026-10-04,"City: Mysore (location from Wikidata). livingcost.org (updated June 21, 2026): one-person monthly cost without rent $222 + one room in a shared flat = (cheap 3-bedroom apartment $127 + family utility bill $36) / 3 = $54; total $276/month x12"
Jaume I University,Living Cost,"$10,200",https://livingcost.org/cost/spain/castellon-de-la-plana,secondary,2026-10-04,"City: Castellon de la Plana (location from Wikidata). livingcost.org (updated June 21, 2026): one-person monthly cost without rent $555 + one room in a shared flat = (cheap 3-bedroom apartment $784 + family utility bill $102) / 3 = $295; total $850/month x12"
Jiangnan University,Living Cost,"$6,640",https://livingcost.org/cost/china/wuxi,secondary,2026-10-04,"City: Wuxi (location from Wikidata). livingcost.org (updated June 21, 2026): one-person monthly cost without rent $432 + one room in a shared flat = (cheap 3-bedroom apartment $330 + family utility bill $34) / 3 = $121; total $553/month x12"
K.N. Toosi University of Technology,Living Cost,"$6,050",https://livingcost.org/cost/iran/tehran,secondary,2026-10-04,"City: Tehran (location from Wikidata). livingcost.org (updated June 21, 2026): one-person monthly cost without rent $347 + one room in a shared flat = (cheap 3-bedroom apartment $458 + family utility bill $12) / 3 = $157; total $504/month x12"
Kaohsiung Medical University,Living Cost,"$9,610",https://livingcost.org/cost/taiwan/kaohsiung,secondary,2026-10-04,"City: Kaohsiung (location from Wikidata). livingcost.org (updated June 21, 2026): one-person monthly cost without rent $618 + one room in a shared flat = (cheap 3-bedroom apartment $468 + family utility bill $80) / 3 = $183; total $801/month x12"
King Mongkut’s University of Technology Thonburi,Living Cost,"$9,210",https://livingcost.org/cost/thailand/bangkok,secondary,2026-10-04,"City: Bangkok (location from Wikidata). livingcost.org (updated June 21, 2026): one-person monthly cost without rent $562 + one room in a shared flat = (cheap 3-bedroom apartment $525 + family utility bill $92) / 3 = $206; total $768/month x12"
Kumamoto University,Living Cost,"$8,720",https://livingcost.org/cost/japan/kumamoto,secondary,2026-10-04,"City: Kumamoto (location from Wikidata). livingcost.org (updated June 21, 2026): one-person monthly cost without rent $572 + one room in a shared flat = (cheap 3-bedroom apartment $311 + family utility bill $152) / 3 = $154; total $726/month x12"
Kuwait University,Living Cost,"$13,290",https://livingcost.org/cost/kuwait/kuwait,secondary,2026-10-04,"City: Kuwait City (location from Wikidata). livingcost.org (updated June 21, 2026): one-person monthly cost without rent $751 + one room in a shared flat = (cheap 3-bedroom apartment $1,008 + family utility bill $62) / 3 = $357; total $1,108/month x12"
Kyoto Prefectural University of Medicine,Living Cost,"$10,680",https://livingcost.org/cost/japan/kyoto,secondary,2026-10-04,"City: Kyoto (location from Wikidata). livingcost.org (updated June 21, 2026): one-person monthly cost without rent $681 + one room in a shared flat = (cheap 3-bedroom apartment $531 + family utility bill $97) / 3 = $209; total $890/month x12"
Lithuanian University of Health Sciences,Living Cost,"$11,350",https://livingcost.org/cost/lithuania/kaunas,secondary,2026-10-04,"City: Kaunas (location from Wikidata). livingcost.org (updated June 21, 2026): one-person monthly cost without rent $651 + one room in a shared flat = (cheap 3-bedroom apartment $680 + family utility bill $204) / 3 = $295; total $946/month x12"
Makerere University,Living Cost,"$6,140",https://livingcost.org/cost/uganda/kampala,secondary,2026-10-04,"City: Kampala (location from Wikidata). livingcost.org (updated June 21, 2026): one-person monthly cost without rent $385 + one room in a shared flat = (cheap 3-bedroom apartment $323 + family utility bill $57) / 3 = $127; total $512/month x12"
Mansoura University,Living Cost,"$3,120",https://livingcost.org/cost/egypt/mansoura,secondary,2026-10-04,"City: Mansoura (location from Wikidata). livingcost.org (updated June 21, 2026): one-person monthly cost without rent $221 + one room in a shared flat = (cheap 3-bedroom apartment $105 + family utility bill $12) / 3 = $39; total $260/month x12"
Marquette University,Living Cost,"$19,930",https://collegescorecard.ed.gov/school/?239105-Marquette-University,government,2026-10-04,"City: Milwaukee. College Scorecard (US Dept of Education) on-campus room and board $16,490 + other expenses $3,439 per year"
Montana State University,Living Cost,"$18,030",https://collegescorecard.ed.gov/school/?180461-Montana-State-University,government,2026-10-04,"City: Bozeman. College Scorecard (US Dept of Education) on-campus room and board $14,000 + other expenses $4,026 per year"
Nanjing Medical University,Living Cost,"$7,230",https://livingcost.org/cost/china/nanjing,secondary,2026-10-04,"City: Nanjing (location from Wikidata). livingcost.org (updated June 21, 2026): one-person monthly cost without rent $419 + one room in a shared flat = (cheap 3-bedroom apartment $500 + family utility bill $50) / 3 = $183; total $602/month x12"
Nanjing Normal University,Living Cost,"$7,230",https://livingcost.org/cost/china/nanjing,secondary,2026-10-04,"City: Nanjing (location from Wikidata). livingcost.org (updated June 21, 2026): one-person monthly cost without rent $419 + one room in a shared flat = (cheap 3-bedroom apartment $500 + family utility bill $50) / 3 = $183; total $602/month x12"
Nanjing University of Information Science and Technology,Living Cost,"$7,230",https://livingcost.org/cost/china/nanjing,secondary,2026-10-04,"City: Nanjing (location from Wikidata). livingcost.org (updated June 21, 2026): one-person monthly cost without rent $419 + one room in a shared flat = (cheap 3-bedroom apartment $500 + family utility bill $50) / 3 = $183; total $602/month x12"
National Technical University of Ukraine – Igor Sikorsky Kyiv Polytechnic Institute,Living Cost,"$7,770",https://livingcost.org/cost/ukraine/kiev,secondary,2026-10-04,"City: Kyiv (location from Wikidata). livingcost.org (updated June 21, 2026): one-person monthly cost without rent $422 + one room in a shared flat = (cheap 3-bedroom apartment $583 + family utility bill $92) / 3 = $225; total $647/month x12"
New Mexico State University (Main campus),Living Cost,"$16,820",https://collegescorecard.ed.gov/school/?188030-New-Mexico-State-University-Main-Campus,government,2026-10-04,"City: Las Cruces. College Scorecard (US Dept of Education) on-campus room and board $12,282 + other expenses $4,536 per year"
North South University,Living Cost,"$4,820",https://livingcost.org/cost/bangladesh/dhaka,secondary,2026-10-04,"City: Dhaka (location from Wikidata). livingcost.org (updated June 21, 2026): one-person monthly cost without rent $328 + one room in a shared flat = (cheap 3-bedroom apartment $181 + family utility bill $40) / 3 = $74; total $402/month x12"
Northeast Normal University,Living Cost,"$5,770",https://livingcost.org/cost/china/changchun,secondary,2026-10-04,"City: Changchun (location from Wikidata). livingcost.org (updated June 21, 2026): one-person monthly cost without rent $365 + one room in a shared flat = (cheap 3-bedroom apartment $308 + family utility bill $39) / 3 = $116; total $481/month x12"
Nova Southeastern University,Living Cost,"$21,360",https://collegescorecard.ed.gov/school/?136215-Nova-Southeastern-University,government,2026-10-04,"City: Fort Lauderdale. College Scorecard (US Dept of Education) on-campus room and board $16,840 + other expenses $4,520 per year"
Okayama University,Living Cost,"$8,490",https://livingcost.org/cost/japan/okayama,secondary,2026-10-04,"City: Okayama (location from Wikidata). livingcost.org (updated June 21, 2026): one-person monthly cost without rent $561 + one room in a shared flat = (cheap 3-bedroom apartment $374 + family utility bill $66) / 3 = $147; total $708/month x12"
Ozyegin University,Living Cost,"$11,960",https://livingcost.org/cost/turkey/istanbul,secondary,2026-10-04,"City: Istanbul (location from Wikidata). livingcost.org (updated June 21, 2026): one-person monthly cost without rent $641 + one room in a shared flat = (cheap 3-bedroom apartment $983 + family utility bill $84) / 3 = $356; total $997/month x12"
Pablo de Olavide University,Living Cost,"$12,230",https://livingcost.org/cost/spain/seville,secondary,2026-10-04,"City: Seville (location from Wikidata). livingcost.org (updated June 21, 2026): one-person monthly cost without rent $645 + one room in a shared flat = (cheap 3-bedroom apartment $1,015 + family utility bill $108) / 3 = $374; total $1,019/month x12"
Philipps-Universität Marburg,Living Cost,"$13,580",https://livingcost.org/cost/germany/he/marburg,secondary,2026-10-04,"City: Marburg (location from Wikidata). livingcost.org (updated June 21, 2026): one-person monthly cost without rent $753 + one room in a shared flat = (cheap 3-bedroom apartment $884 + family utility bill $253) / 3 = $379; total $1,132/month x12"
Pontificia Universidad Católica de Valparaíso,Living Cost,"$8,470",https://livingcost.org/cost/chile/valparaiso,secondary,2026-10-04,"City: Valparaiso (location from Wikidata). livingcost.org (updated June 21, 2026): one-person monthly cost without rent $492 + one room in a shared flat = (cheap 3-bedroom apartment $541 + family utility bill $101) / 3 = $214; total $706/month x12"
Portland State University,Living Cost,"$15,980",https://collegescorecard.ed.gov/school/?209807-Portland-State-University,government,2026-10-04,"City: Portland. College Scorecard (US Dept of Education) on-campus room and board $13,728 + other expenses $2,250 per year"
Reichman University,Living Cost,"$23,110",https://livingcost.org/cost/israel/herzliya,secondary,2026-10-04,"City: Herzliya (location from Wikidata). livingcost.org (updated June 21, 2026): one-person monthly cost without rent $1,053 + one room in a shared flat = (cheap 3-bedroom apartment $2,337 + family utility bill $282) / 3 = $873; total $1,926/month x12"
Robert Gordon University,Living Cost,"$16,700",https://livingcost.org/cost/united-kingdom/sct/aberdeen,secondary,2026-10-04,"City: Aberdeen (location from Wikidata). livingcost.org (updated June 21, 2026): one-person monthly cost without rent $863 + one room in a shared flat = (cheap 3-bedroom apartment $1,341 + family utility bill $245) / 3 = $529; total $1,392/month x12"
Rochester Institute of Technology,Living Cost,"$17,840",https://collegescorecard.ed.gov/school/?195003-Rochester-Institute-of-Technology,government,2026-10-04,"City: Rochester. College Scorecard (US Dept of Education) on-campus room and board $16,142 + other expenses $1,700 per year"
Rutgers University–Newark,Living Cost,"$20,530",https://collegescorecard.ed.gov/school/?186399-Rutgers-University-Newark,government,2026-10-04,"City: Newark. College Scorecard (US Dept of Education) on-campus room and board $16,074 + other expenses $4,458 per year"
San Diego State University,Living Cost,"$26,420",https://collegescorecard.ed.gov/school/?122409-San-Diego-State-University,government,2026-10-04,"City: San Diego. College Scorecard (US Dept of Education) on-campus room and board $23,030 + other expenses $3,386 per year"
Shantou University,Living Cost,"$5,430",https://livingcost.org/cost/china/jinan,secondary,2026-10-04,"City: Jinan (location from Wikidata). livingcost.org (updated June 21, 2026): one-person monthly cost without rent $358 + one room in a shared flat = (cheap 3-bedroom apartment $217 + family utility bill $68) / 3 = $95; total $453/month x12"
Sheffield Hallam University,Living Cost,"$16,840",https://livingcost.org/cost/united-kingdom/eng/sheffield,secondary,2026-10-04,"City: Sheffield (location from Wikidata). livingcost.org (updated June 21, 2026): one-person monthly cost without rent $811 + one room in a shared flat = (cheap 3-bedroom apartment $1,455 + family utility bill $323) / 3 = $593; total $1,404/month x12"
Tokyo Medical University,Living Cost,"$15,130",https://livingcost.org/cost/japan/tokyo,secondary,2026-10-04,"City: Tokyo (location from Wikidata). livingcost.org (updated June 21, 2026): one-person monthly cost without rent $866 + one room in a shared flat = (cheap 3-bedroom apartment $1,045 + family utility bill $140) / 3 = $395; total $1,261/month x12"
Universidad Anáhuac México,Living Cost,"$6,650",https://livingcost.org/cost/mexico/xalapa,secondary,2026-10-04,"City: Xalapa (location from Wikidata). livingcost.org (updated June 21, 2026): one-person monthly cost without rent $446 + one room in a shared flat = (cheap 3-bedroom apartment $270 + family utility bill $55) / 3 = $108; total $554/month x12"
Universidad Iberoamericana IBERO,Living Cost,"$12,980",https://livingcost.org/cost/mexico/mexico,secondary,2026-10-04,"City: Mexico City (location from Wikidata). livingcost.org (updated June 21, 2026): one-person monthly cost without rent $682 + one room in a shared flat = (cheap 3-bedroom apartment $1,139 + family utility bill $61) / 3 = $400; total $1,082/month x12"
Universidad de Oviedo,Living Cost,"$12,560",https://livingcost.org/cost/spain/oviedo,secondary,2026-10-04,"City: Oviedo (location from Wikidata). livingcost.org (updated June 21, 2026): one-person monthly cost without rent $688 + one room in a shared flat = (cheap 3-bedroom apartment $928 + family utility bill $148) / 3 = $359; total $1,047/month x12"
Universidade de Vigo,Living Cost,"$12,290",https://livingcost.org/cost/spain/vigo,secondary,2026-10-04,"City: Vigo (location from Wikidata). livingcost.org (updated June 21, 2026): one-person monthly cost without rent $661 + one room in a shared flat = (cheap 3-bedroom apartment $937 + family utility bill $153) / 3 = $363; total $1,024/month x12"
Universitat Internacional de Catalunya,Living Cost,"$17,500",https://livingcost.org/cost/spain/barcelona,secondary,2026-10-04,"City: Barcelona (location from Wikidata). livingcost.org (updated June 21, 2026): one-person monthly cost without rent $821 + one room in a shared flat = (cheap 3-bedroom apartment $1,738 + family utility bill $173) / 3 = $637; total $1,458/month x12"
Universitat de Lleida,Living Cost,"$11,360",https://livingcost.org/cost/spain/lleida,secondary,2026-10-04,"City: Lleida (location from Wikidata). livingcost.org (updated June 21, 2026): one-person monthly cost without rent $644 + one room in a shared flat = (cheap 3-bedroom apartment $796 + family utility bill $113) / 3 = $303; total $947/month x12"
University of Algarve,Living Cost,"$12,430",https://livingcost.org/cost/portugal/faro,secondary,2026-10-04,"City: Faro (location from Wikidata). livingcost.org (updated June 21, 2026): one-person monthly cost without rent $573 + one room in a shared flat = (cheap 3-bedroom apartment $1,269 + family utility bill $120) / 3 = $463; total $1,036/month x12"
University of Baghdad,Living Cost,"$8,600",https://livingcost.org/cost/iraq/baghdad,secondary,2026-10-04,"City: Baghdad (location from Wikidata). livingcost.org (updated June 21, 2026): one-person monthly cost without rent $475 + one room in a shared flat = (cheap 3-bedroom apartment $534 + family utility bill $190) / 3 = $241; total $716/month x12"
University of Brawijaya,Living Cost,"$3,460",https://livingcost.org/cost/indonesia/malang,secondary,2026-10-04,"City: Malang (location from Wikidata). livingcost.org (updated June 21, 2026): one-person monthly cost without rent $233 + one room in a shared flat = (cheap 3-bedroom apartment $138 + family utility bill $28) / 3 = $55; total $288/month x12"
University of Brighton,Living Cost,"$17,840",https://livingcost.org/cost/united-kingdom/eng/brighton-and-hove,secondary,2026-10-04,"City: Brighton and Hove (location from Wikidata). livingcost.org (updated June 21, 2026): one-person monthly cost without rent $776 + one room in a shared flat = (cheap 3-bedroom apartment $1,871 + family utility bill $260) / 3 = $710; total $1,486/month x12"
University of Bucharest,Living Cost,"$10,470",https://livingcost.org/cost/romania/bucharest,secondary,2026-10-04,"City: Bucharest (location from Wikidata). livingcost.org (updated June 21, 2026): one-person monthly cost without rent $585 + one room in a shared flat = (cheap 3-bedroom apartment $694 + family utility bill $169) / 3 = $288; total $873/month x12"
University of Clermont Auvergne,Living Cost,"$13,310",https://livingcost.org/cost/france/ara/clermont-ferrand,secondary,2026-10-04,"City: Clermont-Ferrand (location from Wikidata). livingcost.org (updated June 21, 2026): one-person monthly cost without rent $745 + one room in a shared flat = (cheap 3-bedroom apartment $935 + family utility bill $158) / 3 = $364; total $1,109/month x12"
University of Deusto,Living Cost,"$15,440",https://livingcost.org/cost/spain/bilbao,secondary,2026-10-04,"City: Bilbao (location from Wikidata). livingcost.org (updated June 21, 2026): one-person monthly cost without rent $721 + one room in a shared flat = (cheap 3-bedroom apartment $1,526 + family utility bill $172) / 3 = $566; total $1,287/month x12"
University of Ibadan,Living Cost,"$5,940",https://livingcost.org/cost/nigeria/ibadan,secondary,2026-10-04,"City: Ibadan (location from Wikidata). livingcost.org (updated June 21, 2026): one-person monthly cost without rent $296 + one room in a shared flat = (cheap 3-bedroom apartment $579 + family utility bill $17) / 3 = $199; total $495/month x12"
University of Kurdistan,Living Cost,"$4,200",https://livingcost.org/cost/iran/sanandaj,secondary,2026-10-04,"City: Sanandaj (location from Wikidata). livingcost.org (updated June 21, 2026): one-person monthly cost without rent $286 + one room in a shared flat = (cheap 3-bedroom apartment $183 + family utility bill $9) / 3 = $64; total $350/month x12"
University of Lahore,Living Cost,"$4,250",https://livingcost.org/cost/pakistan/lahore,secondary,2026-10-04,"City: Lahore (location from Wikidata). livingcost.org (updated June 21, 2026): one-person monthly cost without rent $267 + one room in a shared flat = (cheap 3-bedroom apartment $133 + family utility bill $129) / 3 = $87; total $354/month x12"
University of Management and Technology,Living Cost,"$4,250",https://livingcost.org/cost/pakistan/lahore,secondary,2026-10-04,"City: Lahore (location from Wikidata). livingcost.org (updated June 21, 2026): one-person monthly cost without rent $267 + one room in a shared flat = (cheap 3-bedroom apartment $133 + family utility bill $129) / 3 = $87; total $354/month x12"
University of Medicine and Pharmacy Carol Davila,Living Cost,"$10,470",https://livingcost.org/cost/romania/bucharest,secondary,2026-10-04,"City: Bucharest (location from Wikidata). livingcost.org (updated June 21, 2026): one-person monthly cost without rent $585 + one room in a shared flat = (cheap 3-bedroom apartment $694 + family utility bill $169) / 3 = $288; total $873/month x12"
University of Memphis,Living Cost,"$18,000",https://collegescorecard.ed.gov/school/?220862-University-of-Memphis,government,2026-10-04,"City: Memphis. College Scorecard (US Dept of Education) on-campus room and board $11,342 + other expenses $6,654 per year"
University of Mohaghegh Ardabili,Living Cost,"$6,560",https://livingcost.org/cost/iran/ardabil,secondary,2026-10-04,"City: Ardabil (location from Wikidata). livingcost.org (updated June 21, 2026): one-person monthly cost without rent $343 + one room in a shared flat = (cheap 3-bedroom apartment $599 + family utility bill $13) / 3 = $204; total $547/month x12"
University of Murcia,Living Cost,"$11,340",https://livingcost.org/cost/spain/murcia,secondary,2026-10-04,"City: Murcia (location from Wikidata). livingcost.org (updated June 21, 2026): one-person monthly cost without rent $632 + one room in a shared flat = (cheap 3-bedroom apartment $812 + family utility bill $127) / 3 = $313; total $945/month x12"
University of Regina,Living Cost,"$15,510",https://livingcost.org/cost/canada/sk/regina,secondary,2026-10-04,"City: Regina (location from Wikidata). livingcost.org (updated June 21, 2026): one-person monthly cost without rent $758 + one room in a shared flat = (cheap 3-bedroom apartment $1,437 + family utility bill $167) / 3 = $535; total $1,293/month x12"
University of Seoul,Living Cost,"$11,940",https://livingcost.org/cost/south-korea/seoul,secondary,2026-10-04,"City: Seoul (location from Wikidata). livingcost.org (updated June 21, 2026): one-person monthly cost without rent $672 + one room in a shared flat = (cheap 3-bedroom apartment $818 + family utility bill $152) / 3 = $323; total $995/month x12"
University of Tabuk,Living Cost,"$8,640",https://livingcost.org/cost/saudi-arabia/tabuk,secondary,2026-10-04,"City: Tabuk (location from Wikidata). livingcost.org (updated June 21, 2026): one-person monthly cost without rent $519 + one room in a shared flat = (cheap 3-bedroom apartment $510 + family utility bill $94) / 3 = $201; total $720/month x12"
"University of Technology, Iraq",Living Cost,"$8,600",https://livingcost.org/cost/iraq/baghdad,secondary,2026-10-04,"City: Baghdad (location from Wikidata). livingcost.org (updated June 21, 2026): one-person monthly cost without rent $475 + one room in a shared flat = (cheap 3-bedroom apartment $534 + family utility bill $190) / 3 = $241; total $716/month x12"
University of Texas at El Paso,Living Cost,"$14,530",https://collegescorecard.ed.gov/school/?228796-The-University-of-Texas-at-El-Paso,government,2026-10-04,"City: El Paso. College Scorecard (US Dept of Education) on-campus room and board $10,864 + other expenses $3,662 per year"
"University of Veterinary and Animal Sciences, Lahore",Living Cost,"$4,250",https://livingcost.org/cost/pakistan/lahore,secondary,2026-10-04,"City: Lahore (location from Wikidata). livingcost.org (updated June 21, 2026): one-person monthly cost without rent $267 + one room in a shared flat = (cheap 3-bedroom apartment $133 + family utility bill $129) / 3 = $87; total $354/month x12"
University of la Costa,Living Cost,"$8,840",https://livingcost.org/cost/colombia/barranquilla,secondary,2026-10-04,"City: Barranquilla (location from Wikidata). livingcost.org (updated June 21, 2026): one-person monthly cost without rent $540 + one room in a shared flat = (cheap 3-bedroom apartment $440 + family utility bill $149) / 3 = $196; total $736/month x12"
University of the Aegean,Living Cost,"$9,560",https://livingcost.org/cost/greece/mytilene,secondary,2026-10-04,"City: Mytilene (location from Wikidata). livingcost.org (updated June 21, 2026): one-person monthly cost without rent $552 + one room in a shared flat = (cheap 3-bedroom apartment $497 + family utility bill $237) / 3 = $245; total $797/month x12"
University of the Free State,Living Cost,"$5,920",https://livingcost.org/cost/south-africa/bloemfontein,secondary,2026-10-04,"City: Bloemfontein (location from Wikidata). livingcost.org (updated June 21, 2026): one-person monthly cost without rent $368 + one room in a shared flat = (cheap 3-bedroom apartment $276 + family utility bill $100) / 3 = $125; total $493/month x12"
Università degli Studi di Perugia,Living Cost,"$11,560",https://livingcost.org/cost/italy/um/perugia,secondary,2026-10-04,"City: Perugia (location from Wikidata). livingcost.org (updated June 21, 2026): one-person monthly cost without rent $693 + one room in a shared flat = (cheap 3-bedroom apartment $644 + family utility bill $167) / 3 = $270; total $963/month x12"
Università degli studi di Bergamo,Living Cost,"$13,630",https://livingcost.org/cost/italy/lo/bergamo,secondary,2026-10-04,"City: Bergamo (location from Wikidata). livingcost.org (updated June 21, 2026): one-person monthly cost without rent $759 + one room in a shared flat = (cheap 3-bedroom apartment $941 + family utility bill $190) / 3 = $377; total $1,136/month x12"
Universität Duisburg-Essen,Living Cost,"$14,570",https://livingcost.org/cost/germany/nw/essen,secondary,2026-10-04,"City: Essen (location from Wikidata). livingcost.org (updated June 21, 2026): one-person monthly cost without rent $877 + one room in a shared flat = (cheap 3-bedroom apartment $794 + family utility bill $217) / 3 = $337; total $1,214/month x12"
Universität Rostock,Living Cost,"$13,540",https://livingcost.org/cost/germany/mv/rostock,secondary,2026-10-04,"City: Rostock (location from Wikidata). livingcost.org (updated June 21, 2026): one-person monthly cost without rent $787 + one room in a shared flat = (cheap 3-bedroom apartment $767 + family utility bill $256) / 3 = $341; total $1,128/month x12"
Université de Bretagne Occidentale,Living Cost,"$11,540",https://livingcost.org/cost/france/bre/brest,secondary,2026-10-04,"City: Brest (location from Wikidata). livingcost.org (updated June 21, 2026): one-person monthly cost without rent $686 + one room in a shared flat = (cheap 3-bedroom apartment $661 + family utility bill $167) / 3 = $276; total $962/month x12"
Université de Poitiers,Living Cost,"$13,120",https://livingcost.org/cost/france/naq/niort,secondary,2026-10-04,"City: Niort (location from Wikidata). livingcost.org (updated June 21, 2026): one-person monthly cost without rent $674 + one room in a shared flat = (cheap 3-bedroom apartment $1,150 + family utility bill $109) / 3 = $420; total $1,094/month x12"
Urmia University,Living Cost,"$4,860",https://livingcost.org/cost/iran/urmia,secondary,2026-10-04,"City: Urmia (location from Wikidata). livingcost.org (updated June 21, 2026): one-person monthly cost without rent $329 + one room in a shared flat = (cheap 3-bedroom apartment $217 + family utility bill $11) / 3 = $76; total $405/month x12"
Wenzhou Medical University,Living Cost,"$7,240",https://livingcost.org/cost/china/wenzhou,secondary,2026-10-04,"City: Wenzhou (location from Wikidata). livingcost.org (updated June 21, 2026): one-person monthly cost without rent $482 + one room in a shared flat = (cheap 3-bedroom apartment $335 + family utility bill $30) / 3 = $122; total $604/month x12"
Wenzhou University,Living Cost,"$7,240",https://livingcost.org/cost/china/wenzhou,secondary,2026-10-04,"City: Wenzhou (location from Wikidata). livingcost.org (updated June 21, 2026): one-person monthly cost without rent $482 + one room in a shared flat = (cheap 3-bedroom apartment $335 + family utility bill $30) / 3 = $122; total $604/month x12"
Yokohama City University,Living Cost,"$11,930",https://livingcost.org/cost/japan/yokohama,secondary,2026-10-04,"City: Yokohama (location from Wikidata). livingcost.org (updated June 21, 2026): one-person monthly cost without rent $713 + one room in a shared flat = (cheap 3-bedroom apartment $721 + family utility bill $122) / 3 = $281; total $994/month x12"
Yıldız Technical University,Living Cost,"$11,960",https://livingcost.org/cost/turkey/istanbul,secondary,2026-10-04,"City: Istanbul (location from Wikidata). livingcost.org (updated June 21, 2026): one-person monthly cost without rent $641 + one room in a shared flat = (cheap 3-bedroom apartment $983 + family utility bill $84) / 3 = $356; total $997/month x12"
Zagazig University,Living Cost,"$3,210",https://livingcost.org/cost/egypt/zagazig,secondary,2026-10-04,"City: Zagazig (location from Wikidata). livingcost.org (updated June 21, 2026): one-person monthly cost without rent $223 + one room in a shared flat = (cheap 3-bedroom apartment $120 + family utility bill $14) / 3 = $45; total $268/month x12"
Zhejiang Gongshang University,Living Cost,"$8,170",https://livingcost.org/cost/china/hangzhou,secondary,2026-10-04,"City: Hangzhou (location from Wikidata). livingcost.org (updated June 21, 2026): one-person monthly cost without rent $461 + one room in a shared flat = (cheap 3-bedroom apartment $600 + family utility bill $60) / 3 = $220; total $681/month x12"
Kyrgyz Russian Slavic University,Living Cost,"$7,110",https://livingcost.org/cost/kyrgyzstan/bishkek,secondary,2026-10-04,"City: Bishkek (location from Wikidata). livingcost.org (updated June 21, 2026): one-person monthly cost without rent $358 + one room in a shared flat = (cheap 3-bedroom apartment $660 + family utility bill $44) / 3 = $235; total $593/month x12"
Mendel University in Brno,Living Cost,"$13,690",https://livingcost.org/cost/czech-republic/brno,secondary,2026-10-04,"City: Brno (location from Wikidata). livingcost.org (updated June 21, 2026): one-person monthly cost without rent $623 + one room in a shared flat = (cheap 3-bedroom apartment $1,254 + family utility bill $300) / 3 = $518; total $1,141/month x12"
Nagasaki University,Living Cost,"$9,100",https://livingcost.org/cost/japan/nagasaki,secondary,2026-10-04,"City: Nagasaki (location from Wikidata). livingcost.org (updated June 21, 2026): one-person monthly cost without rent $567 + one room in a shared flat = (cheap 3-bedroom apartment $390 + family utility bill $185) / 3 = $192; total $759/month x12"
Shahid Beheshti University (SBU),Living Cost,"$6,050",https://livingcost.org/cost/iran/tehran,secondary,2026-10-04,"City: Tehran (location from Wikidata). livingcost.org (updated June 21, 2026): one-person monthly cost without rent $347 + one room in a shared flat = (cheap 3-bedroom apartment $458 + family utility bill $12) / 3 = $157; total $504/month x12"
Swarthmore College,Living Cost,"$22,440",https://collegescorecard.ed.gov/school/?216287-Swarthmore-College,government,2026-10-04,"City: Swarthmore. College Scorecard (US Dept of Education) on-campus room and board $20,308 + other expenses $2,134 per year"
Universidad ORT Uruguay,Living Cost,"$14,270",https://livingcost.org/cost/uruguay/montevideo,secondary,2026-10-04,"City: Montevideo (location from Wikidata). livingcost.org (updated June 21, 2026): one-person monthly cost without rent $850 + one room in a shared flat = (cheap 3-bedroom apartment $851 + family utility bill $166) / 3 = $339; total $1,189/month x12"
Universidad de Valladolid,Living Cost,"$13,280",https://livingcost.org/cost/spain/valladolid,secondary,2026-10-04,"City: Valladolid (location from Wikidata). livingcost.org (updated June 21, 2026): one-person monthly cost without rent $761 + one room in a shared flat = (cheap 3-bedroom apartment $841 + family utility bill $195) / 3 = $345; total $1,106/month x12"
University Duesseldorf,Living Cost,"$17,170",https://livingcost.org/cost/germany/nw/dusseldorf,secondary,2026-10-04,"City: Dusseldorf (location from Wikidata). livingcost.org (updated June 21, 2026): one-person monthly cost without rent $866 + one room in a shared flat = (cheap 3-bedroom apartment $1,453 + family utility bill $242) / 3 = $565; total $1,431/month x12"
University at Albany SUNY,Living Cost,"$18,670",https://collegescorecard.ed.gov/school/?196060-University-at-Albany,government,2026-10-04,"City: Albany. College Scorecard (US Dept of Education) on-campus room and board $16,423 + other expenses $2,248 per year"
University of Dubai,Living Cost,"$19,770",https://livingcost.org/cost/united-arab-emirates/dubai,secondary,2026-10-04,"City: Dubai (location from Wikidata). livingcost.org (updated June 21, 2026): one-person monthly cost without rent $805 + one room in a shared flat = (cheap 3-bedroom apartment $2,306 + family utility bill $222) / 3 = $843; total $1,648/month x12"
University of Gdańsk,Living Cost,"$13,420",https://livingcost.org/cost/poland/gdansk,secondary,2026-10-04,"City: Gdansk (location from Wikidata). livingcost.org (updated June 21, 2026): one-person monthly cost without rent $634 + one room in a shared flat = (cheap 3-bedroom apartment $1,144 + family utility bill $309) / 3 = $484; total $1,118/month x12"
University of Ghana,Living Cost,"$8,750",https://livingcost.org/cost/ghana/accra,secondary,2026-10-04,"City: Accra (location from Wikidata). livingcost.org (updated June 21, 2026): one-person monthly cost without rent $584 + one room in a shared flat = (cheap 3-bedroom apartment $369 + family utility bill $67) / 3 = $145; total $729/month x12"
University of Mississippi,Living Cost,"$19,300",https://collegescorecard.ed.gov/school/?176017-University-of-Mississippi,government,2026-10-04,"City: University. College Scorecard (US Dept of Education) on-campus room and board $12,600 + other expenses $6,700 per year"
University of Santo Tomas,Living Cost,"$7,290",https://livingcost.org/cost/philippines/manila,secondary,2026-10-04,"City: Manila (location from Wikidata). livingcost.org (updated June 21, 2026): one-person monthly cost without rent $409 + one room in a shared flat = (cheap 3-bedroom apartment $483 + family utility bill $112) / 3 = $198; total $607/month x12"
University of South Africa,Living Cost,"$9,340",https://livingcost.org/cost/south-africa/pretoria,secondary,2026-10-04,"City: Pretoria (location from Wikidata). livingcost.org (updated June 21, 2026): one-person monthly cost without rent $504 + one room in a shared flat = (cheap 3-bedroom apartment $680 + family utility bill $144) / 3 = $275; total $779/month x12"
"Vietnam National University, Hanoi",Living Cost,"$6,440",https://livingcost.org/cost/vietnam/hanoi,secondary,2026-10-04,"City: Hanoi (location from Wikidata). livingcost.org (updated June 21, 2026): one-person monthly cost without rent $353 + one room in a shared flat = (cheap 3-bedroom apartment $478 + family utility bill $73) / 3 = $184; total $537/month x12"
Vilnius Gediminas Technical University (Vilnius Tech),Living Cost,"$12,690",https://livingcost.org/cost/lithuania/vilnius,secondary,2026-10-04,"City: Vilnius (location from Wikidata). livingcost.org (updated June 21, 2026): one-person monthly cost without rent $661 + one room in a shared flat = (cheap 3-bedroom apartment $955 + family utility bill $235) / 3 = $397; total $1,058/month x12"
Beijing Jiaotong University,Living Cost,"$9,360",https://livingcost.org/cost/china/beijing,secondary,2026-10-04,"City: Beijing (location from Wikidata). livingcost.org (updated June 21, 2026): one-person monthly cost without rent $460 + one room in a shared flat = (cheap 3-bedroom apartment $909 + family utility bill $50) / 3 = $320; total $780/month x12"
Beijing University of Posts and Telecommunications,Living Cost,"$9,360",https://livingcost.org/cost/china/beijing,secondary,2026-10-04,"City: Beijing (location from Wikidata). livingcost.org (updated June 21, 2026): one-person monthly cost without rent $460 + one room in a shared flat = (cheap 3-bedroom apartment $909 + family utility bill $50) / 3 = $320; total $780/month x12"
Gazi Üniversitesi,Living Cost,"$5,230",https://livingcost.org/cost/turkey/gaziantep,secondary,2026-10-04,"City: Gaziantep (location from Wikidata). livingcost.org (updated June 21, 2026): one-person monthly cost without rent $327 + one room in a shared flat = (cheap 3-bedroom apartment $305 + family utility bill $23) / 3 = $109; total $436/month x12"
Georgian Technical University,Living Cost,"$9,580",https://livingcost.org/cost/georgia/tbilisi,secondary,2026-10-04,"City: Tbilisi (location from Wikidata). livingcost.org (updated June 21, 2026): one-person monthly cost without rent $526 + one room in a shared flat = (cheap 3-bedroom apartment $735 + family utility bill $82) / 3 = $272; total $798/month x12"
Kanazawa University,Living Cost,"$7,900",https://livingcost.org/cost/japan/kanazawa,secondary,2026-10-04,"City: Kanazawa (location from Wikidata). livingcost.org (updated June 21, 2026): one-person monthly cost without rent $504 + one room in a shared flat = (cheap 3-bedroom apartment $356 + family utility bill $108) / 3 = $155; total $659/month x12"
Kyrgyz-Turkish Manas University,Living Cost,"$7,110",https://livingcost.org/cost/kyrgyzstan/bishkek,secondary,2026-10-04,"City: Bishkek (location from Wikidata). livingcost.org (updated June 21, 2026): one-person monthly cost without rent $358 + one room in a shared flat = (cheap 3-bedroom apartment $660 + family utility bill $44) / 3 = $235; total $593/month x12"
Michigan Technological University,Living Cost,"$15,840",https://collegescorecard.ed.gov/school/?171128-Michigan-Technological-University,government,2026-10-04,"City: Houghton. College Scorecard (US Dept of Education) on-campus room and board $13,050 + other expenses $2,785 per year"
Osaka Metropolitan University,Living Cost,"$11,090",https://livingcost.org/cost/japan/osaka,secondary,2026-10-04,"City: Osaka (location from Wikidata). livingcost.org (updated June 21, 2026): one-person monthly cost without rent $612 + one room in a shared flat = (cheap 3-bedroom apartment $815 + family utility bill $122) / 3 = $312; total $924/month x12"
Princess Sumaya University for Technology,Living Cost,"$10,030",https://livingcost.org/cost/jordan/amman,secondary,2026-10-04,"City: Amman (location from Wikidata). livingcost.org (updated June 21, 2026): one-person monthly cost without rent $647 + one room in a shared flat = (cheap 3-bedroom apartment $436 + family utility bill $130) / 3 = $189; total $836/month x12"
"Universidad Central ""Marta Abreu"" de Las Villas",Living Cost,"$10,600",https://livingcost.org/cost/cuba/santa-clara,secondary,2026-10-04,"City: Santa Clara (location from Wikidata). livingcost.org (updated June 21, 2026): one-person monthly cost without rent $591 + one room in a shared flat = (cheap 3-bedroom apartment $575 + family utility bill $301) / 3 = $292; total $883/month x12"
Universidad EAFIT,Living Cost,"$10,520",https://livingcost.org/cost/colombia/medellin,secondary,2026-10-04,"City: Medellin (location from Wikidata). livingcost.org (updated June 21, 2026): one-person monthly cost without rent $583 + one room in a shared flat = (cheap 3-bedroom apartment $792 + family utility bill $89) / 3 = $294; total $877/month x12"
Universidad Externado de Colombia,Living Cost,"$10,340",https://livingcost.org/cost/colombia/bogota,secondary,2026-10-04,"City: Bogota (location from Wikidata). livingcost.org (updated June 21, 2026): one-person monthly cost without rent $606 + one room in a shared flat = (cheap 3-bedroom apartment $668 + family utility bill $100) / 3 = $256; total $862/month x12"
Universidad Nacional Mayor de San Marcos,Living Cost,"$9,380",https://livingcost.org/cost/peru/lima,secondary,2026-10-04,"City: Lima (location from Wikidata). livingcost.org (updated June 21, 2026): one-person monthly cost without rent $568 + one room in a shared flat = (cheap 3-bedroom apartment $580 + family utility bill $61) / 3 = $214; total $782/month x12"
Universidad Nacional de Córdoba - UNC,Living Cost,"$9,860",https://livingcost.org/cost/argentina/cordoba,secondary,2026-10-04,"City: Cordoba (location from Wikidata). livingcost.org (updated June 21, 2026): one-person monthly cost without rent $636 + one room in a shared flat = (cheap 3-bedroom apartment $465 + family utility bill $92) / 3 = $186; total $822/month x12"
Universidad Pontificia Bolivariana (UPB),Living Cost,"$10,520",https://livingcost.org/cost/colombia/medellin,secondary,2026-10-04,"City: Medellin (location from Wikidata). livingcost.org (updated June 21, 2026): one-person monthly cost without rent $583 + one room in a shared flat = (cheap 3-bedroom apartment $792 + family utility bill $89) / 3 = $294; total $877/month x12"
"University of Alabama, Birmingham",Living Cost,"$19,950",https://collegescorecard.ed.gov/school/?100663-University-of-Alabama-at-Birmingham,government,2026-10-04,"City: Birmingham. College Scorecard (US Dept of Education) on-campus room and board $14,170 + other expenses $5,781 per year"
University of Maribor,Living Cost,"$11,550",https://livingcost.org/cost/slovenia/maribor,secondary,2026-10-04,"City: Maribor (location from Wikidata). livingcost.org (updated June 21, 2026): one-person monthly cost without rent $647 + one room in a shared flat = (cheap 3-bedroom apartment $688 + family utility bill $259) / 3 = $316; total $963/month x12"
University of Nairobi,Living Cost,"$7,690",https://livingcost.org/cost/kenya/nairobi,secondary,2026-10-04,"City: Nairobi (location from Wikidata). livingcost.org (updated June 21, 2026): one-person monthly cost without rent $502 + one room in a shared flat = (cheap 3-bedroom apartment $371 + family utility bill $45) / 3 = $139; total $641/month x12"
University of Peshawar,Living Cost,"$3,010",https://livingcost.org/cost/pakistan/peshawar,secondary,2026-10-04,"City: Peshawar (location from Wikidata). livingcost.org (updated June 21, 2026): one-person monthly cost without rent $195 + one room in a shared flat = (cheap 3-bedroom apartment $96 + family utility bill $70) / 3 = $55; total $250/month x12"
Università degli studi Roma Tre,Living Cost,"$17,560",https://livingcost.org/cost/italy/lz/rome,secondary,2026-10-04,"City: Rome (location from Wikidata). livingcost.org (updated June 21, 2026): one-person monthly cost without rent $873 + one room in a shared flat = (cheap 3-bedroom apartment $1,571 + family utility bill $199) / 3 = $590; total $1,463/month x12"
Yerevan State University,Living Cost,"$10,520",https://livingcost.org/cost/armenia/yerevan,secondary,2026-10-04,"City: Yerevan (location from Wikidata). livingcost.org (updated June 21, 2026): one-person monthly cost without rent $557 + one room in a shared flat = (cheap 3-bedroom apartment $844 + family utility bill $114) / 3 = $319; total $876/month x12"
Almaty Technological University,Living Cost,"$9,160",https://livingcost.org/cost/kazakhstan/almaty,secondary,2026-10-04,"City: Almaty (location from Wikidata). livingcost.org (updated June 21, 2026): one-person monthly cost without rent $483 + one room in a shared flat = (cheap 3-bedroom apartment $768 + family utility bill $72) / 3 = $280; total $763/month x12"
Baku State University,Living Cost,"$7,980",https://livingcost.org/cost/azerbaijan/baku,secondary,2026-10-04,"City: Baku (location from Wikidata). livingcost.org (updated June 21, 2026): one-person monthly cost without rent $478 + one room in a shared flat = (cheap 3-bedroom apartment $502 + family utility bill $60) / 3 = $187; total $665/month x12"
Clemson University,Living Cost,"$18,800",https://collegescorecard.ed.gov/school/?217882-Clemson-University,government,2026-10-04,"City: Clemson. College Scorecard (US Dept of Education) on-campus room and board $13,284 + other expenses $5,520 per year"
D. Serikbayev East Kazakhstan state technical university,Living Cost,"$5,740",https://livingcost.org/cost/kazakhstan/oskemen,secondary,2026-10-04,"City: Oskemen (location from Wikidata). livingcost.org (updated June 21, 2026): one-person monthly cost without rent $351 + one room in a shared flat = (cheap 3-bedroom apartment $341 + family utility bill $40) / 3 = $127; total $478/month x12"
Financial University under the Government of the Russian Federation,Living Cost,"$14,110",https://livingcost.org/cost/russia/moscow,secondary,2026-10-04,"City: Moscow (location from Wikidata). livingcost.org (updated June 21, 2026): one-person monthly cost without rent $672 + one room in a shared flat = (cheap 3-bedroom apartment $1,335 + family utility bill $176) / 3 = $504; total $1,176/month x12"
Hallym University,Living Cost,"$7,900",https://livingcost.org/cost/south-korea/chuncheon,secondary,2026-10-04,"City: Chuncheon (location from Wikidata). livingcost.org (updated June 21, 2026): one-person monthly cost without rent $494 + one room in a shared flat = (cheap 3-bedroom apartment $313 + family utility bill $180) / 3 = $164; total $658/month x12"
Indian Institute of Technology Bhubaneswar,Living Cost,"$3,720",https://livingcost.org/cost/india/or/bhubaneswar,secondary,2026-10-04,"City: Bhubaneswar (location from Wikidata). livingcost.org (updated June 21, 2026): one-person monthly cost without rent $252 + one room in a shared flat = (cheap 3-bedroom apartment $137 + family utility bill $38) / 3 = $58; total $310/month x12"
Instituto Tecnológico de Buenos Aires (ITBA),Living Cost,"$11,780",https://livingcost.org/cost/argentina/buenos-aires,secondary,2026-10-04,"City: Buenos Aires (location from Wikidata). livingcost.org (updated June 21, 2026): one-person monthly cost without rent $693 + one room in a shared flat = (cheap 3-bedroom apartment $729 + family utility bill $138) / 3 = $289; total $982/month x12"
Khon Kaen University,Living Cost,"$5,590",https://livingcost.org/cost/thailand/khon-kaen,secondary,2026-10-04,"City: Khon Kaen (location from Wikidata). livingcost.org (updated June 21, 2026): one-person monthly cost without rent $358 + one room in a shared flat = (cheap 3-bedroom apartment $261 + family utility bill $63) / 3 = $108; total $466/month x12"
Niigata University,Living Cost,"$9,830",https://livingcost.org/cost/japan/niigata,secondary,2026-10-04,"City: Niigata (location from Wikidata). livingcost.org (updated June 21, 2026): one-person monthly cost without rent $585 + one room in a shared flat = (cheap 3-bedroom apartment $514 + family utility bill $189) / 3 = $234; total $819/month x12"
Prince of Songkla University,Living Cost,"$5,780",https://livingcost.org/cost/thailand/hat-yai,secondary,2026-10-04,"City: Hat Yai (location from Wikidata). livingcost.org (updated June 21, 2026): one-person monthly cost without rent $396 + one room in a shared flat = (cheap 3-bedroom apartment $177 + family utility bill $81) / 3 = $86; total $482/month x12"
Rhodes University,Living Cost,"$7,770",https://livingcost.org/cost/south-africa/makhanda,secondary,2026-10-04,"City: Makhanda (location from Wikidata). livingcost.org (updated June 21, 2026): one-person monthly cost without rent $444 + one room in a shared flat = (cheap 3-bedroom apartment $493 + family utility bill $117) / 3 = $203; total $647/month x12"
Riga Stradiņš University,Living Cost,"$11,610",https://livingcost.org/cost/latvia/riga,secondary,2026-10-04,"City: Riga (location from Wikidata). livingcost.org (updated June 21, 2026): one-person monthly cost without rent $663 + one room in a shared flat = (cheap 3-bedroom apartment $669 + family utility bill $245) / 3 = $305; total $968/month x12"
S.D. Asfendiyarov Kazakh National Medical University,Living Cost,"$9,160",https://livingcost.org/cost/kazakhstan/almaty,secondary,2026-10-04,"City: Almaty (location from Wikidata). livingcost.org (updated June 21, 2026): one-person monthly cost without rent $483 + one room in a shared flat = (cheap 3-bedroom apartment $768 + family utility bill $72) / 3 = $280; total $763/month x12"
Sophia University,Living Cost,"$15,130",https://livingcost.org/cost/japan/tokyo,secondary,2026-10-04,"City: Tokyo (location from Wikidata). livingcost.org (updated June 21, 2026): one-person monthly cost without rent $866 + one room in a shared flat = (cheap 3-bedroom apartment $1,045 + family utility bill $140) / 3 = $395; total $1,261/month x12"
Southern Federal University,Living Cost,"$8,090",https://livingcost.org/cost/russia/rostov-on-don,secondary,2026-10-04,"City: Rostov-on-Don (location from Wikidata). livingcost.org (updated June 21, 2026): one-person monthly cost without rent $453 + one room in a shared flat = (cheap 3-bedroom apartment $540 + family utility bill $123) / 3 = $221; total $674/month x12"
Universidad Autónoma Metropolitana (UAM),Living Cost,"$12,980",https://livingcost.org/cost/mexico/mexico,secondary,2026-10-04,"City: Mexico City (location from Wikidata). livingcost.org (updated June 21, 2026): one-person monthly cost without rent $682 + one room in a shared flat = (cheap 3-bedroom apartment $1,139 + family utility bill $61) / 3 = $400; total $1,082/month x12"
Universidad Nacional de Rosario (UNR),Living Cost,"$7,930",https://livingcost.org/cost/argentina/rosario,secondary,2026-10-04,"City: Rosario (location from Wikidata). livingcost.org (updated June 21, 2026): one-person monthly cost without rent $525 + one room in a shared flat = (cheap 3-bedroom apartment $337 + family utility bill $70) / 3 = $136; total $661/month x12"
Universidad Torcuato Di Tella,Living Cost,"$11,780",https://livingcost.org/cost/argentina/buenos-aires,secondary,2026-10-04,"City: Buenos Aires (location from Wikidata). livingcost.org (updated June 21, 2026): one-person monthly cost without rent $693 + one room in a shared flat = (cheap 3-bedroom apartment $729 + family utility bill $138) / 3 = $289; total $982/month x12"
Universidad Técnica Federico Santa María (USM),Living Cost,"$8,470",https://livingcost.org/cost/chile/valparaiso,secondary,2026-10-04,"City: Valparaiso (location from Wikidata). livingcost.org (updated June 21, 2026): one-person monthly cost without rent $492 + one room in a shared flat = (cheap 3-bedroom apartment $541 + family utility bill $101) / 3 = $214; total $706/month x12"
Universidad de Córdoba - España,Living Cost,"$11,390",https://livingcost.org/cost/spain/cordoba,secondary,2026-10-04,"City: Cordoba (location from Wikidata). livingcost.org (updated June 21, 2026): one-person monthly cost without rent $595 + one room in a shared flat = (cheap 3-bedroom apartment $882 + family utility bill $181) / 3 = $354; total $949/month x12"
Universidad de los Andes - Chile,Living Cost,"$11,080",https://livingcost.org/cost/chile/santiago,secondary,2026-10-04,"City: Santiago (location from Wikidata). livingcost.org (updated June 21, 2026): one-person monthly cost without rent $647 + one room in a shared flat = (cheap 3-bedroom apartment $699 + family utility bill $130) / 3 = $276; total $923/month x12"
University of Bahrain,Living Cost,"$11,510",https://livingcost.org/cost/bahrain/manama,secondary,2026-10-04,"City: Manama (location from Wikidata). livingcost.org (updated June 21, 2026): one-person monthly cost without rent $575 + one room in a shared flat = (cheap 3-bedroom apartment $1,009 + family utility bill $143) / 3 = $384; total $959/month x12"
University of Central Lancashire,Living Cost,"$15,470",https://livingcost.org/cost/united-kingdom/eng/preston,secondary,2026-10-04,"City: Preston (location from Wikidata). livingcost.org (updated June 21, 2026): one-person monthly cost without rent $758 + one room in a shared flat = (cheap 3-bedroom apartment $1,356 + family utility bill $237) / 3 = $531; total $1,289/month x12"
University of Colombo,Living Cost,"$6,130",https://livingcost.org/cost/sri-lanka/colombo,secondary,2026-10-04,"City: Colombo (location from Wikidata). livingcost.org (updated June 21, 2026): one-person monthly cost without rent $371 + one room in a shared flat = (cheap 3-bedroom apartment $373 + family utility bill $46) / 3 = $140; total $511/month x12"
University of South Bohemia,Living Cost,"$11,570",https://livingcost.org/cost/czech-republic/ceske-budejovice,secondary,2026-10-04,"City: Ceske Budejovice (location from Wikidata). livingcost.org (updated June 21, 2026): one-person monthly cost without rent $595 + one room in a shared flat = (cheap 3-bedroom apartment $980 + family utility bill $128) / 3 = $369; total $964/month x12"
Université Toulouse 1 Capitole,Living Cost,"$15,770",https://livingcost.org/cost/france/occ/toulouse,secondary,2026-10-04,"City: Toulouse (location from Wikidata). livingcost.org (updated June 21, 2026): one-person monthly cost without rent $878 + one room in a shared flat = (cheap 3-bedroom apartment $1,101 + family utility bill $208) / 3 = $436; total $1,314/month x12"
Yarmouk University,Living Cost,"$7,560",https://livingcost.org/cost/jordan/irbid,secondary,2026-10-04,"City: Irbid (location from Wikidata). livingcost.org (updated June 21, 2026): one-person monthly cost without rent $496 + one room in a shared flat = (cheap 3-bedroom apartment $301 + family utility bill $101) / 3 = $134; total $630/month x12"
AGH University of Krakow,Living Cost,"$13,870",https://livingcost.org/cost/poland/krakow,secondary,2026-10-04,"City: Krakow (location from Wikidata). livingcost.org (updated June 21, 2026): one-person monthly cost without rent $648 + one room in a shared flat = (cheap 3-bedroom apartment $1,205 + family utility bill $318) / 3 = $508; total $1,156/month x12"
Akdeniz Üniversitesi,Living Cost,"$9,050",https://livingcost.org/cost/turkey/antalya,secondary,2026-10-04,"City: Antalya (location from Wikidata). livingcost.org (updated June 21, 2026): one-person monthly cost without rent $494 + one room in a shared flat = (cheap 3-bedroom apartment $705 + family utility bill $76) / 3 = $260; total $754/month x12"
An-Najah National University,Living Cost,"$10,250",https://livingcost.org/cost/palestine/nablus,secondary,2026-10-04,"City: Nablus (location from Wikidata). livingcost.org (updated June 21, 2026): one-person monthly cost without rent $631 + one room in a shared flat = (cheap 3-bedroom apartment $570 + family utility bill $99) / 3 = $223; total $854/month x12"
"Arab Academy for Science, Technology and Maritime Transport",Living Cost,"$3,770",https://livingcost.org/cost/egypt/alexandria,secondary,2026-10-04,"City: Alexandria (location from Wikidata). livingcost.org (updated June 21, 2026): one-person monthly cost without rent $272 + one room in a shared flat = (cheap 3-bedroom apartment $115 + family utility bill $12) / 3 = $42; total $314/month x12"
Assiut University,Living Cost,"$2,130",https://livingcost.org/cost/egypt/asyut,secondary,2026-10-04,"City: Asyut (location from Wikidata). livingcost.org (updated June 21, 2026): one-person monthly cost without rent $152 + one room in a shared flat = (cheap 3-bedroom apartment $59 + family utility bill $18) / 3 = $26; total $178/month x12"
Azerbaijan State University of Economics,Living Cost,"$7,980",https://livingcost.org/cost/azerbaijan/baku,secondary,2026-10-04,"City: Baku (location from Wikidata). livingcost.org (updated June 21, 2026): one-person monthly cost without rent $478 + one room in a shared flat = (cheap 3-bedroom apartment $502 + family utility bill $60) / 3 = $187; total $665/month x12"
Bahauddin Zakariya University,Living Cost,"$4,220",https://livingcost.org/cost/pakistan/multan,secondary,2026-10-04,"City: Multan (location from Wikidata). livingcost.org (updated June 21, 2026): one-person monthly cost without rent $269 + one room in a shared flat = (cheap 3-bedroom apartment $153 + family utility bill $96) / 3 = $83; total $352/month x12"
Bangladesh Agricultural University (BAU),Living Cost,"$2,930",https://livingcost.org/cost/bangladesh/mymensingh,secondary,2026-10-04,"City: Mymensingh (location from Wikidata). livingcost.org (updated June 21, 2026): one-person monthly cost without rent $211 + one room in a shared flat = (cheap 3-bedroom apartment $85 + family utility bill $13) / 3 = $33; total $244/month x12"
Benha University,Living Cost,"$3,020",https://livingcost.org/cost/egypt/benha,secondary,2026-10-04,"City: Benha (location from Wikidata). livingcost.org (updated June 21, 2026): one-person monthly cost without rent $220 + one room in a shared flat = (cheap 3-bedroom apartment $83 + family utility bill $11) / 3 = $31; total $251/month x12"
Beni-Suef University,Living Cost,"$2,830",https://livingcost.org/cost/egypt/beni-suef,secondary,2026-10-04,"City: Beni Suef (location from Wikidata). livingcost.org (updated June 21, 2026): one-person monthly cost without rent $211 + one room in a shared flat = (cheap 3-bedroom apartment $62 + family utility bill $12) / 3 = $25; total $236/month x12"
Bielefeld University,Living Cost,"$15,280",https://livingcost.org/cost/germany/nw/bielefeld,secondary,2026-10-04,"City: Bielefeld (location from Wikidata). livingcost.org (updated June 21, 2026): one-person monthly cost without rent $835 + one room in a shared flat = (cheap 3-bedroom apartment $1,018 + family utility bill $298) / 3 = $439; total $1,274/month x12"
Bowling Green State University,Living Cost,"$18,110",https://collegescorecard.ed.gov/school/?201441-Bowling-Green-State-University-Main-Campus,government,2026-10-04,"City: Bowling Green. College Scorecard (US Dept of Education) on-campus room and board $14,508 + other expenses $3,600 per year"
Brigham Young University,Living Cost,"$14,860",https://collegescorecard.ed.gov/school/?230038-Brigham-Young-University,government,2026-10-04,"City: Provo. College Scorecard (US Dept of Education) on-campus room and board $10,396 + other expenses $4,464 per year"
Central Michigan University,Living Cost,"$15,410",https://collegescorecard.ed.gov/school/?169248-Central-Michigan-University,government,2026-10-04,"City: Mount Pleasant. College Scorecard (US Dept of Education) on-campus room and board $12,564 + other expenses $2,850 per year"
China Pharmaceutical University,Living Cost,"$7,230",https://livingcost.org/cost/china/nanjing,secondary,2026-10-04,"City: Nanjing (location from Wikidata). livingcost.org (updated June 21, 2026): one-person monthly cost without rent $419 + one room in a shared flat = (cheap 3-bedroom apartment $500 + family utility bill $50) / 3 = $183; total $602/month x12"
College of William and Mary,Living Cost,"$18,640",https://collegescorecard.ed.gov/school/?231624-William---Mary,government,2026-10-04,"City: Williamsburg. College Scorecard (US Dept of Education) on-campus room and board $16,182 + other expenses $2,460 per year"
Corvinus University of Budapest,Living Cost,"$14,560",https://livingcost.org/cost/hungary/budapest,secondary,2026-10-04,"City: Budapest (location from Wikidata). livingcost.org (updated June 21, 2026): one-person monthly cost without rent $770 + one room in a shared flat = (cheap 3-bedroom apartment $1,160 + family utility bill $170) / 3 = $443; total $1,213/month x12"
Cracow University of Technology (Politechnika Krakowska),Living Cost,"$13,870",https://livingcost.org/cost/poland/krakow,secondary,2026-10-04,"City: Krakow (location from Wikidata). livingcost.org (updated June 21, 2026): one-person monthly cost without rent $648 + one room in a shared flat = (cheap 3-bedroom apartment $1,205 + family utility bill $318) / 3 = $508; total $1,156/month x12"
Dankook University ,Living Cost,"$11,940",https://livingcost.org/cost/south-korea/seoul,secondary,2026-10-04,"City: Seoul (location from Wikidata). livingcost.org (updated June 21, 2026): one-person monthly cost without rent $672 + one room in a shared flat = (cheap 3-bedroom apartment $818 + family utility bill $152) / 3 = $323; total $995/month x12"
Democritus University of Thrace,Living Cost,"$9,430",https://livingcost.org/cost/greece/komotini,secondary,2026-10-04,"City: Komotini (location from Wikidata). livingcost.org (updated June 21, 2026): one-person monthly cost without rent $574 + one room in a shared flat = (cheap 3-bedroom apartment $425 + family utility bill $210) / 3 = $212; total $786/month x12"
Dr B.R. Ambedkar National Institute of Technology Jalandhar,Living Cost,"$3,450",https://livingcost.org/cost/india/pb/jalandhar,secondary,2026-10-04,"City: Jalandhar (location from Wikidata). livingcost.org (updated June 21, 2026): one-person monthly cost without rent $228 + one room in a shared flat = (cheap 3-bedroom apartment $137 + family utility bill $42) / 3 = $60; total $288/month x12"
Durban University of Technology,Living Cost,"$8,510",https://livingcost.org/cost/south-africa/durban,secondary,2026-10-04,"City: Durban (location from Wikidata). livingcost.org (updated June 21, 2026): one-person monthly cost without rent $442 + one room in a shared flat = (cheap 3-bedroom apartment $661 + family utility bill $141) / 3 = $267; total $709/month x12"
Ege University,Living Cost,"$9,670",https://livingcost.org/cost/turkey/izmir,secondary,2026-10-04,"City: Izmir (location from Wikidata). livingcost.org (updated June 21, 2026): one-person monthly cost without rent $534 + one room in a shared flat = (cheap 3-bedroom apartment $740 + family utility bill $75) / 3 = $272; total $806/month x12"
Escuela Superior Politécnica del Litoral,Living Cost,"$8,920",https://livingcost.org/cost/ecuador/guayaquil,secondary,2026-10-04,"City: Guayaquil (location from Wikidata). livingcost.org (updated June 21, 2026): one-person monthly cost without rent $527 + one room in a shared flat = (cheap 3-bedroom apartment $550 + family utility bill $100) / 3 = $217; total $744/month x12"
European University of Madrid,Living Cost,"$17,900",https://livingcost.org/cost/spain/madrid,secondary,2026-10-04,"City: Madrid (location from Wikidata). livingcost.org (updated June 21, 2026): one-person monthly cost without rent $858 + one room in a shared flat = (cheap 3-bedroom apartment $1,735 + family utility bill $165) / 3 = $633; total $1,491/month x12"
Federal University of Technology Akure,Living Cost,"$4,470",https://livingcost.org/cost/nigeria/akure,secondary,2026-10-04,"City: Akure (location from Wikidata). livingcost.org (updated June 21, 2026): one-person monthly cost without rent $272 + one room in a shared flat = (cheap 3-bedroom apartment $282 + family utility bill $18) / 3 = $100; total $372/month x12"
Florida Agricultural and Mechanical University,Living Cost,"$18,120",https://collegescorecard.ed.gov/school/?133650-Florida-Agricultural-and-Mechanical-University,government,2026-10-04,"City: Tallahassee. College Scorecard (US Dept of Education) on-campus room and board $12,328 + other expenses $5,794 per year"
Fluminense Federal University,Living Cost,"$7,740",https://livingcost.org/cost/brazil/niteroi,secondary,2026-10-04,"City: Niteroi (location from Wikidata). livingcost.org (updated June 21, 2026): one-person monthly cost without rent $451 + one room in a shared flat = (cheap 3-bedroom apartment $475 + family utility bill $106) / 3 = $194; total $645/month x12"
Fordham University ,Living Cost,"$27,610",https://collegescorecard.ed.gov/school/?191241-Fordham-University,government,2026-10-04,"City: Bronx. College Scorecard (US Dept of Education) on-campus room and board $24,090 + other expenses $3,520 per year"
Gebze Technical University,Living Cost,"$6,020",https://livingcost.org/cost/turkey/gebze,secondary,2026-10-04,"City: Gebze (location from Wikidata). livingcost.org (updated June 21, 2026): one-person monthly cost without rent $357 + one room in a shared flat = (cheap 3-bedroom apartment $406 + family utility bill $29) / 3 = $145; total $502/month x12"
Gifu University,Living Cost,"$8,480",https://livingcost.org/cost/japan/gifu,secondary,2026-10-04,"City: Gifu (location from Wikidata). livingcost.org (updated June 21, 2026): one-person monthly cost without rent $552 + one room in a shared flat = (cheap 3-bedroom apartment $342 + family utility bill $122) / 3 = $155; total $707/month x12"
Guru Ghasidas Vishwavidyalaya,Living Cost,"$3,300",https://livingcost.org/cost/india/ct/bilaspur,secondary,2026-10-04,"City: Bilaspur (location from Wikidata). livingcost.org (updated June 21, 2026): one-person monthly cost without rent $217 + one room in a shared flat = (cheap 3-bedroom apartment $161 + family utility bill $14) / 3 = $58; total $275/month x12"
Hakim Sabzevari University,Living Cost,"$4,780",https://livingcost.org/cost/iran/sabzevar,secondary,2026-10-04,"City: Sabzevar (location from Wikidata). livingcost.org (updated June 21, 2026): one-person monthly cost without rent $306 + one room in a shared flat = (cheap 3-bedroom apartment $262 + family utility bill $14) / 3 = $92; total $398/month x12"
Hamamatsu University School of Medicine,Living Cost,"$9,740",https://livingcost.org/cost/japan/hamamatsu,secondary,2026-10-04,"City: Hamamatsu (location from Wikidata). livingcost.org (updated June 21, 2026): one-person monthly cost without rent $638 + one room in a shared flat = (cheap 3-bedroom apartment $410 + family utility bill $110) / 3 = $173; total $811/month x12"
Hohai University,Living Cost,"$7,230",https://livingcost.org/cost/china/nanjing,secondary,2026-10-04,"City: Nanjing (location from Wikidata). livingcost.org (updated June 21, 2026): one-person monthly cost without rent $419 + one room in a shared flat = (cheap 3-bedroom apartment $500 + family utility bill $50) / 3 = $183; total $602/month x12"
Hungarian University of Agriculture and Life Sciences,Living Cost,"$11,020",https://livingcost.org/cost/hungary/godollo,secondary,2026-10-04,"City: Godollo (location from Wikidata). livingcost.org (updated June 21, 2026): one-person monthly cost without rent $589 + one room in a shared flat = (cheap 3-bedroom apartment $815 + family utility bill $172) / 3 = $329; total $918/month x12"
IMT Nord Europe,Living Cost,"$15,340",https://livingcost.org/cost/france/hdf/lille,secondary,2026-10-04,"City: Lille (location from Wikidata). livingcost.org (updated June 21, 2026): one-person monthly cost without rent $812 + one room in a shared flat = (cheap 3-bedroom apartment $1,196 + family utility bill $202) / 3 = $466; total $1,278/month x12"
Ilmenau University of Technology,Living Cost,"$11,950",https://livingcost.org/cost/germany/th/ilmenau,secondary,2026-10-04,"City: Ilmenau (location from Wikidata). livingcost.org (updated June 21, 2026): one-person monthly cost without rent $726 + one room in a shared flat = (cheap 3-bedroom apartment $755 + family utility bill $55) / 3 = $270; total $996/month x12"
Indian Institute of Technology Mandi,Living Cost,"$4,060",https://livingcost.org/cost/india/tn/chennai,secondary,2026-10-04,"City: Chennai (location from Wikidata). livingcost.org (updated June 21, 2026): one-person monthly cost without rent $267 + one room in a shared flat = (cheap 3-bedroom apartment $178 + family utility bill $37) / 3 = $72; total $339/month x12"
Indiana University–Purdue University Indianapolis,Living Cost,"$15,930",https://collegescorecard.ed.gov/school/?151111-Indiana-University-Indianapolis,government,2026-10-04,"City: Indianapolis. College Scorecard (US Dept of Education) on-campus room and board $13,308 + other expenses $2,618 per year"
International Christian University,Living Cost,"$15,130",https://livingcost.org/cost/japan/tokyo,secondary,2026-10-04,"City: Tokyo (location from Wikidata). livingcost.org (updated June 21, 2026): one-person monthly cost without rent $866 + one room in a shared flat = (cheap 3-bedroom apartment $1,045 + family utility bill $140) / 3 = $395; total $1,261/month x12"
Iuliu Haţieganu University of Medicine and Pharmacy Cluj-Napoca,Living Cost,"$11,210",https://livingcost.org/cost/romania/cluj-napoca,secondary,2026-10-04,"City: Cluj-Napoca (location from Wikidata). livingcost.org (updated June 21, 2026): one-person monthly cost without rent $581 + one room in a shared flat = (cheap 3-bedroom apartment $905 + family utility bill $154) / 3 = $353; total $934/month x12"
Jimma University,Living Cost,"$6,890",https://livingcost.org/cost/ethiopia/jimma,secondary,2026-10-04,"City: Jimma (location from Wikidata). livingcost.org (updated June 21, 2026): one-person monthly cost without rent $467 + one room in a shared flat = (cheap 3-bedroom apartment $262 + family utility bill $60) / 3 = $107; total $574/month x12"
Kagoshima University,Living Cost,"$8,480",https://livingcost.org/cost/japan/kagoshima,secondary,2026-10-04,"City: Kagoshima (location from Wikidata). livingcost.org (updated June 21, 2026): one-person monthly cost without rent $545 + one room in a shared flat = (cheap 3-bedroom apartment $311 + family utility bill $175) / 3 = $162; total $707/month x12"
Kangwon National University,Living Cost,"$7,900",https://livingcost.org/cost/south-korea/chuncheon,secondary,2026-10-04,"City: Chuncheon (location from Wikidata). livingcost.org (updated June 21, 2026): one-person monthly cost without rent $494 + one room in a shared flat = (cheap 3-bedroom apartment $313 + family utility bill $180) / 3 = $164; total $658/month x12"
Karlstad University,Living Cost,"$13,310",https://livingcost.org/cost/sweden/karlstad,secondary,2026-10-04,"City: Karlstad (location from Wikidata). livingcost.org (updated June 21, 2026): one-person monthly cost without rent $778 + one room in a shared flat = (cheap 3-bedroom apartment $904 + family utility bill $90) / 3 = $331; total $1,109/month x12"
Kazakh-British Technical University,Living Cost,"$9,160",https://livingcost.org/cost/kazakhstan/almaty,secondary,2026-10-04,"City: Almaty (location from Wikidata). livingcost.org (updated June 21, 2026): one-person monthly cost without rent $483 + one room in a shared flat = (cheap 3-bedroom apartment $768 + family utility bill $72) / 3 = $280; total $763/month x12"
Kerman University of Medical Sciences,Living Cost,"$5,670",https://livingcost.org/cost/iran/kerman,secondary,2026-10-04,"City: Kerman (location from Wikidata). livingcost.org (updated June 21, 2026): one-person monthly cost without rent $377 + one room in a shared flat = (cheap 3-bedroom apartment $275 + family utility bill $12) / 3 = $96; total $473/month x12"
Kharkiv National University of Radio Electronics,Living Cost,"$4,740",https://livingcost.org/cost/ukraine/kharkiv,secondary,2026-10-04,"City: Kharkiv (location from Wikidata). livingcost.org (updated June 21, 2026): one-person monthly cost without rent $297 + one room in a shared flat = (cheap 3-bedroom apartment $213 + family utility bill $81) / 3 = $98; total $395/month x12"
Kohat University of Science and Technology,Living Cost,"$3,750",https://livingcost.org/cost/pakistan/kohat,secondary,2026-10-04,"City: Kohat (location from Wikidata). livingcost.org (updated June 21, 2026): one-person monthly cost without rent $240 + one room in a shared flat = (cheap 3-bedroom apartment $121 + family utility bill $96) / 3 = $72; total $312/month x12"
Kwame Nkrumah University of Science and Technology,Living Cost,"$6,140",https://livingcost.org/cost/ghana/kumasi,secondary,2026-10-04,"City: Kumasi (location from Wikidata). livingcost.org (updated June 21, 2026): one-person monthly cost without rent $406 + one room in a shared flat = (cheap 3-bedroom apartment $273 + family utility bill $44) / 3 = $106; total $512/month x12"
Kyushu Institute of Technology (Kyutech),Living Cost,"$9,920",https://livingcost.org/cost/japan/kitakyushu,secondary,2026-10-04,"City: Kitakyushu (location from Wikidata). livingcost.org (updated June 21, 2026): one-person monthly cost without rent $605 + one room in a shared flat = (cheap 3-bedroom apartment $482 + family utility bill $184) / 3 = $222; total $827/month x12"
London Metropolitan University,Living Cost,"$29,860",https://livingcost.org/cost/united-kingdom/eng/london,secondary,2026-10-04,"City: London (location from Wikidata). livingcost.org (updated June 21, 2026): one-person monthly cost without rent $1,229 + one room in a shared flat = (cheap 3-bedroom apartment $3,517 + family utility bill $260) / 3 = $1,259; total $2,488/month x12"
Lorestan University,Living Cost,"$4,700",https://livingcost.org/cost/iran/khorramabad,secondary,2026-10-04,"City: Khorramabad (location from Wikidata). livingcost.org (updated June 21, 2026): one-person monthly cost without rent $292 + one room in a shared flat = (cheap 3-bedroom apartment $287 + family utility bill $13) / 3 = $100; total $392/month x12"
Loyola University Chicago,Living Cost,"$18,710",https://collegescorecard.ed.gov/school/?146719-Loyola-University-Chicago,government,2026-10-04,"City: Chicago. College Scorecard (US Dept of Education) on-campus room and board $17,010 + other expenses $1,700 per year"
"Lumière University, Lyon 2",Living Cost,"$16,230",https://livingcost.org/cost/france/ara/lyon,secondary,2026-10-04,"City: Lyon (location from Wikidata). livingcost.org (updated June 21, 2026): one-person monthly cost without rent $900 + one room in a shared flat = (cheap 3-bedroom apartment $1,118 + family utility bill $239) / 3 = $452; total $1,352/month x12"
Mae Fah Luang University,Living Cost,"$5,500",https://livingcost.org/cost/thailand/chiang-rai,secondary,2026-10-04,"City: Chiang Rai (location from Wikidata). livingcost.org (updated June 21, 2026): one-person monthly cost without rent $316 + one room in a shared flat = (cheap 3-bedroom apartment $386 + family utility bill $41) / 3 = $142; total $458/month x12"
Marmara University,Living Cost,"$11,960",https://livingcost.org/cost/turkey/istanbul,secondary,2026-10-04,"City: Istanbul (location from Wikidata). livingcost.org (updated June 21, 2026): one-person monthly cost without rent $641 + one room in a shared flat = (cheap 3-bedroom apartment $983 + family utility bill $84) / 3 = $356; total $997/month x12"
Medical University of Warsaw,Living Cost,"$16,650",https://livingcost.org/cost/poland/warsaw,secondary,2026-10-04,"City: Warsaw (location from Wikidata). livingcost.org (updated June 21, 2026): one-person monthly cost without rent $751 + one room in a shared flat = (cheap 3-bedroom apartment $1,584 + family utility bill $325) / 3 = $636; total $1,387/month x12"
Miguel Hernández University of Elche,Living Cost,"$11,270",https://livingcost.org/cost/spain/elche,secondary,2026-10-04,"City: Elche (location from Wikidata). livingcost.org (updated June 21, 2026): one-person monthly cost without rent $654 + one room in a shared flat = (cheap 3-bedroom apartment $712 + family utility bill $143) / 3 = $285; total $939/month x12"
Minia University,Living Cost,"$3,330",https://livingcost.org/cost/egypt/minya,secondary,2026-10-04,"City: Minya (location from Wikidata). livingcost.org (updated June 21, 2026): one-person monthly cost without rent $225 + one room in a shared flat = (cheap 3-bedroom apartment $140 + family utility bill $18) / 3 = $53; total $278/month x12"
Mirpur University of Science and Technology,Living Cost,"$3,780",https://livingcost.org/cost/pakistan/mirpur-khas,secondary,2026-10-04,"City: Mirpur Khas (location from Wikidata). livingcost.org (updated June 21, 2026): one-person monthly cost without rent $254 + one room in a shared flat = (cheap 3-bedroom apartment $91 + family utility bill $93) / 3 = $61; total $315/month x12"
Mohammed V University of Rabat,Living Cost,"$7,230",https://livingcost.org/cost/morocco/rabat,secondary,2026-10-04,"City: Rabat (location from Wikidata). livingcost.org (updated June 21, 2026): one-person monthly cost without rent $443 + one room in a shared flat = (cheap 3-bedroom apartment $446 + family utility bill $33) / 3 = $160; total $603/month x12"
Muhimbili University of Health and Allied Sciences,Living Cost,"$6,420",https://livingcost.org/cost/tanzania/dar-es-salaam,secondary,2026-10-04,"City: Dar es Salaam (location from Wikidata). livingcost.org (updated June 21, 2026): one-person monthly cost without rent $402 + one room in a shared flat = (cheap 3-bedroom apartment $332 + family utility bill $68) / 3 = $133; total $535/month x12"
Multimedia University,Living Cost,"$6,210",https://livingcost.org/cost/malaysia/malacca,secondary,2026-10-04,"City: Malacca (location from Wikidata). livingcost.org (updated June 21, 2026): one-person monthly cost without rent $396 + one room in a shared flat = (cheap 3-bedroom apartment $315 + family utility bill $50) / 3 = $122; total $518/month x12"
Mustansiriyah University,Living Cost,"$8,600",https://livingcost.org/cost/iraq/baghdad,secondary,2026-10-04,"City: Baghdad (location from Wikidata). livingcost.org (updated June 21, 2026): one-person monthly cost without rent $475 + one room in a shared flat = (cheap 3-bedroom apartment $534 + family utility bill $190) / 3 = $241; total $716/month x12"
Mutah University,Living Cost,"$7,120",https://livingcost.org/cost/jordan/al-karak,secondary,2026-10-04,"City: Al-Karak (location from Wikidata). livingcost.org (updated June 21, 2026): one-person monthly cost without rent $449 + one room in a shared flat = (cheap 3-bedroom apartment $326 + family utility bill $107) / 3 = $144; total $593/month x12"
Mykolas Romeris University,Living Cost,"$12,690",https://livingcost.org/cost/lithuania/vilnius,secondary,2026-10-04,"City: Vilnius (location from Wikidata). livingcost.org (updated June 21, 2026): one-person monthly cost without rent $661 + one room in a shared flat = (cheap 3-bedroom apartment $955 + family utility bill $235) / 3 = $397; total $1,058/month x12"
NJSC KIMEP University,Living Cost,"$9,160",https://livingcost.org/cost/kazakhstan/almaty,secondary,2026-10-04,"City: Almaty (location from Wikidata). livingcost.org (updated June 21, 2026): one-person monthly cost without rent $483 + one room in a shared flat = (cheap 3-bedroom apartment $768 + family utility bill $72) / 3 = $280; total $763/month x12"
Nagoya City University,Living Cost,"$10,800",https://livingcost.org/cost/japan/nagoya,secondary,2026-10-04,"City: Nagoya (location from Wikidata). livingcost.org (updated June 21, 2026): one-person monthly cost without rent $660 + one room in a shared flat = (cheap 3-bedroom apartment $601 + family utility bill $119) / 3 = $240; total $900/month x12"
Najran University,Living Cost,"$7,510",https://livingcost.org/cost/saudi-arabia/najran,secondary,2026-10-04,"City: Najran (location from Wikidata). livingcost.org (updated June 21, 2026): one-person monthly cost without rent $492 + one room in a shared flat = (cheap 3-bedroom apartment $215 + family utility bill $186) / 3 = $134; total $626/month x12"
National Institute of Technology Warangal,Living Cost,"$2,570",https://livingcost.org/cost/india/tg/warangal,secondary,2026-10-04,"City: Warangal (location from Wikidata). livingcost.org (updated June 21, 2026): one-person monthly cost without rent $178 + one room in a shared flat = (cheap 3-bedroom apartment $88 + family utility bill $21) / 3 = $36; total $214/month x12"
National Technical University Kharkiv Polytechnic Institute,Living Cost,"$4,740",https://livingcost.org/cost/ukraine/kharkiv,secondary,2026-10-04,"City: Kharkiv (location from Wikidata). livingcost.org (updated June 21, 2026): one-person monthly cost without rent $297 + one room in a shared flat = (cheap 3-bedroom apartment $213 + family utility bill $81) / 3 = $98; total $395/month x12"
National University of Kyiv-Mohyla Academy (NaUKMA),Living Cost,"$7,770",https://livingcost.org/cost/ukraine/kiev,secondary,2026-10-04,"City: Kyiv (location from Wikidata). livingcost.org (updated June 21, 2026): one-person monthly cost without rent $422 + one room in a shared flat = (cheap 3-bedroom apartment $583 + family utility bill $92) / 3 = $225; total $647/month x12"
Nicolaus Copernicus University in Toruń,Living Cost,"$8,120",https://livingcost.org/cost/poland/torun,secondary,2026-10-04,"City: Torun (location from Wikidata). livingcost.org (updated June 21, 2026): one-person monthly cost without rent $449 + one room in a shared flat = (cheap 3-bedroom apartment $552 + family utility bill $132) / 3 = $228; total $677/month x12"
Nippon Medical School,Living Cost,"$15,130",https://livingcost.org/cost/japan/tokyo,secondary,2026-10-04,"City: Tokyo (location from Wikidata). livingcost.org (updated June 21, 2026): one-person monthly cost without rent $866 + one room in a shared flat = (cheap 3-bedroom apartment $1,045 + family utility bill $140) / 3 = $395; total $1,261/month x12"
Northern Arizona University,Living Cost,"$19,370",https://collegescorecard.ed.gov/school/?105330-Northern-Arizona-University,government,2026-10-04,"City: Flagstaff. College Scorecard (US Dept of Education) on-campus room and board $14,432 + other expenses $4,936 per year"
Northwest University,Living Cost,"$5,770",https://livingcost.org/cost/china/xi-an,secondary,2026-10-04,"City: Xi'an (location from Wikidata). livingcost.org (updated June 21, 2026): one-person monthly cost without rent $367 + one room in a shared flat = (cheap 3-bedroom apartment $288 + family utility bill $54) / 3 = $114; total $481/month x12"
Oakland University,Living Cost,"$13,530",https://collegescorecard.ed.gov/school/?171571-Oakland-University,government,2026-10-04,"City: Rochester Hills. College Scorecard (US Dept of Education) on-campus room and board $10,932 + other expenses $2,600 per year"
PMAS Arid Agriculture University Rawalpindi,Living Cost,"$4,130",https://livingcost.org/cost/pakistan/rawalpindi,secondary,2026-10-04,"City: Rawalpindi (location from Wikidata). livingcost.org (updated June 21, 2026): one-person monthly cost without rent $264 + one room in a shared flat = (cheap 3-bedroom apartment $134 + family utility bill $106) / 3 = $80; total $344/month x12"
Pontifícia Universidade Católica de São Paulo,Living Cost,"$10,430",https://livingcost.org/cost/brazil/sao-paulo,secondary,2026-10-04,"City: Sao Paulo (location from Wikidata). livingcost.org (updated June 21, 2026): one-person monthly cost without rent $588 + one room in a shared flat = (cheap 3-bedroom apartment $747 + family utility bill $97) / 3 = $281; total $869/month x12"
Pontifícia Universidade Católica do Rio Grande do Sul (PUCRS),Living Cost,"$8,100",https://livingcost.org/cost/brazil/porto-alegre,secondary,2026-10-04,"City: Porto Alegre (location from Wikidata). livingcost.org (updated June 21, 2026): one-person monthly cost without rent $499 + one room in a shared flat = (cheap 3-bedroom apartment $437 + family utility bill $91) / 3 = $176; total $675/month x12"
Public University of Navarre,Living Cost,"$13,340",https://livingcost.org/cost/spain/pamplona,secondary,2026-10-04,"City: Pamplona (location from Wikidata). livingcost.org (updated June 21, 2026): one-person monthly cost without rent $714 + one room in a shared flat = (cheap 3-bedroom apartment $1,040 + family utility bill $154) / 3 = $398; total $1,112/month x12"
Riphah International University,Living Cost,"$4,530",https://livingcost.org/cost/pakistan/islamabad,secondary,2026-10-04,"City: Islamabad (location from Wikidata). livingcost.org (updated June 21, 2026): one-person monthly cost without rent $268 + one room in a shared flat = (cheap 3-bedroom apartment $233 + family utility bill $96) / 3 = $110; total $378/month x12"
Rowan University,Living Cost,"$22,560",https://collegescorecard.ed.gov/school/?184782-Rowan-University,government,2026-10-04,"City: Glassboro. College Scorecard (US Dept of Education) on-campus room and board $16,928 + other expenses $5,627 per year"
Russian Presidential Academy of National Economy and Public Administration,Living Cost,"$10,380",https://livingcost.org/cost/russia/yekaterinburg,secondary,2026-10-04,"City: Yekaterinburg (location from Wikidata). livingcost.org (updated June 21, 2026): one-person monthly cost without rent $530 + one room in a shared flat = (cheap 3-bedroom apartment $877 + family utility bill $128) / 3 = $335; total $865/month x12"
SRM Institute of Science and Technology,Living Cost,"$4,060",https://livingcost.org/cost/india/tn/chennai,secondary,2026-10-04,"City: Chennai (location from Wikidata). livingcost.org (updated June 21, 2026): one-person monthly cost without rent $267 + one room in a shared flat = (cheap 3-bedroom apartment $178 + family utility bill $37) / 3 = $72; total $339/month x12"
SWPS University of Social Sciences and Humanities,Living Cost,"$16,650",https://livingcost.org/cost/poland/warsaw,secondary,2026-10-04,"City: Warsaw (location from Wikidata). livingcost.org (updated June 21, 2026): one-person monthly cost without rent $751 + one room in a shared flat = (cheap 3-bedroom apartment $1,584 + family utility bill $325) / 3 = $636; total $1,387/month x12"
Sahand University of Technology,Living Cost,"$4,650",https://livingcost.org/cost/iran/tabriz,secondary,2026-10-04,"City: Tabriz (location from Wikidata). livingcost.org (updated June 21, 2026): one-person monthly cost without rent $329 + one room in a shared flat = (cheap 3-bedroom apartment $163 + family utility bill $12) / 3 = $58; total $387/month x12"
Siberian Federal University,Living Cost,"$8,810",https://livingcost.org/cost/russia/krasnoyarsk,secondary,2026-10-04,"City: Krasnoyarsk (location from Wikidata). livingcost.org (updated June 21, 2026): one-person monthly cost without rent $535 + one room in a shared flat = (cheap 3-bedroom apartment $480 + family utility bill $118) / 3 = $199; total $734/month x12"
Sidi Mohamed Ben Abdellah University,Living Cost,"$5,460",https://livingcost.org/cost/morocco/fez,secondary,2026-10-04,"City: Fez (location from Wikidata). livingcost.org (updated June 21, 2026): one-person monthly cost without rent $350 + one room in a shared flat = (cheap 3-bedroom apartment $268 + family utility bill $46) / 3 = $105; total $455/month x12"
Silesian University of Technology,Living Cost,"$9,420",https://livingcost.org/cost/poland/gliwice,secondary,2026-10-04,"City: Gliwice (location from Wikidata). livingcost.org (updated June 21, 2026): one-person monthly cost without rent $467 + one room in a shared flat = (cheap 3-bedroom apartment $725 + family utility bill $229) / 3 = $318; total $785/month x12"
Slovak University of Agriculture in Nitra,Living Cost,"$10,540",https://livingcost.org/cost/slovakia/nitra,secondary,2026-10-04,"City: Nitra (location from Wikidata). livingcost.org (updated June 21, 2026): one-person monthly cost without rent $492 + one room in a shared flat = (cheap 3-bedroom apartment $960 + family utility bill $198) / 3 = $386; total $878/month x12"
Slovak University of Technology in Bratislava,Living Cost,"$13,890",https://livingcost.org/cost/slovakia/bratislava,secondary,2026-10-04,"City: Bratislava (location from Wikidata). livingcost.org (updated June 21, 2026): one-person monthly cost without rent $680 + one room in a shared flat = (cheap 3-bedroom apartment $1,200 + family utility bill $233) / 3 = $478; total $1,158/month x12"
Soonchunhyang University,Living Cost,"$11,940",https://livingcost.org/cost/south-korea/seoul,secondary,2026-10-04,"City: Seoul (location from Wikidata). livingcost.org (updated June 21, 2026): one-person monthly cost without rent $672 + one room in a shared flat = (cheap 3-bedroom apartment $818 + family utility bill $152) / 3 = $323; total $995/month x12"
Southern Methodist University,Living Cost,"$21,760",https://collegescorecard.ed.gov/school/?228246-Southern-Methodist-University,government,2026-10-04,"City: Dallas. College Scorecard (US Dept of Education) on-campus room and board $19,064 + other expenses $2,698 per year"
St Petersburg Electrotechnical University (LETI),Living Cost,"$10,280",https://livingcost.org/cost/russia/saint-petersburg,secondary,2026-10-04,"City: Saint Petersburg (location from Wikidata). livingcost.org (updated June 21, 2026): one-person monthly cost without rent $562 + one room in a shared flat = (cheap 3-bedroom apartment $765 + family utility bill $120) / 3 = $295; total $857/month x12"
Staffordshire University,Living Cost,"$14,390",https://livingcost.org/cost/united-kingdom/eng/stoke-on-trent,secondary,2026-10-04,"City: Stoke-on-Trent (location from Wikidata). livingcost.org (updated June 21, 2026): one-person monthly cost without rent $764 + one room in a shared flat = (cheap 3-bedroom apartment $1,013 + family utility bill $293) / 3 = $435; total $1,199/month x12"
Sungshin Women's University,Living Cost,"$11,940",https://livingcost.org/cost/south-korea/seoul,secondary,2026-10-04,"City: Seoul (location from Wikidata). livingcost.org (updated June 21, 2026): one-person monthly cost without rent $672 + one room in a shared flat = (cheap 3-bedroom apartment $818 + family utility bill $152) / 3 = $323; total $995/month x12"
Széchenyi István University,Living Cost,"$9,080",https://livingcost.org/cost/hungary/gyor,secondary,2026-10-04,"City: Gyor (location from Wikidata). livingcost.org (updated June 21, 2026): one-person monthly cost without rent $514 + one room in a shared flat = (cheap 3-bedroom apartment $572 + family utility bill $155) / 3 = $242; total $756/month x12"
Taibah University,Living Cost,"$8,920",https://livingcost.org/cost/saudi-arabia/medina,secondary,2026-10-04,"City: Medina (location from Wikidata). livingcost.org (updated June 21, 2026): one-person monthly cost without rent $505 + one room in a shared flat = (cheap 3-bedroom apartment $574 + family utility bill $141) / 3 = $238; total $743/month x12"
Tallinn University,Living Cost,"$14,450",https://livingcost.org/cost/estonia/tallinn,secondary,2026-10-04,"City: Tallinn (location from Wikidata). livingcost.org (updated June 21, 2026): one-person monthly cost without rent $773 + one room in a shared flat = (cheap 3-bedroom apartment $983 + family utility bill $310) / 3 = $431; total $1,204/month x12"
Tanta University,Living Cost,"$2,850",https://livingcost.org/cost/egypt/tanta,secondary,2026-10-04,"City: Tanta (location from Wikidata). livingcost.org (updated June 21, 2026): one-person monthly cost without rent $214 + one room in a shared flat = (cheap 3-bedroom apartment $57 + family utility bill $12) / 3 = $23; total $237/month x12"
Technical University of Cartagena,Living Cost,"$10,560",https://livingcost.org/cost/spain/cartagena,secondary,2026-10-04,"City: Cartagena (location from Wikidata). livingcost.org (updated June 21, 2026): one-person monthly cost without rent $578 + one room in a shared flat = (cheap 3-bedroom apartment $737 + family utility bill $170) / 3 = $302; total $880/month x12"
Technical University of Košice,Living Cost,"$12,920",https://livingcost.org/cost/slovakia/kosice,secondary,2026-10-04,"City: Kosice (location from Wikidata). livingcost.org (updated June 21, 2026): one-person monthly cost without rent $583 + one room in a shared flat = (cheap 3-bedroom apartment $1,160 + family utility bill $322) / 3 = $494; total $1,077/month x12"
Telkom University,Living Cost,"$4,710",https://livingcost.org/cost/indonesia/bandung,secondary,2026-10-04,"City: Bandung (location from Wikidata). livingcost.org (updated June 21, 2026): one-person monthly cost without rent $292 + one room in a shared flat = (cheap 3-bedroom apartment $269 + family utility bill $32) / 3 = $100; total $392/month x12"
Texas State University,Living Cost,"$16,920",https://collegescorecard.ed.gov/school/?228459-Texas-State-University,government,2026-10-04,"City: San Marcos. College Scorecard (US Dept of Education) on-campus room and board $12,630 + other expenses $4,290 per year"
The Islamia University of Bahawalpur,Living Cost,"$2,920",https://livingcost.org/cost/pakistan/bahawalpur,secondary,2026-10-04,"City: Bahawalpur (location from Wikidata). livingcost.org (updated June 21, 2026): one-person monthly cost without rent $187 + one room in a shared flat = (cheap 3-bedroom apartment $101 + family utility bill $67) / 3 = $56; total $243/month x12"
The University of Northampton,Living Cost,"$15,930",https://livingcost.org/cost/united-kingdom/eng/northampton,secondary,2026-10-04,"City: Northampton (location from Wikidata). livingcost.org (updated June 21, 2026): one-person monthly cost without rent $805 + one room in a shared flat = (cheap 3-bedroom apartment $1,334 + family utility bill $233) / 3 = $522; total $1,327/month x12"
Toyota Technological Institute,Living Cost,"$10,800",https://livingcost.org/cost/japan/nagoya,secondary,2026-10-04,"City: Nagoya (location from Wikidata). livingcost.org (updated June 21, 2026): one-person monthly cost without rent $660 + one room in a shared flat = (cheap 3-bedroom apartment $601 + family utility bill $119) / 3 = $240; total $900/month x12"
USAMV Cluj-Napoca,Living Cost,"$11,210",https://livingcost.org/cost/romania/cluj-napoca,secondary,2026-10-04,"City: Cluj-Napoca (location from Wikidata). livingcost.org (updated June 21, 2026): one-person monthly cost without rent $581 + one room in a shared flat = (cheap 3-bedroom apartment $905 + family utility bill $154) / 3 = $353; total $934/month x12"
Universidad Andrés Bello (UNAB),Living Cost,"$11,080",https://livingcost.org/cost/chile/santiago,secondary,2026-10-04,"City: Santiago (location from Wikidata). livingcost.org (updated June 21, 2026): one-person monthly cost without rent $647 + one room in a shared flat = (cheap 3-bedroom apartment $699 + family utility bill $130) / 3 = $276; total $923/month x12"
Universidad Austral de Chile,Living Cost,"$7,690",https://livingcost.org/cost/chile/valdivia,secondary,2026-10-04,"City: Valdivia (location from Wikidata). livingcost.org (updated June 21, 2026): one-person monthly cost without rent $441 + one room in a shared flat = (cheap 3-bedroom apartment $523 + family utility bill $78) / 3 = $200; total $641/month x12"
Universidad Autónoma de Chile,Living Cost,"$8,680",https://livingcost.org/cost/chile/temuco,secondary,2026-10-04,"City: Temuco (location from Wikidata). livingcost.org (updated June 21, 2026): one-person monthly cost without rent $497 + one room in a shared flat = (cheap 3-bedroom apartment $541 + family utility bill $139) / 3 = $227; total $724/month x12"
Universidad Autónoma de Nuevo León (UANL),Living Cost,"$8,910",https://livingcost.org/cost/mexico/san-nicolas-de-los-garza,secondary,2026-10-04,"City: San Nicolas de los Garza (location from Wikidata). livingcost.org (updated June 21, 2026): one-person monthly cost without rent $578 + one room in a shared flat = (cheap 3-bedroom apartment $346 + family utility bill $148) / 3 = $165; total $743/month x12"
Universidad Diego Portales (UDP),Living Cost,"$11,080",https://livingcost.org/cost/chile/santiago,secondary,2026-10-04,"City: Santiago (location from Wikidata). livingcost.org (updated June 21, 2026): one-person monthly cost without rent $647 + one room in a shared flat = (cheap 3-bedroom apartment $699 + family utility bill $130) / 3 = $276; total $923/month x12"
Universidad ICESI,Living Cost,"$8,160",https://livingcost.org/cost/colombia/cali,secondary,2026-10-04,"City: Cali (location from Wikidata). livingcost.org (updated June 21, 2026): one-person monthly cost without rent $520 + one room in a shared flat = (cheap 3-bedroom apartment $396 + family utility bill $84) / 3 = $160; total $680/month x12"
Universidad Nacional de Cuyo,Living Cost,"$8,860",https://livingcost.org/cost/argentina/mendoza,secondary,2026-10-04,"City: Mendoza (location from Wikidata). livingcost.org (updated June 21, 2026): one-person monthly cost without rent $530 + one room in a shared flat = (cheap 3-bedroom apartment $512 + family utility bill $114) / 3 = $209; total $739/month x12"
Universidad Nacional de San Luis,Living Cost,"$7,000",https://livingcost.org/cost/argentina/san-luis,secondary,2026-10-04,"City: San Luis (location from Wikidata). livingcost.org (updated June 21, 2026): one-person monthly cost without rent $472 + one room in a shared flat = (cheap 3-bedroom apartment $287 + family utility bill $46) / 3 = $111; total $583/month x12"
Universidad Nacional de la Asunción,Living Cost,"$7,020",https://livingcost.org/cost/paraguay/san-lorenzo,secondary,2026-10-04,"City: San Lorenzo (location from Wikidata). livingcost.org (updated June 21, 2026): one-person monthly cost without rent $382 + one room in a shared flat = (cheap 3-bedroom apartment $565 + family utility bill $44) / 3 = $203; total $585/month x12"
Universidad Nacional del Centro de la Provincia de Buenos Aires (UNICEN),Living Cost,"$8,550",https://livingcost.org/cost/argentina/tandil,secondary,2026-10-04,"City: Tandil (location from Wikidata). livingcost.org (updated June 21, 2026): one-person monthly cost without rent $529 + one room in a shared flat = (cheap 3-bedroom apartment $494 + family utility bill $57) / 3 = $184; total $713/month x12"
Universidad Peruana Cayetano Heredia,Living Cost,"$9,380",https://livingcost.org/cost/peru/lima,secondary,2026-10-04,"City: Lima (location from Wikidata). livingcost.org (updated June 21, 2026): one-person monthly cost without rent $568 + one room in a shared flat = (cheap 3-bedroom apartment $580 + family utility bill $61) / 3 = $214; total $782/month x12"
Universidad Simón Bolívar (USB),Living Cost,"$12,230",https://livingcost.org/cost/venezuela/caracas,secondary,2026-10-04,"City: Caracas (location from Wikidata). livingcost.org (updated June 21, 2026): one-person monthly cost without rent $781 + one room in a shared flat = (cheap 3-bedroom apartment $680 + family utility bill $34) / 3 = $238; total $1,019/month x12"
Universidad Tecnológica Nacional (UTN),Living Cost,"$11,780",https://livingcost.org/cost/argentina/buenos-aires,secondary,2026-10-04,"City: Buenos Aires (location from Wikidata). livingcost.org (updated June 21, 2026): one-person monthly cost without rent $693 + one room in a shared flat = (cheap 3-bedroom apartment $729 + family utility bill $138) / 3 = $289; total $982/month x12"
Universidad Tecnológica de Panamá (UTP),Living Cost,"$13,170",https://livingcost.org/cost/panama/panama,secondary,2026-10-04,"City: Panama City (location from Wikidata). livingcost.org (updated June 21, 2026): one-person monthly cost without rent $643 + one room in a shared flat = (cheap 3-bedroom apartment $1,223 + family utility bill $140) / 3 = $454; total $1,097/month x12"
Universidad de Guadalajara (UDG),Living Cost,"$11,130",https://livingcost.org/cost/mexico/guadalajara,secondary,2026-10-04,"City: Guadalajara (location from Wikidata). livingcost.org (updated June 21, 2026): one-person monthly cost without rent $648 + one room in a shared flat = (cheap 3-bedroom apartment $792 + family utility bill $46) / 3 = $279; total $927/month x12"
Universidad de La Frontera (UFRO),Living Cost,"$8,680",https://livingcost.org/cost/chile/temuco,secondary,2026-10-04,"City: Temuco (location from Wikidata). livingcost.org (updated June 21, 2026): one-person monthly cost without rent $497 + one room in a shared flat = (cheap 3-bedroom apartment $541 + family utility bill $139) / 3 = $227; total $724/month x12"
Universidad de Lima,Living Cost,"$9,380",https://livingcost.org/cost/peru/lima,secondary,2026-10-04,"City: Lima (location from Wikidata). livingcost.org (updated June 21, 2026): one-person monthly cost without rent $568 + one room in a shared flat = (cheap 3-bedroom apartment $580 + family utility bill $61) / 3 = $214; total $782/month x12"
Universidad de Los Andes - (ULA) Mérida,Living Cost,"$7,790",https://livingcost.org/cost/venezuela/merida,secondary,2026-10-04,"City: Merida (location from Wikidata). livingcost.org (updated June 21, 2026): one-person monthly cost without rent $595 + one room in a shared flat = (cheap 3-bedroom apartment $151 + family utility bill $12) / 3 = $54; total $649/month x12"
Universidad de Talca,Living Cost,"$7,390",https://livingcost.org/cost/chile/talca,secondary,2026-10-04,"City: Talca (location from Wikidata). livingcost.org (updated June 21, 2026): one-person monthly cost without rent $461 + one room in a shared flat = (cheap 3-bedroom apartment $386 + family utility bill $80) / 3 = $155; total $616/month x12"
Universidad del Desarrollo (UDD),Living Cost,"$8,550",https://livingcost.org/cost/chile/concepcion,secondary,2026-10-04,"City: Concepcion (location from Wikidata). livingcost.org (updated June 21, 2026): one-person monthly cost without rent $484 + one room in a shared flat = (cheap 3-bedroom apartment $587 + family utility bill $99) / 3 = $229; total $713/month x12"
Universidad del Norte ,Living Cost,"$8,840",https://livingcost.org/cost/colombia/barranquilla,secondary,2026-10-04,"City: Barranquilla (location from Wikidata). livingcost.org (updated June 21, 2026): one-person monthly cost without rent $540 + one room in a shared flat = (cheap 3-bedroom apartment $440 + family utility bill $149) / 3 = $196; total $736/month x12"
Universidad del Pacífico,Living Cost,"$9,380",https://livingcost.org/cost/peru/lima,secondary,2026-10-04,"City: Lima (location from Wikidata). livingcost.org (updated June 21, 2026): one-person monthly cost without rent $568 + one room in a shared flat = (cheap 3-bedroom apartment $580 + family utility bill $61) / 3 = $214; total $782/month x12"
Universidad del Valle,Living Cost,"$8,160",https://livingcost.org/cost/colombia/cali,secondary,2026-10-04,"City: Cali (location from Wikidata). livingcost.org (updated June 21, 2026): one-person monthly cost without rent $520 + one room in a shared flat = (cheap 3-bedroom apartment $396 + family utility bill $84) / 3 = $160; total $680/month x12"
Universidade Federal de Pernambuco (UFPE) ,Living Cost,"$7,400",https://livingcost.org/cost/brazil/recife,secondary,2026-10-04,"City: Recife (location from Wikidata). livingcost.org (updated June 21, 2026): one-person monthly cost without rent $444 + one room in a shared flat = (cheap 3-bedroom apartment $412 + family utility bill $107) / 3 = $173; total $617/month x12"
Universidade Federal do Paraná (UFPR),Living Cost,"$8,240",https://livingcost.org/cost/brazil/curitiba,secondary,2026-10-04,"City: Curitiba (location from Wikidata). livingcost.org (updated June 21, 2026): one-person monthly cost without rent $510 + one room in a shared flat = (cheap 3-bedroom apartment $447 + family utility bill $83) / 3 = $177; total $687/month x12"
"Universita' degli Studi ""G. d'Annunzio"" Chieti Pescara",Living Cost,"$13,530",https://livingcost.org/cost/italy/ab/chieti,secondary,2026-10-04,"City: Chieti (location from Wikidata). livingcost.org (updated June 21, 2026): one-person monthly cost without rent $766 + one room in a shared flat = (cheap 3-bedroom apartment $814 + family utility bill $270) / 3 = $361; total $1,127/month x12"
Universiti Malaysia Sabah (UMS),Living Cost,"$6,540",https://livingcost.org/cost/malaysia/kota-kinabalu,secondary,2026-10-04,"City: Kota Kinabalu (location from Wikidata). livingcost.org (updated June 21, 2026): one-person monthly cost without rent $417 + one room in a shared flat = (cheap 3-bedroom apartment $324 + family utility bill $60) / 3 = $128; total $545/month x12"
Universiti Malaysia Terengganu (UMT),Living Cost,"$5,380",https://livingcost.org/cost/malaysia/kuala-terengganu,secondary,2026-10-04,"City: Kuala Terengganu (location from Wikidata). livingcost.org (updated June 21, 2026): one-person monthly cost without rent $368 + one room in a shared flat = (cheap 3-bedroom apartment $197 + family utility bill $44) / 3 = $80; total $448/month x12"
Universiti Tun Hussein Onn Malaysia (UTHM),Living Cost,"$6,840",https://livingcost.org/cost/malaysia/batu-pahat,secondary,2026-10-04,"City: Batu Pahat (location from Wikidata). livingcost.org (updated June 21, 2026): one-person monthly cost without rent $400 + one room in a shared flat = (cheap 3-bedroom apartment $458 + family utility bill $52) / 3 = $170; total $570/month x12"
University Rey Juan Carlos,Living Cost,"$17,900",https://livingcost.org/cost/spain/madrid,secondary,2026-10-04,"City: Madrid (location from Wikidata). livingcost.org (updated June 21, 2026): one-person monthly cost without rent $858 + one room in a shared flat = (cheap 3-bedroom apartment $1,735 + family utility bill $165) / 3 = $633; total $1,491/month x12"
University of Almería,Living Cost,"$12,410",https://livingcost.org/cost/spain/almeria,secondary,2026-10-04,"City: Almeria (location from Wikidata). livingcost.org (updated June 21, 2026): one-person monthly cost without rent $696 + one room in a shared flat = (cheap 3-bedroom apartment $890 + family utility bill $124) / 3 = $338; total $1,034/month x12"
University of Arkansas Fayetteville ,Living Cost,"$20,170",https://collegescorecard.ed.gov/school/?106397-University-of-Arkansas,government,2026-10-04,"City: Fayetteville. College Scorecard (US Dept of Education) on-campus room and board $14,244 + other expenses $5,928 per year"
University of Bedfordshire,Living Cost,"$18,420",https://livingcost.org/cost/united-kingdom/eng/luton,secondary,2026-10-04,"City: Luton (location from Wikidata). livingcost.org (updated June 21, 2026): one-person monthly cost without rent $761 + one room in a shared flat = (cheap 3-bedroom apartment $2,013 + family utility bill $310) / 3 = $774; total $1,535/month x12"
"University of Engineering and Technology, Peshawar",Living Cost,"$3,010",https://livingcost.org/cost/pakistan/peshawar,secondary,2026-10-04,"City: Peshawar (location from Wikidata). livingcost.org (updated June 21, 2026): one-person monthly cost without rent $195 + one room in a shared flat = (cheap 3-bedroom apartment $96 + family utility bill $70) / 3 = $55; total $250/month x12"
University of Extremadura,Living Cost,"$10,450",https://livingcost.org/cost/spain/badajoz,secondary,2026-10-04,"City: Badajoz (location from Wikidata). livingcost.org (updated June 21, 2026): one-person monthly cost without rent $605 + one room in a shared flat = (cheap 3-bedroom apartment $674 + family utility bill $124) / 3 = $266; total $871/month x12"
University of Gujrat,Living Cost,"$3,230",https://livingcost.org/cost/pakistan/gujrat,secondary,2026-10-04,"City: Gujrat (location from Wikidata). livingcost.org (updated June 21, 2026): one-person monthly cost without rent $210 + one room in a shared flat = (cheap 3-bedroom apartment $104 + family utility bill $73) / 3 = $59; total $269/month x12"
University of Hradec Králové,Living Cost,"$11,270",https://livingcost.org/cost/czech-republic/hradec-kralove,secondary,2026-10-04,"City: Hradec Kralove (location from Wikidata). livingcost.org (updated June 21, 2026): one-person monthly cost without rent $544 + one room in a shared flat = (cheap 3-bedroom apartment $907 + family utility bill $278) / 3 = $395; total $939/month x12"
University of Ioannina,Living Cost,"$10,190",https://livingcost.org/cost/greece/ioannina,secondary,2026-10-04,"City: Ioannina (location from Wikidata). livingcost.org (updated June 21, 2026): one-person monthly cost without rent $600 + one room in a shared flat = (cheap 3-bedroom apartment $535 + family utility bill $212) / 3 = $249; total $849/month x12"
University of Isfahan,Living Cost,"$4,650",https://livingcost.org/cost/iran/isfahan,secondary,2026-10-04,"City: Isfahan (location from Wikidata). livingcost.org (updated June 21, 2026): one-person monthly cost without rent $280 + one room in a shared flat = (cheap 3-bedroom apartment $308 + family utility bill $14) / 3 = $107; total $387/month x12"
University of Jeddah,Living Cost,"$10,840",https://livingcost.org/cost/saudi-arabia/jeddah,secondary,2026-10-04,"City: Jeddah (location from Wikidata). livingcost.org (updated June 21, 2026): one-person monthly cost without rent $627 + one room in a shared flat = (cheap 3-bedroom apartment $732 + family utility bill $96) / 3 = $276; total $903/month x12"
University of Karachi,Living Cost,"$4,140",https://livingcost.org/cost/pakistan/karachi,secondary,2026-10-04,"City: Karachi (location from Wikidata). livingcost.org (updated June 21, 2026): one-person monthly cost without rent $275 + one room in a shared flat = (cheap 3-bedroom apartment $117 + family utility bill $92) / 3 = $70; total $345/month x12"
University of Khartoum,Living Cost,"$7,010",https://livingcost.org/cost/sudan/khartoum,secondary,2026-10-04,"City: Khartoum (location from Wikidata). livingcost.org (updated June 21, 2026): one-person monthly cost without rent $458 + one room in a shared flat = (cheap 3-bedroom apartment $330 + family utility bill $48) / 3 = $126; total $584/month x12"
University of Kragujevac,Living Cost,"$8,560",https://livingcost.org/cost/serbia/kragujevac,secondary,2026-10-04,"City: Kragujevac (location from Wikidata). livingcost.org (updated June 21, 2026): one-person monthly cost without rent $485 + one room in a shared flat = (cheap 3-bedroom apartment $505 + family utility bill $180) / 3 = $228; total $713/month x12"
University of La Laguna,Living Cost,"$13,350",https://livingcost.org/cost/spain/san-cristobal-de-la-laguna,secondary,2026-10-04,"City: San Cristobal de La Laguna (location from Wikidata). livingcost.org (updated June 21, 2026): one-person monthly cost without rent $687 + one room in a shared flat = (cheap 3-bedroom apartment $1,158 + family utility bill $118) / 3 = $425; total $1,112/month x12"
University of Lagos,Living Cost,"$8,310",https://livingcost.org/cost/nigeria/lagos,secondary,2026-10-04,"City: Lagos (location from Wikidata). livingcost.org (updated June 21, 2026): one-person monthly cost without rent $456 + one room in a shared flat = (cheap 3-bedroom apartment $657 + family utility bill $52) / 3 = $236; total $692/month x12"
University of Las Palmas de Gran Canaria,Living Cost,"$13,180",https://livingcost.org/cost/spain/las-palmas,secondary,2026-10-04,"City: Las Palmas (location from Wikidata). livingcost.org (updated June 21, 2026): one-person monthly cost without rent $689 + one room in a shared flat = (cheap 3-bedroom apartment $1,127 + family utility bill $100) / 3 = $409; total $1,098/month x12"
University of Leoben,Living Cost,"$13,270",https://livingcost.org/cost/austria/leoben,secondary,2026-10-04,"City: Leoben (location from Wikidata). livingcost.org (updated June 21, 2026): one-person monthly cost without rent $754 + one room in a shared flat = (cheap 3-bedroom apartment $787 + family utility bill $269) / 3 = $352; total $1,106/month x12"
University of Malaga,Living Cost,"$14,750",https://livingcost.org/cost/spain/malaga,secondary,2026-10-04,"City: Malaga (location from Wikidata). livingcost.org (updated June 21, 2026): one-person monthly cost without rent $703 + one room in a shared flat = (cheap 3-bedroom apartment $1,443 + family utility bill $136) / 3 = $526; total $1,229/month x12"
"University of Missouri, Kansas City",Living Cost,"$20,640",https://collegescorecard.ed.gov/school/?178402-University-of-Missouri-Kansas-City,government,2026-10-04,"City: Kansas City. College Scorecard (US Dept of Education) on-campus room and board $15,452 + other expenses $5,192 per year"
University of New Hampshire,Living Cost,"$18,240",https://collegescorecard.ed.gov/school/?183044-University-of-New-Hampshire-Main-Campus,government,2026-10-04,"City: Durham. College Scorecard (US Dept of Education) on-campus room and board $14,142 + other expenses $4,096 per year"
University of North Texas,Living Cost,"$15,280",https://collegescorecard.ed.gov/school/?227216-University-of-North-Texas,government,2026-10-04,"City: Denton. College Scorecard (US Dept of Education) on-campus room and board $11,194 + other expenses $4,088 per year"
University of Novi Sad,Living Cost,"$10,660",https://livingcost.org/cost/serbia/novi-sad,secondary,2026-10-04,"City: Novi Sad (location from Wikidata). livingcost.org (updated June 21, 2026): one-person monthly cost without rent $579 + one room in a shared flat = (cheap 3-bedroom apartment $696 + family utility bill $232) / 3 = $309; total $888/month x12"
"University of Occupational and Environmental Health, Japan",Living Cost,"$9,920",https://livingcost.org/cost/japan/kitakyushu,secondary,2026-10-04,"City: Kitakyushu (location from Wikidata). livingcost.org (updated June 21, 2026): one-person monthly cost without rent $605 + one room in a shared flat = (cheap 3-bedroom apartment $482 + family utility bill $184) / 3 = $222; total $827/month x12"
University of Peradeniya,Living Cost,"$3,850",https://livingcost.org/cost/sri-lanka/kandy,secondary,2026-10-04,"City: Kandy (location from Wikidata). livingcost.org (updated June 21, 2026): one-person monthly cost without rent $265 + one room in a shared flat = (cheap 3-bedroom apartment $122 + family utility bill $46) / 3 = $56; total $321/month x12"
University of Rajshahi,Living Cost,"$2,940",https://livingcost.org/cost/bangladesh/rajshahi,secondary,2026-10-04,"City: Rajshahi (location from Wikidata). livingcost.org (updated June 21, 2026): one-person monthly cost without rent $210 + one room in a shared flat = (cheap 3-bedroom apartment $75 + family utility bill $31) / 3 = $35; total $245/month x12"
University of Sarajevo,Living Cost,"$8,710",https://livingcost.org/cost/bosnia-and-herzegovina/sarajevo,secondary,2026-10-04,"City: Sarajevo (location from Wikidata). livingcost.org (updated June 21, 2026): one-person monthly cost without rent $492 + one room in a shared flat = (cheap 3-bedroom apartment $493 + family utility bill $208) / 3 = $234; total $726/month x12"
University of Social Welfare and Rehabilitation Sciences,Living Cost,"$6,050",https://livingcost.org/cost/iran/tehran,secondary,2026-10-04,"City: Tehran (location from Wikidata). livingcost.org (updated June 21, 2026): one-person monthly cost without rent $347 + one room in a shared flat = (cheap 3-bedroom apartment $458 + family utility bill $12) / 3 = $157; total $504/month x12"
University of South Dakota,Living Cost,"$15,300",https://collegescorecard.ed.gov/school/?219471-University-of-South-Dakota,government,2026-10-04,"City: Vermillion. College Scorecard (US Dept of Education) on-campus room and board $10,356 + other expenses $4,948 per year"
University of Vermont,Living Cost,"$16,420",https://collegescorecard.ed.gov/school/?231174-University-of-Vermont,government,2026-10-04,"City: Burlington. College Scorecard (US Dept of Education) on-campus room and board $13,776 + other expenses $2,648 per year"
University of Warmia and Mazury in Olsztyn,Living Cost,"$11,060",https://livingcost.org/cost/poland/olsztyn,secondary,2026-10-04,"City: Olsztyn (location from Wikidata). livingcost.org (updated June 21, 2026): one-person monthly cost without rent $561 + one room in a shared flat = (cheap 3-bedroom apartment $789 + family utility bill $293) / 3 = $361; total $922/month x12"
University of West London,Living Cost,"$29,860",https://livingcost.org/cost/united-kingdom/eng/london,secondary,2026-10-04,"City: London (location from Wikidata). livingcost.org (updated June 21, 2026): one-person monthly cost without rent $1,229 + one room in a shared flat = (cheap 3-bedroom apartment $3,517 + family utility bill $260) / 3 = $1,259; total $2,488/month x12"
University of the South Pacific,Living Cost,"$7,810",https://livingcost.org/cost/fiji/suva,secondary,2026-10-04,"City: Suva (location from Wikidata). livingcost.org (updated June 21, 2026): one-person monthly cost without rent $419 + one room in a shared flat = (cheap 3-bedroom apartment $637 + family utility bill $59) / 3 = $232; total $651/month x12"
University of Žilina,Living Cost,"$10,610",https://livingcost.org/cost/slovakia/zilina,secondary,2026-10-04,"City: Zilina (location from Wikidata). livingcost.org (updated June 21, 2026): one-person monthly cost without rent $541 + one room in a shared flat = (cheap 3-bedroom apartment $805 + family utility bill $224) / 3 = $343; total $884/month x12"
Université Djillali Liabès de Sidi Bel-Abbès,Living Cost,"$4,180",https://livingcost.org/cost/algeria/sidi-bel-abbes,secondary,2026-10-04,"City: Sidi Bel Abbes (location from Wikidata). livingcost.org (updated June 21, 2026): one-person monthly cost without rent $274 + one room in a shared flat = (cheap 3-bedroom apartment $193 + family utility bill $29) / 3 = $74; total $348/month x12"
Université Paris-Nanterre,Living Cost,"$15,700",https://livingcost.org/cost/france/idf/nanterre,secondary,2026-10-04,"City: Nanterre (location from Wikidata). livingcost.org (updated June 21, 2026): one-person monthly cost without rent $743 + one room in a shared flat = (cheap 3-bedroom apartment $1,488 + family utility bill $207) / 3 = $565; total $1,308/month x12"
Université de Caen Normandie,Living Cost,"$12,900",https://livingcost.org/cost/france/nor/caen,secondary,2026-10-04,"City: Caen (location from Wikidata). livingcost.org (updated June 21, 2026): one-person monthly cost without rent $696 + one room in a shared flat = (cheap 3-bedroom apartment $1,001 + family utility bill $137) / 3 = $379; total $1,075/month x12"
Université de Sousse,Living Cost,"$5,620",https://livingcost.org/cost/tunisia/sousse,secondary,2026-10-04,"City: Sousse (location from Wikidata). livingcost.org (updated June 21, 2026): one-person monthly cost without rent $356 + one room in a shared flat = (cheap 3-bedroom apartment $265 + family utility bill $71) / 3 = $112; total $468/month x12"
Université de Toulouse II-Le Mirail,Living Cost,"$15,770",https://livingcost.org/cost/france/occ/toulouse,secondary,2026-10-04,"City: Toulouse (location from Wikidata). livingcost.org (updated June 21, 2026): one-person monthly cost without rent $878 + one room in a shared flat = (cheap 3-bedroom apartment $1,101 + family utility bill $208) / 3 = $436; total $1,314/month x12"
Université de Tunis,Living Cost,"$5,860",https://livingcost.org/cost/tunisia/tunis,secondary,2026-10-04,"City: Tunis (location from Wikidata). livingcost.org (updated June 21, 2026): one-person monthly cost without rent $357 + one room in a shared flat = (cheap 3-bedroom apartment $336 + family utility bill $57) / 3 = $131; total $488/month x12"
Urmia University of Technology,Living Cost,"$4,860",https://livingcost.org/cost/iran/urmia,secondary,2026-10-04,"City: Urmia (location from Wikidata). livingcost.org (updated June 21, 2026): one-person monthly cost without rent $329 + one room in a shared flat = (cheap 3-bedroom apartment $217 + family utility bill $11) / 3 = $76; total $405/month x12"
Utah State University ,Living Cost,"$13,350",https://collegescorecard.ed.gov/school/?230728-Utah-State-University,government,2026-10-04,"City: Logan. College Scorecard (US Dept of Education) on-campus room and board $9,076 + other expenses $4,276 per year"
VSB - Technical University of Ostrava,Living Cost,"$11,480",https://livingcost.org/cost/czech-republic/ostrava,secondary,2026-10-04,"City: Ostrava (location from Wikidata). livingcost.org (updated June 21, 2026): one-person monthly cost without rent $594 + one room in a shared flat = (cheap 3-bedroom apartment $862 + family utility bill $226) / 3 = $363; total $957/month x12"
West Virginia University,Living Cost,"$20,660",https://collegescorecard.ed.gov/school/?238032-West-Virginia-University,government,2026-10-04,"City: Morgantown. College Scorecard (US Dept of Education) on-campus room and board $14,582 + other expenses $6,080 per year"
Western Michigan University,Living Cost,"$14,870",https://collegescorecard.ed.gov/school/?172699-Western-Michigan-University,government,2026-10-04,"City: Kalamazoo. College Scorecard (US Dept of Education) on-campus room and board $12,174 + other expenses $2,697 per year"
Yazd University,Living Cost,"$4,800",https://livingcost.org/cost/iran/yazd,secondary,2026-10-04,"City: Yazd (location from Wikidata). livingcost.org (updated June 21, 2026): one-person monthly cost without rent $269 + one room in a shared flat = (cheap 3-bedroom apartment $283 + family utility bill $110) / 3 = $131; total $400/month x12"
Zhejiang University of Finance and Economics,Living Cost,"$8,170",https://livingcost.org/cost/china/hangzhou,secondary,2026-10-04,"City: Hangzhou (location from Wikidata). livingcost.org (updated June 21, 2026): one-person monthly cost without rent $461 + one room in a shared flat = (cheap 3-bedroom apartment $600 + family utility bill $60) / 3 = $220; total $681/month x12"
Óbuda University,Living Cost,"$14,560",https://livingcost.org/cost/hungary/budapest,secondary,2026-10-04,"City: Budapest (location from Wikidata). livingcost.org (updated June 21, 2026): one-person monthly cost without rent $770 + one room in a shared flat = (cheap 3-bedroom apartment $1,160 + family utility bill $170) / 3 = $443; total $1,213/month x12"
​Shahid Chamran University of Ahvaz,Living Cost,"$5,200",https://livingcost.org/cost/iran/ahvaz,secondary,2026-10-04,"City: Ahvaz (location from Wikidata). livingcost.org (updated June 21, 2026): one-person monthly cost without rent $312 + one room in a shared flat = (cheap 3-bedroom apartment $352 + family utility bill $13) / 3 = $122; total $434/month x12"
Al-Nahrain University,Living Cost,"$8,600",https://livingcost.org/cost/iraq/baghdad,secondary,2026-10-04,"City: Baghdad (location from Wikidata). livingcost.org (updated June 21, 2026): one-person monthly cost without rent $475 + one room in a shared flat = (cheap 3-bedroom apartment $534 + family utility bill $190) / 3 = $241; total $716/month x12"
Alexandru Ioan Cuza University,Living Cost,"$9,650",https://livingcost.org/cost/romania/iasi,secondary,2026-10-04,"City: Iasi (location from Wikidata). livingcost.org (updated June 21, 2026): one-person monthly cost without rent $518 + one room in a shared flat = (cheap 3-bedroom apartment $687 + family utility bill $171) / 3 = $286; total $804/month x12"
Allameh Tabataba ’i University,Living Cost,"$6,050",https://livingcost.org/cost/iran/tehran,secondary,2026-10-04,"City: Tehran (location from Wikidata). livingcost.org (updated June 21, 2026): one-person monthly cost without rent $347 + one room in a shared flat = (cheap 3-bedroom apartment $458 + family utility bill $12) / 3 = $157; total $504/month x12"
Anadolu University,Living Cost,"$7,260",https://livingcost.org/cost/turkey/eskisehir,secondary,2026-10-04,"City: Eskisehir (location from Wikidata). livingcost.org (updated June 21, 2026): one-person monthly cost without rent $427 + one room in a shared flat = (cheap 3-bedroom apartment $490 + family utility bill $44) / 3 = $178; total $605/month x12"
Aoyama Gakuin University,Living Cost,"$15,130",https://livingcost.org/cost/japan/tokyo,secondary,2026-10-04,"City: Tokyo (location from Wikidata). livingcost.org (updated June 21, 2026): one-person monthly cost without rent $866 + one room in a shared flat = (cheap 3-bedroom apartment $1,045 + family utility bill $140) / 3 = $395; total $1,261/month x12"
Atatürk University,Living Cost,"$4,570",https://livingcost.org/cost/turkey/erzurum,secondary,2026-10-04,"City: Erzurum (location from Wikidata). livingcost.org (updated June 21, 2026): one-person monthly cost without rent $248 + one room in a shared flat = (cheap 3-bedroom apartment $386 + family utility bill $12) / 3 = $133; total $381/month x12"
Atılım University,Living Cost,"$9,480",https://livingcost.org/cost/turkey/ankara,secondary,2026-10-04,"City: Ankara (location from Wikidata). livingcost.org (updated June 21, 2026): one-person monthly cost without rent $533 + one room in a shared flat = (cheap 3-bedroom apartment $704 + family utility bill $68) / 3 = $257; total $790/month x12"
Autonomous University of Sinaloa,Living Cost,"$8,770",https://livingcost.org/cost/mexico/culiacan,secondary,2026-10-04,"City: Culiacan (location from Wikidata). livingcost.org (updated June 21, 2026): one-person monthly cost without rent $574 + one room in a shared flat = (cheap 3-bedroom apartment $418 + family utility bill $52) / 3 = $157; total $731/month x12"
Bayero University,Living Cost,"$4,650",https://livingcost.org/cost/nigeria/kano,secondary,2026-10-04,"City: Kano (location from Wikidata). livingcost.org (updated June 21, 2026): one-person monthly cost without rent $312 + one room in a shared flat = (cheap 3-bedroom apartment $211 + family utility bill $16) / 3 = $76; total $388/month x12"
Belarusian State University of Informatics and Radioelectronics,Living Cost,"$8,550",https://livingcost.org/cost/belarus/minsk,secondary,2026-10-04,"City: Minsk (location from Wikidata). livingcost.org (updated June 21, 2026): one-person monthly cost without rent $469 + one room in a shared flat = (cheap 3-bedroom apartment $667 + family utility bill $63) / 3 = $243; total $712/month x12"
Bezmiâlem Vakif University,Living Cost,"$11,960",https://livingcost.org/cost/turkey/istanbul,secondary,2026-10-04,"City: Istanbul (location from Wikidata). livingcost.org (updated June 21, 2026): one-person monthly cost without rent $641 + one room in a shared flat = (cheap 3-bedroom apartment $983 + family utility bill $84) / 3 = $356; total $997/month x12"
Botswana International University of Science and Technology (BIUST),Living Cost,"$5,510",https://livingcost.org/cost/botswana/palapye,secondary,2026-10-04,"City: Palapye (location from Wikidata). livingcost.org (updated June 21, 2026): one-person monthly cost without rent $395 + one room in a shared flat = (cheap 3-bedroom apartment $169 + family utility bill $24) / 3 = $64; total $460/month x12"
Bu-Ali Sina University,Living Cost,"$4,020",https://livingcost.org/cost/iran/hamadan,secondary,2026-10-04,"City: Hamadan (location from Wikidata). livingcost.org (updated June 21, 2026): one-person monthly cost without rent $260 + one room in a shared flat = (cheap 3-bedroom apartment $212 + family utility bill $13) / 3 = $75; total $335/month x12"
CUNY The City College of New York,Living Cost,"$25,060",https://collegescorecard.ed.gov/school/?190567-CUNY-City-College,government,2026-10-04,"City: New York. College Scorecard (US Dept of Education) on-campus room and board $18,840 + other expenses $6,216 per year"
Cardiff Metropolitan University,Living Cost,"$17,310",https://livingcost.org/cost/united-kingdom/wls/cardiff,secondary,2026-10-04,"City: Cardiff (location from Wikidata). livingcost.org (updated June 21, 2026): one-person monthly cost without rent $832 + one room in a shared flat = (cheap 3-bedroom apartment $1,536 + family utility bill $296) / 3 = $611; total $1,443/month x12"
Chang Gung University of Science and Technology,Living Cost,"$9,450",https://livingcost.org/cost/taiwan/taoyuan,secondary,2026-10-04,"City: Taoyuan (location from Wikidata). livingcost.org (updated June 21, 2026): one-person monthly cost without rent $581 + one room in a shared flat = (cheap 3-bedroom apartment $555 + family utility bill $66) / 3 = $207; total $788/month x12"
China University of Political Science and Law,Living Cost,"$9,360",https://livingcost.org/cost/china/beijing,secondary,2026-10-04,"City: Beijing (location from Wikidata). livingcost.org (updated June 21, 2026): one-person monthly cost without rent $460 + one room in a shared flat = (cheap 3-bedroom apartment $909 + family utility bill $50) / 3 = $320; total $780/month x12"
Chittagong University of Engineering and Technology,Living Cost,"$3,640",https://livingcost.org/cost/bangladesh/chittagong,secondary,2026-10-04,"City: Chittagong (location from Wikidata). livingcost.org (updated June 21, 2026): one-person monthly cost without rent $260 + one room in a shared flat = (cheap 3-bedroom apartment $102 + family utility bill $28) / 3 = $43; total $303/month x12"
Chosun University,Living Cost,"$9,250",https://livingcost.org/cost/south-korea/gwangju,secondary,2026-10-04,"City: Gwangju (location from Wikidata). livingcost.org (updated June 21, 2026): one-person monthly cost without rent $565 + one room in a shared flat = (cheap 3-bedroom apartment $462 + family utility bill $155) / 3 = $206; total $771/month x12"
Chung Shan Medical University,Living Cost,"$9,270",https://livingcost.org/cost/taiwan/taichung,secondary,2026-10-04,"City: Taichung (location from Wikidata). livingcost.org (updated June 21, 2026): one-person monthly cost without rent $590 + one room in a shared flat = (cheap 3-bedroom apartment $459 + family utility bill $88) / 3 = $182; total $772/month x12"
Cleveland State University,Living Cost,"$18,800",https://collegescorecard.ed.gov/school/?202134-Cleveland-State-University,government,2026-10-04,"City: Cleveland. College Scorecard (US Dept of Education) on-campus room and board $15,104 + other expenses $3,700 per year"
Cukurova University,Living Cost,"$7,210",https://livingcost.org/cost/turkey/adana,secondary,2026-10-04,"City: Adana (location from Wikidata). livingcost.org (updated June 21, 2026): one-person monthly cost without rent $442 + one room in a shared flat = (cheap 3-bedroom apartment $442 + family utility bill $35) / 3 = $159; total $601/month x12"
Daffodil International University,Living Cost,"$4,820",https://livingcost.org/cost/bangladesh/dhaka,secondary,2026-10-04,"City: Dhaka (location from Wikidata). livingcost.org (updated June 21, 2026): one-person monthly cost without rent $328 + one room in a shared flat = (cheap 3-bedroom apartment $181 + family utility bill $40) / 3 = $74; total $402/month x12"
Dokuz Eylül University,Living Cost,"$9,670",https://livingcost.org/cost/turkey/izmir,secondary,2026-10-04,"City: Izmir (location from Wikidata). livingcost.org (updated June 21, 2026): one-person monthly cost without rent $534 + one room in a shared flat = (cheap 3-bedroom apartment $740 + family utility bill $75) / 3 = $272; total $806/month x12"
Doshisha University,Living Cost,"$10,680",https://livingcost.org/cost/japan/kyoto,secondary,2026-10-04,"City: Kyoto (location from Wikidata). livingcost.org (updated June 21, 2026): one-person monthly cost without rent $681 + one room in a shared flat = (cheap 3-bedroom apartment $531 + family utility bill $97) / 3 = $209; total $890/month x12"
Ehime University,Living Cost,"$9,330",https://livingcost.org/cost/japan/matsuyama,secondary,2026-10-04,"City: Matsuyama (location from Wikidata). livingcost.org (updated June 21, 2026): one-person monthly cost without rent $578 + one room in a shared flat = (cheap 3-bedroom apartment $467 + family utility bill $132) / 3 = $200; total $778/month x12"
Erciyes Üniversitesi,Living Cost,"$6,390",https://livingcost.org/cost/turkey/kayseri,secondary,2026-10-04,"City: Kayseri (location from Wikidata). livingcost.org (updated June 21, 2026): one-person monthly cost without rent $379 + one room in a shared flat = (cheap 3-bedroom apartment $375 + family utility bill $86) / 3 = $154; total $533/month x12"
Federal University of Goiás,Living Cost,"$7,780",https://livingcost.org/cost/brazil/goiania,secondary,2026-10-04,"City: Goiania (location from Wikidata). livingcost.org (updated June 21, 2026): one-person monthly cost without rent $474 + one room in a shared flat = (cheap 3-bedroom apartment $454 + family utility bill $70) / 3 = $175; total $649/month x12"
Feng Chia University,Living Cost,"$9,270",https://livingcost.org/cost/taiwan/taichung,secondary,2026-10-04,"City: Taichung (location from Wikidata). livingcost.org (updated June 21, 2026): one-person monthly cost without rent $590 + one room in a shared flat = (cheap 3-bedroom apartment $459 + family utility bill $88) / 3 = $182; total $772/month x12"
Ferhat Abbas Sétif University 1,Living Cost,"$3,520",https://livingcost.org/cost/algeria/setif,secondary,2026-10-04,"City: Setif (location from Wikidata). livingcost.org (updated June 21, 2026): one-person monthly cost without rent $251 + one room in a shared flat = (cheap 3-bedroom apartment $90 + family utility bill $36) / 3 = $42; total $293/month x12"
Florida Atlantic University - Boca Raton,Living Cost,"$23,740",https://collegescorecard.ed.gov/school/?133669-Florida-Atlantic-University,government,2026-10-04,"City: Boca Raton. College Scorecard (US Dept of Education) on-campus room and board $15,860 + other expenses $7,878 per year"
Fundación CEU San Pablo,Living Cost,"$17,900",https://livingcost.org/cost/spain/madrid,secondary,2026-10-04,"City: Madrid (location from Wikidata). livingcost.org (updated June 21, 2026): one-person monthly cost without rent $858 + one room in a shared flat = (cheap 3-bedroom apartment $1,735 + family utility bill $165) / 3 = $633; total $1,491/month x12"
Georgia Southern University,Living Cost,"$19,670",https://collegescorecard.ed.gov/school/?139931-Georgia-Southern-University,government,2026-10-04,"City: Statesboro. College Scorecard (US Dept of Education) on-campus room and board $11,492 + other expenses $8,176 per year"
Government College University Lahore,Living Cost,"$4,250",https://livingcost.org/cost/pakistan/lahore,secondary,2026-10-04,"City: Lahore (location from Wikidata). livingcost.org (updated June 21, 2026): one-person monthly cost without rent $267 + one room in a shared flat = (cheap 3-bedroom apartment $133 + family utility bill $129) / 3 = $87; total $354/month x12"
Guru Jambheshwar University of Science and Technology,Living Cost,"$2,560",https://livingcost.org/cost/india/hr/hisar,secondary,2026-10-04,"City: Hisar (location from Wikidata). livingcost.org (updated June 21, 2026): one-person monthly cost without rent $174 + one room in a shared flat = (cheap 3-bedroom apartment $73 + family utility bill $44) / 3 = $39; total $213/month x12"
Gyeongsang National University,Living Cost,"$10,060",https://livingcost.org/cost/south-korea/jinju,secondary,2026-10-04,"City: Jinju (location from Wikidata). livingcost.org (updated June 21, 2026): one-person monthly cost without rent $632 + one room in a shared flat = (cheap 3-bedroom apartment $468 + family utility bill $150) / 3 = $206; total $838/month x12"
Halmstad University,Living Cost,"$12,900",https://livingcost.org/cost/sweden/halmstad,secondary,2026-10-04,"City: Halmstad (location from Wikidata). livingcost.org (updated June 21, 2026): one-person monthly cost without rent $725 + one room in a shared flat = (cheap 3-bedroom apartment $950 + family utility bill $101) / 3 = $350; total $1,075/month x12"
Hanoi University of Science and Technology,Living Cost,"$6,440",https://livingcost.org/cost/vietnam/hanoi,secondary,2026-10-04,"City: Hanoi (location from Wikidata). livingcost.org (updated June 21, 2026): one-person monthly cost without rent $353 + one room in a shared flat = (cheap 3-bedroom apartment $478 + family utility bill $73) / 3 = $184; total $537/month x12"
Harper Adams University,Living Cost,"$15,500",https://livingcost.org/cost/united-kingdom/wls/newport,secondary,2026-10-04,"City: Newport (location from Wikidata). livingcost.org (updated June 21, 2026): one-person monthly cost without rent $756 + one room in a shared flat = (cheap 3-bedroom apartment $1,316 + family utility bill $292) / 3 = $536; total $1,292/month x12"
Helwan University,Living Cost,"$3,660",https://livingcost.org/cost/egypt/helwan,secondary,2026-10-04,"City: Helwan (location from Wikidata). livingcost.org (updated June 21, 2026): one-person monthly cost without rent $238 + one room in a shared flat = (cheap 3-bedroom apartment $183 + family utility bill $18) / 3 = $67; total $305/month x12"
Hongik University ,Living Cost,"$11,940",https://livingcost.org/cost/south-korea/seoul,secondary,2026-10-04,"City: Seoul (location from Wikidata). livingcost.org (updated June 21, 2026): one-person monthly cost without rent $672 + one room in a shared flat = (cheap 3-bedroom apartment $818 + family utility bill $152) / 3 = $323; total $995/month x12"
Hue University,Living Cost,"$3,800",https://livingcost.org/cost/vietnam/hue,secondary,2026-10-04,"City: Hue (location from Wikidata). livingcost.org (updated June 21, 2026): one-person monthly cost without rent $252 + one room in a shared flat = (cheap 3-bedroom apartment $160 + family utility bill $35) / 3 = $65; total $317/month x12"
Hyogo Medical University,Living Cost,"$10,150",https://livingcost.org/cost/japan/nishinomiya,secondary,2026-10-04,"City: Nishinomiya (location from Wikidata). livingcost.org (updated June 21, 2026): one-person monthly cost without rent $608 + one room in a shared flat = (cheap 3-bedroom apartment $607 + family utility bill $107) / 3 = $238; total $846/month x12"
I-Shou University,Living Cost,"$9,610",https://livingcost.org/cost/taiwan/kaohsiung,secondary,2026-10-04,"City: Kaohsiung (location from Wikidata). livingcost.org (updated June 21, 2026): one-person monthly cost without rent $618 + one room in a shared flat = (cheap 3-bedroom apartment $468 + family utility bill $80) / 3 = $183; total $801/month x12"
Ibn Tofaïl University,Living Cost,"$5,750",https://livingcost.org/cost/morocco/kenitra,secondary,2026-10-04,"City: Kenitra (location from Wikidata). livingcost.org (updated June 21, 2026): one-person monthly cost without rent $374 + one room in a shared flat = (cheap 3-bedroom apartment $277 + family utility bill $38) / 3 = $105; total $479/month x12"
Ilia State University,Living Cost,"$9,580",https://livingcost.org/cost/georgia/tbilisi,secondary,2026-10-04,"City: Tbilisi (location from Wikidata). livingcost.org (updated June 21, 2026): one-person monthly cost without rent $526 + one room in a shared flat = (cheap 3-bedroom apartment $735 + family utility bill $82) / 3 = $272; total $798/month x12"
Incheon National University,Living Cost,"$9,680",https://livingcost.org/cost/south-korea/incheon,secondary,2026-10-04,"City: Incheon (location from Wikidata). livingcost.org (updated June 21, 2026): one-person monthly cost without rent $586 + one room in a shared flat = (cheap 3-bedroom apartment $511 + family utility bill $151) / 3 = $221; total $807/month x12"
Indian Institute of Science Education and Research Bhopal,Living Cost,"$3,350",https://livingcost.org/cost/india/mp/bhopal,secondary,2026-10-04,"City: Bhopal (location from Wikidata). livingcost.org (updated June 21, 2026): one-person monthly cost without rent $231 + one room in a shared flat = (cheap 3-bedroom apartment $119 + family utility bill $25) / 3 = $48; total $279/month x12"
Instituto Tecnológico de Santo Domingo (INTEC),Living Cost,"$10,050",https://livingcost.org/cost/dominican-republic/santo-domingo,secondary,2026-10-04,"City: Santo Domingo (location from Wikidata). livingcost.org (updated June 21, 2026): one-person monthly cost without rent $619 + one room in a shared flat = (cheap 3-bedroom apartment $555 + family utility bill $101) / 3 = $219; total $838/month x12"
Istanbul Aydın University,Living Cost,"$11,960",https://livingcost.org/cost/turkey/istanbul,secondary,2026-10-04,"City: Istanbul (location from Wikidata). livingcost.org (updated June 21, 2026): one-person monthly cost without rent $641 + one room in a shared flat = (cheap 3-bedroom apartment $983 + family utility bill $84) / 3 = $356; total $997/month x12"
Istanbul Bilgi University,Living Cost,"$11,960",https://livingcost.org/cost/turkey/istanbul,secondary,2026-10-04,"City: Istanbul (location from Wikidata). livingcost.org (updated June 21, 2026): one-person monthly cost without rent $641 + one room in a shared flat = (cheap 3-bedroom apartment $983 + family utility bill $84) / 3 = $356; total $997/month x12"
Istanbul Medeniyet University,Living Cost,"$11,960",https://livingcost.org/cost/turkey/istanbul,secondary,2026-10-04,"City: Istanbul (location from Wikidata). livingcost.org (updated June 21, 2026): one-person monthly cost without rent $641 + one room in a shared flat = (cheap 3-bedroom apartment $983 + family utility bill $84) / 3 = $356; total $997/month x12"
Ivan Franko National University of Lviv,Living Cost,"$7,290",https://livingcost.org/cost/ukraine/lviv,secondary,2026-10-04,"City: Lviv (location from Wikidata). livingcost.org (updated June 21, 2026): one-person monthly cost without rent $381 + one room in a shared flat = (cheap 3-bedroom apartment $598 + family utility bill $81) / 3 = $226; total $607/month x12"
Jean Moulin University – Lyon 3,Living Cost,"$16,230",https://livingcost.org/cost/france/ara/lyon,secondary,2026-10-04,"City: Lyon (location from Wikidata). livingcost.org (updated June 21, 2026): one-person monthly cost without rent $900 + one room in a shared flat = (cheap 3-bedroom apartment $1,118 + family utility bill $239) / 3 = $452; total $1,352/month x12"
Jeju National University,Living Cost,"$9,670",https://livingcost.org/cost/south-korea/jeju,secondary,2026-10-04,"City: Jeju (location from Wikidata). livingcost.org (updated June 21, 2026): one-person monthly cost without rent $549 + one room in a shared flat = (cheap 3-bedroom apartment $595 + family utility bill $176) / 3 = $257; total $806/month x12"
Jiangsu Normal University,Living Cost,"$5,110",https://livingcost.org/cost/china/xuzhou,secondary,2026-10-04,"City: Xuzhou (location from Wikidata). livingcost.org (updated June 21, 2026): one-person monthly cost without rent $316 + one room in a shared flat = (cheap 3-bedroom apartment $282 + family utility bill $47) / 3 = $110; total $426/month x12"
KL University,Living Cost,"$2,750",https://livingcost.org/cost/india/ap/guntur,secondary,2026-10-04,"City: Guntur (location from Wikidata). livingcost.org (updated June 21, 2026): one-person monthly cost without rent $198 + one room in a shared flat = (cheap 3-bedroom apartment $74 + family utility bill $19) / 3 = $31; total $229/month x12"
Kagawa University,Living Cost,"$10,410",https://livingcost.org/cost/japan/takamatsu,secondary,2026-10-04,"City: Takamatsu (location from Wikidata). livingcost.org (updated June 21, 2026): one-person monthly cost without rent $582 + one room in a shared flat = (cheap 3-bedroom apartment $647 + family utility bill $209) / 3 = $285; total $867/month x12"
Kazakh Ablai Khan University of International Relations and World Languages,Living Cost,"$9,160",https://livingcost.org/cost/kazakhstan/almaty,secondary,2026-10-04,"City: Almaty (location from Wikidata). livingcost.org (updated June 21, 2026): one-person monthly cost without rent $483 + one room in a shared flat = (cheap 3-bedroom apartment $768 + family utility bill $72) / 3 = $280; total $763/month x12"
Kenyatta University,Living Cost,"$7,690",https://livingcost.org/cost/kenya/nairobi,secondary,2026-10-04,"City: Nairobi (location from Wikidata). livingcost.org (updated June 21, 2026): one-person monthly cost without rent $502 + one room in a shared flat = (cheap 3-bedroom apartment $371 + family utility bill $45) / 3 = $139; total $641/month x12"
Kharazmi University,Living Cost,"$6,050",https://livingcost.org/cost/iran/tehran,secondary,2026-10-04,"City: Tehran (location from Wikidata). livingcost.org (updated June 21, 2026): one-person monthly cost without rent $347 + one room in a shared flat = (cheap 3-bedroom apartment $458 + family utility bill $12) / 3 = $157; total $504/month x12"
Kharkiv Aviation Institute,Living Cost,"$4,740",https://livingcost.org/cost/ukraine/kharkiv,secondary,2026-10-04,"City: Kharkiv (location from Wikidata). livingcost.org (updated June 21, 2026): one-person monthly cost without rent $297 + one room in a shared flat = (cheap 3-bedroom apartment $213 + family utility bill $81) / 3 = $98; total $395/month x12"
Khulna University,Living Cost,"$2,850",https://livingcost.org/cost/bangladesh/khulna,secondary,2026-10-04,"City: Khulna (location from Wikidata). livingcost.org (updated June 21, 2026): one-person monthly cost without rent $205 + one room in a shared flat = (cheap 3-bedroom apartment $64 + family utility bill $33) / 3 = $32; total $237/month x12"
King Mongkut's University of Technology North Bangkok,Living Cost,"$9,210",https://livingcost.org/cost/thailand/bangkok,secondary,2026-10-04,"City: Bangkok (location from Wikidata). livingcost.org (updated June 21, 2026): one-person monthly cost without rent $562 + one room in a shared flat = (cheap 3-bedroom apartment $525 + family utility bill $92) / 3 = $206; total $768/month x12"
King Mongkut’s Institute of Technology Ladkrabang,Living Cost,"$9,210",https://livingcost.org/cost/thailand/bangkok,secondary,2026-10-04,"City: Bangkok (location from Wikidata). livingcost.org (updated June 21, 2026): one-person monthly cost without rent $562 + one room in a shared flat = (cheap 3-bedroom apartment $525 + family utility bill $92) / 3 = $206; total $768/month x12"
Kitasato University,Living Cost,"$15,130",https://livingcost.org/cost/japan/tokyo,secondary,2026-10-04,"City: Tokyo (location from Wikidata). livingcost.org (updated June 21, 2026): one-person monthly cost without rent $866 + one room in a shared flat = (cheap 3-bedroom apartment $1,045 + family utility bill $140) / 3 = $395; total $1,261/month x12"
Kookmin University,Living Cost,"$11,940",https://livingcost.org/cost/south-korea/seoul,secondary,2026-10-04,"City: Seoul (location from Wikidata). livingcost.org (updated June 21, 2026): one-person monthly cost without rent $672 + one room in a shared flat = (cheap 3-bedroom apartment $818 + family utility bill $152) / 3 = $323; total $995/month x12"
Kyoto Institute of Technology,Living Cost,"$10,680",https://livingcost.org/cost/japan/kyoto,secondary,2026-10-04,"City: Kyoto (location from Wikidata). livingcost.org (updated June 21, 2026): one-person monthly cost without rent $681 + one room in a shared flat = (cheap 3-bedroom apartment $531 + family utility bill $97) / 3 = $209; total $890/month x12"
Kyrgyz State Technical University,Living Cost,"$7,110",https://livingcost.org/cost/kyrgyzstan/bishkek,secondary,2026-10-04,"City: Bishkek (location from Wikidata). livingcost.org (updated June 21, 2026): one-person monthly cost without rent $358 + one room in a shared flat = (cheap 3-bedroom apartment $660 + family utility bill $44) / 3 = $235; total $593/month x12"
Mackenzie Presbyterian University,Living Cost,"$10,430",https://livingcost.org/cost/brazil/sao-paulo,secondary,2026-10-04,"City: Sao Paulo (location from Wikidata). livingcost.org (updated June 21, 2026): one-person monthly cost without rent $588 + one room in a shared flat = (cheap 3-bedroom apartment $747 + family utility bill $97) / 3 = $281; total $869/month x12"
Medical University of Sofia,Living Cost,"$12,760",https://livingcost.org/cost/bulgaria/sofia,secondary,2026-10-04,"City: Sofia (location from Wikidata). livingcost.org (updated June 21, 2026): one-person monthly cost without rent $678 + one room in a shared flat = (cheap 3-bedroom apartment $998 + family utility bill $157) / 3 = $385; total $1,063/month x12"
Meiji University,Living Cost,"$15,130",https://livingcost.org/cost/japan/tokyo,secondary,2026-10-04,"City: Tokyo (location from Wikidata). livingcost.org (updated June 21, 2026): one-person monthly cost without rent $866 + one room in a shared flat = (cheap 3-bedroom apartment $1,045 + family utility bill $140) / 3 = $395; total $1,261/month x12"
Mendeleev University of Chemical Technology,Living Cost,"$14,110",https://livingcost.org/cost/russia/moscow,secondary,2026-10-04,"City: Moscow (location from Wikidata). livingcost.org (updated June 21, 2026): one-person monthly cost without rent $672 + one room in a shared flat = (cheap 3-bedroom apartment $1,335 + family utility bill $176) / 3 = $504; total $1,176/month x12"
Morgan State University,Living Cost,"$16,880",https://collegescorecard.ed.gov/school/?163453-Morgan-State-University,government,2026-10-04,"City: Baltimore. College Scorecard (US Dept of Education) on-campus room and board $13,320 + other expenses $3,565 per year"
Moscow Pedagogical State University,Living Cost,"$14,110",https://livingcost.org/cost/russia/moscow,secondary,2026-10-04,"City: Moscow (location from Wikidata). livingcost.org (updated June 21, 2026): one-person monthly cost without rent $672 + one room in a shared flat = (cheap 3-bedroom apartment $1,335 + family utility bill $176) / 3 = $504; total $1,176/month x12"
Nagoya Institute of Technology,Living Cost,"$10,800",https://livingcost.org/cost/japan/nagoya,secondary,2026-10-04,"City: Nagoya (location from Wikidata). livingcost.org (updated June 21, 2026): one-person monthly cost without rent $660 + one room in a shared flat = (cheap 3-bedroom apartment $601 + family utility bill $119) / 3 = $240; total $900/month x12"
National Changhua University of Education,Living Cost,"$8,440",https://livingcost.org/cost/taiwan/changhua,secondary,2026-10-04,"City: Changhua (location from Wikidata). livingcost.org (updated June 21, 2026): one-person monthly cost without rent $530 + one room in a shared flat = (cheap 3-bedroom apartment $436 + family utility bill $84) / 3 = $174; total $704/month x12"
National Institute of Technology Srinagar,Living Cost,"$3,500",https://livingcost.org/cost/india/jk/srinagar,secondary,2026-10-04,"City: Srinagar (location from Wikidata). livingcost.org (updated June 21, 2026): one-person monthly cost without rent $237 + one room in a shared flat = (cheap 3-bedroom apartment $113 + family utility bill $52) / 3 = $55; total $292/month x12"
National Kaohsiung University of Science and Technology,Living Cost,"$9,610",https://livingcost.org/cost/taiwan/kaohsiung,secondary,2026-10-04,"City: Kaohsiung (location from Wikidata). livingcost.org (updated June 21, 2026): one-person monthly cost without rent $618 + one room in a shared flat = (cheap 3-bedroom apartment $468 + family utility bill $80) / 3 = $183; total $801/month x12"
National Taipei University,Living Cost,"$11,560",https://livingcost.org/cost/taiwan/taipei,secondary,2026-10-04,"City: Taipei (location from Wikidata). livingcost.org (updated June 21, 2026): one-person monthly cost without rent $662 + one room in a shared flat = (cheap 3-bedroom apartment $835 + family utility bill $68) / 3 = $301; total $963/month x12"
National University of Distance Education (UNED),Living Cost,"$17,900",https://livingcost.org/cost/spain/madrid,secondary,2026-10-04,"City: Madrid (location from Wikidata). livingcost.org (updated June 21, 2026): one-person monthly cost without rent $858 + one room in a shared flat = (cheap 3-bedroom apartment $1,735 + family utility bill $165) / 3 = $633; total $1,491/month x12"
Novosibirsk State Technical University,Living Cost,"$8,640",https://livingcost.org/cost/russia/novosibirsk,secondary,2026-10-04,"City: Novosibirsk (location from Wikidata). livingcost.org (updated June 21, 2026): one-person monthly cost without rent $485 + one room in a shared flat = (cheap 3-bedroom apartment $594 + family utility bill $112) / 3 = $235; total $720/month x12"
Ochanomizu University,Living Cost,"$15,130",https://livingcost.org/cost/japan/tokyo,secondary,2026-10-04,"City: Tokyo (location from Wikidata). livingcost.org (updated June 21, 2026): one-person monthly cost without rent $866 + one room in a shared flat = (cheap 3-bedroom apartment $1,045 + family utility bill $140) / 3 = $395; total $1,261/month x12"
Odessa I.I. Mechnikov National University,Living Cost,"$6,080",https://livingcost.org/cost/ukraine/odessa,secondary,2026-10-04,"City: Odesa (location from Wikidata). livingcost.org (updated June 21, 2026): one-person monthly cost without rent $372 + one room in a shared flat = (cheap 3-bedroom apartment $306 + family utility bill $99) / 3 = $135; total $507/month x12"
Osmania University,Living Cost,"$4,330",https://livingcost.org/cost/india/tg/hyderabad,secondary,2026-10-04,"City: Hyderabad (location from Wikidata). livingcost.org (updated June 21, 2026): one-person monthly cost without rent $284 + one room in a shared flat = (cheap 3-bedroom apartment $198 + family utility bill $33) / 3 = $77; total $361/month x12"
Pavol Jozef Šafárik University in Košice,Living Cost,"$12,920",https://livingcost.org/cost/slovakia/kosice,secondary,2026-10-04,"City: Kosice (location from Wikidata). livingcost.org (updated June 21, 2026): one-person monthly cost without rent $583 + one room in a shared flat = (cheap 3-bedroom apartment $1,160 + family utility bill $322) / 3 = $494; total $1,077/month x12"
Persian Gulf University,Living Cost,"$4,400",https://livingcost.org/cost/iran/bushehr,secondary,2026-10-04,"City: Bushehr (location from Wikidata). livingcost.org (updated June 21, 2026): one-person monthly cost without rent $294 + one room in a shared flat = (cheap 3-bedroom apartment $200 + family utility bill $19) / 3 = $73; total $367/month x12"
Pontificia Universidad Catolica Madre y Maestra,Living Cost,"$7,900",https://livingcost.org/cost/dominican-republic/santiago-de-los-caballeros,secondary,2026-10-04,"City: Santiago de los Caballeros (location from Wikidata). livingcost.org (updated June 21, 2026): one-person monthly cost without rent $507 + one room in a shared flat = (cheap 3-bedroom apartment $390 + family utility bill $64) / 3 = $151; total $658/month x12"
Pontifícia Universidade Católica do Paraná,Living Cost,"$8,240",https://livingcost.org/cost/brazil/curitiba,secondary,2026-10-04,"City: Curitiba (location from Wikidata). livingcost.org (updated June 21, 2026): one-person monthly cost without rent $510 + one room in a shared flat = (cheap 3-bedroom apartment $447 + family utility bill $83) / 3 = $177; total $687/month x12"
Port Said University,Living Cost,"$2,850",https://livingcost.org/cost/egypt/port-said,secondary,2026-10-04,"City: Port Said (location from Wikidata). livingcost.org (updated June 21, 2026): one-person monthly cost without rent $208 + one room in a shared flat = (cheap 3-bedroom apartment $76 + family utility bill $13) / 3 = $30; total $238/month x12"
Pukyong National University,Living Cost,"$10,420",https://livingcost.org/cost/south-korea/busan,secondary,2026-10-04,"City: Busan (location from Wikidata). livingcost.org (updated June 21, 2026): one-person monthly cost without rent $656 + one room in a shared flat = (cheap 3-bedroom apartment $498 + family utility bill $138) / 3 = $212; total $868/month x12"
Rikkyo University,Living Cost,"$15,130",https://livingcost.org/cost/japan/tokyo,secondary,2026-10-04,"City: Tokyo (location from Wikidata). livingcost.org (updated June 21, 2026): one-person monthly cost without rent $866 + one room in a shared flat = (cheap 3-bedroom apartment $1,045 + family utility bill $140) / 3 = $395; total $1,261/month x12"
Saitama University,Living Cost,"$10,280",https://livingcost.org/cost/japan/saitama,secondary,2026-10-04,"City: Saitama (location from Wikidata). livingcost.org (updated June 21, 2026): one-person monthly cost without rent $676 + one room in a shared flat = (cheap 3-bedroom apartment $377 + family utility bill $166) / 3 = $181; total $857/month x12"
San Francisco State University,Living Cost,"$27,000",https://collegescorecard.ed.gov/school/?122597-San-Francisco-State-University,government,2026-10-04,"City: San Francisco. College Scorecard (US Dept of Education) on-campus room and board $22,266 + other expenses $4,734 per year"
Sapporo Medical University,Living Cost,"$10,430",https://livingcost.org/cost/japan/sapporo,secondary,2026-10-04,"City: Sapporo (location from Wikidata). livingcost.org (updated June 21, 2026): one-person monthly cost without rent $627 + one room in a shared flat = (cheap 3-bedroom apartment $443 + family utility bill $283) / 3 = $242; total $869/month x12"
Seattle University,Living Cost,"$17,620",https://collegescorecard.ed.gov/school/?236595-Seattle-University,government,2026-10-04,"City: Seattle. College Scorecard (US Dept of Education) on-campus room and board $15,702 + other expenses $1,913 per year"
Selçuk University,Living Cost,"$6,800",https://livingcost.org/cost/turkey/konya,secondary,2026-10-04,"City: Konya (location from Wikidata). livingcost.org (updated June 21, 2026): one-person monthly cost without rent $382 + one room in a shared flat = (cheap 3-bedroom apartment $519 + family utility bill $36) / 3 = $185; total $567/month x12"
Seoul National University of Science and Technology (SeoulTech),Living Cost,"$11,940",https://livingcost.org/cost/south-korea/seoul,secondary,2026-10-04,"City: Seoul (location from Wikidata). livingcost.org (updated June 21, 2026): one-person monthly cost without rent $672 + one room in a shared flat = (cheap 3-bedroom apartment $818 + family utility bill $152) / 3 = $323; total $995/month x12"
Shahid Bahonar University of Kerman,Living Cost,"$5,670",https://livingcost.org/cost/iran/kerman,secondary,2026-10-04,"City: Kerman (location from Wikidata). livingcost.org (updated June 21, 2026): one-person monthly cost without rent $377 + one room in a shared flat = (cheap 3-bedroom apartment $275 + family utility bill $12) / 3 = $96; total $473/month x12"
Shahid Sadoughi University of Medical Sciences,Living Cost,"$4,800",https://livingcost.org/cost/iran/yazd,secondary,2026-10-04,"City: Yazd (location from Wikidata). livingcost.org (updated June 21, 2026): one-person monthly cost without rent $269 + one room in a shared flat = (cheap 3-bedroom apartment $283 + family utility bill $110) / 3 = $131; total $400/month x12"
Shahjalal University of Science and Technology,Living Cost,"$3,300",https://livingcost.org/cost/bangladesh/sylhet,secondary,2026-10-04,"City: Sylhet (location from Wikidata). livingcost.org (updated June 21, 2026): one-person monthly cost without rent $236 + one room in a shared flat = (cheap 3-bedroom apartment $93 + family utility bill $24) / 3 = $39; total $275/month x12"
Shanghai International Studies University,Living Cost,"$10,130",https://livingcost.org/cost/china/shanghai,secondary,2026-10-04,"City: Shanghai (location from Wikidata). livingcost.org (updated June 21, 2026): one-person monthly cost without rent $512 + one room in a shared flat = (cheap 3-bedroom apartment $937 + family utility bill $59) / 3 = $332; total $844/month x12"
Shanghai University of Finance and Economics,Living Cost,"$10,130",https://livingcost.org/cost/china/shanghai,secondary,2026-10-04,"City: Shanghai (location from Wikidata). livingcost.org (updated June 21, 2026): one-person monthly cost without rent $512 + one room in a shared flat = (cheap 3-bedroom apartment $937 + family utility bill $59) / 3 = $332; total $844/month x12"
Shibaura Institute of Technology,Living Cost,"$15,130",https://livingcost.org/cost/japan/tokyo,secondary,2026-10-04,"City: Tokyo (location from Wikidata). livingcost.org (updated June 21, 2026): one-person monthly cost without rent $866 + one room in a shared flat = (cheap 3-bedroom apartment $1,045 + family utility bill $140) / 3 = $395; total $1,261/month x12"
Showa University,Living Cost,"$15,130",https://livingcost.org/cost/japan/tokyo,secondary,2026-10-04,"City: Tokyo (location from Wikidata). livingcost.org (updated June 21, 2026): one-person monthly cost without rent $866 + one room in a shared flat = (cheap 3-bedroom apartment $1,045 + family utility bill $140) / 3 = $395; total $1,261/month x12"
Sookmyung Women's University ,Living Cost,"$11,940",https://livingcost.org/cost/south-korea/seoul,secondary,2026-10-04,"City: Seoul (location from Wikidata). livingcost.org (updated June 21, 2026): one-person monthly cost without rent $672 + one room in a shared flat = (cheap 3-bedroom apartment $818 + family utility bill $152) / 3 = $323; total $995/month x12"
Soongsil University,Living Cost,"$11,940",https://livingcost.org/cost/south-korea/seoul,secondary,2026-10-04,"City: Seoul (location from Wikidata). livingcost.org (updated June 21, 2026): one-person monthly cost without rent $672 + one room in a shared flat = (cheap 3-bedroom apartment $818 + family utility bill $152) / 3 = $323; total $995/month x12"
Southwest Petroleum University,Living Cost,"$6,420",https://livingcost.org/cost/china/chengdu,secondary,2026-10-04,"City: Chengdu (location from Wikidata). livingcost.org (updated June 21, 2026): one-person monthly cost without rent $390 + one room in a shared flat = (cheap 3-bedroom apartment $386 + family utility bill $49) / 3 = $145; total $535/month x12"
Sri Venkateswara University,Living Cost,"$3,100",https://livingcost.org/cost/india/ap/chittoor,secondary,2026-10-04,"City: Chittoor (location from Wikidata). livingcost.org (updated June 21, 2026): one-person monthly cost without rent $227 + one room in a shared flat = (cheap 3-bedroom apartment $69 + family utility bill $26) / 3 = $32; total $259/month x12"
St Marianna University School of Medicine,Living Cost,"$12,710",https://livingcost.org/cost/japan/kawasaki,secondary,2026-10-04,"City: Kawasaki (location from Wikidata). livingcost.org (updated June 21, 2026): one-person monthly cost without rent $711 + one room in a shared flat = (cheap 3-bedroom apartment $926 + family utility bill $118) / 3 = $348; total $1,059/month x12"
Stefan cel Mare University of Suceava,Living Cost,"$7,400",https://livingcost.org/cost/romania/suceava,secondary,2026-10-04,"City: Suceava (location from Wikidata). livingcost.org (updated June 21, 2026): one-person monthly cost without rent $402 + one room in a shared flat = (cheap 3-bedroom apartment $479 + family utility bill $166) / 3 = $215; total $617/month x12"
"Suleyman Demirel University, Kazakhstan",Living Cost,"$8,020",https://livingcost.org/cost/kazakhstan/kaskelen,secondary,2026-10-04,"City: Kaskelen (location from Wikidata). livingcost.org (updated June 21, 2026): one-person monthly cost without rent $421 + one room in a shared flat = (cheap 3-bedroom apartment $672 + family utility bill $70) / 3 = $247; total $668/month x12"
Suranaree University of Technology,Living Cost,"$5,670",https://livingcost.org/cost/thailand/nakhon-ratchasima,secondary,2026-10-04,"City: Nakhon Ratchasima (location from Wikidata). livingcost.org (updated June 21, 2026): one-person monthly cost without rent $357 + one room in a shared flat = (cheap 3-bedroom apartment $262 + family utility bill $85) / 3 = $116; total $473/month x12"
Süleyman Demirel University,Living Cost,"$5,160",https://livingcost.org/cost/turkey/isparta,secondary,2026-10-04,"City: Isparta (location from Wikidata). livingcost.org (updated June 21, 2026): one-person monthly cost without rent $347 + one room in a shared flat = (cheap 3-bedroom apartment $210 + family utility bill $38) / 3 = $83; total $430/month x12"
Technical University of Cluj-Napoca,Living Cost,"$11,210",https://livingcost.org/cost/romania/cluj-napoca,secondary,2026-10-04,"City: Cluj-Napoca (location from Wikidata). livingcost.org (updated June 21, 2026): one-person monthly cost without rent $581 + one room in a shared flat = (cheap 3-bedroom apartment $905 + family utility bill $154) / 3 = $353; total $934/month x12"
Technical University of Crete,Living Cost,"$12,160",https://livingcost.org/cost/greece/chania,secondary,2026-10-04,"City: Chania (location from Wikidata). livingcost.org (updated June 21, 2026): one-person monthly cost without rent $676 + one room in a shared flat = (cheap 3-bedroom apartment $868 + family utility bill $144) / 3 = $337; total $1,013/month x12"
Technical University of Liberec,Living Cost,"$10,390",https://livingcost.org/cost/czech-republic/liberec,secondary,2026-10-04,"City: Liberec (location from Wikidata). livingcost.org (updated June 21, 2026): one-person monthly cost without rent $527 + one room in a shared flat = (cheap 3-bedroom apartment $733 + family utility bill $283) / 3 = $339; total $866/month x12"
Technische Universität Kaiserslautern,Living Cost,"$14,320",https://livingcost.org/cost/germany/rp/kaiserslautern,secondary,2026-10-04,"City: Kaiserslautern (location from Wikidata). livingcost.org (updated June 21, 2026): one-person monthly cost without rent $762 + one room in a shared flat = (cheap 3-bedroom apartment $1,001 + family utility bill $292) / 3 = $431; total $1,193/month x12"
Tezpur University,Living Cost,"$2,560",https://livingcost.org/cost/india/hr/hisar,secondary,2026-10-04,"City: Hisar (location from Wikidata). livingcost.org (updated June 21, 2026): one-person monthly cost without rent $174 + one room in a shared flat = (cheap 3-bedroom apartment $73 + family utility bill $44) / 3 = $39; total $213/month x12"
"The ""Gheorghe Asachi"" Technical University of Iasi",Living Cost,"$9,650",https://livingcost.org/cost/romania/iasi,secondary,2026-10-04,"City: Iasi (location from Wikidata). livingcost.org (updated June 21, 2026): one-person monthly cost without rent $518 + one room in a shared flat = (cheap 3-bedroom apartment $687 + family utility bill $171) / 3 = $286; total $804/month x12"
The Jikei University School of Medicine,Living Cost,"$15,130",https://livingcost.org/cost/japan/tokyo,secondary,2026-10-04,"City: Tokyo (location from Wikidata). livingcost.org (updated June 21, 2026): one-person monthly cost without rent $866 + one room in a shared flat = (cheap 3-bedroom apartment $1,045 + family utility bill $140) / 3 = $395; total $1,261/month x12"
The Josip Juraj Strossmayer University of Osijek,Living Cost,"$10,440",https://livingcost.org/cost/croatia/osijek,secondary,2026-10-04,"City: Osijek (location from Wikidata). livingcost.org (updated June 21, 2026): one-person monthly cost without rent $584 + one room in a shared flat = (cheap 3-bedroom apartment $677 + family utility bill $182) / 3 = $286; total $870/month x12"
"The University of Agriculture, Peshawar",Living Cost,"$3,010",https://livingcost.org/cost/pakistan/peshawar,secondary,2026-10-04,"City: Peshawar (location from Wikidata). livingcost.org (updated June 21, 2026): one-person monthly cost without rent $195 + one room in a shared flat = (cheap 3-bedroom apartment $96 + family utility bill $70) / 3 = $55; total $250/month x12"
Toho University,Living Cost,"$15,130",https://livingcost.org/cost/japan/tokyo,secondary,2026-10-04,"City: Tokyo (location from Wikidata). livingcost.org (updated June 21, 2026): one-person monthly cost without rent $866 + one room in a shared flat = (cheap 3-bedroom apartment $1,045 + family utility bill $140) / 3 = $395; total $1,261/month x12"
Tokai University,Living Cost,"$15,130",https://livingcost.org/cost/japan/tokyo,secondary,2026-10-04,"City: Tokyo (location from Wikidata). livingcost.org (updated June 21, 2026): one-person monthly cost without rent $866 + one room in a shared flat = (cheap 3-bedroom apartment $1,045 + family utility bill $140) / 3 = $395; total $1,261/month x12"
Tokyo University of Marine Science and Technology,Living Cost,"$15,130",https://livingcost.org/cost/japan/tokyo,secondary,2026-10-04,"City: Tokyo (location from Wikidata). livingcost.org (updated June 21, 2026): one-person monthly cost without rent $866 + one room in a shared flat = (cheap 3-bedroom apartment $1,045 + family utility bill $140) / 3 = $395; total $1,261/month x12"
Tomas Bata University in Zlín,Living Cost,"$11,740",https://livingcost.org/cost/czech-republic/zlin,secondary,2026-10-04,"City: Zlin (location from Wikidata). livingcost.org (updated June 21, 2026): one-person monthly cost without rent $557 + one room in a shared flat = (cheap 3-bedroom apartment $936 + family utility bill $327) / 3 = $421; total $978/month x12"
Toraighyrov University,Living Cost,"$5,330",https://livingcost.org/cost/kazakhstan/pavlodar,secondary,2026-10-04,"City: Pavlodar (location from Wikidata). livingcost.org (updated June 21, 2026): one-person monthly cost without rent $316 + one room in a shared flat = (cheap 3-bedroom apartment $326 + family utility bill $58) / 3 = $128; total $444/month x12"
Transilvania University of Brașov,Living Cost,"$10,120",https://livingcost.org/cost/romania/brasov,secondary,2026-10-04,"City: Brasov (location from Wikidata). livingcost.org (updated June 21, 2026): one-person monthly cost without rent $518 + one room in a shared flat = (cheap 3-bedroom apartment $808 + family utility bill $168) / 3 = $325; total $843/month x12"
Tribhuvan University,Living Cost,"$4,230",https://livingcost.org/cost/nepal/kathmandu,secondary,2026-10-04,"City: Kathmandu (location from Wikidata). livingcost.org (updated June 21, 2026): one-person monthly cost without rent $290 + one room in a shared flat = (cheap 3-bedroom apartment $156 + family utility bill $32) / 3 = $63; total $353/month x12"
Tunghai University,Living Cost,"$9,270",https://livingcost.org/cost/taiwan/taichung,secondary,2026-10-04,"City: Taichung (location from Wikidata). livingcost.org (updated June 21, 2026): one-person monthly cost without rent $590 + one room in a shared flat = (cheap 3-bedroom apartment $459 + family utility bill $88) / 3 = $182; total $772/month x12"
UNIR – International University of La Rioja,Living Cost,"$17,900",https://livingcost.org/cost/spain/madrid,secondary,2026-10-04,"City: Madrid (location from Wikidata). livingcost.org (updated June 21, 2026): one-person monthly cost without rent $858 + one room in a shared flat = (cheap 3-bedroom apartment $1,735 + family utility bill $165) / 3 = $633; total $1,491/month x12"
Universidad Autónoma de Guadalajara (UAG),Living Cost,"$11,130",https://livingcost.org/cost/mexico/guadalajara,secondary,2026-10-04,"City: Guadalajara (location from Wikidata). livingcost.org (updated June 21, 2026): one-person monthly cost without rent $648 + one room in a shared flat = (cheap 3-bedroom apartment $792 + family utility bill $46) / 3 = $279; total $927/month x12"
Universidad Industrial de Santander (UIS),Living Cost,"$7,690",https://livingcost.org/cost/colombia/bucaramanga,secondary,2026-10-04,"City: Bucaramanga (location from Wikidata). livingcost.org (updated June 21, 2026): one-person monthly cost without rent $451 + one room in a shared flat = (cheap 3-bedroom apartment $489 + family utility bill $80) / 3 = $190; total $641/month x12"
Universidad Latinoamericana de Ciencia y Tecnología Costa Rica (ULACIT),Living Cost,"$14,460",https://livingcost.org/cost/costa-rica/san-jose,secondary,2026-10-04,"City: San Jose (location from Wikidata). livingcost.org (updated June 21, 2026): one-person monthly cost without rent $826 + one room in a shared flat = (cheap 3-bedroom apartment $1,048 + family utility bill $90) / 3 = $379; total $1,205/month x12"
Universidad Loyola,Living Cost,"$11,120",https://livingcost.org/cost/spain/dos-hermanas,secondary,2026-10-04,"City: Dos Hermanas (location from Wikidata). livingcost.org (updated June 21, 2026): one-person monthly cost without rent $548 + one room in a shared flat = (cheap 3-bedroom apartment $1,009 + family utility bill $128) / 3 = $379; total $927/month x12"
Universidad Mayor de San Andrés (UMSA),Living Cost,"$6,530",https://livingcost.org/cost/bolivia/la-paz,secondary,2026-10-04,"City: La Paz (location from Wikidata). livingcost.org (updated June 21, 2026): one-person monthly cost without rent $398 + one room in a shared flat = (cheap 3-bedroom apartment $404 + family utility bill $35) / 3 = $146; total $544/month x12"
Universidad Metropolitana,Living Cost,"$12,230",https://livingcost.org/cost/venezuela/caracas,secondary,2026-10-04,"City: Caracas (location from Wikidata). livingcost.org (updated June 21, 2026): one-person monthly cost without rent $781 + one room in a shared flat = (cheap 3-bedroom apartment $680 + family utility bill $34) / 3 = $238; total $1,019/month x12"
Universidad Nacional Agraria la Molina,Living Cost,"$9,380",https://livingcost.org/cost/peru/lima,secondary,2026-10-04,"City: Lima (location from Wikidata). livingcost.org (updated June 21, 2026): one-person monthly cost without rent $568 + one room in a shared flat = (cheap 3-bedroom apartment $580 + family utility bill $61) / 3 = $214; total $782/month x12"
Universidad Nacional Autónoma de Honduras (UNAH),Living Cost,"$8,570",https://livingcost.org/cost/honduras/tegucigalpa,secondary,2026-10-04,"City: Tegucigalpa (location from Wikidata). livingcost.org (updated June 21, 2026): one-person monthly cost without rent $515 + one room in a shared flat = (cheap 3-bedroom apartment $517 + family utility bill $80) / 3 = $199; total $714/month x12"
Universidad Nacional de Ingeniería Peru,Living Cost,"$9,380",https://livingcost.org/cost/peru/lima,secondary,2026-10-04,"City: Lima (location from Wikidata). livingcost.org (updated June 21, 2026): one-person monthly cost without rent $568 + one room in a shared flat = (cheap 3-bedroom apartment $580 + family utility bill $61) / 3 = $214; total $782/month x12"
Universidad Nacional de Mar del Plata,Living Cost,"$8,470",https://livingcost.org/cost/argentina/mar-del-plata,secondary,2026-10-04,"City: Mar del Plata (location from Wikidata). livingcost.org (updated June 21, 2026): one-person monthly cost without rent $544 + one room in a shared flat = (cheap 3-bedroom apartment $408 + family utility bill $77) / 3 = $162; total $706/month x12"
Universidad Nacional de Río Cuarto - UNRC,Living Cost,"$9,860",https://livingcost.org/cost/argentina/cordoba,secondary,2026-10-04,"City: Cordoba (location from Wikidata). livingcost.org (updated June 21, 2026): one-person monthly cost without rent $636 + one room in a shared flat = (cheap 3-bedroom apartment $465 + family utility bill $92) / 3 = $186; total $822/month x12"
Universidad Nacional del Litoral,Living Cost,"$7,660",https://livingcost.org/cost/argentina/santa-fe,secondary,2026-10-04,"City: Santa Fe (location from Wikidata). livingcost.org (updated June 21, 2026): one-person monthly cost without rent $453 + one room in a shared flat = (cheap 3-bedroom apartment $493 + family utility bill $64) / 3 = $186; total $639/month x12"
Universidad Nacional del Sur,Living Cost,"$9,970",https://livingcost.org/cost/argentina/bahia-blanca,secondary,2026-10-04,"City: Bahia Blanca (location from Wikidata). livingcost.org (updated June 21, 2026): one-person monthly cost without rent $639 + one room in a shared flat = (cheap 3-bedroom apartment $320 + family utility bill $255) / 3 = $192; total $831/month x12"
"Universidad Nacional, Costa Rica",Living Cost,"$13,250",https://livingcost.org/cost/costa-rica/heredia,secondary,2026-10-04,"City: Heredia (location from Wikidata). livingcost.org (updated June 21, 2026): one-person monthly cost without rent $751 + one room in a shared flat = (cheap 3-bedroom apartment $965 + family utility bill $95) / 3 = $353; total $1,104/month x12"
Universidad Peruana de Ciencias Aplicadas (UPC),Living Cost,"$9,380",https://livingcost.org/cost/peru/lima,secondary,2026-10-04,"City: Lima (location from Wikidata). livingcost.org (updated June 21, 2026): one-person monthly cost without rent $568 + one room in a shared flat = (cheap 3-bedroom apartment $580 + family utility bill $61) / 3 = $214; total $782/month x12"
Universidad de Cartagena,Living Cost,"$9,840",https://livingcost.org/cost/colombia/cartagena,secondary,2026-10-04,"City: Cartagena (location from Wikidata). livingcost.org (updated June 21, 2026): one-person monthly cost without rent $564 + one room in a shared flat = (cheap 3-bedroom apartment $633 + family utility bill $135) / 3 = $256; total $820/month x12"
Universidad de La Serena,Living Cost,"$8,320",https://livingcost.org/cost/chile/la-serena,secondary,2026-10-04,"City: La Serena (location from Wikidata). livingcost.org (updated June 21, 2026): one-person monthly cost without rent $493 + one room in a shared flat = (cheap 3-bedroom apartment $524 + family utility bill $78) / 3 = $200; total $694/month x12"
Universidad de Monterrey (UDEM),Living Cost,"$13,040",https://livingcost.org/cost/mexico/monterrey,secondary,2026-10-04,"City: Monterrey (location from Wikidata). livingcost.org (updated June 21, 2026): one-person monthly cost without rent $687 + one room in a shared flat = (cheap 3-bedroom apartment $1,079 + family utility bill $119) / 3 = $399; total $1,086/month x12"
Universidad de Oriente Santiago de Cuba,Living Cost,"$10,390",https://livingcost.org/cost/cuba/santiago-de-cuba,secondary,2026-10-04,"City: Santiago de Cuba (location from Wikidata). livingcost.org (updated June 21, 2026): one-person monthly cost without rent $697 + one room in a shared flat = (cheap 3-bedroom apartment $450 + family utility bill $56) / 3 = $169; total $866/month x12"
Universidad de Panama,Living Cost,"$13,170",https://livingcost.org/cost/panama/panama,secondary,2026-10-04,"City: Panama City (location from Wikidata). livingcost.org (updated June 21, 2026): one-person monthly cost without rent $643 + one room in a shared flat = (cheap 3-bedroom apartment $1,223 + family utility bill $140) / 3 = $454; total $1,097/month x12"
Universidad de Piura,Living Cost,"$6,610",https://livingcost.org/cost/peru/piura,secondary,2026-10-04,"City: Piura (location from Wikidata). livingcost.org (updated June 21, 2026): one-person monthly cost without rent $466 + one room in a shared flat = (cheap 3-bedroom apartment $216 + family utility bill $39) / 3 = $85; total $551/month x12"
Universidad de Tarapaca,Living Cost,"$6,570",https://livingcost.org/cost/chile/arica,secondary,2026-10-04,"City: Arica (location from Wikidata). livingcost.org (updated June 21, 2026): one-person monthly cost without rent $421 + one room in a shared flat = (cheap 3-bedroom apartment $307 + family utility bill $73) / 3 = $127; total $548/month x12"
Universidad de Valparaíso (UV),Living Cost,"$8,470",https://livingcost.org/cost/chile/valparaiso,secondary,2026-10-04,"City: Valparaiso (location from Wikidata). livingcost.org (updated June 21, 2026): one-person monthly cost without rent $492 + one room in a shared flat = (cheap 3-bedroom apartment $541 + family utility bill $101) / 3 = $214; total $706/month x12"
Universidad del Bío-Bío,Living Cost,"$8,550",https://livingcost.org/cost/chile/concepcion,secondary,2026-10-04,"City: Concepcion (location from Wikidata). livingcost.org (updated June 21, 2026): one-person monthly cost without rent $484 + one room in a shared flat = (cheap 3-bedroom apartment $587 + family utility bill $99) / 3 = $229; total $713/month x12"
Universidad del Salvador,Living Cost,"$11,780",https://livingcost.org/cost/argentina/buenos-aires,secondary,2026-10-04,"City: Buenos Aires (location from Wikidata). livingcost.org (updated June 21, 2026): one-person monthly cost without rent $693 + one room in a shared flat = (cheap 3-bedroom apartment $729 + family utility bill $138) / 3 = $289; total $982/month x12"
Universidad del Zulia,Living Cost,"$7,650",https://livingcost.org/cost/venezuela/maracaibo,secondary,2026-10-04,"City: Maracaibo (location from Wikidata). livingcost.org (updated June 21, 2026): one-person monthly cost without rent $576 + one room in a shared flat = (cheap 3-bedroom apartment $166 + family utility bill $17) / 3 = $61; total $637/month x12"
Universidade Eduardo Mondlane,Living Cost,"$8,620",https://livingcost.org/cost/mozambique/maputo,secondary,2026-10-04,"City: Maputo (location from Wikidata). livingcost.org (updated June 21, 2026): one-person monthly cost without rent $501 + one room in a shared flat = (cheap 3-bedroom apartment $582 + family utility bill $69) / 3 = $217; total $718/month x12"
Universidade Federal de Uberlândia,Living Cost,"$7,070",https://livingcost.org/cost/brazil/uberlandia,secondary,2026-10-04,"City: Uberlandia (location from Wikidata). livingcost.org (updated June 21, 2026): one-person monthly cost without rent $438 + one room in a shared flat = (cheap 3-bedroom apartment $380 + family utility bill $73) / 3 = $151; total $589/month x12"
Universidade Federal do Ceará (UFC),Living Cost,"$7,350",https://livingcost.org/cost/brazil/fortaleza,secondary,2026-10-04,"City: Fortaleza (location from Wikidata). livingcost.org (updated June 21, 2026): one-person monthly cost without rent $459 + one room in a shared flat = (cheap 3-bedroom apartment $340 + family utility bill $120) / 3 = $153; total $612/month x12"
Universidade Federal do Rio Grande Do Norte,Living Cost,"$5,790",https://livingcost.org/cost/brazil/natal,secondary,2026-10-04,"City: Natal (location from Wikidata). livingcost.org (updated June 21, 2026): one-person monthly cost without rent $372 + one room in a shared flat = (cheap 3-bedroom apartment $281 + family utility bill $50) / 3 = $110; total $482/month x12"
Universidade Lusófona,Living Cost,"$16,360",https://livingcost.org/cost/portugal/lisbon,secondary,2026-10-04,"City: Lisbon (location from Wikidata). livingcost.org (updated June 21, 2026): one-person monthly cost without rent $707 + one room in a shared flat = (cheap 3-bedroom apartment $1,788 + family utility bill $181) / 3 = $656; total $1,363/month x12"
Universidade do Estado do Rio de Janeiro (UERJ),Living Cost,"$9,370",https://livingcost.org/cost/brazil/rio-de-janeiro,secondary,2026-10-04,"City: Rio de Janeiro (location from Wikidata). livingcost.org (updated June 21, 2026): one-person monthly cost without rent $528 + one room in a shared flat = (cheap 3-bedroom apartment $621 + family utility bill $137) / 3 = $253; total $781/month x12"
Universitas Pendidikan Indonesia,Living Cost,"$4,360",https://livingcost.org/cost/indonesia/serang,secondary,2026-10-04,"City: Serang (location from Wikidata). livingcost.org (updated June 21, 2026): one-person monthly cost without rent $258 + one room in a shared flat = (cheap 3-bedroom apartment $272 + family utility bill $43) / 3 = $105; total $363/month x12"
Universitatea de Vest din Timisoara / West University of Timisoara,Living Cost,"$9,290",https://livingcost.org/cost/romania/timisoara,secondary,2026-10-04,"City: Timisoara (location from Wikidata). livingcost.org (updated June 21, 2026): one-person monthly cost without rent $522 + one room in a shared flat = (cheap 3-bedroom apartment $596 + family utility bill $160) / 3 = $252; total $774/month x12"
Universiti Kuala Lumpur,Living Cost,"$8,640",https://livingcost.org/cost/malaysia/kuala-lumpur,secondary,2026-10-04,"City: Kuala Lumpur (location from Wikidata). livingcost.org (updated June 21, 2026): one-person monthly cost without rent $509 + one room in a shared flat = (cheap 3-bedroom apartment $572 + family utility bill $60) / 3 = $211; total $720/month x12"
Universiti Malaysia Perlis,Living Cost,"$5,500",https://livingcost.org/cost/malaysia/kangar,secondary,2026-10-04,"City: Kangar (location from Wikidata). livingcost.org (updated June 21, 2026): one-person monthly cost without rent $333 + one room in a shared flat = (cheap 3-bedroom apartment $337 + family utility bill $39) / 3 = $125; total $458/month x12"
Universiti Teknikal Malaysia Melaka,Living Cost,"$6,210",https://livingcost.org/cost/malaysia/malacca,secondary,2026-10-04,"City: Malacca (location from Wikidata). livingcost.org (updated June 21, 2026): one-person monthly cost without rent $396 + one room in a shared flat = (cheap 3-bedroom apartment $315 + family utility bill $50) / 3 = $122; total $518/month x12"
University of Antofagasta,Living Cost,"$9,040",https://livingcost.org/cost/chile/antofagasta,secondary,2026-10-04,"City: Antofagasta (location from Wikidata). livingcost.org (updated June 21, 2026): one-person monthly cost without rent $532 + one room in a shared flat = (cheap 3-bedroom apartment $556 + family utility bill $108) / 3 = $221; total $753/month x12"
University of Babylon,Living Cost,"$6,210",https://livingcost.org/cost/iraq/hillah,secondary,2026-10-04,"City: Hillah (location from Wikidata). livingcost.org (updated June 21, 2026): one-person monthly cost without rent $397 + one room in a shared flat = (cheap 3-bedroom apartment $291 + family utility bill $72) / 3 = $121; total $518/month x12"
University of Basrah,Living Cost,"$7,920",https://livingcost.org/cost/iraq/basra,secondary,2026-10-04,"City: Basra (location from Wikidata). livingcost.org (updated June 21, 2026): one-person monthly cost without rent $461 + one room in a shared flat = (cheap 3-bedroom apartment $549 + family utility bill $48) / 3 = $199; total $660/month x12"
University of Botswana,Living Cost,"$6,830",https://livingcost.org/cost/botswana/gaborone,secondary,2026-10-04,"City: Gaborone (location from Wikidata). livingcost.org (updated June 21, 2026): one-person monthly cost without rent $443 + one room in a shared flat = (cheap 3-bedroom apartment $321 + family utility bill $57) / 3 = $126; total $569/month x12"
University of Burgos,Living Cost,"$10,590",https://livingcost.org/cost/spain/burgos,secondary,2026-10-04,"City: Burgos (location from Wikidata). livingcost.org (updated June 21, 2026): one-person monthly cost without rent $620 + one room in a shared flat = (cheap 3-bedroom apartment $682 + family utility bill $106) / 3 = $263; total $883/month x12"
University of Diyala,Living Cost,"$5,910",https://livingcost.org/cost/iraq/baqubah,secondary,2026-10-04,"City: Baqubah (location from Wikidata). livingcost.org (updated June 21, 2026): one-person monthly cost without rent $394 + one room in a shared flat = (cheap 3-bedroom apartment $154 + family utility bill $141) / 3 = $98; total $492/month x12"
"University of Education, Lahore",Living Cost,"$4,250",https://livingcost.org/cost/pakistan/lahore,secondary,2026-10-04,"City: Lahore (location from Wikidata). livingcost.org (updated June 21, 2026): one-person monthly cost without rent $267 + one room in a shared flat = (cheap 3-bedroom apartment $133 + family utility bill $129) / 3 = $87; total $354/month x12"
University of Guilan,Living Cost,"$4,300",https://livingcost.org/cost/iran/rasht,secondary,2026-10-04,"City: Rasht (location from Wikidata). livingcost.org (updated June 21, 2026): one-person monthly cost without rent $284 + one room in a shared flat = (cheap 3-bedroom apartment $211 + family utility bill $13) / 3 = $75; total $359/month x12"
University of Hormozgan,Living Cost,"$5,860",https://livingcost.org/cost/iran/bandar-abbas,secondary,2026-10-04,"City: Bandar Abbas (location from Wikidata). livingcost.org (updated June 21, 2026): one-person monthly cost without rent $340 + one room in a shared flat = (cheap 3-bedroom apartment $409 + family utility bill $36) / 3 = $148; total $488/month x12"
University of Ilorin,Living Cost,"$4,900",https://livingcost.org/cost/nigeria/ilorin,secondary,2026-10-04,"City: Ilorin (location from Wikidata). livingcost.org (updated June 21, 2026): one-person monthly cost without rent $297 + one room in a shared flat = (cheap 3-bedroom apartment $297 + family utility bill $38) / 3 = $112; total $409/month x12"
University of Kufa,Living Cost,"$5,310",https://livingcost.org/cost/iraq/najaf,secondary,2026-10-04,"City: Najaf (location from Wikidata). livingcost.org (updated June 21, 2026): one-person monthly cost without rent $359 + one room in a shared flat = (cheap 3-bedroom apartment $202 + family utility bill $49) / 3 = $84; total $443/month x12"
University of Marrakech Cadi Ayyad,Living Cost,"$5,030",https://livingcost.org/cost/morocco/safi,secondary,2026-10-04,"City: Safi (location from Wikidata). livingcost.org (updated June 21, 2026): one-person monthly cost without rent $331 + one room in a shared flat = (cheap 3-bedroom apartment $230 + family utility bill $33) / 3 = $88; total $419/month x12"
University of Miskolc,Living Cost,"$9,710",https://livingcost.org/cost/hungary/miskolc,secondary,2026-10-04,"City: Miskolc (location from Wikidata). livingcost.org (updated June 21, 2026): one-person monthly cost without rent $550 + one room in a shared flat = (cheap 3-bedroom apartment $594 + family utility bill $183) / 3 = $259; total $809/month x12"
University of Missouri Saint Louis,Living Cost,"$20,690",https://collegescorecard.ed.gov/school/?178420-University-of-Missouri-St-Louis,government,2026-10-04,"City: Saint Louis. College Scorecard (US Dept of Education) on-campus room and board $13,502 + other expenses $7,188 per year"
University of Namibia,Living Cost,"$9,370",https://livingcost.org/cost/namibia/windhoek,secondary,2026-10-04,"City: Windhoek (location from Wikidata). livingcost.org (updated June 21, 2026): one-person monthly cost without rent $525 + one room in a shared flat = (cheap 3-bedroom apartment $636 + family utility bill $132) / 3 = $256; total $781/month x12"
University of Nigeria Nsukka,Living Cost,"$4,900",https://livingcost.org/cost/nigeria/enugu,secondary,2026-10-04,"City: Enugu (location from Wikidata). livingcost.org (updated June 21, 2026): one-person monthly cost without rent $256 + one room in a shared flat = (cheap 3-bedroom apartment $323 + family utility bill $134) / 3 = $152; total $408/month x12"
University of North Carolina at Greensboro,Living Cost,"$14,070",https://collegescorecard.ed.gov/school/?199148-University-of-North-Carolina-at-Greensboro,government,2026-10-04,"City: Greensboro. College Scorecard (US Dept of Education) on-campus room and board $10,688 + other expenses $3,386 per year"
University of Oradea,Living Cost,"$7,520",https://livingcost.org/cost/romania/oradea,secondary,2026-10-04,"City: Oradea (location from Wikidata). livingcost.org (updated June 21, 2026): one-person monthly cost without rent $444 + one room in a shared flat = (cheap 3-bedroom apartment $412 + family utility bill $135) / 3 = $182; total $626/month x12"
University of Ostrava,Living Cost,"$11,480",https://livingcost.org/cost/czech-republic/ostrava,secondary,2026-10-04,"City: Ostrava (location from Wikidata). livingcost.org (updated June 21, 2026): one-person monthly cost without rent $594 + one room in a shared flat = (cheap 3-bedroom apartment $862 + family utility bill $226) / 3 = $363; total $957/month x12"
University of Pannonia,Living Cost,"$9,870",https://livingcost.org/cost/hungary/veszprem,secondary,2026-10-04,"City: Veszprem (location from Wikidata). livingcost.org (updated June 21, 2026): one-person monthly cost without rent $543 + one room in a shared flat = (cheap 3-bedroom apartment $700 + family utility bill $138) / 3 = $279; total $822/month x12"
University of Pardubice,Living Cost,"$10,930",https://livingcost.org/cost/czech-republic/pardubice,secondary,2026-10-04,"City: Pardubice (location from Wikidata). livingcost.org (updated June 21, 2026): one-person monthly cost without rent $545 + one room in a shared flat = (cheap 3-bedroom apartment $817 + family utility bill $280) / 3 = $366; total $911/month x12"
University of Rijeka,Living Cost,"$12,160",https://livingcost.org/cost/croatia/rijeka,secondary,2026-10-04,"City: Rijeka (location from Wikidata). livingcost.org (updated June 21, 2026): one-person monthly cost without rent $652 + one room in a shared flat = (cheap 3-bedroom apartment $899 + family utility bill $184) / 3 = $361; total $1,013/month x12"
University of Rzeszów,Living Cost,"$10,740",https://livingcost.org/cost/poland/rzeszow,secondary,2026-10-04,"City: Rzeszow (location from Wikidata). livingcost.org (updated June 21, 2026): one-person monthly cost without rent $526 + one room in a shared flat = (cheap 3-bedroom apartment $832 + family utility bill $276) / 3 = $369; total $895/month x12"
University of San Diego,Living Cost,"$24,360",https://collegescorecard.ed.gov/school/?122436-University-of-San-Diego,government,2026-10-04,"City: San Diego. College Scorecard (US Dept of Education) on-campus room and board $19,918 + other expenses $4,446 per year"
University of San Francisco,Living Cost,"$23,790",https://collegescorecard.ed.gov/school/?122612-University-of-San-Francisco,government,2026-10-04,"City: San Francisco. College Scorecard (US Dept of Education) on-campus room and board $19,764 + other expenses $4,028 per year"
University of Shanghai for Science and Technology,Living Cost,"$10,130",https://livingcost.org/cost/china/shanghai,secondary,2026-10-04,"City: Shanghai (location from Wikidata). livingcost.org (updated June 21, 2026): one-person monthly cost without rent $512 + one room in a shared flat = (cheap 3-bedroom apartment $937 + family utility bill $59) / 3 = $332; total $844/month x12"
University of Silesia in Katowice,Living Cost,"$10,560",https://livingcost.org/cost/poland/katowice,secondary,2026-10-04,"City: Katowice (location from Wikidata). livingcost.org (updated June 21, 2026): one-person monthly cost without rent $503 + one room in a shared flat = (cheap 3-bedroom apartment $851 + family utility bill $279) / 3 = $377; total $880/month x12"
University of South Alabama (USA),Living Cost,"$16,880",https://collegescorecard.ed.gov/school/?102094-University-of-South-Alabama,government,2026-10-04,"City: Mobile. College Scorecard (US Dept of Education) on-campus room and board $11,366 + other expenses $5,517 per year"
University of Split,Living Cost,"$14,180",https://livingcost.org/cost/croatia/split,secondary,2026-10-04,"City: Split (location from Wikidata). livingcost.org (updated June 21, 2026): one-person monthly cost without rent $703 + one room in a shared flat = (cheap 3-bedroom apartment $1,225 + family utility bill $210) / 3 = $478; total $1,181/month x12"
University of Sri Jayewardenepura,Living Cost,"$6,130",https://livingcost.org/cost/sri-lanka/colombo,secondary,2026-10-04,"City: Colombo (location from Wikidata). livingcost.org (updated June 21, 2026): one-person monthly cost without rent $371 + one room in a shared flat = (cheap 3-bedroom apartment $373 + family utility bill $46) / 3 = $140; total $511/month x12"
University of Sunderland,Living Cost,"$14,180",https://livingcost.org/cost/united-kingdom/eng/sunderland,secondary,2026-10-04,"City: Sunderland (location from Wikidata). livingcost.org (updated June 21, 2026): one-person monthly cost without rent $776 + one room in a shared flat = (cheap 3-bedroom apartment $978 + family utility bill $239) / 3 = $406; total $1,182/month x12"
University of Technology of Compiègne,Living Cost,"$13,890",https://livingcost.org/cost/france/hdf/compiegne,secondary,2026-10-04,"City: Compiegne (location from Wikidata). livingcost.org (updated June 21, 2026): one-person monthly cost without rent $770 + one room in a shared flat = (cheap 3-bedroom apartment $959 + family utility bill $203) / 3 = $387; total $1,157/month x12"
University of Texas Rio Grande Valley,Living Cost,"$13,650",https://collegescorecard.ed.gov/school/?227368-The-University-of-Texas-Rio-Grande-Valley,government,2026-10-04,"City: Edinburg. College Scorecard (US Dept of Education) on-campus room and board $9,728 + other expenses $3,918 per year"
University of West Bohemia,Living Cost,"$11,730",https://livingcost.org/cost/czech-republic/plzen,secondary,2026-10-04,"City: Plzen (location from Wikidata). livingcost.org (updated June 21, 2026): one-person monthly cost without rent $572 + one room in a shared flat = (cheap 3-bedroom apartment $960 + family utility bill $256) / 3 = $405; total $977/month x12"
University of Western Macedonia,Living Cost,"$9,520",https://livingcost.org/cost/greece/kozani,secondary,2026-10-04,"City: Kozani (location from Wikidata). livingcost.org (updated June 21, 2026): one-person monthly cost without rent $572 + one room in a shared flat = (cheap 3-bedroom apartment $454 + family utility bill $211) / 3 = $222; total $794/month x12"
University of Wisconsin Milwaukee ,Living Cost,"$15,430",https://collegescorecard.ed.gov/school/?240453-University-of-Wisconsin-Milwaukee,government,2026-10-04,"City: Milwaukee. College Scorecard (US Dept of Education) on-campus room and board $11,684 + other expenses $3,742 per year"
University of Zambia,Living Cost,"$7,400",https://livingcost.org/cost/zambia/lusaka,secondary,2026-10-04,"City: Lusaka (location from Wikidata). livingcost.org (updated June 21, 2026): one-person monthly cost without rent $505 + one room in a shared flat = (cheap 3-bedroom apartment $271 + family utility bill $63) / 3 = $111; total $616/month x12"
University of Zanjan,Living Cost,"$4,030",https://livingcost.org/cost/iran/zanjan,secondary,2026-10-04,"City: Zanjan (location from Wikidata). livingcost.org (updated June 21, 2026): one-person monthly cost without rent $282 + one room in a shared flat = (cheap 3-bedroom apartment $149 + family utility bill $13) / 3 = $54; total $336/month x12"
University of Zimbabwe,Living Cost,"$9,570",https://livingcost.org/cost/zimbabwe/harare,secondary,2026-10-04,"City: Harare (location from Wikidata). livingcost.org (updated June 21, 2026): one-person monthly cost without rent $599 + one room in a shared flat = (cheap 3-bedroom apartment $540 + family utility bill $56) / 3 = $199; total $798/month x12"
Université Hassan II de Casablanca,Living Cost,"$8,580",https://livingcost.org/cost/morocco/casablanca,secondary,2026-10-04,"City: Casablanca (location from Wikidata). livingcost.org (updated June 21, 2026): one-person monthly cost without rent $500 + one room in a shared flat = (cheap 3-bedroom apartment $596 + family utility bill $50) / 3 = $215; total $715/month x12"
Université Sorbonne Nouvelle,Living Cost,"$21,620",https://livingcost.org/cost/france/idf/paris,secondary,2026-10-04,"City: Paris (location from Wikidata). livingcost.org (updated June 21, 2026): one-person monthly cost without rent $1,028 + one room in a shared flat = (cheap 3-bedroom apartment $2,070 + family utility bill $252) / 3 = $774; total $1,802/month x12"
Université de Skikda,Living Cost,"$4,580",https://livingcost.org/cost/algeria/skikda,secondary,2026-10-04,"City: Skikda (location from Wikidata). livingcost.org (updated June 21, 2026): one-person monthly cost without rent $299 + one room in a shared flat = (cheap 3-bedroom apartment $143 + family utility bill $104) / 3 = $82; total $381/month x12"
Vancouver Island University,Living Cost,"$15,520",https://livingcost.org/cost/canada/bc/nanaimo,secondary,2026-10-04,"City: Nanaimo (location from Wikidata). livingcost.org (updated June 21, 2026): one-person monthly cost without rent $736 + one room in a shared flat = (cheap 3-bedroom apartment $1,551 + family utility bill $121) / 3 = $557; total $1,293/month x12"
"Visvesvaraya National Institute of Technology, Nagpur",Living Cost,"$5,040",https://livingcost.org/cost/india/mh/nagpur,secondary,2026-10-04,"City: Nagpur (location from Wikidata). livingcost.org (updated June 21, 2026): one-person monthly cost without rent $299 + one room in a shared flat = (cheap 3-bedroom apartment $300 + family utility bill $63) / 3 = $121; total $420/month x12"
Volgograd State University,Living Cost,"$6,650",https://livingcost.org/cost/russia/volgograd,secondary,2026-10-04,"City: Volgograd (location from Wikidata). livingcost.org (updated June 21, 2026): one-person monthly cost without rent $402 + one room in a shared flat = (cheap 3-bedroom apartment $384 + family utility bill $73) / 3 = $152; total $554/month x12"
Walailak University,Living Cost,"$7,460",https://livingcost.org/cost/thailand/nakhon-si-thammarat,secondary,2026-10-04,"City: Nakhon Si Thammarat (location from Wikidata). livingcost.org (updated June 21, 2026): one-person monthly cost without rent $443 + one room in a shared flat = (cheap 3-bedroom apartment $438 + family utility bill $98) / 3 = $179; total $622/month x12"
Wuhan Textile University,Living Cost,"$6,370",https://livingcost.org/cost/china/wuhan,secondary,2026-10-04,"City: Wuhan (location from Wikidata). livingcost.org (updated June 21, 2026): one-person monthly cost without rent $402 + one room in a shared flat = (cheap 3-bedroom apartment $337 + family utility bill $49) / 3 = $129; total $531/month x12"
Xuzhou Medical University,Living Cost,"$5,110",https://livingcost.org/cost/china/xuzhou,secondary,2026-10-04,"City: Xuzhou (location from Wikidata). livingcost.org (updated June 21, 2026): one-person monthly cost without rent $316 + one room in a shared flat = (cheap 3-bedroom apartment $282 + family utility bill $47) / 3 = $110; total $426/month x12"
Yogyakarta State University,Living Cost,"$3,670",https://livingcost.org/cost/indonesia/yogyakarta,secondary,2026-10-04,"City: Yogyakarta (location from Wikidata). livingcost.org (updated June 21, 2026): one-person monthly cost without rent $243 + one room in a shared flat = (cheap 3-bedroom apartment $135 + family utility bill $55) / 3 = $63; total $306/month x12"
Yuan Ze University,Living Cost,"$9,450",https://livingcost.org/cost/taiwan/taoyuan,secondary,2026-10-04,"City: Taoyuan (location from Wikidata). livingcost.org (updated June 21, 2026): one-person monthly cost without rent $581 + one room in a shared flat = (cheap 3-bedroom apartment $555 + family utility bill $66) / 3 = $207; total $788/month x12"
Yuriy Fedkovych Chernivtsi National University,Living Cost,"$5,360",https://livingcost.org/cost/ukraine/chernivtsi,secondary,2026-10-04,"City: Chernivtsi (location from Wikidata). livingcost.org (updated June 21, 2026): one-person monthly cost without rent $296 + one room in a shared flat = (cheap 3-bedroom apartment $372 + family utility bill $80) / 3 = $151; total $447/month x12"
Zanjan University of Medical Sciences,Living Cost,"$4,030",https://livingcost.org/cost/iran/zanjan,secondary,2026-10-04,"City: Zanjan (location from Wikidata). livingcost.org (updated June 21, 2026): one-person monthly cost without rent $282 + one room in a shared flat = (cheap 3-bedroom apartment $149 + family utility bill $13) / 3 = $54; total $336/month x12"
Zhejiang Chinese Medical University,Living Cost,"$8,170",https://livingcost.org/cost/china/hangzhou,secondary,2026-10-04,"City: Hangzhou (location from Wikidata). livingcost.org (updated June 21, 2026): one-person monthly cost without rent $461 + one room in a shared flat = (cheap 3-bedroom apartment $600 + family utility bill $60) / 3 = $220; total $681/month x12"
Bernardo O’Higgins University,Living Cost,"$11,080",https://livingcost.org/cost/chile/santiago,secondary,2026-10-04,"City: Santiago (location from Wikidata). livingcost.org (updated June 21, 2026): one-person monthly cost without rent $647 + one room in a shared flat = (cheap 3-bedroom apartment $699 + family utility bill $130) / 3 = $276; total $923/month x12"
California Polytechnic State University,Living Cost,"$21,860",https://collegescorecard.ed.gov/school/?110422-California-Polytechnic-State-University-San-Luis-Obispo,government,2026-10-04,"City: San Luis Obispo. College Scorecard (US Dept of Education) on-campus room and board $18,792 + other expenses $3,069 per year"
California State University - Los Angeles,Living Cost,"$26,300",https://collegescorecard.ed.gov/school/?110592-California-State-University-Los-Angeles,government,2026-10-04,"City: Los Angeles. College Scorecard (US Dept of Education) on-campus room and board $19,696 + other expenses $6,608 per year"
"California State University, Long Beach",Living Cost,"$20,060",https://collegescorecard.ed.gov/school/?110583-California-State-University-Long-Beach,government,2026-10-04,"City: Long Beach. College Scorecard (US Dept of Education) on-campus room and board $15,612 + other expenses $4,446 per year"
East West University,Living Cost,"$4,820",https://livingcost.org/cost/bangladesh/dhaka,secondary,2026-10-04,"City: Dhaka (location from Wikidata). livingcost.org (updated June 21, 2026): one-person monthly cost without rent $328 + one room in a shared flat = (cheap 3-bedroom apartment $181 + family utility bill $40) / 3 = $74; total $402/month x12"
Fundación Universidad De Bogotá-Jorge Tadeo Lozano,Living Cost,"$10,340",https://livingcost.org/cost/colombia/bogota,secondary,2026-10-04,"City: Bogota (location from Wikidata). livingcost.org (updated June 21, 2026): one-person monthly cost without rent $606 + one room in a shared flat = (cheap 3-bedroom apartment $668 + family utility bill $100) / 3 = $256; total $862/month x12"
Humboldt State University,Living Cost,"$18,450",https://collegescorecard.ed.gov/school/?115755-California-State-Polytechnic-University-Humboldt,government,2026-10-04,"City: Arcata. College Scorecard (US Dept of Education) on-campus room and board $14,118 + other expenses $4,332 per year"
Illinois State University,Living Cost,"$17,630",https://collegescorecard.ed.gov/school/?145813-Illinois-State-University,government,2026-10-04,"City: Normal. College Scorecard (US Dept of Education) on-campus room and board $11,754 + other expenses $5,874 per year"
International University of Business Agriculture and Technology,Living Cost,"$4,820",https://livingcost.org/cost/bangladesh/dhaka,secondary,2026-10-04,"City: Dhaka (location from Wikidata). livingcost.org (updated June 21, 2026): one-person monthly cost without rent $328 + one room in a shared flat = (cheap 3-bedroom apartment $181 + family utility bill $40) / 3 = $74; total $402/month x12"
Irkutsk State University,Living Cost,"$7,430",https://livingcost.org/cost/russia/irkutsk,secondary,2026-10-04,"City: Irkutsk (location from Wikidata). livingcost.org (updated June 21, 2026): one-person monthly cost without rent $439 + one room in a shared flat = (cheap 3-bedroom apartment $471 + family utility bill $71) / 3 = $181; total $620/month x12"
Korkyt Ata Kyzylorda University,Living Cost,"$4,710",https://livingcost.org/cost/kazakhstan/kyzylorda,secondary,2026-10-04,"City: Kyzylorda (location from Wikidata). livingcost.org (updated June 21, 2026): one-person monthly cost without rent $302 + one room in a shared flat = (cheap 3-bedroom apartment $206 + family utility bill $66) / 3 = $90; total $392/month x12"
Kwansei Gakuin University,Living Cost,"$10,150",https://livingcost.org/cost/japan/nishinomiya,secondary,2026-10-04,"City: Nishinomiya (location from Wikidata). livingcost.org (updated June 21, 2026): one-person monthly cost without rent $608 + one room in a shared flat = (cheap 3-bedroom apartment $607 + family utility bill $107) / 3 = $238; total $846/month x12"
Londrina State University,Living Cost,"$6,690",https://livingcost.org/cost/brazil/londrina,secondary,2026-10-04,"City: Londrina (location from Wikidata). livingcost.org (updated June 21, 2026): one-person monthly cost without rent $432 + one room in a shared flat = (cheap 3-bedroom apartment $296 + family utility bill $81) / 3 = $126; total $558/month x12"
Lucian Blaga University of Sibiu,Living Cost,"$7,310",https://livingcost.org/cost/romania/sibiu,secondary,2026-10-04,"City: Sibiu (location from Wikidata). livingcost.org (updated June 21, 2026): one-person monthly cost without rent $411 + one room in a shared flat = (cheap 3-bedroom apartment $491 + family utility bill $103) / 3 = $198; total $609/month x12"
MIREA - Russian Technological University,Living Cost,"$14,110",https://livingcost.org/cost/russia/moscow,secondary,2026-10-04,"City: Moscow (location from Wikidata). livingcost.org (updated June 21, 2026): one-person monthly cost without rent $672 + one room in a shared flat = (cheap 3-bedroom apartment $1,335 + family utility bill $176) / 3 = $504; total $1,176/month x12"
Moscow City University,Living Cost,"$14,110",https://livingcost.org/cost/russia/moscow,secondary,2026-10-04,"City: Moscow (location from Wikidata). livingcost.org (updated June 21, 2026): one-person monthly cost without rent $672 + one room in a shared flat = (cheap 3-bedroom apartment $1,335 + family utility bill $176) / 3 = $504; total $1,176/month x12"
Naresuan University,Living Cost,"$5,350",https://livingcost.org/cost/thailand/phitsanulok,secondary,2026-10-04,"City: Phitsanulok (location from Wikidata). livingcost.org (updated June 21, 2026): one-person monthly cost without rent $351 + one room in a shared flat = (cheap 3-bedroom apartment $225 + family utility bill $60) / 3 = $95; total $446/month x12"
"National University of Modern Languages (NUML), Islamabad",Living Cost,"$4,530",https://livingcost.org/cost/pakistan/islamabad,secondary,2026-10-04,"City: Islamabad (location from Wikidata). livingcost.org (updated June 21, 2026): one-person monthly cost without rent $268 + one room in a shared flat = (cheap 3-bedroom apartment $233 + family utility bill $96) / 3 = $110; total $378/month x12"
Pontificia Universidade Católica do Campinas - PUC Campinas,Living Cost,"$8,450",https://livingcost.org/cost/brazil/campinas,secondary,2026-10-04,"City: Campinas (location from Wikidata). livingcost.org (updated June 21, 2026): one-person monthly cost without rent $504 + one room in a shared flat = (cheap 3-bedroom apartment $531 + family utility bill $70) / 3 = $200; total $704/month x12"
Pontifícia Universidade Católica de Minas Gerais – PUC Minas,Living Cost,"$8,370",https://livingcost.org/cost/brazil/belo-horizonte,secondary,2026-10-04,"City: Belo Horizonte (location from Wikidata). livingcost.org (updated June 21, 2026): one-person monthly cost without rent $511 + one room in a shared flat = (cheap 3-bedroom apartment $467 + family utility bill $92) / 3 = $186; total $697/month x12"
Russian State Agrarian University - Moscow Timiryazev Agricultural Academy,Living Cost,"$14,110",https://livingcost.org/cost/russia/moscow,secondary,2026-10-04,"City: Moscow (location from Wikidata). livingcost.org (updated June 21, 2026): one-person monthly cost without rent $672 + one room in a shared flat = (cheap 3-bedroom apartment $1,335 + family utility bill $176) / 3 = $504; total $1,176/month x12"
Russian State University for the Humanities,Living Cost,"$14,110",https://livingcost.org/cost/russia/moscow,secondary,2026-10-04,"City: Moscow (location from Wikidata). livingcost.org (updated June 21, 2026): one-person monthly cost without rent $672 + one room in a shared flat = (cheap 3-bedroom apartment $1,335 + family utility bill $176) / 3 = $504; total $1,176/month x12"
Silpakorn University,Living Cost,"$9,210",https://livingcost.org/cost/thailand/bangkok,secondary,2026-10-04,"City: Bangkok (location from Wikidata). livingcost.org (updated June 21, 2026): one-person monthly cost without rent $562 + one room in a shared flat = (cheap 3-bedroom apartment $525 + family utility bill $92) / 3 = $206; total $768/month x12"
Stamford University Bangladesh,Living Cost,"$4,820",https://livingcost.org/cost/bangladesh/dhaka,secondary,2026-10-04,"City: Dhaka (location from Wikidata). livingcost.org (updated June 21, 2026): one-person monthly cost without rent $328 + one room in a shared flat = (cheap 3-bedroom apartment $181 + family utility bill $40) / 3 = $74; total $402/month x12"
"The University of Notre Dame, Australia",Living Cost,"$24,170",https://livingcost.org/cost/australia/sydney,secondary,2026-10-04,"City: Sydney (location from Wikidata). livingcost.org (updated June 21, 2026): one-person monthly cost without rent $1,089 + one room in a shared flat = (cheap 3-bedroom apartment $2,582 + family utility bill $193) / 3 = $925; total $2,014/month x12"
Udayana University,Living Cost,"$4,530",https://livingcost.org/cost/indonesia/denpasar,secondary,2026-10-04,"City: Denpasar (location from Wikidata). livingcost.org (updated June 21, 2026): one-person monthly cost without rent $280 + one room in a shared flat = (cheap 3-bedroom apartment $258 + family utility bill $36) / 3 = $98; total $378/month x12"
Universidad Alberto Hurtado,Living Cost,"$11,080",https://livingcost.org/cost/chile/santiago,secondary,2026-10-04,"City: Santiago (location from Wikidata). livingcost.org (updated June 21, 2026): one-person monthly cost without rent $647 + one room in a shared flat = (cheap 3-bedroom apartment $699 + family utility bill $130) / 3 = $276; total $923/month x12"
Universidad Autónoma de Aguascalientes,Living Cost,"$9,100",https://livingcost.org/cost/mexico/aguascalientes,secondary,2026-10-04,"City: Aguascalientes (location from Wikidata). livingcost.org (updated June 21, 2026): one-person monthly cost without rent $544 + one room in a shared flat = (cheap 3-bedroom apartment $588 + family utility bill $55) / 3 = $214; total $758/month x12"
Universidad Autónoma de San Luis de Potosí,Living Cost,"$11,160",https://livingcost.org/cost/mexico/san-luis-potosi,secondary,2026-10-04,"City: San Luis Potosi (location from Wikidata). livingcost.org (updated June 21, 2026): one-person monthly cost without rent $698 + one room in a shared flat = (cheap 3-bedroom apartment $651 + family utility bill $44) / 3 = $232; total $930/month x12"
Universidad Autónoma de Yucatán,Living Cost,"$11,250",https://livingcost.org/cost/mexico/merida,secondary,2026-10-04,"City: Merida (location from Wikidata). livingcost.org (updated June 21, 2026): one-person monthly cost without rent $670 + one room in a shared flat = (cheap 3-bedroom apartment $700 + family utility bill $102) / 3 = $267; total $937/month x12"
"Universidad Católica Boliviana ""San Pablo""",Living Cost,"$6,530",https://livingcost.org/cost/bolivia/la-paz,secondary,2026-10-04,"City: La Paz (location from Wikidata). livingcost.org (updated June 21, 2026): one-person monthly cost without rent $398 + one room in a shared flat = (cheap 3-bedroom apartment $404 + family utility bill $35) / 3 = $146; total $544/month x12"
Universidad Católica de Colombia ,Living Cost,"$10,340",https://livingcost.org/cost/colombia/bogota,secondary,2026-10-04,"City: Bogota (location from Wikidata). livingcost.org (updated June 21, 2026): one-person monthly cost without rent $606 + one room in a shared flat = (cheap 3-bedroom apartment $668 + family utility bill $100) / 3 = $256; total $862/month x12"
Universidad Católica de Santiago de Guayaquil,Living Cost,"$8,920",https://livingcost.org/cost/ecuador/guayaquil,secondary,2026-10-04,"City: Guayaquil (location from Wikidata). livingcost.org (updated June 21, 2026): one-person monthly cost without rent $527 + one room in a shared flat = (cheap 3-bedroom apartment $550 + family utility bill $100) / 3 = $217; total $744/month x12"
Universidad Católica de Temuco,Living Cost,"$8,680",https://livingcost.org/cost/chile/temuco,secondary,2026-10-04,"City: Temuco (location from Wikidata). livingcost.org (updated June 21, 2026): one-person monthly cost without rent $497 + one room in a shared flat = (cheap 3-bedroom apartment $541 + family utility bill $139) / 3 = $227; total $724/month x12"
Universidad Católica de la Santísima Concepción,Living Cost,"$8,550",https://livingcost.org/cost/chile/concepcion,secondary,2026-10-04,"City: Concepcion (location from Wikidata). livingcost.org (updated June 21, 2026): one-person monthly cost without rent $484 + one room in a shared flat = (cheap 3-bedroom apartment $587 + family utility bill $99) / 3 = $229; total $713/month x12"
Universidad Central de Chile,Living Cost,"$11,080",https://livingcost.org/cost/chile/santiago,secondary,2026-10-04,"City: Santiago (location from Wikidata). livingcost.org (updated June 21, 2026): one-person monthly cost without rent $647 + one room in a shared flat = (cheap 3-bedroom apartment $699 + family utility bill $130) / 3 = $276; total $923/month x12"
Universidad Michoacana de San Nicolás de Hidalgo,Living Cost,"$9,110",https://livingcost.org/cost/mexico/morelia,secondary,2026-10-04,"City: Morelia (location from Wikidata). livingcost.org (updated June 21, 2026): one-person monthly cost without rent $540 + one room in a shared flat = (cheap 3-bedroom apartment $612 + family utility bill $46) / 3 = $219; total $759/month x12"
Universidad Nacional de Tucumán,Living Cost,"$7,230",https://livingcost.org/cost/argentina/san-miguel-de-tucuman,secondary,2026-10-04,"City: San Miguel de Tucuman (location from Wikidata). livingcost.org (updated June 21, 2026): one-person monthly cost without rent $495 + one room in a shared flat = (cheap 3-bedroom apartment $229 + family utility bill $95) / 3 = $108; total $603/month x12"
Universidad Nacional del Comahue,Living Cost,"$10,720",https://livingcost.org/cost/argentina/neuquen,secondary,2026-10-04,"City: Neuquen (location from Wikidata). livingcost.org (updated June 21, 2026): one-person monthly cost without rent $653 + one room in a shared flat = (cheap 3-bedroom apartment $652 + family utility bill $70) / 3 = $241; total $894/month x12"
Universidad Politécnica Salesiana,Living Cost,"$7,640",https://livingcost.org/cost/ecuador/cuenca,secondary,2026-10-04,"City: Cuenca (location from Wikidata). livingcost.org (updated June 21, 2026): one-person monthly cost without rent $442 + one room in a shared flat = (cheap 3-bedroom apartment $550 + family utility bill $35) / 3 = $195; total $637/month x12"
Universidad San Ignacio de Loyola,Living Cost,"$9,380",https://livingcost.org/cost/peru/lima,secondary,2026-10-04,"City: Lima (location from Wikidata). livingcost.org (updated June 21, 2026): one-person monthly cost without rent $568 + one room in a shared flat = (cheap 3-bedroom apartment $580 + family utility bill $61) / 3 = $214; total $782/month x12"
Universidad Tecnica Particular De Loja (UTPL),Living Cost,"$5,370",https://livingcost.org/cost/ecuador/loja,secondary,2026-10-04,"City: Loja (location from Wikidata). livingcost.org (updated June 21, 2026): one-person monthly cost without rent $342 + one room in a shared flat = (cheap 3-bedroom apartment $297 + family utility bill $19) / 3 = $105; total $447/month x12"
Universidad Tecnológica de Pereira,Living Cost,"$7,920",https://livingcost.org/cost/colombia/pereira,secondary,2026-10-04,"City: Pereira (location from Wikidata). livingcost.org (updated June 21, 2026): one-person monthly cost without rent $477 + one room in a shared flat = (cheap 3-bedroom apartment $466 + family utility bill $83) / 3 = $183; total $660/month x12"
Universidad Veracruzana,Living Cost,"$9,540",https://livingcost.org/cost/mexico/veracruz,secondary,2026-10-04,"City: Veracruz (location from Wikidata). livingcost.org (updated June 21, 2026): one-person monthly cost without rent $594 + one room in a shared flat = (cheap 3-bedroom apartment $542 + family utility bill $62) / 3 = $201; total $795/month x12"
Universidad de Caldas,Living Cost,"$6,910",https://livingcost.org/cost/colombia/manizales,secondary,2026-10-04,"City: Manizales (location from Wikidata). livingcost.org (updated June 21, 2026): one-person monthly cost without rent $421 + one room in a shared flat = (cheap 3-bedroom apartment $386 + family utility bill $78) / 3 = $155; total $576/month x12"
Universidad de Carabobo,Living Cost,"$8,300",https://livingcost.org/cost/venezuela/valencia,secondary,2026-10-04,"City: Valencia (location from Wikidata). livingcost.org (updated June 21, 2026): one-person monthly cost without rent $608 + one room in a shared flat = (cheap 3-bedroom apartment $228 + family utility bill $22) / 3 = $83; total $691/month x12"
Universidad de Cuenca,Living Cost,"$7,640",https://livingcost.org/cost/ecuador/cuenca,secondary,2026-10-04,"City: Cuenca (location from Wikidata). livingcost.org (updated June 21, 2026): one-person monthly cost without rent $442 + one room in a shared flat = (cheap 3-bedroom apartment $550 + family utility bill $35) / 3 = $195; total $637/month x12"
Universidad de La Salle,Living Cost,"$10,340",https://livingcost.org/cost/colombia/bogota,secondary,2026-10-04,"City: Bogota (location from Wikidata). livingcost.org (updated June 21, 2026): one-person monthly cost without rent $606 + one room in a shared flat = (cheap 3-bedroom apartment $668 + family utility bill $100) / 3 = $256; total $862/month x12"
Universidad de Sonora,Living Cost,"$10,390",https://livingcost.org/cost/mexico/hermosillo,secondary,2026-10-04,"City: Hermosillo (location from Wikidata). livingcost.org (updated June 21, 2026): one-person monthly cost without rent $654 + one room in a shared flat = (cheap 3-bedroom apartment $525 + family utility bill $110) / 3 = $212; total $866/month x12"
Universidad del Cauca,Living Cost,"$6,200",https://livingcost.org/cost/colombia/popayan,secondary,2026-10-04,"City: Popayan (location from Wikidata). livingcost.org (updated June 21, 2026): one-person monthly cost without rent $412 + one room in a shared flat = (cheap 3-bedroom apartment $235 + family utility bill $80) / 3 = $105; total $517/month x12"
Universidad del Valle de Mexico (UVM),Living Cost,"$12,980",https://livingcost.org/cost/mexico/mexico,secondary,2026-10-04,"City: Mexico City (location from Wikidata). livingcost.org (updated June 21, 2026): one-person monthly cost without rent $682 + one room in a shared flat = (cheap 3-bedroom apartment $1,139 + family utility bill $61) / 3 = $400; total $1,082/month x12"
Universidade Federal da Paraíba,Living Cost,"$8,100",https://livingcost.org/cost/brazil/joao-pessoa,secondary,2026-10-04,"City: Joao Pessoa (location from Wikidata). livingcost.org (updated June 21, 2026): one-person monthly cost without rent $517 + one room in a shared flat = (cheap 3-bedroom apartment $390 + family utility bill $84) / 3 = $158; total $675/month x12"
Universidade do Estado de Santa Catarina,Living Cost,"$9,430",https://livingcost.org/cost/brazil/florianopolis,secondary,2026-10-04,"City: Florianopolis (location from Wikidata). livingcost.org (updated June 21, 2026): one-person monthly cost without rent $508 + one room in a shared flat = (cheap 3-bedroom apartment $720 + family utility bill $113) / 3 = $278; total $786/month x12"
Universitas Muhammadiyah Surakarta,Living Cost,"$3,660",https://livingcost.org/cost/indonesia/surakarta,secondary,2026-10-04,"City: Surakarta (location from Wikidata). livingcost.org (updated June 21, 2026): one-person monthly cost without rent $250 + one room in a shared flat = (cheap 3-bedroom apartment $109 + family utility bill $55) / 3 = $55; total $305/month x12"
University of Central Oklahoma,Living Cost,"$18,100",https://collegescorecard.ed.gov/school/?206941-University-of-Central-Oklahoma,government,2026-10-04,"City: Edmond. College Scorecard (US Dept of Education) on-campus room and board $9,700 + other expenses $8,400 per year"
University of Craiova,Living Cost,"$8,540",https://livingcost.org/cost/romania/craiova,secondary,2026-10-04,"City: Craiova (location from Wikidata). livingcost.org (updated June 21, 2026): one-person monthly cost without rent $442 + one room in a shared flat = (cheap 3-bedroom apartment $623 + family utility bill $187) / 3 = $270; total $712/month x12"
University of Montana Missoula ,Living Cost,"$17,640",https://collegescorecard.ed.gov/school/?180489-The-University-of-Montana,government,2026-10-04,"City: Missoula. College Scorecard (US Dept of Education) on-campus room and board $12,804 + other expenses $4,832 per year"
University of San Carlos,Living Cost,"$6,930",https://livingcost.org/cost/philippines/cebu,secondary,2026-10-04,"City: Cebu (location from Wikidata). livingcost.org (updated June 21, 2026): one-person monthly cost without rent $370 + one room in a shared flat = (cheap 3-bedroom apartment $506 + family utility bill $117) / 3 = $208; total $578/month x12"
Western Washington University,Living Cost,"$20,470",https://collegescorecard.ed.gov/school/?237011-Western-Washington-University,government,2026-10-04,"City: Bellingham. College Scorecard (US Dept of Education) on-campus room and board $15,747 + other expenses $4,722 per year"
Abdelmalek Essaâdi University,Living Cost,"$5,550",https://livingcost.org/cost/morocco/tetouan,secondary,2026-10-04,"City: Tetouan (location from Wikidata). livingcost.org (updated June 21, 2026): one-person monthly cost without rent $359 + one room in a shared flat = (cheap 3-bedroom apartment $266 + family utility bill $44) / 3 = $103; total $462/month x12"
Acıbadem University,Living Cost,"$11,960",https://livingcost.org/cost/turkey/istanbul,secondary,2026-10-04,"City: Istanbul (location from Wikidata). livingcost.org (updated June 21, 2026): one-person monthly cost without rent $641 + one room in a shared flat = (cheap 3-bedroom apartment $983 + family utility bill $84) / 3 = $356; total $997/month x12"
Adelphi University,Living Cost,"$23,520",https://collegescorecard.ed.gov/school/?188429-Adelphi-University,government,2026-10-04,"City: Garden City. College Scorecard (US Dept of Education) on-campus room and board $20,028 + other expenses $3,496 per year"
Afe Babalola University,Living Cost,"$5,520",https://livingcost.org/cost/nigeria/ado-ekiti,secondary,2026-10-04,"City: Ado Ekiti (location from Wikidata). livingcost.org (updated June 21, 2026): one-person monthly cost without rent $347 + one room in a shared flat = (cheap 3-bedroom apartment $286 + family utility bill $53) / 3 = $113; total $460/month x12"
Aksaray University,Living Cost,"$6,590",https://livingcost.org/cost/turkey/aksaray,secondary,2026-10-04,"City: Aksaray (location from Wikidata). livingcost.org (updated June 21, 2026): one-person monthly cost without rent $364 + one room in a shared flat = (cheap 3-bedroom apartment $478 + family utility bill $78) / 3 = $185; total $549/month x12"
Andhra University,Living Cost,"$3,320",https://livingcost.org/cost/india/ap/visakhapatnam,secondary,2026-10-04,"City: Visakhapatnam (location from Wikidata). livingcost.org (updated June 21, 2026): one-person monthly cost without rent $233 + one room in a shared flat = (cheap 3-bedroom apartment $101 + family utility bill $31) / 3 = $44; total $277/month x12"
Annamalai University,Living Cost,"$2,910",https://livingcost.org/cost/india/tn/cuddalore,secondary,2026-10-04,"City: Cuddalore (location from Wikidata). livingcost.org (updated June 21, 2026): one-person monthly cost without rent $189 + one room in a shared flat = (cheap 3-bedroom apartment $129 + family utility bill $32) / 3 = $54; total $243/month x12"
Antonio Nariño University,Living Cost,"$10,340",https://livingcost.org/cost/colombia/bogota,secondary,2026-10-04,"City: Bogota (location from Wikidata). livingcost.org (updated June 21, 2026): one-person monthly cost without rent $606 + one room in a shared flat = (cheap 3-bedroom apartment $668 + family utility bill $100) / 3 = $256; total $862/month x12"
Arak University,Living Cost,"$4,630",https://livingcost.org/cost/iran/arak,secondary,2026-10-04,"City: Arak (location from Wikidata). livingcost.org (updated June 21, 2026): one-person monthly cost without rent $249 + one room in a shared flat = (cheap 3-bedroom apartment $401 + family utility bill $9) / 3 = $137; total $386/month x12"
Badji Mokhtar University – Annaba,Living Cost,"$4,960",https://livingcost.org/cost/algeria/annaba,secondary,2026-10-04,"City: Annaba (location from Wikidata). livingcost.org (updated June 21, 2026): one-person monthly cost without rent $332 + one room in a shared flat = (cheap 3-bedroom apartment $196 + family utility bill $47) / 3 = $81; total $413/month x12"
Başkent University,Living Cost,"$9,480",https://livingcost.org/cost/turkey/ankara,secondary,2026-10-04,"City: Ankara (location from Wikidata). livingcost.org (updated June 21, 2026): one-person monthly cost without rent $533 + one room in a shared flat = (cheap 3-bedroom apartment $704 + family utility bill $68) / 3 = $257; total $790/month x12"
Bharath Institute of Higher Education and Research,Living Cost,"$4,060",https://livingcost.org/cost/india/tn/chennai,secondary,2026-10-04,"City: Chennai (location from Wikidata). livingcost.org (updated June 21, 2026): one-person monthly cost without rent $267 + one room in a shared flat = (cheap 3-bedroom apartment $178 + family utility bill $37) / 3 = $72; total $339/month x12"
Blida 1 University,Living Cost,"$3,970",https://livingcost.org/cost/algeria/blida,secondary,2026-10-04,"City: Blida (location from Wikidata). livingcost.org (updated June 21, 2026): one-person monthly cost without rent $254 + one room in a shared flat = (cheap 3-bedroom apartment $189 + family utility bill $43) / 3 = $77; total $331/month x12"
Bursa Technical University,Living Cost,"$8,330",https://livingcost.org/cost/turkey/bursa,secondary,2026-10-04,"City: Bursa (location from Wikidata). livingcost.org (updated June 21, 2026): one-person monthly cost without rent $497 + one room in a shared flat = (cheap 3-bedroom apartment $514 + family utility bill $78) / 3 = $197; total $694/month x12"
Bursa Uludağ University,Living Cost,"$8,330",https://livingcost.org/cost/turkey/bursa,secondary,2026-10-04,"City: Bursa (location from Wikidata). livingcost.org (updated June 21, 2026): one-person monthly cost without rent $497 + one room in a shared flat = (cheap 3-bedroom apartment $514 + family utility bill $78) / 3 = $197; total $694/month x12"
CES University,Living Cost,"$10,520",https://livingcost.org/cost/colombia/medellin,secondary,2026-10-04,"City: Medellin (location from Wikidata). livingcost.org (updated June 21, 2026): one-person monthly cost without rent $583 + one room in a shared flat = (cheap 3-bedroom apartment $792 + family utility bill $89) / 3 = $294; total $877/month x12"
Ceará State University,Living Cost,"$7,350",https://livingcost.org/cost/brazil/fortaleza,secondary,2026-10-04,"City: Fortaleza (location from Wikidata). livingcost.org (updated June 21, 2026): one-person monthly cost without rent $459 + one room in a shared flat = (cheap 3-bedroom apartment $340 + family utility bill $120) / 3 = $153; total $612/month x12"
Centro Federal de Educação Tecnológica Celso Suckow da Fonseca (CEFET-RJ),Living Cost,"$9,370",https://livingcost.org/cost/brazil/rio-de-janeiro,secondary,2026-10-04,"City: Rio de Janeiro (location from Wikidata). livingcost.org (updated June 21, 2026): one-person monthly cost without rent $528 + one room in a shared flat = (cheap 3-bedroom apartment $621 + family utility bill $137) / 3 = $253; total $781/month x12"
Chelyabinsk State University,Living Cost,"$7,460",https://livingcost.org/cost/russia/chelyabinsk,secondary,2026-10-04,"City: Chelyabinsk (location from Wikidata). livingcost.org (updated June 21, 2026): one-person monthly cost without rent $436 + one room in a shared flat = (cheap 3-bedroom apartment $454 + family utility bill $103) / 3 = $186; total $622/month x12"
Chiba Institute of Technology,Living Cost,"$11,600",https://livingcost.org/cost/japan/chiba,secondary,2026-10-04,"City: Chiba (location from Wikidata). livingcost.org (updated June 21, 2026): one-person monthly cost without rent $684 + one room in a shared flat = (cheap 3-bedroom apartment $755 + family utility bill $93) / 3 = $283; total $967/month x12"
Chuo University,Living Cost,"$15,130",https://livingcost.org/cost/japan/tokyo,secondary,2026-10-04,"City: Tokyo (location from Wikidata). livingcost.org (updated June 21, 2026): one-person monthly cost without rent $866 + one room in a shared flat = (cheap 3-bedroom apartment $1,045 + family utility bill $140) / 3 = $395; total $1,261/month x12"
College of Charleston,Living Cost,"$19,180",https://collegescorecard.ed.gov/school/?217819-College-of-Charleston,government,2026-10-04,"City: Charleston. College Scorecard (US Dept of Education) on-campus room and board $14,332 + other expenses $4,849 per year"
Dumlupinar University,Living Cost,"$5,850",https://livingcost.org/cost/turkey/kutahya,secondary,2026-10-04,"City: Kutahya (location from Wikidata). livingcost.org (updated June 21, 2026): one-person monthly cost without rent $347 + one room in a shared flat = (cheap 3-bedroom apartment $339 + family utility bill $82) / 3 = $140; total $487/month x12"
Dunarea de Jos University of Galati,Living Cost,"$8,350",https://livingcost.org/cost/romania/galati,secondary,2026-10-04,"City: Galati (location from Wikidata). livingcost.org (updated June 21, 2026): one-person monthly cost without rent $450 + one room in a shared flat = (cheap 3-bedroom apartment $590 + family utility bill $148) / 3 = $246; total $696/month x12"
El Bosque University,Living Cost,"$10,340",https://livingcost.org/cost/colombia/bogota,secondary,2026-10-04,"City: Bogota (location from Wikidata). livingcost.org (updated June 21, 2026): one-person monthly cost without rent $606 + one room in a shared flat = (cheap 3-bedroom apartment $668 + family utility bill $100) / 3 = $256; total $862/month x12"
Eskişehir Osmangazi University,Living Cost,"$7,260",https://livingcost.org/cost/turkey/eskisehir,secondary,2026-10-04,"City: Eskisehir (location from Wikidata). livingcost.org (updated June 21, 2026): one-person monthly cost without rent $427 + one room in a shared flat = (cheap 3-bedroom apartment $490 + family utility bill $44) / 3 = $178; total $605/month x12"
Federal Rural University of Pernambuco,Living Cost,"$7,400",https://livingcost.org/cost/brazil/recife,secondary,2026-10-04,"City: Recife (location from Wikidata). livingcost.org (updated June 21, 2026): one-person monthly cost without rent $444 + one room in a shared flat = (cheap 3-bedroom apartment $412 + family utility bill $107) / 3 = $173; total $617/month x12"
Federal University of Mato Grosso do Sul,Living Cost,"$6,430",https://livingcost.org/cost/brazil/campo-grande,secondary,2026-10-04,"City: Campo Grande (location from Wikidata). livingcost.org (updated June 21, 2026): one-person monthly cost without rent $404 + one room in a shared flat = (cheap 3-bedroom apartment $316 + family utility bill $79) / 3 = $132; total $536/month x12"
Fukuoka University,Living Cost,"$9,470",https://livingcost.org/cost/japan/fukuoka,secondary,2026-10-04,"City: Fukuoka (location from Wikidata). livingcost.org (updated June 21, 2026): one-person monthly cost without rent $592 + one room in a shared flat = (cheap 3-bedroom apartment $499 + family utility bill $92) / 3 = $197; total $789/month x12"
Gaziantep University,Living Cost,"$5,230",https://livingcost.org/cost/turkey/gaziantep,secondary,2026-10-04,"City: Gaziantep (location from Wikidata). livingcost.org (updated June 21, 2026): one-person monthly cost without rent $327 + one room in a shared flat = (cheap 3-bedroom apartment $305 + family utility bill $23) / 3 = $109; total $436/month x12"
Grigore T. Popa University of Medicine and Pharmacy,Living Cost,"$9,650",https://livingcost.org/cost/romania/iasi,secondary,2026-10-04,"City: Iasi (location from Wikidata). livingcost.org (updated June 21, 2026): one-person monthly cost without rent $518 + one room in a shared flat = (cheap 3-bedroom apartment $687 + family utility bill $171) / 3 = $286; total $804/month x12"
Hassiba Benbouali University of Chlef,Living Cost,"$3,280",https://livingcost.org/cost/algeria/chlef,secondary,2026-10-04,"City: Chlef (location from Wikidata). livingcost.org (updated June 21, 2026): one-person monthly cost without rent $225 + one room in a shared flat = (cheap 3-bedroom apartment $114 + family utility bill $32) / 3 = $49; total $274/month x12"
Hellenic Open University,Living Cost,"$10,410",https://livingcost.org/cost/greece/patras,secondary,2026-10-04,"City: Patras (location from Wikidata). livingcost.org (updated June 21, 2026): one-person monthly cost without rent $589 + one room in a shared flat = (cheap 3-bedroom apartment $700 + family utility bill $135) / 3 = $278; total $867/month x12"
Hitit University,Living Cost,"$5,860",https://livingcost.org/cost/turkey/corum,secondary,2026-10-04,"City: Corum (location from Wikidata). livingcost.org (updated June 21, 2026): one-person monthly cost without rent $319 + one room in a shared flat = (cheap 3-bedroom apartment $441 + family utility bill $67) / 3 = $169; total $488/month x12"
Hosei University,Living Cost,"$15,130",https://livingcost.org/cost/japan/tokyo,secondary,2026-10-04,"City: Tokyo (location from Wikidata). livingcost.org (updated June 21, 2026): one-person monthly cost without rent $866 + one room in a shared flat = (cheap 3-bedroom apartment $1,045 + family utility bill $140) / 3 = $395; total $1,261/month x12"
Instituto Politécnico de Viana do Castelo,Living Cost,"$11,210",https://livingcost.org/cost/portugal/viana-do-castelo,secondary,2026-10-04,"City: Viana do Castelo (location from Wikidata). livingcost.org (updated June 21, 2026): one-person monthly cost without rent $543 + one room in a shared flat = (cheap 3-bedroom apartment $1,091 + family utility bill $82) / 3 = $391; total $934/month x12"
Izmir University of Economics,Living Cost,"$9,670",https://livingcost.org/cost/turkey/izmir,secondary,2026-10-04,"City: Izmir (location from Wikidata). livingcost.org (updated June 21, 2026): one-person monthly cost without rent $534 + one room in a shared flat = (cheap 3-bedroom apartment $740 + family utility bill $75) / 3 = $272; total $806/month x12"
Jan Evangelista Purkyně University,Living Cost,"$10,360",https://livingcost.org/cost/czech-republic/usti-nad-labem,secondary,2026-10-04,"City: Usti nad Labem (location from Wikidata). livingcost.org (updated June 21, 2026): one-person monthly cost without rent $557 + one room in a shared flat = (cheap 3-bedroom apartment $617 + family utility bill $301) / 3 = $306; total $863/month x12"
Jan Kochanowski University in Kielce,Living Cost,"$9,820",https://livingcost.org/cost/poland/kielce,secondary,2026-10-04,"City: Kielce (location from Wikidata). livingcost.org (updated June 21, 2026): one-person monthly cost without rent $505 + one room in a shared flat = (cheap 3-bedroom apartment $712 + family utility bill $229) / 3 = $314; total $819/month x12"
Jianghan University,Living Cost,"$6,370",https://livingcost.org/cost/china/wuhan,secondary,2026-10-04,"City: Wuhan (location from Wikidata). livingcost.org (updated June 21, 2026): one-person monthly cost without rent $402 + one room in a shared flat = (cheap 3-bedroom apartment $337 + family utility bill $49) / 3 = $129; total $531/month x12"
Kanagawa University,Living Cost,"$11,930",https://livingcost.org/cost/japan/yokohama,secondary,2026-10-04,"City: Yokohama (location from Wikidata). livingcost.org (updated June 21, 2026): one-person monthly cost without rent $713 + one room in a shared flat = (cheap 3-bedroom apartment $721 + family utility bill $122) / 3 = $281; total $994/month x12"
Kazan National Research Technical University,Living Cost,"$8,790",https://livingcost.org/cost/russia/kazan,secondary,2026-10-04,"City: Kazan (location from Wikidata). livingcost.org (updated June 21, 2026): one-person monthly cost without rent $475 + one room in a shared flat = (cheap 3-bedroom apartment $658 + family utility bill $114) / 3 = $257; total $732/month x12"
Kazan State Medical University,Living Cost,"$8,790",https://livingcost.org/cost/russia/kazan,secondary,2026-10-04,"City: Kazan (location from Wikidata). livingcost.org (updated June 21, 2026): one-person monthly cost without rent $475 + one room in a shared flat = (cheap 3-bedroom apartment $658 + family utility bill $114) / 3 = $257; total $732/month x12"
Kocaeli University,Living Cost,"$7,950",https://livingcost.org/cost/turkey/izmit,secondary,2026-10-04,"City: Izmit (location from Wikidata). livingcost.org (updated June 21, 2026): one-person monthly cost without rent $401 + one room in a shared flat = (cheap 3-bedroom apartment $685 + family utility bill $99) / 3 = $261; total $662/month x12"
Kogakuin University,Living Cost,"$15,130",https://livingcost.org/cost/japan/tokyo,secondary,2026-10-04,"City: Tokyo (location from Wikidata). livingcost.org (updated June 21, 2026): one-person monthly cost without rent $866 + one room in a shared flat = (cheap 3-bedroom apartment $1,045 + family utility bill $140) / 3 = $395; total $1,261/month x12"
Kyoto Sangyo University,Living Cost,"$10,680",https://livingcost.org/cost/japan/kyoto,secondary,2026-10-04,"City: Kyoto (location from Wikidata). livingcost.org (updated June 21, 2026): one-person monthly cost without rent $681 + one room in a shared flat = (cheap 3-bedroom apartment $531 + family utility bill $97) / 3 = $209; total $890/month x12"
Lagos State University,Living Cost,"$8,310",https://livingcost.org/cost/nigeria/lagos,secondary,2026-10-04,"City: Lagos (location from Wikidata). livingcost.org (updated June 21, 2026): one-person monthly cost without rent $456 + one room in a shared flat = (cheap 3-bedroom apartment $657 + family utility bill $52) / 3 = $236; total $692/month x12"
Lahore College for Women University (LCWU),Living Cost,"$4,250",https://livingcost.org/cost/pakistan/lahore,secondary,2026-10-04,"City: Lahore (location from Wikidata). livingcost.org (updated June 21, 2026): one-person monthly cost without rent $267 + one room in a shared flat = (cheap 3-bedroom apartment $133 + family utility bill $129) / 3 = $87; total $354/month x12"
Maria Curie-Skłodowska University (UMCS),Living Cost,"$11,280",https://livingcost.org/cost/poland/lublin,secondary,2026-10-04,"City: Lublin (location from Wikidata). livingcost.org (updated June 21, 2026): one-person monthly cost without rent $549 + one room in a shared flat = (cheap 3-bedroom apartment $879 + family utility bill $293) / 3 = $391; total $940/month x12"
Matej Bel University,Living Cost,"$9,700",https://livingcost.org/cost/slovakia/banska-bystrica,secondary,2026-10-04,"City: Banska Bystrica (location from Wikidata). livingcost.org (updated June 21, 2026): one-person monthly cost without rent $490 + one room in a shared flat = (cheap 3-bedroom apartment $749 + family utility bill $205) / 3 = $318; total $808/month x12"
Meijo University,Living Cost,"$10,800",https://livingcost.org/cost/japan/nagoya,secondary,2026-10-04,"City: Nagoya (location from Wikidata). livingcost.org (updated June 21, 2026): one-person monthly cost without rent $660 + one room in a shared flat = (cheap 3-bedroom apartment $601 + family utility bill $119) / 3 = $240; total $900/month x12"
Middle Technical University,Living Cost,"$8,600",https://livingcost.org/cost/iraq/baghdad,secondary,2026-10-04,"City: Baghdad (location from Wikidata). livingcost.org (updated June 21, 2026): one-person monthly cost without rent $475 + one room in a shared flat = (cheap 3-bedroom apartment $534 + family utility bill $190) / 3 = $241; total $716/month x12"
Ming Chuan University,Living Cost,"$9,450",https://livingcost.org/cost/taiwan/taoyuan,secondary,2026-10-04,"City: Taoyuan (location from Wikidata). livingcost.org (updated June 21, 2026): one-person monthly cost without rent $581 + one room in a shared flat = (cheap 3-bedroom apartment $555 + family utility bill $66) / 3 = $207; total $788/month x12"
Moscow Polytechnic University,Living Cost,"$14,110",https://livingcost.org/cost/russia/moscow,secondary,2026-10-04,"City: Moscow (location from Wikidata). livingcost.org (updated June 21, 2026): one-person monthly cost without rent $672 + one room in a shared flat = (cheap 3-bedroom apartment $1,335 + family utility bill $176) / 3 = $504; total $1,176/month x12"
Moulay Ismail University,Living Cost,"$5,470",https://livingcost.org/cost/morocco/meknes,secondary,2026-10-04,"City: Meknes (location from Wikidata). livingcost.org (updated June 21, 2026): one-person monthly cost without rent $351 + one room in a shared flat = (cheap 3-bedroom apartment $285 + family utility bill $30) / 3 = $105; total $456/month x12"
NED University of Engineering and Technology,Living Cost,"$4,140",https://livingcost.org/cost/pakistan/karachi,secondary,2026-10-04,"City: Karachi (location from Wikidata). livingcost.org (updated June 21, 2026): one-person monthly cost without rent $275 + one room in a shared flat = (cheap 3-bedroom apartment $117 + family utility bill $92) / 3 = $70; total $345/month x12"
National Aviation University,Living Cost,"$7,770",https://livingcost.org/cost/ukraine/kiev,secondary,2026-10-04,"City: Kyiv (location from Wikidata). livingcost.org (updated June 21, 2026): one-person monthly cost without rent $422 + one room in a shared flat = (cheap 3-bedroom apartment $583 + family utility bill $92) / 3 = $225; total $647/month x12"
National Chiayi University,Living Cost,"$8,930",https://livingcost.org/cost/taiwan/chiayi,secondary,2026-10-04,"City: Chiayi (location from Wikidata). livingcost.org (updated June 21, 2026): one-person monthly cost without rent $585 + one room in a shared flat = (cheap 3-bedroom apartment $414 + family utility bill $64) / 3 = $159; total $744/month x12"
National Ilan University,Living Cost,"$7,930",https://livingcost.org/cost/taiwan/yilan,secondary,2026-10-04,"City: Yilan (location from Wikidata). livingcost.org (updated June 21, 2026): one-person monthly cost without rent $489 + one room in a shared flat = (cheap 3-bedroom apartment $471 + family utility bill $44) / 3 = $172; total $661/month x12"
National United University,Living Cost,"$6,900",https://livingcost.org/cost/taiwan/miaoli,secondary,2026-10-04,"City: Miaoli (location from Wikidata). livingcost.org (updated June 21, 2026): one-person monthly cost without rent $467 + one room in a shared flat = (cheap 3-bedroom apartment $259 + family utility bill $66) / 3 = $108; total $575/month x12"
Nnamdi Azikiwe University,Living Cost,"$5,460",https://livingcost.org/cost/nigeria/awka,secondary,2026-10-04,"City: Awka (location from Wikidata). livingcost.org (updated June 21, 2026): one-person monthly cost without rent $271 + one room in a shared flat = (cheap 3-bedroom apartment $501 + family utility bill $50) / 3 = $184; total $455/month x12"
North-Western State Medical University named after I.I. Mechnikov,Living Cost,"$10,280",https://livingcost.org/cost/russia/saint-petersburg,secondary,2026-10-04,"City: Saint Petersburg (location from Wikidata). livingcost.org (updated June 21, 2026): one-person monthly cost without rent $562 + one room in a shared flat = (cheap 3-bedroom apartment $765 + family utility bill $120) / 3 = $295; total $857/month x12"
Omsk State Technical University,Living Cost,"$7,760",https://livingcost.org/cost/russia/omsk,secondary,2026-10-04,"City: Omsk (location from Wikidata). livingcost.org (updated June 21, 2026): one-person monthly cost without rent $458 + one room in a shared flat = (cheap 3-bedroom apartment $430 + family utility bill $136) / 3 = $189; total $647/month x12"
Ondokuz Mayis University,Living Cost,"$6,840",https://livingcost.org/cost/turkey/samsun,secondary,2026-10-04,"City: Samsun (location from Wikidata). livingcost.org (updated June 21, 2026): one-person monthly cost without rent $403 + one room in a shared flat = (cheap 3-bedroom apartment $440 + family utility bill $62) / 3 = $167; total $570/month x12"
Oran 1 University,Living Cost,"$4,690",https://livingcost.org/cost/algeria/oran,secondary,2026-10-04,"City: Oran (location from Wikidata). livingcost.org (updated June 21, 2026): one-person monthly cost without rent $313 + one room in a shared flat = (cheap 3-bedroom apartment $207 + family utility bill $26) / 3 = $78; total $390/month x12"
Osaka Institute of Technology,Living Cost,"$11,090",https://livingcost.org/cost/japan/osaka,secondary,2026-10-04,"City: Osaka (location from Wikidata). livingcost.org (updated June 21, 2026): one-person monthly cost without rent $612 + one room in a shared flat = (cheap 3-bedroom apartment $815 + family utility bill $122) / 3 = $312; total $924/month x12"
Pavlov First Saint Petersburg State Medical University,Living Cost,"$10,280",https://livingcost.org/cost/russia/saint-petersburg,secondary,2026-10-04,"City: Saint Petersburg (location from Wikidata). livingcost.org (updated June 21, 2026): one-person monthly cost without rent $562 + one room in a shared flat = (cheap 3-bedroom apartment $765 + family utility bill $120) / 3 = $295; total $857/month x12"
Payame Noor University,Living Cost,"$6,050",https://livingcost.org/cost/iran/tehran,secondary,2026-10-04,"City: Tehran (location from Wikidata). livingcost.org (updated June 21, 2026): one-person monthly cost without rent $347 + one room in a shared flat = (cheap 3-bedroom apartment $458 + family utility bill $12) / 3 = $157; total $504/month x12"
Pedagogical and Technological University of Colombia,Living Cost,"$6,470",https://livingcost.org/cost/colombia/tunja,secondary,2026-10-04,"City: Tunja (location from Wikidata). livingcost.org (updated June 21, 2026): one-person monthly cost without rent $400 + one room in a shared flat = (cheap 3-bedroom apartment $335 + family utility bill $83) / 3 = $139; total $539/month x12"
Penza State University,Living Cost,"$5,810",https://livingcost.org/cost/russia/penza,secondary,2026-10-04,"City: Penza (location from Wikidata). livingcost.org (updated June 21, 2026): one-person monthly cost without rent $351 + one room in a shared flat = (cheap 3-bedroom apartment $339 + family utility bill $62) / 3 = $134; total $485/month x12"
Perm National Research Polytechnic University,Living Cost,"$7,330",https://livingcost.org/cost/russia/perm,secondary,2026-10-04,"City: Perm (location from Wikidata). livingcost.org (updated June 21, 2026): one-person monthly cost without rent $421 + one room in a shared flat = (cheap 3-bedroom apartment $478 + family utility bill $92) / 3 = $190; total $611/month x12"
Polytechnic University of Bucharest,Living Cost,"$10,470",https://livingcost.org/cost/romania/bucharest,secondary,2026-10-04,"City: Bucharest (location from Wikidata). livingcost.org (updated June 21, 2026): one-person monthly cost without rent $585 + one room in a shared flat = (cheap 3-bedroom apartment $694 + family utility bill $169) / 3 = $288; total $873/month x12"
Polytechnic University of Timişoara,Living Cost,"$9,290",https://livingcost.org/cost/romania/timisoara,secondary,2026-10-04,"City: Timisoara (location from Wikidata). livingcost.org (updated June 21, 2026): one-person monthly cost without rent $522 + one room in a shared flat = (cheap 3-bedroom apartment $596 + family utility bill $160) / 3 = $252; total $774/month x12"
Prague University of Economics and Business,Living Cost,"$16,000",https://livingcost.org/cost/czech-republic/prague,secondary,2026-10-04,"City: Prague (location from Wikidata). livingcost.org (updated June 21, 2026): one-person monthly cost without rent $717 + one room in a shared flat = (cheap 3-bedroom apartment $1,546 + family utility bill $304) / 3 = $617; total $1,334/month x12"
Privolzhsky Research Medical University,Living Cost,"$9,670",https://livingcost.org/cost/russia/nizhny-novgorod,secondary,2026-10-04,"City: Nizhny Novgorod (location from Wikidata). livingcost.org (updated June 21, 2026): one-person monthly cost without rent $524 + one room in a shared flat = (cheap 3-bedroom apartment $717 + family utility bill $128) / 3 = $282; total $806/month x12"
Ryukoku University,Living Cost,"$10,680",https://livingcost.org/cost/japan/kyoto,secondary,2026-10-04,"City: Kyoto (location from Wikidata). livingcost.org (updated June 21, 2026): one-person monthly cost without rent $681 + one room in a shared flat = (cheap 3-bedroom apartment $531 + family utility bill $97) / 3 = $209; total $890/month x12"
Rzeszów University of Technology,Living Cost,"$10,740",https://livingcost.org/cost/poland/rzeszow,secondary,2026-10-04,"City: Rzeszow (location from Wikidata). livingcost.org (updated June 21, 2026): one-person monthly cost without rent $526 + one room in a shared flat = (cheap 3-bedroom apartment $832 + family utility bill $276) / 3 = $369; total $895/month x12"
SGH Warsaw School of Economics,Living Cost,"$16,650",https://livingcost.org/cost/poland/warsaw,secondary,2026-10-04,"City: Warsaw (location from Wikidata). livingcost.org (updated June 21, 2026): one-person monthly cost without rent $751 + one room in a shared flat = (cheap 3-bedroom apartment $1,584 + family utility bill $325) / 3 = $636; total $1,387/month x12"
Saints Cyril and Methodius University in Skopje,Living Cost,"$7,960",https://livingcost.org/cost/north-macedonia/skopje,secondary,2026-10-04,"City: Skopje (location from Wikidata). livingcost.org (updated June 21, 2026): one-person monthly cost without rent $460 + one room in a shared flat = (cheap 3-bedroom apartment $472 + family utility bill $138) / 3 = $203; total $663/month x12"
San Sebastián University,Living Cost,"$11,080",https://livingcost.org/cost/chile/santiago,secondary,2026-10-04,"City: Santiago (location from Wikidata). livingcost.org (updated June 21, 2026): one-person monthly cost without rent $647 + one room in a shared flat = (cheap 3-bedroom apartment $699 + family utility bill $130) / 3 = $276; total $923/month x12"
Saratov State Medical University,Living Cost,"$8,460",https://livingcost.org/cost/russia/saratov,secondary,2026-10-04,"City: Saratov (location from Wikidata). livingcost.org (updated June 21, 2026): one-person monthly cost without rent $490 + one room in a shared flat = (cheap 3-bedroom apartment $549 + family utility bill $97) / 3 = $215; total $705/month x12"
Shizuoka University,Living Cost,"$8,570",https://livingcost.org/cost/japan/shizuoka,secondary,2026-10-04,"City: Shizuoka (location from Wikidata). livingcost.org (updated June 21, 2026): one-person monthly cost without rent $530 + one room in a shared flat = (cheap 3-bedroom apartment $403 + family utility bill $150) / 3 = $184; total $714/month x12"
Sivas Cumhuriyet University,Living Cost,"$6,100",https://livingcost.org/cost/turkey/sivas,secondary,2026-10-04,"City: Sivas (location from Wikidata). livingcost.org (updated June 21, 2026): one-person monthly cost without rent $347 + one room in a shared flat = (cheap 3-bedroom apartment $411 + family utility bill $74) / 3 = $162; total $509/month x12"
Southwest State University,Living Cost,"$6,400",https://livingcost.org/cost/russia/kursk,secondary,2026-10-04,"City: Kursk (location from Wikidata). livingcost.org (updated June 21, 2026): one-person monthly cost without rent $374 + one room in a shared flat = (cheap 3-bedroom apartment $391 + family utility bill $86) / 3 = $159; total $533/month x12"
Srinakharinwirot University,Living Cost,"$9,210",https://livingcost.org/cost/thailand/bangkok,secondary,2026-10-04,"City: Bangkok (location from Wikidata). livingcost.org (updated June 21, 2026): one-person monthly cost without rent $562 + one room in a shared flat = (cheap 3-bedroom apartment $525 + family utility bill $92) / 3 = $206; total $768/month x12"
Tamil Nadu Agricultural University,Living Cost,"$3,080",https://livingcost.org/cost/india/tn/coimbatore,secondary,2026-10-04,"City: Coimbatore (location from Wikidata). livingcost.org (updated June 21, 2026): one-person monthly cost without rent $201 + one room in a shared flat = (cheap 3-bedroom apartment $139 + family utility bill $29) / 3 = $56; total $257/month x12"
Technical University of Sofia,Living Cost,"$12,760",https://livingcost.org/cost/bulgaria/sofia,secondary,2026-10-04,"City: Sofia (location from Wikidata). livingcost.org (updated June 21, 2026): one-person monthly cost without rent $678 + one room in a shared flat = (cheap 3-bedroom apartment $998 + family utility bill $157) / 3 = $385; total $1,063/month x12"
Teikyo University,Living Cost,"$15,130",https://livingcost.org/cost/japan/tokyo,secondary,2026-10-04,"City: Tokyo (location from Wikidata). livingcost.org (updated June 21, 2026): one-person monthly cost without rent $866 + one room in a shared flat = (cheap 3-bedroom apartment $1,045 + family utility bill $140) / 3 = $395; total $1,261/month x12"
Tokyo City University,Living Cost,"$15,130",https://livingcost.org/cost/japan/tokyo,secondary,2026-10-04,"City: Tokyo (location from Wikidata). livingcost.org (updated June 21, 2026): one-person monthly cost without rent $866 + one room in a shared flat = (cheap 3-bedroom apartment $1,045 + family utility bill $140) / 3 = $395; total $1,261/month x12"
Tokyo Denki University,Living Cost,"$15,130",https://livingcost.org/cost/japan/tokyo,secondary,2026-10-04,"City: Tokyo (location from Wikidata). livingcost.org (updated June 21, 2026): one-person monthly cost without rent $866 + one room in a shared flat = (cheap 3-bedroom apartment $1,045 + family utility bill $140) / 3 = $395; total $1,261/month x12"
Tokyo University of Agriculture,Living Cost,"$15,130",https://livingcost.org/cost/japan/tokyo,secondary,2026-10-04,"City: Tokyo (location from Wikidata). livingcost.org (updated June 21, 2026): one-person monthly cost without rent $866 + one room in a shared flat = (cheap 3-bedroom apartment $1,045 + family utility bill $140) / 3 = $395; total $1,261/month x12"
Tomsk State University of Control Systems and Radioelectronics,Living Cost,"$5,880",https://livingcost.org/cost/russia/tomsk,secondary,2026-10-04,"City: Tomsk (location from Wikidata). livingcost.org (updated June 21, 2026): one-person monthly cost without rent $337 + one room in a shared flat = (cheap 3-bedroom apartment $387 + family utility bill $73) / 3 = $153; total $490/month x12"
Toyo University,Living Cost,"$15,130",https://livingcost.org/cost/japan/tokyo,secondary,2026-10-04,"City: Tokyo (location from Wikidata). livingcost.org (updated June 21, 2026): one-person monthly cost without rent $866 + one room in a shared flat = (cheap 3-bedroom apartment $1,045 + family utility bill $140) / 3 = $395; total $1,261/month x12"
Ufa University of Science and Technology,Living Cost,"$8,380",https://livingcost.org/cost/russia/ufa,secondary,2026-10-04,"City: Ufa (location from Wikidata). livingcost.org (updated June 21, 2026): one-person monthly cost without rent $478 + one room in a shared flat = (cheap 3-bedroom apartment $539 + family utility bill $122) / 3 = $220; total $698/month x12"
Universidad Autónoma de Ciudad Juárez,Living Cost,"$9,970",https://livingcost.org/cost/mexico/ciudad-juarez,secondary,2026-10-04,"City: Ciudad Juarez (location from Wikidata). livingcost.org (updated June 21, 2026): one-person monthly cost without rent $578 + one room in a shared flat = (cheap 3-bedroom apartment $675 + family utility bill $84) / 3 = $253; total $831/month x12"
Universidad Autónoma de Coahuila,Living Cost,"$9,650",https://livingcost.org/cost/mexico/saltillo,secondary,2026-10-04,"City: Saltillo (location from Wikidata). livingcost.org (updated June 21, 2026): one-person monthly cost without rent $579 + one room in a shared flat = (cheap 3-bedroom apartment $610 + family utility bill $67) / 3 = $226; total $805/month x12"
Universidad Mayor,Living Cost,"$11,080",https://livingcost.org/cost/chile/santiago,secondary,2026-10-04,"City: Santiago (location from Wikidata). livingcost.org (updated June 21, 2026): one-person monthly cost without rent $647 + one room in a shared flat = (cheap 3-bedroom apartment $699 + family utility bill $130) / 3 = $276; total $923/month x12"
Universidade Estadual do Norte Fluminense Darcy Ribeiro,Living Cost,"$9,370",https://livingcost.org/cost/brazil/rio-de-janeiro,secondary,2026-10-04,"City: Rio de Janeiro (location from Wikidata). livingcost.org (updated June 21, 2026): one-person monthly cost without rent $528 + one room in a shared flat = (cheap 3-bedroom apartment $621 + family utility bill $137) / 3 = $253; total $781/month x12"
Universidade Federal de Juiz de Fora,Living Cost,"$6,010",https://livingcost.org/cost/brazil/juiz-de-fora,secondary,2026-10-04,"City: Juiz de Fora (location from Wikidata). livingcost.org (updated June 21, 2026): one-person monthly cost without rent $390 + one room in a shared flat = (cheap 3-bedroom apartment $279 + family utility bill $55) / 3 = $111; total $501/month x12"
Universidade Federal do Maranhão (UFMA),Living Cost,"$7,100",https://livingcost.org/cost/brazil/sao-luis,secondary,2026-10-04,"City: Sao Luis (location from Wikidata). livingcost.org (updated June 21, 2026): one-person monthly cost without rent $432 + one room in a shared flat = (cheap 3-bedroom apartment $350 + family utility bill $128) / 3 = $159; total $591/month x12"
Universidade Nove de Julho (Uninove),Living Cost,"$10,430",https://livingcost.org/cost/brazil/sao-paulo,secondary,2026-10-04,"City: Sao Paulo (location from Wikidata). livingcost.org (updated June 21, 2026): one-person monthly cost without rent $588 + one room in a shared flat = (cheap 3-bedroom apartment $747 + family utility bill $97) / 3 = $281; total $869/month x12"
Universidade Tecnológica Federal do Paraná (UTFPR),Living Cost,"$8,240",https://livingcost.org/cost/brazil/curitiba,secondary,2026-10-04,"City: Curitiba (location from Wikidata). livingcost.org (updated June 21, 2026): one-person monthly cost without rent $510 + one room in a shared flat = (cheap 3-bedroom apartment $447 + family utility bill $83) / 3 = $177; total $687/month x12"
Universitas Sriwijaya,Living Cost,"$3,710",https://livingcost.org/cost/indonesia/palembang,secondary,2026-10-04,"City: Palembang (location from Wikidata). livingcost.org (updated June 21, 2026): one-person monthly cost without rent $267 + one room in a shared flat = (cheap 3-bedroom apartment $89 + family utility bill $37) / 3 = $42; total $309/month x12"
Universiti Malaysia Kelantan,Living Cost,"$5,070",https://livingcost.org/cost/malaysia/kota-bharu,secondary,2026-10-04,"City: Kota Bharu (location from Wikidata). livingcost.org (updated June 21, 2026): one-person monthly cost without rent $341 + one room in a shared flat = (cheap 3-bedroom apartment $210 + family utility bill $35) / 3 = $82; total $423/month x12"
Universiti Teknologi MARA,Living Cost,"$6,790",https://livingcost.org/cost/malaysia/shah-alam,secondary,2026-10-04,"City: Shah Alam (location from Wikidata). livingcost.org (updated June 21, 2026): one-person monthly cost without rent $390 + one room in a shared flat = (cheap 3-bedroom apartment $473 + family utility bill $54) / 3 = $176; total $566/month x12"
University Abdelhamid Ibn Badis Mostaganem,Living Cost,"$4,950",https://livingcost.org/cost/algeria/mostaganem,secondary,2026-10-04,"City: Mostaganem (location from Wikidata). livingcost.org (updated June 21, 2026): one-person monthly cost without rent $299 + one room in a shared flat = (cheap 3-bedroom apartment $297 + family utility bill $43) / 3 = $113; total $412/month x12"
University Mohamed Boudiaf of M’Sila,Living Cost,"$3,310",https://livingcost.org/cost/algeria/m-sila,secondary,2026-10-04,"City: M'Sila (location from Wikidata). livingcost.org (updated June 21, 2026): one-person monthly cost without rent $248 + one room in a shared flat = (cheap 3-bedroom apartment $62 + family utility bill $22) / 3 = $28; total $276/month x12"
University for Development Studies,Living Cost,"$6,410",https://livingcost.org/cost/ghana/tamale,secondary,2026-10-04,"City: Tamale (location from Wikidata). livingcost.org (updated June 21, 2026): one-person monthly cost without rent $428 + one room in a shared flat = (cheap 3-bedroom apartment $259 + family utility bill $60) / 3 = $106; total $534/month x12"
University of Abou Bekr Belkaïd Tlemcen,Living Cost,"$3,610",https://livingcost.org/cost/algeria/tlemcen,secondary,2026-10-04,"City: Tlemcen (location from Wikidata). livingcost.org (updated June 21, 2026): one-person monthly cost without rent $237 + one room in a shared flat = (cheap 3-bedroom apartment $158 + family utility bill $34) / 3 = $64; total $301/month x12"
University of Anbar,Living Cost,"$6,480",https://livingcost.org/cost/iraq/ramadi,secondary,2026-10-04,"City: Ramadi (location from Wikidata). livingcost.org (updated June 21, 2026): one-person monthly cost without rent $385 + one room in a shared flat = (cheap 3-bedroom apartment $339 + family utility bill $126) / 3 = $155; total $540/month x12"
University of Benin,Living Cost,"$5,850",https://livingcost.org/cost/nigeria/benin-city,secondary,2026-10-04,"City: Benin (location from Wikidata). livingcost.org (updated June 21, 2026): one-person monthly cost without rent $335 + one room in a shared flat = (cheap 3-bedroom apartment $420 + family utility bill $38) / 3 = $153; total $488/month x12"
University of Biskra,Living Cost,"$4,480",https://livingcost.org/cost/algeria/biskra,secondary,2026-10-04,"City: Biskra (location from Wikidata). livingcost.org (updated June 21, 2026): one-person monthly cost without rent $299 + one room in a shared flat = (cheap 3-bedroom apartment $151 + family utility bill $72) / 3 = $74; total $373/month x12"
University of Béjaïa,Living Cost,"$3,780",https://livingcost.org/cost/algeria/bejaia,secondary,2026-10-04,"City: Bejaia (location from Wikidata). livingcost.org (updated June 21, 2026): one-person monthly cost without rent $258 + one room in a shared flat = (cheap 3-bedroom apartment $129 + family utility bill $42) / 3 = $57; total $315/month x12"
University of Caxias do Sul,Living Cost,"$6,730",https://livingcost.org/cost/brazil/caxias-do-sul,secondary,2026-10-04,"City: Caxias do Sul (location from Wikidata). livingcost.org (updated June 21, 2026): one-person monthly cost without rent $436 + one room in a shared flat = (cheap 3-bedroom apartment $313 + family utility bill $62) / 3 = $125; total $561/month x12"
University of Dar es Salaam,Living Cost,"$6,420",https://livingcost.org/cost/tanzania/dar-es-salaam,secondary,2026-10-04,"City: Dar es Salaam (location from Wikidata). livingcost.org (updated June 21, 2026): one-person monthly cost without rent $402 + one room in a shared flat = (cheap 3-bedroom apartment $332 + family utility bill $68) / 3 = $133; total $535/month x12"
University of Fortaleza (UNIFOR),Living Cost,"$7,350",https://livingcost.org/cost/brazil/fortaleza,secondary,2026-10-04,"City: Fortaleza (location from Wikidata). livingcost.org (updated June 21, 2026): one-person monthly cost without rent $459 + one room in a shared flat = (cheap 3-bedroom apartment $340 + family utility bill $120) / 3 = $153; total $612/month x12"
University of Havana,Living Cost,"$10,140",https://livingcost.org/cost/cuba/havana,secondary,2026-10-04,"City: Havana (location from Wikidata). livingcost.org (updated June 21, 2026): one-person monthly cost without rent $601 + one room in a shared flat = (cheap 3-bedroom apartment $688 + family utility bill $43) / 3 = $244; total $845/month x12"
University of Hyogo,Living Cost,"$11,190",https://livingcost.org/cost/japan/kobe,secondary,2026-10-04,"City: Kobe (location from Wikidata). livingcost.org (updated June 21, 2026): one-person monthly cost without rent $666 + one room in a shared flat = (cheap 3-bedroom apartment $644 + family utility bill $155) / 3 = $266; total $932/month x12"
University of Jijel,Living Cost,"$4,160",https://livingcost.org/cost/algeria/jijel,secondary,2026-10-04,"City: Jijel (location from Wikidata). livingcost.org (updated June 21, 2026): one-person monthly cost without rent $268 + one room in a shared flat = (cheap 3-bedroom apartment $199 + family utility bill $38) / 3 = $79; total $347/month x12"
University of Kerbala,Living Cost,"$5,190",https://livingcost.org/cost/iraq/karbala,secondary,2026-10-04,"City: Karbala (location from Wikidata). livingcost.org (updated June 21, 2026): one-person monthly cost without rent $344 + one room in a shared flat = (cheap 3-bedroom apartment $201 + family utility bill $64) / 3 = $88; total $432/month x12"
University of Laghouat,Living Cost,"$4,120",https://livingcost.org/cost/algeria/laghouat,secondary,2026-10-04,"City: Laghouat (location from Wikidata). livingcost.org (updated June 21, 2026): one-person monthly cost without rent $304 + one room in a shared flat = (cheap 3-bedroom apartment $97 + family utility bill $22) / 3 = $40; total $344/month x12"
University of Life Sciences in Lublin,Living Cost,"$11,280",https://livingcost.org/cost/poland/lublin,secondary,2026-10-04,"City: Lublin (location from Wikidata). livingcost.org (updated June 21, 2026): one-person monthly cost without rent $549 + one room in a shared flat = (cheap 3-bedroom apartment $879 + family utility bill $293) / 3 = $391; total $940/month x12"
University of Los Lagos,Living Cost,"$7,510",https://livingcost.org/cost/chile/osorno,secondary,2026-10-04,"City: Osorno (location from Wikidata). livingcost.org (updated June 21, 2026): one-person monthly cost without rent $421 + one room in a shared flat = (cheap 3-bedroom apartment $526 + family utility bill $87) / 3 = $204; total $625/month x12"
University of Macerata (UNIMC),Living Cost,"$11,820",https://livingcost.org/cost/italy/ma/macerata,secondary,2026-10-04,"City: Macerata (location from Wikidata). livingcost.org (updated June 21, 2026): one-person monthly cost without rent $710 + one room in a shared flat = (cheap 3-bedroom apartment $629 + family utility bill $197) / 3 = $275; total $985/month x12"
University of Miyazaki,Living Cost,"$7,680",https://livingcost.org/cost/japan/miyazaki,secondary,2026-10-04,"City: Miyazaki (location from Wikidata). livingcost.org (updated June 21, 2026): one-person monthly cost without rent $508 + one room in a shared flat = (cheap 3-bedroom apartment $296 + family utility bill $100) / 3 = $132; total $640/month x12"
University of Montenegro,Living Cost,"$9,500",https://livingcost.org/cost/montenegro/podgorica,secondary,2026-10-04,"City: Podgorica (location from Wikidata). livingcost.org (updated June 21, 2026): one-person monthly cost without rent $511 + one room in a shared flat = (cheap 3-bedroom apartment $739 + family utility bill $104) / 3 = $281; total $792/month x12"
University of Mosul,Living Cost,"$5,500",https://livingcost.org/cost/iraq/mosul,secondary,2026-10-04,"City: Mosul (location from Wikidata). livingcost.org (updated June 21, 2026): one-person monthly cost without rent $368 + one room in a shared flat = (cheap 3-bedroom apartment $188 + family utility bill $82) / 3 = $90; total $458/month x12"
University of Pernambuco,Living Cost,"$7,400",https://livingcost.org/cost/brazil/recife,secondary,2026-10-04,"City: Recife (location from Wikidata). livingcost.org (updated June 21, 2026): one-person monthly cost without rent $444 + one room in a shared flat = (cheap 3-bedroom apartment $412 + family utility bill $107) / 3 = $173; total $617/month x12"
University of Port Harcourt,Living Cost,"$5,310",https://livingcost.org/cost/nigeria/port-harcourt,secondary,2026-10-04,"City: Port Harcourt (location from Wikidata). livingcost.org (updated June 21, 2026): one-person monthly cost without rent $273 + one room in a shared flat = (cheap 3-bedroom apartment $484 + family utility bill $24) / 3 = $169; total $442/month x12"
University of Science and Technology of Oran Mohamed-Boudiaf,Living Cost,"$4,690",https://livingcost.org/cost/algeria/oran,secondary,2026-10-04,"City: Oran (location from Wikidata). livingcost.org (updated June 21, 2026): one-person monthly cost without rent $313 + one room in a shared flat = (cheap 3-bedroom apartment $207 + family utility bill $26) / 3 = $78; total $390/month x12"
University of Shizuoka,Living Cost,"$8,570",https://livingcost.org/cost/japan/shizuoka,secondary,2026-10-04,"City: Shizuoka (location from Wikidata). livingcost.org (updated June 21, 2026): one-person monthly cost without rent $530 + one room in a shared flat = (cheap 3-bedroom apartment $403 + family utility bill $150) / 3 = $184; total $714/month x12"
University of Sistan and Baluchestan,Living Cost,"$5,920",https://livingcost.org/cost/iran/zahedan,secondary,2026-10-04,"City: Zahedan (location from Wikidata). livingcost.org (updated June 21, 2026): one-person monthly cost without rent $292 + one room in a shared flat = (cheap 3-bedroom apartment $416 + family utility bill $188) / 3 = $201; total $493/month x12"
University of the Peloponnese,Living Cost,"$10,900",https://livingcost.org/cost/greece/tripoli,secondary,2026-10-04,"City: Tripoli (location from Wikidata). livingcost.org (updated June 21, 2026): one-person monthly cost without rent $676 + one room in a shared flat = (cheap 3-bedroom apartment $452 + family utility bill $244) / 3 = $232; total $908/month x12"
Université Chouaïb Doukkali,Living Cost,"$5,090",https://livingcost.org/cost/morocco/el-jadida,secondary,2026-10-04,"City: El Jadida (location from Wikidata). livingcost.org (updated June 21, 2026): one-person monthly cost without rent $335 + one room in a shared flat = (cheap 3-bedroom apartment $238 + family utility bill $28) / 3 = $89; total $424/month x12"
Université Frères Mentouri Constantine 1,Living Cost,"$4,710",https://livingcost.org/cost/algeria/constantine,secondary,2026-10-04,"City: Constantine (location from Wikidata). livingcost.org (updated June 21, 2026): one-person monthly cost without rent $315 + one room in a shared flat = (cheap 3-bedroom apartment $165 + family utility bill $68) / 3 = $78; total $392/month x12"
Université Kasdi Merbah Ouargla,Living Cost,"$3,990",https://livingcost.org/cost/algeria/ouargla,secondary,2026-10-04,"City: Ouargla (location from Wikidata). livingcost.org (updated June 21, 2026): one-person monthly cost without rent $275 + one room in a shared flat = (cheap 3-bedroom apartment $126 + family utility bill $46) / 3 = $57; total $332/month x12"
Université Mohammed Premier,Living Cost,"$5,050",https://livingcost.org/cost/morocco/oujda,secondary,2026-10-04,"City: Oujda (location from Wikidata). livingcost.org (updated June 21, 2026): one-person monthly cost without rent $330 + one room in a shared flat = (cheap 3-bedroom apartment $219 + family utility bill $54) / 3 = $91; total $421/month x12"
Université Mouloud Mammeri de Tizi-Ouzou,Living Cost,"$4,050",https://livingcost.org/cost/algeria/tizi-ouzou,secondary,2026-10-04,"City: Tizi Ouzou (location from Wikidata). livingcost.org (updated June 21, 2026): one-person monthly cost without rent $274 + one room in a shared flat = (cheap 3-bedroom apartment $160 + family utility bill $31) / 3 = $64; total $338/month x12"
Université Sultan Moulay Slimane,Living Cost,"$4,710",https://livingcost.org/cost/morocco/beni-mellal,secondary,2026-10-04,"City: Beni Mellal (location from Wikidata). livingcost.org (updated June 21, 2026): one-person monthly cost without rent $318 + one room in a shared flat = (cheap 3-bedroom apartment $186 + family utility bill $38) / 3 = $75; total $393/month x12"
Université de Gabès,Living Cost,"$3,990",https://livingcost.org/cost/tunisia/gabes,secondary,2026-10-04,"City: Gabes (location from Wikidata). livingcost.org (updated June 21, 2026): one-person monthly cost without rent $271 + one room in a shared flat = (cheap 3-bedroom apartment $120 + family utility bill $64) / 3 = $61; total $332/month x12"
Utsunomiya University,Living Cost,"$9,380",https://livingcost.org/cost/japan/utsunomiya,secondary,2026-10-04,"City: Utsunomiya (location from Wikidata). livingcost.org (updated June 21, 2026): one-person monthly cost without rent $604 + one room in a shared flat = (cheap 3-bedroom apartment $405 + family utility bill $127) / 3 = $177; total $781/month x12"
Uzhhorod National University,Living Cost,"$4,600",https://livingcost.org/cost/ukraine/uzhhorod,secondary,2026-10-04,"City: Uzhhorod (location from Wikidata). livingcost.org (updated June 21, 2026): one-person monthly cost without rent $240 + one room in a shared flat = (cheap 3-bedroom apartment $358 + family utility bill $72) / 3 = $143; total $383/month x12"
Uşak University,Living Cost,"$6,910",https://livingcost.org/cost/turkey/usak,secondary,2026-10-04,"City: Usak (location from Wikidata). livingcost.org (updated June 21, 2026): one-person monthly cost without rent $445 + one room in a shared flat = (cheap 3-bedroom apartment $344 + family utility bill $48) / 3 = $130; total $576/month x12"
Van Yüzüncü Yil University,Living Cost,"$5,430",https://livingcost.org/cost/turkey/van,secondary,2026-10-04,"City: Van (location from Wikidata). livingcost.org (updated June 21, 2026): one-person monthly cost without rent $317 + one room in a shared flat = (cheap 3-bedroom apartment $308 + family utility bill $99) / 3 = $136; total $453/month x12"
Vietnam National University (Ho Chi Minh City),Living Cost,"$6,400",https://livingcost.org/cost/vietnam/ho-chi-minh,secondary,2026-10-04,"City: Ho Chi Minh (location from Wikidata). livingcost.org (updated June 21, 2026): one-person monthly cost without rent $356 + one room in a shared flat = (cheap 3-bedroom apartment $437 + family utility bill $94) / 3 = $177; total $533/month x12"
Yeditepe University,Living Cost,"$11,960",https://livingcost.org/cost/turkey/istanbul,secondary,2026-10-04,"City: Istanbul (location from Wikidata). livingcost.org (updated June 21, 2026): one-person monthly cost without rent $641 + one room in a shared flat = (cheap 3-bedroom apartment $983 + family utility bill $84) / 3 = $356; total $997/month x12"
Central Queensland University (CQUniversity Australia),Living Cost,"$14,840",https://livingcost.org/cost/australia/rockhampton,secondary,2026-10-04,"City: Rockhampton (location from Wikidata). livingcost.org (updated June 21, 2026): one-person monthly cost without rent $804 + one room in a shared flat = (cheap 3-bedroom apartment $1,100 + family utility bill $197) / 3 = $432; total $1,236/month x12"
Moscow Institute of Physics and Technology (MIPT / Moscow Phystech),Living Cost,"$14,110",https://livingcost.org/cost/russia/moscow,secondary,2026-10-04,"City: Moscow (location from Wikidata). livingcost.org (updated June 21, 2026): one-person monthly cost without rent $672 + one room in a shared flat = (cheap 3-bedroom apartment $1,335 + family utility bill $176) / 3 = $504; total $1,176/month x12"
Sungkyunkwan University(SKKU),Living Cost,"$11,940",https://livingcost.org/cost/south-korea/seoul,secondary,2026-10-04,"City: Seoul (location from Wikidata). livingcost.org (updated June 21, 2026): one-person monthly cost without rent $672 + one room in a shared flat = (cheap 3-bedroom apartment $818 + family utility bill $152) / 3 = $323; total $995/month x12"
The Ohio State University,Living Cost,"$17,810",https://collegescorecard.ed.gov/school/?204796-Ohio-State-University-Main-Campus,government,2026-10-04,"City: Columbus. College Scorecard (US Dept of Education) on-campus room and board $14,738 + other expenses $3,070 per year"
Universidad de San Carlos de Guatemala - USAC,Living Cost,"$10,180",https://livingcost.org/cost/guatemala/guatemala,secondary,2026-10-04,"City: Guatemala City (location from Wikidata). livingcost.org (updated June 21, 2026): one-person monthly cost without rent $590 + one room in a shared flat = (cheap 3-bedroom apartment $699 + family utility bill $77) / 3 = $259; total $849/month x12"
Universidad de Santander - UDES,Living Cost,"$7,690",https://livingcost.org/cost/colombia/bucaramanga,secondary,2026-10-04,"City: Bucaramanga (location from Wikidata). livingcost.org (updated June 21, 2026): one-person monthly cost without rent $451 + one room in a shared flat = (cheap 3-bedroom apartment $489 + family utility bill $80) / 3 = $190; total $641/month x12"
Universidade Federal do Estado do Rio de Janeiro - UNIRIO,Living Cost,"$9,370",https://livingcost.org/cost/brazil/rio-de-janeiro,secondary,2026-10-04,"City: Rio de Janeiro (location from Wikidata). livingcost.org (updated June 21, 2026): one-person monthly cost without rent $528 + one room in a shared flat = (cheap 3-bedroom apartment $621 + family utility bill $137) / 3 = $253; total $781/month x12"
Universidade Federal do Parà - UFPA,Living Cost,"$7,310",https://livingcost.org/cost/brazil/belem,secondary,2026-10-04,"City: Belem (location from Wikidata). livingcost.org (updated June 21, 2026): one-person monthly cost without rent $418 + one room in a shared flat = (cheap 3-bedroom apartment $484 + family utility bill $89) / 3 = $191; total $609/month x12"
University of Niš,Living Cost,"$7,380",https://livingcost.org/cost/serbia/nis,secondary,2026-10-04,"City: Nis (location from Wikidata). livingcost.org (updated June 21, 2026): one-person monthly cost without rent $428 + one room in a shared flat = (cheap 3-bedroom apartment $417 + family utility bill $145) / 3 = $187; total $615/month x12"
Yonsei University,Living Cost,"$11,940",https://livingcost.org/cost/south-korea/seoul,secondary,2026-10-04,"City: Seoul (location from Wikidata). livingcost.org (updated June 21, 2026): one-person monthly cost without rent $672 + one room in a shared flat = (cheap 3-bedroom apartment $818 + family utility bill $152) / 3 = $323; total $995/month x12"
Aston University,Tuition Fee (local),"$12,920",https://www.gov.uk/government/publications/tuition-fees-and-student-support-2026-to-2027-academic-year/changes-to-tuition-fees-2026-to-2027-academic-year-and-2027-to-2028-academic-year,government,2026-10-04,"England home fee cap 2026/27 GBP 9,790; x1.32"
Bournemouth University,Tuition Fee (local),"$12,920",https://www.gov.uk/government/publications/tuition-fees-and-student-support-2026-to-2027-academic-year/changes-to-tuition-fees-2026-to-2027-academic-year-and-2027-to-2028-academic-year,government,2026-10-04,"England home fee cap 2026/27 GBP 9,790; x1.32"
"Goldsmiths, University of London",Tuition Fee (local),"$12,920",https://www.gov.uk/government/publications/tuition-fees-and-student-support-2026-to-2027-academic-year/changes-to-tuition-fees-2026-to-2027-academic-year-and-2027-to-2028-academic-year,government,2026-10-04,"England home fee cap 2026/27 GBP 9,790; x1.32"
Claude Bernard University Lyon 1,Tuition Fee (local),$200,https://www.service-public.gouv.fr/particuliers/actualites/A18927,government,2026-10-04,National licence registration fee 2026-2027 EUR 178; x1.13
Federal University of Toulouse Midi-Pyrénées,Tuition Fee (local),$200,https://www.service-public.gouv.fr/particuliers/actualites/A18927,government,2026-10-04,National licence registration fee 2026-2027 EUR 178; x1.13
Universiti Brunei Darussalam,Tuition Fee (international),"$2,280 – $30,400",https://ubd.edu.bn/admission/undergraduate/undergraduate-why-ubd/gennext-degree-programme/undergraduate-fees-funding/,official,2026-10-04,"International annual tuition BND 3,000 (non-lab degrees) to 40,000 (Dentistry); BND pegged 1:1 to SGD, x0.76"
Bond University,Tuition Fee (local),"$32,550 – $48,830",https://articles.unienrol.com/bond-university-fees-courses/,secondary,2026-10-04,"2026 undergraduate fees AUD 50,080-75,120 per year (private university, same fees for all); x0.65"
Bond University,Tuition Fee (international),"$32,550 – $48,830",https://articles.unienrol.com/bond-university-fees-courses/,secondary,2026-10-04,"2026 undergraduate fees AUD 50,080-75,120 per year (private university, same fees for all); x0.65"
Maynooth University,Tuition Fee (international),"$16,950 – $20,340",https://gostudyin.com/study-in-ireland/study-info/tuition-fees-ireland/,secondary,2026-10-04,"Non-EU undergraduate 2026/27 EUR 15,000-18,000; x1.13"
HSE University,Tuition Fee (international),"$5,520 – $12,000",https://admissions.hse.ru/en/undergraduate-apply/fees,official,2026-10-04,"Moscow campus international bachelor fees RUB 460,000-1,000,000 per year by programme; x0.012"
Australian Catholic University,Tuition Fee (international),"$18,620 – $34,150",https://articles.unienrol.com/australian-catholic-university-acu-fees-courses/,secondary,2026-10-04,"2026 international undergraduate AUD 28,648-52,544 per year; x0.65"
Charles Darwin University,Tuition Fee (international),"$19,370 – $26,530",https://articles.unienrol.com/charles-darwin-university-cdu-fees-courses/,secondary,2026-10-04,"2026 international undergraduate AUD 29,800-40,808 per year; x0.65"
SOAS University of London,Tuition Fee (local),"$12,920",https://www.gov.uk/government/publications/tuition-fees-and-student-support-2026-to-2027-academic-year/changes-to-tuition-fees-2026-to-2027-academic-year-and-2027-to-2028-academic-year,government,2026-10-04,"England home fee cap 2026/27 GBP 9,790; x1.32"
University of Hull,Tuition Fee (local),"$12,920",https://www.gov.uk/government/publications/tuition-fees-and-student-support-2026-to-2027-academic-year/changes-to-tuition-fees-2026-to-2027-academic-year-and-2027-to-2028-academic-year,government,2026-10-04,"England home fee cap 2026/27 GBP 9,790; x1.32"
University of Plymouth,Tuition Fee (local),"$12,920",https://www.gov.uk/government/publications/tuition-fees-and-student-support-2026-to-2027-academic-year/changes-to-tuition-fees-2026-to-2027-academic-year-and-2027-to-2028-academic-year,government,2026-10-04,"England home fee cap 2026/27 GBP 9,790; x1.32"
University of Portsmouth,Tuition Fee (local),"$12,920",https://www.gov.uk/government/publications/tuition-fees-and-student-support-2026-to-2027-academic-year/changes-to-tuition-fees-2026-to-2027-academic-year-and-2027-to-2028-academic-year,government,2026-10-04,"England home fee cap 2026/27 GBP 9,790; x1.32"
"Birkbeck, University of London",Tuition Fee (local),"$12,920",https://www.gov.uk/government/publications/tuition-fees-and-student-support-2026-to-2027-academic-year/changes-to-tuition-fees-2026-to-2027-academic-year-and-2027-to-2028-academic-year,government,2026-10-04,"England home fee cap 2026/27 GBP 9,790; x1.32"
TU Dortmund University,Tuition Fee (local),$0,https://qogentglobal.com/study-in-germany/finance/tuition-fees,secondary,2026-10-04,German public universities charge no tuition to any nationality outside Baden-Wuerttemberg; NRW: semester contribution only
TU Dortmund University,Tuition Fee (international),$0,https://qogentglobal.com/study-in-germany/finance/tuition-fees,secondary,2026-10-04,German public universities charge no tuition to any nationality outside Baden-Wuerttemberg; NRW: semester contribution only
SOAS University of London,Tuition Fee (international),"$31,390",https://www.soas.ac.uk/study/student-fees-and-funding/tuition-fees/undergraduate-fees,official,2026-10-04,"Overseas full-time undergraduate fee 2026/27 GBP 23,780; x1.32"
University of Portsmouth,Tuition Fee (international),"$23,630 – $26,400",https://www.port.ac.uk/tuition-fees-living-costs-and-other-study-costs,official,2026-10-04,"International 2026/27 typical fees GBP 17,900-20,000 by course; x1.32"
University of Plymouth,Tuition Fee (international),"$25,340",https://collegedunia.com/uk/university/866-university-of-plymouth-plymouth/programs/business-courses,secondary,2026-10-04,"International undergraduate rate 2026/27 GBP 19,200; x1.32"
University of Guelph,Tuition Fee (international),"$32,200 – $45,480",https://www.uoguelph.ca/registrar/studentfinance/fees/misc,official,2026-10-04,"2026-27 new international tuition CAD 44,729 (Arts/Sciences) to 63,160 (Engineering), DVM excluded; x0.72"
Oxford Brookes University,Tuition Fee (local),"$12,920",https://www.gov.uk/government/publications/tuition-fees-and-student-support-2026-to-2027-academic-year/changes-to-tuition-fees-2026-to-2027-academic-year-and-2027-to-2028-academic-year,government,2026-10-04,"England home fee cap 2026/27 GBP 9,790; x1.32"
Université de Strasbourg,Tuition Fee (local),$200,https://www.service-public.gouv.fr/particuliers/actualites/A18927,government,2026-10-04,National licence registration fee 2026-2027 EUR 178; x1.13
Bilkent University,Tuition Fee (local),"$33,670",https://w3.bilkent.edu.tr/bilkent/tuition-fees/,official,2026-10-04,"Turkish citizens admitted 2026 (YKS): TL 1,295,000 incl. VAT for 2026-2027; x0.026"
Bilkent University,Tuition Fee (international),"$18,400",https://w3.bilkent.edu.tr/bilkent/international-and-other-students-tuition-fees/,official,2026-10-04,"International students admitted in 2026: USD 18,400 for 2026-2027 incl. VAT"
Concordia University,Tuition Fee (international),"$23,080 – $31,580",https://collegedunia.com/canada/university/3-concordia-university-montreal,secondary,2026-10-04,"International undergraduate CAD 32,050-43,860 per year; x0.72"
Masaryk University,Tuition Fee (international),"$3,060 – $8,480",https://www.muni.cz/en/admissions/bachelors-and-masters-studies/tuition-fees-and-financial-aid,official,2026-10-04,"English-taught bachelor fees 2025/26: CZK 68,000-76,000 (Education/Arts) to EUR 3,000-7,500 (Science/Pharmacy); CZK x0.045, EUR x1.13"
Anglia Ruskin University (ARU),Tuition Fee (local),"$12,920",https://www.gov.uk/government/publications/tuition-fees-and-student-support-2026-to-2027-academic-year/changes-to-tuition-fees-2026-to-2027-academic-year-and-2027-to-2028-academic-year,government,2026-10-04,"England home fee cap 2026/27 GBP 9,790; x1.32"
Keele University,Tuition Fee (local),"$12,920",https://www.gov.uk/government/publications/tuition-fees-and-student-support-2026-to-2027-academic-year/changes-to-tuition-fees-2026-to-2027-academic-year-and-2027-to-2028-academic-year,government,2026-10-04,"England home fee cap 2026/27 GBP 9,790; x1.32"
Liverpool John Moores University,Tuition Fee (local),"$12,920",https://www.gov.uk/government/publications/tuition-fees-and-student-support-2026-to-2027-academic-year/changes-to-tuition-fees-2026-to-2027-academic-year-and-2027-to-2028-academic-year,government,2026-10-04,"England home fee cap 2026/27 GBP 9,790; x1.32"
UNESP,Tuition Fee (local),$0,https://globalscholarships.com/best-universities-in-brazil/,secondary,2026-10-04,"Brazilian public (state) universities charge no tuition, including to international students"
UNESP,Tuition Fee (international),$0,https://globalscholarships.com/best-universities-in-brazil/,secondary,2026-10-04,"Brazilian public (state) universities charge no tuition, including to international students"
Carleton University,Tuition Fee (international),"$28,080 – $39,600",https://carleton.ca/boardofgovernors/wp-content/uploads/sites/157/2026/04/Full-Binder-Open-Board-April-28-2026.pdf,official,2026-10-04,"2026-27 international undergraduate tuition CAD 39,000 (Arts/Sciences) to 55,000 (Engineering/Computer Science); x0.72"
Alfaisal University,Tuition Fee (local),"$25,100",https://admissions.alfaisal.edu/en/tution-fees,official,2026-10-04,"Undergraduate yearly tuition SAR 94,000 for all degrees; x0.267"
Alfaisal University,Tuition Fee (international),"$25,100",https://admissions.alfaisal.edu/en/tution-fees,official,2026-10-04,"Undergraduate yearly tuition SAR 94,000 for all degrees; x0.267"
Keele University,Tuition Fee (international),"$22,570 – $39,340",https://www.keele.ac.uk/study/undergraduate/tuitionfeesandfunding/undergraduatetuitionfees/undergraduatetuitionfeesinternationalstudents,official,2026-10-04,"2026-27 international bands GBP 17,100-29,800 (Medicine/Vet excluded); x1.32"
Liverpool John Moores University,Tuition Fee (international),"$21,250 – $27,320",https://www.beststudenthalls.com/blog/liverpool-john-moores-university-complete-guide/,secondary,2026-10-04,"International 2026 GBP 16,100 (classroom) to 20,700 (clinical); x1.32"
Manchester Metropolitan University,Tuition Fee (local),"$12,920",https://www.gov.uk/government/publications/tuition-fees-and-student-support-2026-to-2027-academic-year/changes-to-tuition-fees-2026-to-2027-academic-year-and-2027-to-2028-academic-year,government,2026-10-04,"England home fee cap 2026/27 GBP 9,790; x1.32"
Middlesex University,Tuition Fee (local),"$12,920",https://www.gov.uk/government/publications/tuition-fees-and-student-support-2026-to-2027-academic-year/changes-to-tuition-fees-2026-to-2027-academic-year-and-2027-to-2028-academic-year,government,2026-10-04,"England home fee cap 2026/27 GBP 9,790; x1.32"
Nottingham Trent University,Tuition Fee (local),"$12,920",https://www.gov.uk/government/publications/tuition-fees-and-student-support-2026-to-2027-academic-year/changes-to-tuition-fees-2026-to-2027-academic-year-and-2027-to-2028-academic-year,government,2026-10-04,"England home fee cap 2026/27 GBP 9,790; x1.32"
University of Greenwich,Tuition Fee (local),"$12,920",https://www.gov.uk/government/publications/tuition-fees-and-student-support-2026-to-2027-academic-year/changes-to-tuition-fees-2026-to-2027-academic-year-and-2027-to-2028-academic-year,government,2026-10-04,"England home fee cap 2026/27 GBP 9,790; x1.32"
University of Lincoln,Tuition Fee (local),"$12,920",https://www.gov.uk/government/publications/tuition-fees-and-student-support-2026-to-2027-academic-year/changes-to-tuition-fees-2026-to-2027-academic-year-and-2027-to-2028-academic-year,government,2026-10-04,"England home fee cap 2026/27 GBP 9,790; x1.32"
Nantes Université,Tuition Fee (local),$200,https://www.service-public.gouv.fr/particuliers/actualites/A18927,government,2026-10-04,National licence registration fee 2026-2027 EUR 178; x1.13
Middlesex University,Tuition Fee (international),"$22,700",https://mdx.ac.uk/study/fees-and-funding/undergraduate-finance,official,2026-10-04,"International undergraduate fee 2026/27 GBP 17,200; x1.32"
Nottingham Trent University,Tuition Fee (international),"$23,690 – $24,680",https://www.ntu.ac.uk/international/tuition-fees,official,2026-10-04,"International 2026/27 GBP 17,950 (most subjects) to 18,700 (Art & Design, Business); x1.32"
University of Greenwich,Tuition Fee (international),"$23,730 – $25,610",https://collegedunia.com/uk/college/848-university-of-greenwich-london/programs,secondary,2026-10-04,"International 2026/27 GBP 17,975 (most programmes) to 19,400 (Nursing/Midwifery); x1.32"
Memorial University of Newfoundland,Tuition Fee (local),"$5,050",https://mun.ca/grenfellcampus/become-a-student/tuition--fees/,official,2026-10-04,"Fall 2026 CAD 702 per 3-credit course for NL/Canadian students (frozen) x 10 courses = CAD 7,020; x0.72"
Memorial University of Newfoundland,Tuition Fee (international),"$16,850",https://mun.ca/grenfellcampus/become-a-student/tuition--fees/,official,2026-10-04,"Fall 2026 CAD 2,340 per 3-credit course for international students x 10 courses = CAD 23,400; x0.72"
University of the West of England,Tuition Fee (local),"$12,920",https://www.gov.uk/government/publications/tuition-fees-and-student-support-2026-to-2027-academic-year/changes-to-tuition-fees-2026-to-2027-academic-year-and-2027-to-2028-academic-year,government,2026-10-04,"England home fee cap 2026/27 GBP 9,790; x1.32"
University of the West of England,Tuition Fee (international),"$22,440",https://collegedunia.com/uk/university/798-university-of-the-west-of-england-bristol/programs/arts-courses,secondary,2026-10-04,"International undergraduate 2026/27 GBP 17,000 per year; x1.32"
Université Côte d\'Azur,Tuition Fee (local),$200,https://www.service-public.gouv.fr/particuliers/actualites/A18927,government,2026-10-04,National licence registration fee 2026-2027 EUR 178; x1.13
Universität Jena,Tuition Fee (local),$0,https://qogentglobal.com/study-in-germany/finance/tuition-fees,secondary,2026-10-04,German public universities charge no tuition to any nationality outside Baden-Wuerttemberg; Thuringia: semester contribution only
Universität Jena,Tuition Fee (international),$0,https://qogentglobal.com/study-in-germany/finance/tuition-fees,secondary,2026-10-04,German public universities charge no tuition to any nationality outside Baden-Wuerttemberg; Thuringia: semester contribution only
Universität Leipzig,Tuition Fee (local),$0,https://qogentglobal.com/study-in-germany/finance/tuition-fees,secondary,2026-10-04,German public universities charge no tuition to any nationality outside Baden-Wuerttemberg; Saxony: semester contribution only
Universität Leipzig,Tuition Fee (international),$0,https://qogentglobal.com/study-in-germany/finance/tuition-fees,secondary,2026-10-04,German public universities charge no tuition to any nationality outside Baden-Wuerttemberg; Saxony: semester contribution only
University of Windsor,Tuition Fee (local),"$4,180 – $5,080",https://collegedunia.com/canada/university/12-university-of-windsor-windsor,secondary,2026-10-04,"2025-26 domestic CAD 5,800-7,049 per year; x0.72"
University of Windsor,Tuition Fee (international),"$21,740 – $23,070",https://collegedunia.com/canada/university/12-university-of-windsor-windsor,secondary,2026-10-04,"2025-26 international CAD 30,200-32,040 per year; x0.72"
University of Nicosia,Tuition Fee (local),"$11,530",https://www.unic.ac.cy/wp-content/uploads/2026/08/UNIC-Nicosia-Tuition-Fees-CY-EU-2026-2027.pdf,official,2026-10-04,"Cyprus/EU undergraduate 2026-2027 EUR 10,200 per year (60 ECTS); x1.13"
University of Nicosia,Tuition Fee (international),"$7,860 – $13,220",https://www.unic.ac.cy/wp-content/uploads/2026/08/UNIC-Nicosia-Tuition-Fees-Non-EU-EN-2026-2027.pdf,official,2026-10-04,"Non-EU undergraduate 2026-2027 EUR 6,960-11,700 per year; x1.13"
University of the Sunshine Coast,Tuition Fee (international),"$18,530 – $21,130",https://www.usc.edu.au/learn/international-students/what-are-the-fees,official,2026-10-04,"2026 international undergraduate AUD 28,500-32,500 per year; x0.65"
Universidad Nacional de La Plata (UNLP),Tuition Fee (local),$0,https://www.study-abroad.org/es/blog/arg-costs-guide/,secondary,2026-10-04,"Argentine public universities charge no undergraduate tuition, including to foreigners"
Universidad Nacional de La Plata (UNLP),Tuition Fee (international),$0,https://www.study-abroad.org/es/blog/arg-costs-guide/,secondary,2026-10-04,"Argentine public universities charge no undergraduate tuition, including to foreigners"
Lahore University of Management Sciences,Tuition Fee (local),"$6,110 – $7,340",https://lums.edu.pk/node/676,official,2026-10-04,"FY2026-27 undergraduate tuition PKR 56,600 per credit hour x 30-36 credits per year = PKR 1,698,000-2,037,600; x0.0036"
Sunway University,Tuition Fee (local),"$6,880 – $8,920",https://www.easyuni.my/malaysia/sunway-university-250/courses/,secondary,2026-10-04,"Malaysian students estimated per-year fees MYR 29,920-38,767 by degree; x0.23"
Sunway University,Tuition Fee (international),"$7,400 – $9,430",https://www.easyuni.my/malaysia/sunway-university-250/courses/,secondary,2026-10-04,"Foreign students estimated per-year fees MYR 32,170-41,017 by degree; x0.23"
Al Ain University,Tuition Fee (local),"$8,160 – $12,240",https://aau.ac.ae/en/admission/financial-info/financial-information,official,2026-10-04,"AED 1,000-1,500 per credit hour x 30 credits per year; x0.272"
Al Ain University,Tuition Fee (international),"$8,160 – $12,240",https://aau.ac.ae/en/admission/financial-info/financial-information,official,2026-10-04,"Same per-credit fees for all students: AED 1,000-1,500 x 30 credits; x0.272"
University of Debrecen,Tuition Fee (international),"$5,500 – $17,000",https://southasia.edu.unideb.hu/blog/blog-details/University-of-Debrecen-Finances-Complete-Guide-for-Students/,official,2026-10-04,"International tuition USD 5,500-17,000 per year by programme"
Birmingham City University,Tuition Fee (local),"$12,920",https://www.gov.uk/government/publications/tuition-fees-and-student-support-2026-to-2027-academic-year/changes-to-tuition-fees-2026-to-2027-academic-year-and-2027-to-2028-academic-year,government,2026-10-04,"England home fee cap 2026/27 GBP 9,790; x1.32"
De Montfort University,Tuition Fee (local),"$12,920",https://www.gov.uk/government/publications/tuition-fees-and-student-support-2026-to-2027-academic-year/changes-to-tuition-fees-2026-to-2027-academic-year-and-2027-to-2028-academic-year,government,2026-10-04,"England home fee cap 2026/27 GBP 9,790; x1.32"
Université Paul Sabatier Toulouse III,Tuition Fee (local),$200,https://www.service-public.gouv.fr/particuliers/actualites/A18927,government,2026-10-04,National licence registration fee 2026-2027 EUR 178; x1.13
Singapore Management University,Tuition Fee (local),"$8,780 – $9,690",https://admissions.smu.edu.sg/tuition-fees-grant,official,2026-10-04,"AY2026/27 Singapore Citizens SGD 11,550 (most degrees) to 12,750 (Law) per year; x0.76"
Singapore Management University,Tuition Fee (international),"$19,910 – $23,140",https://admissions.smu.edu.sg/tuition-fees-grant,official,2026-10-04,"AY2026/27 international students (with MOE Tuition Grant) SGD 26,200-30,450 per year; x0.76"
Birmingham City University,Tuition Fee (international),"$24,510 – $25,370",https://collegedunia.com/uk/college/2288-birmingham-city-university-birmingham,secondary,2026-10-04,"International undergraduate 2026/27 about GBP 18,570-19,220 per year; x1.32"
De Montfort University,Tuition Fee (international),"$20,790 – $22,840",https://collegedunia.com/uk/college/826-de-montfort-university-leicester/programs,secondary,2026-10-04,"International undergraduate 2026 GBP 15,750-17,300 per year; x1.32"
COMSATS University Islamabad,Tuition Fee (local),"$610 – $1,080",https://blog.maqsad.io/blog/comsats-admission-guide,secondary,2026-10-04,"Undergraduate semester fee about PKR 85,000-150,000 x2 semesters; x0.0036"
"Kingston University, London",Tuition Fee (local),"$12,920",https://www.gov.uk/government/publications/tuition-fees-and-student-support-2026-to-2027-academic-year/changes-to-tuition-fees-2026-to-2027-academic-year-and-2027-to-2028-academic-year,government,2026-10-04,"England home fee cap 2026/27 GBP 9,790; x1.32"
London South Bank University,Tuition Fee (local),"$12,920",https://www.gov.uk/government/publications/tuition-fees-and-student-support-2026-to-2027-academic-year/changes-to-tuition-fees-2026-to-2027-academic-year-and-2027-to-2028-academic-year,government,2026-10-04,"England home fee cap 2026/27 GBP 9,790; x1.32"
"Kingston University, London",Tuition Fee (international),"$24,420 – $28,250",https://www.kingston.ac.uk/undergraduate/fees-and-funding/fees/,official,2026-10-04,"International 2026/27 guideline fees GBP 18,500 (classroom) to 21,400 (Art & Design); x1.32"
London South Bank University,Tuition Fee (international),"$19,670 – $22,310",https://collegedunia.com/uk/university/841-london-south-bank-university-london/programs,secondary,2026-10-04,"International undergraduate 2026/27 GBP 14,900-16,900; x1.32"
"International Institute of Information Technology, Hyderabad",Tuition Fee (local),"$5,180",https://www.careers360.com/university/international-institute-of-information-technology-hyderabad/fees,secondary,2026-10-04,"B.Tech tuition INR 4,50,000 per year (2025 batch); x0.0115"
University of Klagenfurt,Tuition Fee (local),$0,https://studyinaustria.at/en/plan-your-studies/tuition-fee,government,2026-10-04,Austrian public universities: EU/EEA students pay no tuition within minimum study duration + 2 semesters
University of Klagenfurt,Tuition Fee (international),"$1,640",https://studyinaustria.at/en/plan-your-studies/tuition-fee,government,2026-10-04,Non-EU/EEA students EUR 726.72 per semester x2; x1.13
Paris Lodron Universität Salzburg,Tuition Fee (local),$0,https://studyinaustria.at/en/plan-your-studies/tuition-fee,government,2026-10-04,Austrian public universities: EU/EEA students pay no tuition within minimum study duration + 2 semesters
Paris Lodron Universität Salzburg,Tuition Fee (international),"$1,640",https://studyinaustria.at/en/plan-your-studies/tuition-fee,government,2026-10-04,Non-EU/EEA students EUR 726.72 per semester x2; x1.13
Karl-Franzens-Universitaet Graz,Tuition Fee (local),$0,https://studyinaustria.at/en/plan-your-studies/tuition-fee,government,2026-10-04,Austrian public universities: EU/EEA students pay no tuition within minimum study duration + 2 semesters
Karl-Franzens-Universitaet Graz,Tuition Fee (international),"$1,640",https://studyinaustria.at/en/plan-your-studies/tuition-fee,government,2026-10-04,Non-EU/EEA students EUR 726.72 per semester x2; x1.13
University of Oslo,Tuition Fee (local),$0,https://universitas.no/new-tuition-fees-in-norway-a-guide-for-non-eu-students/364535,secondary,2026-10-04,Norwegian public universities charge no tuition to EU/EEA/Swiss students (fees only for non-EU since 2023)
Norwegian University of Life Sciences,Tuition Fee (local),$0,https://universitas.no/new-tuition-fees-in-norway-a-guide-for-non-eu-students/364535,secondary,2026-10-04,Norwegian public universities charge no tuition to EU/EEA/Swiss students (fees only for non-EU since 2023)
University of Stavanger,Tuition Fee (local),$0,https://universitas.no/new-tuition-fees-in-norway-a-guide-for-non-eu-students/364535,secondary,2026-10-04,Norwegian public universities charge no tuition to EU/EEA/Swiss students (fees only for non-EU since 2023)
University of Tromsø The Arctic University of Norway,Tuition Fee (local),$0,https://universitas.no/new-tuition-fees-in-norway-a-guide-for-non-eu-students/364535,secondary,2026-10-04,Norwegian public universities charge no tuition to EU/EEA/Swiss students (fees only for non-EU since 2023)
Norwegian University of Life Sciences,Tuition Fee (international),"$7,680 – $21,600",https://universitas.no/new-tuition-fees-in-norway-a-guide-for-non-eu-students/364535,secondary,2026-10-04,"NMBU non-EU bachelor fees NOK 80,000-225,000 per year by programme; x0.096"
Ontario Tech University,Tuition Fee (local),"$4,310",https://registrar.ontariotechu.ca/fees-and-payment/domestic-student-tuition/undergraduate-domestic-tuition-2025-2026.php,official,2026-10-04,"2025-26 domestic first-year tuition CAD 5,982.80 (most programmes); x0.72"
Ontario Tech University,Tuition Fee (international),"$23,870",https://registrar.ontariotechu.ca/fees-and-payment/international-student-tuition/undergraduate-international-tuition1.php,official,2026-10-04,"2025-26 international undergraduate CAD 33,153.66 per year; x0.72"
Reykjavík University,Tuition Fee (local),"$9,880",https://en.ru.is/en/namid/um-namid/skolagjold,official,2026-10-04,"2026-2027 EU/EFTA ISK 677,000 per semester x2; x0.0073"
Reykjavík University,Tuition Fee (international),"$18,190",https://en.ru.is/en/namid/um-namid/skolagjold,official,2026-10-04,"2026-2027 non-EU/EFTA ISK 1,246,000 per semester x2; x0.0073"
University of Derby,Tuition Fee (local),"$12,920",https://www.gov.uk/government/publications/tuition-fees-and-student-support-2026-to-2027-academic-year/changes-to-tuition-fees-2026-to-2027-academic-year-and-2027-to-2028-academic-year,government,2026-10-04,"England home fee cap 2026/27 GBP 9,790; x1.32"
University of Hertfordshire,Tuition Fee (local),"$12,920",https://www.gov.uk/government/publications/tuition-fees-and-student-support-2026-to-2027-academic-year/changes-to-tuition-fees-2026-to-2027-academic-year-and-2027-to-2028-academic-year,government,2026-10-04,"England home fee cap 2026/27 GBP 9,790; x1.32"
University of Wolverhampton,Tuition Fee (local),"$12,920",https://www.gov.uk/government/publications/tuition-fees-and-student-support-2026-to-2027-academic-year/changes-to-tuition-fees-2026-to-2027-academic-year-and-2027-to-2028-academic-year,government,2026-10-04,"England home fee cap 2026/27 GBP 9,790; x1.32"
Universidade Federal do Rio Grande do Sul,Tuition Fee (local),$0,https://globalscholarships.com/best-universities-in-brazil/,secondary,2026-10-04,"Brazilian federal universities charge no tuition, including to international students"
Universidade Federal do Rio Grande do Sul,Tuition Fee (international),$0,https://globalscholarships.com/best-universities-in-brazil/,secondary,2026-10-04,"Brazilian federal universities charge no tuition, including to international students"
University of Minho,Tuition Fee (local),$790,https://qogentglobal.com/portugal/finance/tuition-fees,secondary,2026-10-04,Portuguese public bachelor fee for national/EU students EUR 697 per year; x1.13
Toronto Metropolitan University,Tuition Fee (local),"$5,330 – $5,350",https://www.torontomu.ca/admissions/tuition-fees/,official,2026-10-04,"2026-27 Ontario students CAD 7,400-7,425 per year; x0.72"
Toronto Metropolitan University,Tuition Fee (international),"$27,860 – $32,170",https://www.torontomu.ca/international/admissions/paying-for-your-education/tuition-fees/,official,2026-10-04,"2026-27 international CAD 38,693-44,675 per year; x0.72"
University of New Brunswick UNB,Tuition Fee (international),"$14,130 – $21,940",https://www.excelsiorscholarships.com/university-new-brunswick-tuition-fees/,secondary,2026-10-04,"International undergraduate CAD 19,627-30,469 per year; x0.72"
Tallinn University of Technology,Tuition Fee (international),"$2,600 – $6,780",https://www.study.eu/university/tallinn-university-of-technology,secondary,2026-10-04,"English-taught programmes EUR 2,300-6,000 per year for non-EU students; x1.13"
University of Hertfordshire,Tuition Fee (international),"$23,030",https://collegedunia.com/uk/university/819-university-of-hertfordshire-hatfield/programs/computer-science-courses,secondary,2026-10-04,"International undergraduate 2026/27 GBP 17,450 per year; x1.32"
University of Wolverhampton,Tuition Fee (international),"$22,370 – $24,680",https://collegedunia.com/uk/university/2310-university-of-wolverhampton-wolverhampton/programs,secondary,2026-10-04,"International undergraduate 2026/27 GBP 16,950-18,700; x1.32"
Universität Siegen,Tuition Fee (local),$0,https://qogentglobal.com/study-in-germany/finance/tuition-fees,secondary,2026-10-04,German public universities charge no tuition to any nationality outside Baden-Wuerttemberg; NRW: semester contribution only
Universität Siegen,Tuition Fee (international),$0,https://qogentglobal.com/study-in-germany/finance/tuition-fees,secondary,2026-10-04,German public universities charge no tuition to any nationality outside Baden-Wuerttemberg; NRW: semester contribution only
Universität des Saarlandes,Tuition Fee (local),$0,https://qogentglobal.com/study-in-germany/finance/tuition-fees,secondary,2026-10-04,German public universities charge no tuition to any nationality outside Baden-Wuerttemberg; Saarland: semester contribution only
Universität des Saarlandes,Tuition Fee (international),$0,https://qogentglobal.com/study-in-germany/finance/tuition-fees,secondary,2026-10-04,German public universities charge no tuition to any nationality outside Baden-Wuerttemberg; Saarland: semester contribution only
Christian-Albrechts-University zu Kiel,Tuition Fee (local),$0,https://qogentglobal.com/study-in-germany/finance/tuition-fees,secondary,2026-10-04,German public universities charge no tuition to any nationality outside Baden-Wuerttemberg; Schleswig-Holstein: semester contribution only
Christian-Albrechts-University zu Kiel,Tuition Fee (international),$0,https://qogentglobal.com/study-in-germany/finance/tuition-fees,secondary,2026-10-04,German public universities charge no tuition to any nationality outside Baden-Wuerttemberg; Schleswig-Holstein: semester contribution only
Université de Lille,Tuition Fee (local),$200,https://www.service-public.gouv.fr/particuliers/actualites/A18927,government,2026-10-04,National licence registration fee 2026-2027 EUR 178; x1.13
Université de Lorraine,Tuition Fee (local),$200,https://www.service-public.gouv.fr/particuliers/actualites/A18927,government,2026-10-04,National licence registration fee 2026-2027 EUR 178; x1.13
Xi’an Jiaotong-Liverpool University,Tuition Fee (local),"$12,930",https://www.xjtlu.edu.cn/en/admissions/global/fees-and-scholarship,official,2026-10-04,"Undergraduate tuition RMB 93,000 per year, same for mainland and international students; x0.139"
American University in Dubai,Tuition Fee (local),"$28,850",https://www.studyfromuae.com/blogs/american-university-in-dubai-fees,secondary,2026-10-04,"2026-2027 undergraduate tuition about AED 106,050 per year (12-16 credits per semester); x0.272"
Asia Pacific University of Technology and Innovation (APU),Tuition Fee (local),"$7,570 – $9,140",https://articles.unienrol.com/asia-pacific-university-apu-fees-and-courses/,secondary,2026-10-04,"2026 degree total fees RM 98,800-119,200 for 3-year programmes = RM 32,933-39,733 per year; x0.23"
Xi’an Jiaotong-Liverpool University,Tuition Fee (international),"$12,930",https://www.xjtlu.edu.cn/en/admissions/global/fees-and-scholarship,official,2026-10-04,"Undergraduate tuition RMB 93,000 per year, same for mainland and international students; x0.139"
American University in Dubai,Tuition Fee (international),"$28,850",https://www.studyfromuae.com/blogs/american-university-in-dubai-fees,secondary,2026-10-04,"2026-2027 undergraduate tuition about AED 106,050 per year (12-16 credits per semester); x0.272"
Asia Pacific University of Technology and Innovation (APU),Tuition Fee (international),"$7,570 – $9,140",https://articles.unienrol.com/asia-pacific-university-apu-fees-and-courses/,secondary,2026-10-04,"2026 degree total fees RM 98,800-119,200 for 3-year programmes = RM 32,933-39,733 per year; x0.23"
Martin-Luther-Universität Halle-Wittenberg,Tuition Fee (local),$0,https://qogentglobal.com/study-in-germany/finance/tuition-fees,secondary,2026-10-04,German public universities charge no tuition to any nationality outside Baden-Wuerttemberg; Saxony-Anhalt: semester contribution only
Martin-Luther-Universität Halle-Wittenberg,Tuition Fee (international),$0,https://qogentglobal.com/study-in-germany/finance/tuition-fees,secondary,2026-10-04,German public universities charge no tuition to any nationality outside Baden-Wuerttemberg; Saxony-Anhalt: semester contribution only
Universidade Federal de Minas Gerais,Tuition Fee (local),$0,https://globalscholarships.com/best-universities-in-brazil/,secondary,2026-10-04,"Brazilian federal universities charge no tuition, including to international students"
Universidade Federal de Minas Gerais,Tuition Fee (international),$0,https://globalscholarships.com/best-universities-in-brazil/,secondary,2026-10-04,"Brazilian federal universities charge no tuition, including to international students"
ISCTE - Instituto Universitario de Lisboa,Tuition Fee (local),$790,https://qogentglobal.com/portugal/finance/tuition-fees,secondary,2026-10-04,Portuguese public bachelor fee for national/EU students EUR 697 per year; x1.13
Ritsumeikan University,Tuition Fee (local),"$7,860 – $13,840",https://www.jpss.jp/en/univ/498/1267/,secondary,2026-10-04,"2026 undergraduate tuition JPY 1,155,800 (Economics) to 2,034,600 (Pharmaceutical Sciences) per year, one schedule for all students; x0.0068"
Ritsumeikan University,Tuition Fee (international),"$7,860 – $13,840",https://www.jpss.jp/en/univ/498/1267/,secondary,2026-10-04,"2026 undergraduate tuition JPY 1,155,800 (Economics) to 2,034,600 (Pharmaceutical Sciences) per year, one schedule for all students; x0.0068"
HUFS - Hankuk (Korea) University of Foreign Studies,Tuition Fee (local),"$6,100 – $7,000",https://globalassistant.info/hankuk-university-south-korea-course-tuition-fees/,secondary,2026-10-04,"Regular-semester tuition KRW 4,298,000 (Humanities/Business) to 4,931,000 (Natural Sciences) x2; x0.00071"
HUFS - Hankuk (Korea) University of Foreign Studies,Tuition Fee (international),"$6,100 – $7,000",https://globalassistant.info/hankuk-university-south-korea-course-tuition-fees/,secondary,2026-10-04,"Regular-semester tuition KRW 4,298,000 (Humanities/Business) to 4,931,000 (Natural Sciences) x2; x0.00071"
University of Franche-Comté,Tuition Fee (local),$200,https://www.service-public.gouv.fr/particuliers/actualites/A18927,government,2026-10-04,National licence registration fee 2026-2027 EUR 178; x1.13
Université de Rennes 1 (University of Rennes),Tuition Fee (local),$200,https://www.service-public.gouv.fr/particuliers/actualites/A18927,government,2026-10-04,National licence registration fee 2026-2027 EUR 178; x1.13
Indian Institute of Technology Hyderabad,Tuition Fee (local),"$2,300",https://getmyuni.com/college/indian-institute-of-technology-iit-hyderabad-courses-fees/btech-computer-science-and-engineering-pi,secondary,2026-10-04,"B.Tech tuition INR 200,000 per year (INR 100,000 per semester); x0.0115"
Dongguk University,Tuition Fee (local),"$5,490 – $7,240",https://sherig.org/en/wp-content/uploads/2026/05/Guide-Book-for-International-Students-2026.pdf,secondary,2026-10-04,"Undergraduate tuition KRW 3,864,000-5,100,000 per semester x2; x0.00071"
Dongguk University,Tuition Fee (international),"$5,490 – $7,240",https://sherig.org/en/wp-content/uploads/2026/05/Guide-Book-for-International-Students-2026.pdf,secondary,2026-10-04,"Undergraduate tuition KRW 3,864,000-5,100,000 per semester x2; x0.00071"
Massachusetts Institute of Technology (MIT),Acceptance Rate,4.5%,https://collegescorecard.ed.gov/school/?166683-Massachusetts-Institute-of-Technology,government,2026-10-04,US Dept of Education College Scorecard (most recent): admission rate 0.0455 for Massachusetts Institute of Technology
Stanford University,Acceptance Rate,3.6%,https://collegescorecard.ed.gov/school/?243744-Stanford-University,government,2026-10-04,US Dept of Education College Scorecard (most recent): admission rate 0.0361 for Stanford University
Harvard University,Acceptance Rate,3.6%,https://collegescorecard.ed.gov/school/?166027-Harvard-University,government,2026-10-04,US Dept of Education College Scorecard (most recent): admission rate 0.0365 for Harvard University
Princeton University,Acceptance Rate,4.6%,https://collegescorecard.ed.gov/school/?186131-Princeton-University,government,2026-10-04,US Dept of Education College Scorecard (most recent): admission rate 0.0462 for Princeton University
California Institute of Technology,Acceptance Rate,2.6%,https://collegescorecard.ed.gov/school/?110404-California-Institute-of-Technology,government,2026-10-04,US Dept of Education College Scorecard (most recent): admission rate 0.0257 for California Institute of Technology
"University of California, Berkeley",Acceptance Rate,11%,https://collegescorecard.ed.gov/school/?110635-University-of-California-Berkeley,government,2026-10-04,US Dept of Education College Scorecard (most recent): admission rate 0.1098 for University of California-Berkeley
Yale University,Acceptance Rate,3.9%,https://collegescorecard.ed.gov/school/?130794-Yale-University,government,2026-10-04,US Dept of Education College Scorecard (most recent): admission rate 0.0387 for Yale University
University of Pennsylvania,Acceptance Rate,5.4%,https://collegescorecard.ed.gov/school/?215062-University-of-Pennsylvania,government,2026-10-04,US Dept of Education College Scorecard (most recent): admission rate 0.0540 for University of Pennsylvania
The University of Chicago,Acceptance Rate,4.5%,https://collegescorecard.ed.gov/school/?144050-University-of-Chicago,government,2026-10-04,US Dept of Education College Scorecard (most recent): admission rate 0.0448 for University of Chicago
Johns Hopkins University,Acceptance Rate,6.4%,https://collegescorecard.ed.gov/school/?162928-Johns-Hopkins-University,government,2026-10-04,US Dept of Education College Scorecard (most recent): admission rate 0.0644 for Johns Hopkins University
Cornell University,Acceptance Rate,8.8%,https://collegescorecard.ed.gov/school/?190415-Cornell-University,government,2026-10-04,US Dept of Education College Scorecard (most recent): admission rate 0.0876 for Cornell University
Columbia University,Acceptance Rate,4%,https://collegescorecard.ed.gov/school/?190150-Columbia-University-in-the-City-of-New-York,government,2026-10-04,US Dept of Education College Scorecard (most recent): admission rate 0.0399 for Columbia University in the City of New York
"University of California, Los Angeles",Acceptance Rate,9%,https://collegescorecard.ed.gov/school/?110662-University-of-California-Los-Angeles,government,2026-10-04,US Dept of Education College Scorecard (most recent): admission rate 0.0897 for University of California-Los Angeles
University of Michigan-Ann Arbor,Acceptance Rate,16%,https://collegescorecard.ed.gov/school/?170976-University-of-Michigan-Ann-Arbor,government,2026-10-04,US Dept of Education College Scorecard (most recent): admission rate 0.1564 for University of Michigan-Ann Arbor
Carnegie Mellon University,Acceptance Rate,12%,https://collegescorecard.ed.gov/school/?211440-Carnegie-Mellon-University,government,2026-10-04,US Dept of Education College Scorecard (most recent): admission rate 0.1166 for Carnegie Mellon University
University of Washington,Acceptance Rate,39%,https://collegescorecard.ed.gov/school/?236948-University-of-Washington-Seattle-Campus,government,2026-10-04,US Dept of Education College Scorecard (most recent): admission rate 0.3915 for University of Washington-Seattle Campus
Duke University,Acceptance Rate,5.7%,https://collegescorecard.ed.gov/school/?198419-Duke-University,government,2026-10-04,US Dept of Education College Scorecard (most recent): admission rate 0.0571 for Duke University
New York University,Acceptance Rate,9.2%,https://collegescorecard.ed.gov/school/?193900-New-York-University,government,2026-10-04,US Dept of Education College Scorecard (most recent): admission rate 0.0923 for New York University
Northwestern University,Acceptance Rate,7.7%,https://collegescorecard.ed.gov/school/?147767-Northwestern-University,government,2026-10-04,US Dept of Education College Scorecard (most recent): admission rate 0.0769 for Northwestern University
"University of California, San Diego",Acceptance Rate,27%,https://collegescorecard.ed.gov/school/?110680-University-of-California-San-Diego,government,2026-10-04,US Dept of Education College Scorecard (most recent): admission rate 0.2671 for University of California-San Diego
Georgia Institute of Technology,Acceptance Rate,14%,https://collegescorecard.ed.gov/school/?139755-Georgia-Institute-of-Technology-Main-Campus,government,2026-10-04,US Dept of Education College Scorecard (most recent): admission rate 0.1407 for Georgia Institute of Technology-Main Campus
University of Illinois at Urbana-Champaign,Acceptance Rate,42%,https://collegescorecard.ed.gov/school/?145637-University-of-Illinois-Urbana-Champaign,government,2026-10-04,US Dept of Education College Scorecard (most recent): admission rate 0.4237 for University of Illinois Urbana-Champaign
University of Texas at Austin,Acceptance Rate,27%,https://collegescorecard.ed.gov/school/?228778-The-University-of-Texas-at-Austin,government,2026-10-04,US Dept of Education College Scorecard (most recent): admission rate 0.2664 for The University of Texas at Austin
"University of California, Davis",Acceptance Rate,42%,https://collegescorecard.ed.gov/school/?110644-University-of-California-Davis,government,2026-10-04,US Dept of Education College Scorecard (most recent): admission rate 0.4183 for University of California-Davis
University of Wisconsin-Madison,Acceptance Rate,45%,https://collegescorecard.ed.gov/school/?240444-University-of-Wisconsin-Madison,government,2026-10-04,US Dept of Education College Scorecard (most recent): admission rate 0.4520 for University of Wisconsin-Madison
Brown University,Acceptance Rate,5.4%,https://collegescorecard.ed.gov/school/?217156-Brown-University,government,2026-10-04,US Dept of Education College Scorecard (most recent): admission rate 0.0539 for Brown University
Washington University in St Louis,Acceptance Rate,12%,https://collegescorecard.ed.gov/school/?179867-Washington-University-in-St-Louis,government,2026-10-04,US Dept of Education College Scorecard (most recent): admission rate 0.1206 for Washington University in St Louis
"University of California, Santa Barbara",Acceptance Rate,33%,https://collegescorecard.ed.gov/school/?110705-University-of-California-Santa-Barbara,government,2026-10-04,US Dept of Education College Scorecard (most recent): admission rate 0.3297 for University of California-Santa Barbara
University of North Carolina at Chapel Hill,Acceptance Rate,15%,https://collegescorecard.ed.gov/school/?199120-University-of-North-Carolina-at-Chapel-Hill,government,2026-10-04,US Dept of Education College Scorecard (most recent): admission rate 0.1534 for University of North Carolina at Chapel Hill
University of Southern California,Acceptance Rate,9.8%,https://collegescorecard.ed.gov/school/?123961-University-of-Southern-California,government,2026-10-04,US Dept of Education College Scorecard (most recent): admission rate 0.0981 for University of Southern California
Boston University,Acceptance Rate,11%,https://collegescorecard.ed.gov/school/?164988-Boston-University,government,2026-10-04,US Dept of Education College Scorecard (most recent): admission rate 0.1111 for Boston University
Pennsylvania State University,Acceptance Rate,61%,https://collegescorecard.ed.gov/school/?214777-Pennsylvania-State-University-Main-Campus,government,2026-10-04,US Dept of Education College Scorecard (most recent): admission rate 0.6056 for Pennsylvania State University-Main Campus
"University of California, Irvine",Acceptance Rate,29%,https://collegescorecard.ed.gov/school/?110653-University-of-California-Irvine,government,2026-10-04,US Dept of Education College Scorecard (most recent): admission rate 0.2857 for University of California-Irvine
Emory University,Acceptance Rate,11%,https://collegescorecard.ed.gov/school/?139658-Emory-University,government,2026-10-04,US Dept of Education College Scorecard (most recent): admission rate 0.1065 for Emory University
"University of Maryland, College Park",Acceptance Rate,45%,https://collegescorecard.ed.gov/school/?163286-University-of-Maryland-College-Park,government,2026-10-04,US Dept of Education College Scorecard (most recent): admission rate 0.4479 for University of Maryland-College Park
Michigan State University,Acceptance Rate,85%,https://collegescorecard.ed.gov/school/?171100-Michigan-State-University,government,2026-10-04,US Dept of Education College Scorecard (most recent): admission rate 0.8480 for Michigan State University
Texas A&M University,Acceptance Rate,57%,https://collegescorecard.ed.gov/school/?228723-Texas-A-M-University-College-Station,government,2026-10-04,US Dept of Education College Scorecard (most recent): admission rate 0.5743 for Texas A&M University-College Station
Rice University,Acceptance Rate,8%,https://collegescorecard.ed.gov/school/?227757-Rice-University,government,2026-10-04,US Dept of Education College Scorecard (most recent): admission rate 0.0800 for Rice University
University of Florida,Acceptance Rate,24%,https://collegescorecard.ed.gov/school/?134130-University-of-Florida,government,2026-10-04,US Dept of Education College Scorecard (most recent): admission rate 0.2420 for University of Florida
University of Colorado Boulder,Acceptance Rate,78%,https://collegescorecard.ed.gov/school/?126614-University-of-Colorado-Boulder,government,2026-10-04,US Dept of Education College Scorecard (most recent): admission rate 0.7808 for University of Colorado Boulder
University of Arizona,Acceptance Rate,86%,https://collegescorecard.ed.gov/school/?104179-University-of-Arizona,government,2026-10-04,US Dept of Education College Scorecard (most recent): admission rate 0.8614 for University of Arizona
Case Western Reserve University,Acceptance Rate,37%,https://collegescorecard.ed.gov/school/?201645-Case-Western-Reserve-University,government,2026-10-04,US Dept of Education College Scorecard (most recent): admission rate 0.3654 for Case Western Reserve University
Arizona State University (Tempe),Acceptance Rate,90%,https://collegescorecard.ed.gov/school/?104151-Arizona-State-University-Campus-Immersion,government,2026-10-04,US Dept of Education College Scorecard (most recent): admission rate 0.8989 for Arizona State University Campus Immersion
Georgetown University,Acceptance Rate,13%,https://collegescorecard.ed.gov/school/?131496-Georgetown-University,government,2026-10-04,US Dept of Education College Scorecard (most recent): admission rate 0.1291 for Georgetown University
Tufts University,Acceptance Rate,11%,https://collegescorecard.ed.gov/school/?168148-Tufts-University,government,2026-10-04,US Dept of Education College Scorecard (most recent): admission rate 0.1149 for Tufts University
University of Notre Dame,Acceptance Rate,11%,https://collegescorecard.ed.gov/school/?152080-University-of-Notre-Dame,government,2026-10-04,US Dept of Education College Scorecard (most recent): admission rate 0.1127 for University of Notre Dame
George Washington University,Acceptance Rate,47%,https://collegescorecard.ed.gov/school/?131469-George-Washington-University,government,2026-10-04,US Dept of Education College Scorecard (most recent): admission rate 0.4709 for George Washington University
"Northeastern University, US",Acceptance Rate,5.2%,https://collegescorecard.ed.gov/school/?167358-Northeastern-University,government,2026-10-04,US Dept of Education College Scorecard (most recent): admission rate 0.0522 for Northeastern University
Rutgers University – New Brunswick,Acceptance Rate,58%,https://collegescorecard.ed.gov/school/?186380-Rutgers-University-New-Brunswick,government,2026-10-04,US Dept of Education College Scorecard (most recent): admission rate 0.5815 for Rutgers University-New Brunswick
"University of California, Santa Cruz",Acceptance Rate,66%,https://collegescorecard.ed.gov/school/?110714-University-of-California-Santa-Cruz,government,2026-10-04,US Dept of Education College Scorecard (most recent): admission rate 0.6579 for University of California-Santa Cruz
University of Hawai’i at Mānoa,Acceptance Rate,87%,https://collegescorecard.ed.gov/school/?141574-University-of-Hawaii-at-Manoa,government,2026-10-04,US Dept of Education College Scorecard (most recent): admission rate 0.8660 for University of Hawaii at Manoa
University of Illinois Chicago,Acceptance Rate,77%,https://collegescorecard.ed.gov/school/?145600-University-of-Illinois-Chicago,government,2026-10-04,US Dept of Education College Scorecard (most recent): admission rate 0.7735 for University of Illinois Chicago
University of Iowa,Acceptance Rate,84%,https://collegescorecard.ed.gov/school/?153658-University-of-Iowa,government,2026-10-04,US Dept of Education College Scorecard (most recent): admission rate 0.8362 for University of Iowa
University of Miami,Acceptance Rate,19%,https://collegescorecard.ed.gov/school/?135726-University-of-Miami,government,2026-10-04,US Dept of Education College Scorecard (most recent): admission rate 0.1890 for University of Miami
University of Utah,Acceptance Rate,86%,https://collegescorecard.ed.gov/school/?230764-University-of-Utah,government,2026-10-04,US Dept of Education College Scorecard (most recent): admission rate 0.8598 for University of Utah
University of Minnesota Twin Cities,Acceptance Rate,80%,https://collegescorecard.ed.gov/school/?174066-University-of-Minnesota-Twin-Cities,government,2026-10-04,US Dept of Education College Scorecard (most recent): admission rate 0.7975 for University of Minnesota-Twin Cities
Boston College,Acceptance Rate,16%,https://collegescorecard.ed.gov/school/?164924-Boston-College,government,2026-10-04,US Dept of Education College Scorecard (most recent): admission rate 0.1643 for Boston College
Brandeis University,Acceptance Rate,40%,https://collegescorecard.ed.gov/school/?165015-Brandeis-University,government,2026-10-04,US Dept of Education College Scorecard (most recent): admission rate 0.4050 for Brandeis University
Florida State University,Acceptance Rate,24%,https://collegescorecard.ed.gov/school/?134097-Florida-State-University,government,2026-10-04,US Dept of Education College Scorecard (most recent): admission rate 0.2422 for Florida State University
North Carolina State University,Acceptance Rate,42%,https://collegescorecard.ed.gov/school/?199193-North-Carolina-State-University-at-Raleigh,government,2026-10-04,US Dept of Education College Scorecard (most recent): admission rate 0.4174 for North Carolina State University at Raleigh
"University of California, Riverside",Acceptance Rate,76%,https://collegescorecard.ed.gov/school/?110671-University-of-California-Riverside,government,2026-10-04,US Dept of Education College Scorecard (most recent): admission rate 0.7639 for University of California-Riverside
University of South Florida,Acceptance Rate,43%,https://collegescorecard.ed.gov/school/?137351-University-of-South-Florida,government,2026-10-04,US Dept of Education College Scorecard (most recent): admission rate 0.4319 for University of South Florida
Virginia Polytechnic Institute and State University,Acceptance Rate,55%,https://collegescorecard.ed.gov/school/?233921-Virginia-Polytechnic-Institute-and-State-University,government,2026-10-04,US Dept of Education College Scorecard (most recent): admission rate 0.5478 for Virginia Polytechnic Institute and State University
University of Pittsburgh,Acceptance Rate,58%,https://collegescorecard.ed.gov/school/?215293-University-of-Pittsburgh-Pittsburgh-Campus,government,2026-10-04,US Dept of Education College Scorecard (most recent): admission rate 0.5808 for University of Pittsburgh-Pittsburgh Campus
Drexel University,Acceptance Rate,79%,https://collegescorecard.ed.gov/school/?212054-Drexel-University,government,2026-10-04,US Dept of Education College Scorecard (most recent): admission rate 0.7944 for Drexel University
"The University of Tennessee, Knoxville",Acceptance Rate,42%,https://collegescorecard.ed.gov/school/?221759-The-University-of-Tennessee-Knoxville,government,2026-10-04,US Dept of Education College Scorecard (most recent): admission rate 0.4160 for The University of Tennessee-Knoxville
University at Buffalo,Acceptance Rate,74%,https://collegescorecard.ed.gov/school/?196088-University-at-Buffalo,government,2026-10-04,US Dept of Education College Scorecard (most recent): admission rate 0.7418 for University at Buffalo
Washington State University,Acceptance Rate,87%,https://collegescorecard.ed.gov/school/?236939-Washington-State-University,government,2026-10-04,US Dept of Education College Scorecard (most recent): admission rate 0.8664 for Washington State University
Illinois Institute of Technology,Acceptance Rate,55%,https://collegescorecard.ed.gov/school/?145725-Illinois-Institute-of-Technology,government,2026-10-04,US Dept of Education College Scorecard (most recent): admission rate 0.5493 for Illinois Institute of Technology
Iowa State University,Acceptance Rate,89%,https://collegescorecard.ed.gov/school/?153603-Iowa-State-University,government,2026-10-04,US Dept of Education College Scorecard (most recent): admission rate 0.8866 for Iowa State University
Temple University,Acceptance Rate,80%,https://collegescorecard.ed.gov/school/?216339-Temple-University,government,2026-10-04,US Dept of Education College Scorecard (most recent): admission rate 0.8041 for Temple University
University of Connecticut,Acceptance Rate,52%,https://collegescorecard.ed.gov/school/?129020-University-of-Connecticut,government,2026-10-04,US Dept of Education College Scorecard (most recent): admission rate 0.5239 for University of Connecticut
University of Georgia,Acceptance Rate,38%,https://collegescorecard.ed.gov/school/?139959-University-of-Georgia,government,2026-10-04,US Dept of Education College Scorecard (most recent): admission rate 0.3770 for University of Georgia
University of Kansas,Acceptance Rate,93%,https://collegescorecard.ed.gov/school/?155317-University-of-Kansas,government,2026-10-04,US Dept of Education College Scorecard (most recent): admission rate 0.9348 for University of Kansas
University of Texas at Dallas,Acceptance Rate,65%,https://collegescorecard.ed.gov/school/?228787-The-University-of-Texas-at-Dallas,government,2026-10-04,US Dept of Education College Scorecard (most recent): admission rate 0.6513 for The University of Texas at Dallas
Indiana University Bloomington,Acceptance Rate,78%,https://collegescorecard.ed.gov/school/?151351-Indiana-University-Bloomington,government,2026-10-04,US Dept of Education College Scorecard (most recent): admission rate 0.7821 for Indiana University-Bloomington
Florida International University,Acceptance Rate,55%,https://collegescorecard.ed.gov/school/?133951-Florida-International-University,government,2026-10-04,US Dept of Education College Scorecard (most recent): admission rate 0.5466 for Florida International University
George Mason University,Acceptance Rate,87%,https://collegescorecard.ed.gov/school/?232186-George-Mason-University,government,2026-10-04,US Dept of Education College Scorecard (most recent): admission rate 0.8748 for George Mason University
Georgia State University,Acceptance Rate,55%,https://collegescorecard.ed.gov/school/?139940-Georgia-State-University,government,2026-10-04,US Dept of Education College Scorecard (most recent): admission rate 0.5544 for Georgia State University
Missouri University of Science and Technology,Acceptance Rate,73%,https://collegescorecard.ed.gov/school/?178411-Missouri-University-of-Science-and-Technology,government,2026-10-04,US Dept of Education College Scorecard (most recent): admission rate 0.7255 for Missouri University of Science and Technology
New Jersey Institute of Technology,Acceptance Rate,65%,https://collegescorecard.ed.gov/school/?185828-New-Jersey-Institute-of-Technology,government,2026-10-04,US Dept of Education College Scorecard (most recent): admission rate 0.6507 for New Jersey Institute of Technology
Rensselaer Polytechnic Institute,Acceptance Rate,63%,https://collegescorecard.ed.gov/school/?194824-Rensselaer-Polytechnic-Institute,government,2026-10-04,US Dept of Education College Scorecard (most recent): admission rate 0.6347 for Rensselaer Polytechnic Institute
Saint Louis University,Acceptance Rate,75%,https://collegescorecard.ed.gov/school/?179159-Saint-Louis-University,government,2026-10-04,US Dept of Education College Scorecard (most recent): admission rate 0.7504 for Saint Louis University
Stevens Institute of Technology,Acceptance Rate,48%,https://collegescorecard.ed.gov/school/?186867-Stevens-Institute-of-Technology,government,2026-10-04,US Dept of Education College Scorecard (most recent): admission rate 0.4758 for Stevens Institute of Technology
Syracuse University,Acceptance Rate,46%,https://collegescorecard.ed.gov/school/?196413-Syracuse-University,government,2026-10-04,US Dept of Education College Scorecard (most recent): admission rate 0.4592 for Syracuse University
Tulane University,Acceptance Rate,14%,https://collegescorecard.ed.gov/school/?160755-Tulane-University-of-Louisiana,government,2026-10-04,US Dept of Education College Scorecard (most recent): admission rate 0.1398 for Tulane University of Louisiana
University of Central Florida,Acceptance Rate,40%,https://collegescorecard.ed.gov/school/?132903-University-of-Central-Florida,government,2026-10-04,US Dept of Education College Scorecard (most recent): admission rate 0.4011 for University of Central Florida
University of Delaware,Acceptance Rate,71%,https://collegescorecard.ed.gov/school/?130943-University-of-Delaware,government,2026-10-04,US Dept of Education College Scorecard (most recent): admission rate 0.7060 for University of Delaware
University of Kentucky,Acceptance Rate,93%,https://collegescorecard.ed.gov/school/?157085-University-of-Kentucky,government,2026-10-04,US Dept of Education College Scorecard (most recent): admission rate 0.9294 for University of Kentucky
University of Nebraska - Lincoln,Acceptance Rate,87%,https://collegescorecard.ed.gov/school/?181464-University-of-Nebraska-Lincoln,government,2026-10-04,US Dept of Education College Scorecard (most recent): admission rate 0.8749 for University of Nebraska-Lincoln
University of Oregon,Acceptance Rate,88%,https://collegescorecard.ed.gov/school/?209551-University-of-Oregon,government,2026-10-04,US Dept of Education College Scorecard (most recent): admission rate 0.8830 for University of Oregon
University of South Carolina-Columbia,Acceptance Rate,60%,https://collegescorecard.ed.gov/school/?218663-University-of-South-Carolina-Columbia,government,2026-10-04,US Dept of Education College Scorecard (most recent): admission rate 0.6015 for University of South Carolina-Columbia
Virginia Commonwealth University,Acceptance Rate,93%,https://collegescorecard.ed.gov/school/?234030-Virginia-Commonwealth-University,government,2026-10-04,US Dept of Education College Scorecard (most recent): admission rate 0.9262 for Virginia Commonwealth University
Wake Forest University,Acceptance Rate,22%,https://collegescorecard.ed.gov/school/?199847-Wake-Forest-University,government,2026-10-04,US Dept of Education College Scorecard (most recent): admission rate 0.2167 for Wake Forest University
Yeshiva University,Acceptance Rate,56%,https://collegescorecard.ed.gov/school/?197708-Yeshiva-University,government,2026-10-04,US Dept of Education College Scorecard (most recent): admission rate 0.5562 for Yeshiva University
Colorado State University,Acceptance Rate,89%,https://collegescorecard.ed.gov/school/?126818-Colorado-State-University-Fort-Collins,government,2026-10-04,US Dept of Education College Scorecard (most recent): admission rate 0.8854 for Colorado State University-Fort Collins
"Stony Brook University, State University of New York",Acceptance Rate,49%,https://collegescorecard.ed.gov/school/?196097-Stony-Brook-University,government,2026-10-04,US Dept of Education College Scorecard (most recent): admission rate 0.4904 for Stony Brook University
University of Oxford,Acceptance Rate,14.2%,https://www.uniadmissions.co.uk/application-guides/russell-group-acceptance-rates/,secondary,2026-10-04,"Acceptances / applicants, 2025 entry: 3,302 acceptances of 23,329 applicants (Oxford annual admissions report)"
University of Cambridge,Acceptance Rate,16.3%,https://www.uniadmissions.co.uk/application-guides/russell-group-acceptance-rates/,secondary,2026-10-04,"Acceptances / applicants, 2025 entry: 3,716 acceptances of 22,820 applicants"
Imperial College London,Acceptance Rate,10.7%,https://www.uniadmissions.co.uk/application-guides/russell-group-acceptance-rates/,secondary,2026-10-04,"Acceptances / applicants, 2025 entry: 3,627 acceptances of 33,923 applicants"
UCL,Acceptance Rate,9.9%,https://www.uniadmissions.co.uk/application-guides/russell-group-acceptance-rates/,secondary,2026-10-04,"Acceptances / applicants, 2025 entry: 7,682 acceptances of 77,828 applicants"
University of Edinburgh,Acceptance Rate,11%,https://www.uniadmissions.co.uk/application-guides/russell-group-acceptance-rates/,secondary,2026-10-04,"Acceptances / applicants, 2025 entry: 7,626 acceptances of 68,862 applicants (11.0%)"
King’s College London,Acceptance Rate,11.1%,https://www.uniadmissions.co.uk/application-guides/russell-group-acceptance-rates/,secondary,2026-10-04,"Acceptances / applicants, 2025 entry: 7,963 acceptances of 71,486 applicants"
London School of Economics and Political Science,Acceptance Rate,6.6%,https://www.uniadmissions.co.uk/application-guides/russell-group-acceptance-rates/,secondary,2026-10-04,"Acceptances / applicants, 2025 entry: 1,965 acceptances of 29,654 applicants"
University of Bristol,Acceptance Rate,12%,https://www.uniadmissions.co.uk/application-guides/russell-group-acceptance-rates/,secondary,2026-10-04,"Acceptances / applicants, 2022 entry (latest published): 7,315 acceptances of 61,030 applicants (12.0%)"
University of Warwick,Acceptance Rate,15.5%,https://www.uniadmissions.co.uk/application-guides/russell-group-acceptance-rates/,secondary,2026-10-04,"Acceptances / applicants, 2025 entry: 7,398 acceptances of 47,702 applicants"
University of Glasgow,Acceptance Rate,14.8%,https://www.uniadmissions.co.uk/application-guides/russell-group-acceptance-rates/,secondary,2026-10-04,"Acceptances / applicants, 2022 entry (FOI data): 6,366 acceptances of 42,901 applicants"
University of Leeds,Acceptance Rate,11.2%,https://www.uniadmissions.co.uk/application-guides/russell-group-acceptance-rates/,secondary,2026-10-04,"Acceptances / applicants, 2023 entry: 5,597 acceptances of 49,947 applicants"
Newcastle University,Acceptance Rate,19.8%,https://www.uniadmissions.co.uk/application-guides/russell-group-acceptance-rates/,secondary,2026-10-04,"Acceptances / applicants, 2023 entry (FOI data): 7,164 acceptances of 36,131 applicants"
University of Sheffield,Acceptance Rate,19.5%,https://www.uniadmissions.co.uk/application-guides/russell-group-acceptance-rates/,secondary,2026-10-04,"Acceptances / applicants, 2022 entry: 6,430 acceptances of 33,027 applicants"
University of Toronto,Acceptance Rate,43%,https://www.universityliving.com/blog/admission-guide/top-universities-in-canada/,secondary,2026-10-04,Overall acceptance rate 43% in University Living's table of top Canadian universities
McGill University,Acceptance Rate,46.3%,https://www.universityliving.com/blog/admission-guide/top-universities-in-canada/,secondary,2026-10-04,Overall acceptance rate 46.3% in University Living's table of top Canadian universities
University of British Columbia,Acceptance Rate,52.4%,https://www.universityliving.com/blog/admission-guide/top-universities-in-canada/,secondary,2026-10-04,Overall acceptance rate 52.4% in University Living's table of top Canadian universities
University of Alberta,Acceptance Rate,58%,https://www.universityliving.com/blog/admission-guide/top-universities-in-canada/,secondary,2026-10-04,Overall acceptance rate 58% in University Living's table of top Canadian universities
University of Waterloo,Acceptance Rate,53%,https://www.universityliving.com/blog/admission-guide/top-universities-in-canada/,secondary,2026-10-04,Overall acceptance rate 53% in University Living's table of top Canadian universities
Western University,Acceptance Rate,31%,https://www.universityliving.com/blog/admission-guide/top-universities-in-canada/,secondary,2026-10-04,Overall acceptance rate 31% in University Living's table of top Canadian universities
Université de Montréal ,Acceptance Rate,40%,https://www.universityliving.com/blog/admission-guide/top-universities-in-canada/,secondary,2026-10-04,Overall acceptance rate 40% in University Living's table of top Canadian universities
McMaster University,Acceptance Rate,58%,https://www.universityliving.com/blog/admission-guide/top-universities-in-canada/,secondary,2026-10-04,Overall acceptance rate 58% in University Living's table of top Canadian universities
University of Ottawa,Acceptance Rate,42%,https://www.universityliving.com/blog/admission-guide/top-universities-in-canada/,secondary,2026-10-04,Overall acceptance rate 42% in University Living's table of top Canadian universities
Queen's University at Kingston,Acceptance Rate,42%,https://www.universityliving.com/blog/admission-guide/top-universities-in-canada/,secondary,2026-10-04,Overall acceptance rate 42% in University Living's table of top Canadian universities
The University of Tokyo,Acceptance Rate,35%,https://careerkarma.com/blog/best-universities-in-japan/,secondary,2026-10-04,Career Karma list of best universities in Japan: acceptance rate 35%
Kyoto University,Acceptance Rate,37%,https://careerkarma.com/blog/best-universities-in-japan/,secondary,2026-10-04,Career Karma list of best universities in Japan: acceptance rate 37%
Osaka University,Acceptance Rate,41%,https://careerkarma.com/blog/best-universities-in-japan/,secondary,2026-10-04,Career Karma list of best universities in Japan: acceptance rate 41%
Nagoya University,Acceptance Rate,41%,https://careerkarma.com/blog/best-universities-in-japan/,secondary,2026-10-04,Career Karma list of best universities in Japan: acceptance rate 41%
Kyushu University,Acceptance Rate,42%,https://careerkarma.com/blog/best-universities-in-japan/,secondary,2026-10-04,Career Karma list of best universities in Japan: acceptance rate 42%
Hokkaido University,Acceptance Rate,36%,https://careerkarma.com/blog/best-universities-in-japan/,secondary,2026-10-04,Career Karma list of best universities in Japan: acceptance rate 36%
Keio University,Acceptance Rate,24%,https://careerkarma.com/blog/best-universities-in-japan/,secondary,2026-10-04,Career Karma list of best universities in Japan: acceptance rate 24%
Kobe University,Acceptance Rate,35%,https://careerkarma.com/blog/best-universities-in-japan/,secondary,2026-10-04,Career Karma list of best universities in Japan: acceptance rate 35%
Waseda University,Acceptance Rate,17%,https://careerkarma.com/blog/best-universities-in-japan/,secondary,2026-10-04,Career Karma list of best universities in Japan: acceptance rate 17%
University of Melbourne,Acceptance Rate,70% – 80%,https://www.universityliving.com/blog/admission-guide/5-top-australian-universities-with-their-acceptance-rates/,secondary,2026-10-04,University Living: acceptance rate 70% – 80%
The University of Sydney,Acceptance Rate,30%,https://www.universityliving.com/blog/admission-guide/5-top-australian-universities-with-their-acceptance-rates/,secondary,2026-10-04,University Living: acceptance rate 30%
The University of New South Wales (UNSW Sydney),Acceptance Rate,30%,https://www.universityliving.com/blog/admission-guide/5-top-australian-universities-with-their-acceptance-rates/,secondary,2026-10-04,University Living: acceptance rate 30%
Australian National University,Acceptance Rate,35%,https://www.universityliving.com/blog/admission-guide/5-top-australian-universities-with-their-acceptance-rates/,secondary,2026-10-04,University Living: acceptance rate 35%
The University of Queensland,Acceptance Rate,40%,https://www.universityliving.com/blog/admission-guide/5-top-australian-universities-with-their-acceptance-rates/,secondary,2026-10-04,University Living: acceptance rate 40%
"The University of Newcastle, Australia (UON)",Acceptance Rate,87%,https://uniacco.com/blog/universities-with-a-high-acceptance-rate-in-australia,secondary,2026-10-04,UniAcco list of Australian universities with high acceptance rates: 87%
La Trobe University,Acceptance Rate,100%,https://uniacco.com/blog/universities-with-a-high-acceptance-rate-in-australia,secondary,2026-10-04,UniAcco list of Australian universities with high acceptance rates: 100%
University of Hong Kong,Acceptance Rate,10%,https://www.thecollegemonk.com/colleges/university-of-hong-kong/admissions,secondary,2026-10-04,Admission statistics table: total acceptance rate 10%
Hong Kong Polytechnic University,Acceptance Rate,25%,https://www.thecollegemonk.com/colleges/hong-kong-polytechnic-university/admissions,secondary,2026-10-04,Admission statistics table: total acceptance rate 25%
The Hong Kong University of Science and Technology,Acceptance Rate,10% – 18%,https://gabble.ai/blog/hkust-guide,secondary,2026-10-04,Approximate university-wide undergraduate (international) acceptance rate 10-18%
The Chinese University of Hong Kong (CUHK),Acceptance Rate,10% – 20%,https://gabble.ai/blog/cuhk-guide,secondary,2026-10-04,Approximate university-wide undergraduate (international) acceptance rate 10-20%
Korea Advanced Institute of Science and Technology (KAIST),Acceptance Rate,10.3%,https://biz.heraldcorp.com/article/10877343,secondary,2026-10-04,"2027 admissions: 8,394 applicants for about 865 undergraduate seats (9.70-to-1); seats/applicants = 10.3%"
Daegu Gyeongbuk Institute of Science and Technology (DGIST),Acceptance Rate,3.5%,https://biz.heraldcorp.com/article/10877343,secondary,2026-10-04,"2027 admissions: 9,208 applicants for 322 seats (28.60-to-1); seats/applicants = 3.5%"
Gwangju Institute of Science and Technology (GIST),Acceptance Rate,6.9%,https://biz.heraldcorp.com/article/10877343,secondary,2026-10-04,"2027 early admissions: 4,536 applicants for 315 seats (14.40-to-1); seats/applicants = 6.9%"
Ulsan National Institute of Science and Technology (UNIST),Acceptance Rate,5%,https://biz.heraldcorp.com/article/10877343,secondary,2026-10-04,"2027 early admissions: 11,211 applicants for 565 seats; seats/applicants = 5.0%"
National University of Singapore,Acceptance Rate,5%,https://studyabroad.careers360.com/articles/top-universities-in-singapore,secondary,2026-10-04,Careers360 highlights table: acceptance rate ~5%
"Nanyang Technological University, Singapore",Acceptance Rate,32% – 40%,https://studyabroad.careers360.com/articles/top-universities-in-singapore,secondary,2026-10-04,Careers360 highlights table: acceptance rate between ~32 and 40%
Singapore University of Technology and Design,Acceptance Rate,36%,https://studyabroad.careers360.com/articles/top-universities-in-singapore,secondary,2026-10-04,Careers360 highlights table: acceptance rate ~36%
Seoul National University,Acceptance Rate,15%,https://careerkarma.com/blog/best-universities-in-south-korea/,secondary,2026-10-04,Career Karma list of best universities in South Korea: acceptance rate 15%
Pohang University of Science and Technology (POSTECH),Acceptance Rate,19%,https://careerkarma.com/blog/best-universities-in-south-korea/,secondary,2026-10-04,Career Karma list of best universities in South Korea: acceptance rate 19%
Korea University,Acceptance Rate,25%,https://careerkarma.com/blog/best-universities-in-south-korea/,secondary,2026-10-04,Career Karma list of best universities in South Korea: acceptance rate 25%
Kyung Hee University,Acceptance Rate,50%,https://careerkarma.com/blog/best-universities-in-south-korea/,secondary,2026-10-04,Career Karma list of best universities in South Korea: acceptance rate 50%
Sejong University,Acceptance Rate,30%,https://careerkarma.com/blog/best-universities-in-south-korea/,secondary,2026-10-04,Career Karma list of best universities in South Korea: acceptance rate 30%
American University of Beirut,Acceptance Rate,18%,https://www.findmyorbit.com/acceptance-rate/american-university-of-beirut,secondary,2026-10-04,2026: 163 admitted of 907 applicants (18.0%)
American University of Sharjah,Acceptance Rate,84.5%,https://www.findmyorbit.com/acceptance-rate/american-university-of-sharjah,secondary,2026-10-04,"2026: 2,545 admitted of 3,010 applicants (84.5%)"
University of Calgary,Acceptance Rate,63%,https://www.findmyorbit.com/acceptance-rate/university-of-calgary,secondary,2026-10-04,"Orbit admissions data 2026: 6,472 admitted of 10,301 applicants (62.8%)"
Simon Fraser University,Acceptance Rate,62%,https://www.findmyorbit.com/acceptance-rate/simon-fraser-university,secondary,2026-10-04,"Orbit admissions data 2026: 10,441 admitted of 16,725 applicants (62.4%)"
Université Laval,Acceptance Rate,63%,https://www.findmyorbit.com/acceptance-rate/universite-laval,secondary,2026-10-04,"Orbit admissions data 2026: 8,186 admitted of 12,953 applicants (63.2%)"
University of Saskatchewan,Acceptance Rate,65%,https://www.findmyorbit.com/acceptance-rate/university-of-saskatchewan,secondary,2026-10-04,"Orbit admissions data 2026: 7,209 admitted of 11,061 applicants (65.2%)"
University of Victoria (UVic),Acceptance Rate,75%,https://www.findmyorbit.com/acceptance-rate/university-of-victoria,secondary,2026-10-04,"Orbit admissions data 2026: 5,782 admitted of 7,721 applicants (74.9%)"
University of Guelph,Acceptance Rate,66%,https://www.findmyorbit.com/acceptance-rate/university-of-guelph,secondary,2026-10-04,"Orbit admissions data 2026: 15,564 admitted of 23,750 applicants (65.5%)"
American University in Cairo,Acceptance Rate,28%,https://www.findmyorbit.com/acceptance-rate/american-university-in-cairo,secondary,2026-10-04,"Orbit admissions data 2026: 1,878 admitted of 6,705 applicants (28.0%)"
University of Westminster,Tuition Fee (local),"$12,920",https://www.gov.uk/government/publications/tuition-fees-and-student-support-2026-to-2027-academic-year/changes-to-tuition-fees-2026-to-2027-academic-year-and-2027-to-2028-academic-year,government,2026-10-04,"England home fee cap 2026/27 GBP 9,790; x1.32"
University of Westminster,Tuition Fee (international),"$22,310",https://collegedunia.com/uk/university/851-university-of-westminster-london/programs/development-studies-courses,secondary,2026-10-04,"International undergraduate 2026/27 GBP 16,900 per year; x1.32"
Universität Regensburg,Tuition Fee (local),$0,https://qogentglobal.com/study-in-germany/finance/tuition-fees,secondary,2026-10-04,German public universities charge no tuition to any nationality outside Baden-Wuerttemberg; Bavaria (outside TUM): semester contribution only
Universität Regensburg,Tuition Fee (international),$0,https://qogentglobal.com/study-in-germany/finance/tuition-fees,secondary,2026-10-04,German public universities charge no tuition to any nationality outside Baden-Wuerttemberg; Bavaria (outside TUM): semester contribution only
Technische Universität Braunschweig,Tuition Fee (local),$0,https://qogentglobal.com/study-in-germany/finance/tuition-fees,secondary,2026-10-04,German public universities charge no tuition to any nationality outside Baden-Wuerttemberg; Lower Saxony: semester contribution only
Technische Universität Braunschweig,Tuition Fee (international),$0,https://qogentglobal.com/study-in-germany/finance/tuition-fees,secondary,2026-10-04,German public universities charge no tuition to any nationality outside Baden-Wuerttemberg; Lower Saxony: semester contribution only
Universidade de Brasília,Tuition Fee (local),$0,https://globalscholarships.com/best-universities-in-brazil/,secondary,2026-10-04,"Brazilian federal universities charge no tuition, including to international students"
Universidade de Brasília,Tuition Fee (international),$0,https://globalscholarships.com/best-universities-in-brazil/,secondary,2026-10-04,"Brazilian federal universities charge no tuition, including to international students"
Instituto Tecnológico Autónomo de México (ITAM),Tuition Fee (local),"$13,890 – $17,370",https://mextudia.com/universidades/itam/?amp=1,secondary,2026-10-04,"2026 MXN 4,020 per credit; typical semester 32-40 credits = MXN 128,640-160,800, x2 per year; x0.054"
Instituto Tecnológico Autónomo de México (ITAM),Tuition Fee (international),"$13,890 – $17,370",https://mextudia.com/universidades/itam/?amp=1,secondary,2026-10-04,"2026 MXN 4,020 per credit; typical semester 32-40 credits = MXN 128,640-160,800, x2 per year; x0.054"
Tokyo University of Science,Tuition Fee (local),"$8,090",https://www.jpss.jp/en/univ/334/854/,secondary,2026-10-04,"2026 tuition JPY 1,190,000 per year (Engineering, Information Science; one schedule for all students); x0.0068"
Tokyo University of Science,Tuition Fee (international),"$8,090",https://www.jpss.jp/en/univ/334/854/,secondary,2026-10-04,"2026 tuition JPY 1,190,000 per year (Engineering, Information Science; one schedule for all students); x0.0068"
University of Malta,Tuition Fee (international),"$5,650 – $13,560",https://qogentglobal.com/study-in-malta/finance/tuition-fees,secondary,2026-10-04,"Non-EU undergraduate tuition about EUR 5,000-12,000 per year; x1.13"
Universidade Federal de Santa Catarina,Tuition Fee (local),$0,https://globalscholarships.com/best-universities-in-brazil/,secondary,2026-10-04,"Brazilian federal universities charge no tuition, including to international students"
Universidade Federal de Santa Catarina,Tuition Fee (international),$0,https://globalscholarships.com/best-universities-in-brazil/,secondary,2026-10-04,"Brazilian federal universities charge no tuition, including to international students"
Zürcher Hochschule Winterthur,Tuition Fee (local),"$1,730",https://www.zhaw.ch/en/study/before-your-studies/important-information,official,2026-10-04,Bachelor tuition CHF 720 per semester x2; x1.20
Zürcher Hochschule Winterthur,Tuition Fee (international),"$2,930",https://www.zhaw.ch/en/study/before-your-studies/important-information,official,2026-10-04,"Non-Swiss nationals CHF 720 + CHF 500 supplement = CHF 1,220 per semester x2; x1.20"
Vellore Institute of Technology (VIT),Tuition Fee (local),"$2,000 – $5,640",https://articles.findmycollege.com/vit-vellore-b-tech-fees/,secondary,2026-10-04,"B.Tech 4-year fees INR 6.95-19.63 lakh by group and fee category = INR 173,750-490,750 per year; x0.0115"
University of Pécs,Tuition Fee (international),"$2,800 – $17,900",https://www.study.eu/university/university-of-pecs,secondary,2026-10-04,"Non-EU/EEA tuition USD 2,800-17,900 per year by programme"
CY Cergy Paris University,Tuition Fee (local),$200,https://www.service-public.gouv.fr/particuliers/actualites/A18927,government,2026-10-04,National licence registration fee 2026-2027 EUR 178; x1.13
"Birla Institute of Technology and Science, Pilani",Tuition Fee (local),"$6,700",https://admissions.bits-pilani.ac.in/FD/FD_fee.html,official,2026-10-04,"2026-27 BE first degree semester fee INR 291,500 x2; x0.0115"
Charles Sturt University,Tuition Fee (international),"$18,200 – $24,700",https://www.tutopiya.com/blog/university-guides/charles-sturt-university-guide-gcc-sea-students/,secondary,2026-10-04,"International undergraduate typically AUD 28,000-38,000 per year; x0.65"
Bahçeşehir University,Tuition Fee (international),"$5,950 – $27,000",https://horizons-edu.com/en/blog/bahc%CC%A7es%CC%A7ehir-university-tuition-fees,secondary,2026-10-04,"2026-2027 international undergraduate USD 5,950 (Turkish-taught) to 27,000 (Medicine) per year"
Indian Institute of Technology Gandhinagar,Tuition Fee (local),"$2,960",https://www.careers360.com/university/indian-institute-of-technology-gandhinagar/fees,secondary,2026-10-04,"B.Tech tuition INR 128,500 per semester x2; x0.0115"
Kobe University,Tuition Fee (local),"$3,640",https://www.sakuraflow.app/blog/study-in-japan,secondary,2026-10-04,"Japanese national universities charge a uniform JPY 535,800 per year, same for all nationalities; x0.0068"
Kobe University,Tuition Fee (international),"$3,640",https://www.sakuraflow.app/blog/study-in-japan,secondary,2026-10-04,"Japanese national universities charge a uniform JPY 535,800 per year, same for all nationalities; x0.0068"
Chiba University,Tuition Fee (local),"$3,640",https://www.sakuraflow.app/blog/study-in-japan,secondary,2026-10-04,"Japanese national universities charge a uniform JPY 535,800 per year, same for all nationalities; x0.0068"
Chiba University,Tuition Fee (international),"$3,640",https://www.sakuraflow.app/blog/study-in-japan,secondary,2026-10-04,"Japanese national universities charge a uniform JPY 535,800 per year, same for all nationalities; x0.0068"
Kumamoto University,Tuition Fee (local),"$3,640",https://www.sakuraflow.app/blog/study-in-japan,secondary,2026-10-04,"Japanese national universities charge a uniform JPY 535,800 per year, same for all nationalities; x0.0068"
Kumamoto University,Tuition Fee (international),"$3,640",https://www.sakuraflow.app/blog/study-in-japan,secondary,2026-10-04,"Japanese national universities charge a uniform JPY 535,800 per year, same for all nationalities; x0.0068"
Okayama University,Tuition Fee (local),"$3,640",https://www.sakuraflow.app/blog/study-in-japan,secondary,2026-10-04,"Japanese national universities charge a uniform JPY 535,800 per year, same for all nationalities; x0.0068"
Okayama University,Tuition Fee (international),"$3,640",https://www.sakuraflow.app/blog/study-in-japan,secondary,2026-10-04,"Japanese national universities charge a uniform JPY 535,800 per year, same for all nationalities; x0.0068"
Tokyo University of Agriculture and Technology,Tuition Fee (local),"$3,640",https://www.sakuraflow.app/blog/study-in-japan,secondary,2026-10-04,"Japanese national universities charge a uniform JPY 535,800 per year, same for all nationalities; x0.0068"
Tokyo University of Agriculture and Technology,Tuition Fee (international),"$3,640",https://www.sakuraflow.app/blog/study-in-japan,secondary,2026-10-04,"Japanese national universities charge a uniform JPY 535,800 per year, same for all nationalities; x0.0068"
Nagasaki University,Tuition Fee (local),"$3,640",https://www.sakuraflow.app/blog/study-in-japan,secondary,2026-10-04,"Japanese national universities charge a uniform JPY 535,800 per year, same for all nationalities; x0.0068"
Nagasaki University,Tuition Fee (international),"$3,640",https://www.sakuraflow.app/blog/study-in-japan,secondary,2026-10-04,"Japanese national universities charge a uniform JPY 535,800 per year, same for all nationalities; x0.0068"
Kanazawa University,Tuition Fee (local),"$3,640",https://www.sakuraflow.app/blog/study-in-japan,secondary,2026-10-04,"Japanese national universities charge a uniform JPY 535,800 per year, same for all nationalities; x0.0068"
Kanazawa University,Tuition Fee (international),"$3,640",https://www.sakuraflow.app/blog/study-in-japan,secondary,2026-10-04,"Japanese national universities charge a uniform JPY 535,800 per year, same for all nationalities; x0.0068"
Niigata University,Tuition Fee (local),"$3,640",https://www.sakuraflow.app/blog/study-in-japan,secondary,2026-10-04,"Japanese national universities charge a uniform JPY 535,800 per year, same for all nationalities; x0.0068"
Niigata University,Tuition Fee (international),"$3,640",https://www.sakuraflow.app/blog/study-in-japan,secondary,2026-10-04,"Japanese national universities charge a uniform JPY 535,800 per year, same for all nationalities; x0.0068"
King Fahd University of Petroleum and Minerals,Tuition Fee (local),$0,https://qogentglobal.com/saudi-arabia/finance/tuition-fees,secondary,2026-10-04,Saudi public universities provide undergraduate programmes free of charge to Saudi citizens
King Abdulaziz University,Tuition Fee (local),$0,https://qogentglobal.com/saudi-arabia/finance/tuition-fees,secondary,2026-10-04,Saudi public universities provide undergraduate programmes free of charge to Saudi citizens
King Saud University,Tuition Fee (local),$0,https://qogentglobal.com/saudi-arabia/finance/tuition-fees,secondary,2026-10-04,Saudi public universities provide undergraduate programmes free of charge to Saudi citizens
Sharif University of Technology,Tuition Fee (local),$0,https://www.visitouriran.com/blog/a-comprehensive-guide-to-the-costs-of-studying-in-iran,secondary,2026-10-04,Full-time (daytime) students of Iranian government universities study for free
National Technical University of Athens,Tuition Fee (local),$0,https://qogentglobal.com/greece/finance/tuition-fees,secondary,2026-10-04,Greek public universities are tuition-free for Greek/EU undergraduate students
Amirkabir University of Technology,Tuition Fee (local),$0,https://www.visitouriran.com/blog/a-comprehensive-guide-to-the-costs-of-studying-in-iran,secondary,2026-10-04,Full-time (daytime) students of Iranian government universities study for free
University of Tehran,Tuition Fee (local),$0,https://www.visitouriran.com/blog/a-comprehensive-guide-to-the-costs-of-studying-in-iran,secondary,2026-10-04,Full-time (daytime) students of Iranian government universities study for free
National and Kapodistrian University of Athens,Tuition Fee (local),$0,https://qogentglobal.com/greece/finance/tuition-fees,secondary,2026-10-04,Greek public universities are tuition-free for Greek/EU undergraduate students
Imam Mohammad Ibn Saud Islamic University,Tuition Fee (local),$0,https://qogentglobal.com/saudi-arabia/finance/tuition-fees,secondary,2026-10-04,Saudi public universities provide undergraduate programmes free of charge to Saudi citizens
Iran University of Science and Technology,Tuition Fee (local),$0,https://www.visitouriran.com/blog/a-comprehensive-guide-to-the-costs-of-studying-in-iran,secondary,2026-10-04,Full-time (daytime) students of Iranian government universities study for free
Isfahan University of Technology,Tuition Fee (local),$0,https://www.visitouriran.com/blog/a-comprehensive-guide-to-the-costs-of-studying-in-iran,secondary,2026-10-04,Full-time (daytime) students of Iranian government universities study for free
King Khalid University,Tuition Fee (local),$0,https://qogentglobal.com/saudi-arabia/finance/tuition-fees,secondary,2026-10-04,Saudi public universities provide undergraduate programmes free of charge to Saudi citizens
University of Crete,Tuition Fee (local),$0,https://qogentglobal.com/greece/finance/tuition-fees,secondary,2026-10-04,Greek public universities are tuition-free for Greek/EU undergraduate students
University of Tabriz,Tuition Fee (local),$0,https://www.visitouriran.com/blog/a-comprehensive-guide-to-the-costs-of-studying-in-iran,secondary,2026-10-04,Full-time (daytime) students of Iranian government universities study for free
Aristotle University of Thessaloniki,Tuition Fee (local),$0,https://qogentglobal.com/greece/finance/tuition-fees,secondary,2026-10-04,Greek public universities are tuition-free for Greek/EU undergraduate students
Imam Abdulrahman Bin Faisal University,Tuition Fee (local),$0,https://qogentglobal.com/saudi-arabia/finance/tuition-fees,secondary,2026-10-04,Saudi public universities provide undergraduate programmes free of charge to Saudi citizens
Umm Al-Qura University,Tuition Fee (local),$0,https://qogentglobal.com/saudi-arabia/finance/tuition-fees,secondary,2026-10-04,Saudi public universities provide undergraduate programmes free of charge to Saudi citizens
Jouf University,Tuition Fee (local),$0,https://qogentglobal.com/saudi-arabia/finance/tuition-fees,secondary,2026-10-04,Saudi public universities provide undergraduate programmes free of charge to Saudi citizens
Princess Nourah bint Abdulrahman University,Tuition Fee (local),$0,https://qogentglobal.com/saudi-arabia/finance/tuition-fees,secondary,2026-10-04,Saudi public universities provide undergraduate programmes free of charge to Saudi citizens
University of Hail,Tuition Fee (local),$0,https://qogentglobal.com/saudi-arabia/finance/tuition-fees,secondary,2026-10-04,Saudi public universities provide undergraduate programmes free of charge to Saudi citizens
Shiraz University,Tuition Fee (local),$0,https://www.visitouriran.com/blog/a-comprehensive-guide-to-the-costs-of-studying-in-iran,secondary,2026-10-04,Full-time (daytime) students of Iranian government universities study for free
King Faisal University,Tuition Fee (local),$0,https://qogentglobal.com/saudi-arabia/finance/tuition-fees,secondary,2026-10-04,Saudi public universities provide undergraduate programmes free of charge to Saudi citizens
University of Patras,Tuition Fee (local),$0,https://qogentglobal.com/greece/finance/tuition-fees,secondary,2026-10-04,Greek public universities are tuition-free for Greek/EU undergraduate students
Qassim University,Tuition Fee (local),$0,https://qogentglobal.com/saudi-arabia/finance/tuition-fees,secondary,2026-10-04,Saudi public universities provide undergraduate programmes free of charge to Saudi citizens
Athens University of Economics and Business,Tuition Fee (local),$0,https://qogentglobal.com/greece/finance/tuition-fees,secondary,2026-10-04,Greek public universities are tuition-free for Greek/EU undergraduate students
Ferdowsi University of Mashhad,Tuition Fee (local),$0,https://www.visitouriran.com/blog/a-comprehensive-guide-to-the-costs-of-studying-in-iran,secondary,2026-10-04,Full-time (daytime) students of Iranian government universities study for free
University of Tabuk,Tuition Fee (local),$0,https://qogentglobal.com/saudi-arabia/finance/tuition-fees,secondary,2026-10-04,Saudi public universities provide undergraduate programmes free of charge to Saudi citizens
Shahid Beheshti University (SBU),Tuition Fee (local),$0,https://www.visitouriran.com/blog/a-comprehensive-guide-to-the-costs-of-studying-in-iran,secondary,2026-10-04,Full-time (daytime) students of Iranian government universities study for free
Northern Borders University,Tuition Fee (local),$0,https://qogentglobal.com/saudi-arabia/finance/tuition-fees,secondary,2026-10-04,Saudi public universities provide undergraduate programmes free of charge to Saudi citizens
Leeds Beckett University,Tuition Fee (local),"$12,920",https://www.gov.uk/government/publications/tuition-fees-and-student-support-2026-to-2027-academic-year/changes-to-tuition-fees-2026-to-2027-academic-year-and-2027-to-2028-academic-year,government,2026-10-04,"England home fee cap 2026/27 GBP 9,790; x1.32"
Sheffield Hallam University,Tuition Fee (local),"$12,920",https://www.gov.uk/government/publications/tuition-fees-and-student-support-2026-to-2027-academic-year/changes-to-tuition-fees-2026-to-2027-academic-year-and-2027-to-2028-academic-year,government,2026-10-04,"England home fee cap 2026/27 GBP 9,790; x1.32"
University of Brighton,Tuition Fee (local),"$12,920",https://www.gov.uk/government/publications/tuition-fees-and-student-support-2026-to-2027-academic-year/changes-to-tuition-fees-2026-to-2027-academic-year-and-2027-to-2028-academic-year,government,2026-10-04,"England home fee cap 2026/27 GBP 9,790; x1.32"
University of Salford,Tuition Fee (local),"$12,920",https://www.gov.uk/government/publications/tuition-fees-and-student-support-2026-to-2027-academic-year/changes-to-tuition-fees-2026-to-2027-academic-year-and-2027-to-2028-academic-year,government,2026-10-04,"England home fee cap 2026/27 GBP 9,790; x1.32"
University of East London,Tuition Fee (local),"$12,920",https://www.gov.uk/government/publications/tuition-fees-and-student-support-2026-to-2027-academic-year/changes-to-tuition-fees-2026-to-2027-academic-year-and-2027-to-2028-academic-year,government,2026-10-04,"England home fee cap 2026/27 GBP 9,790; x1.32"
University of Central Lancashire,Tuition Fee (local),"$12,920",https://www.gov.uk/government/publications/tuition-fees-and-student-support-2026-to-2027-academic-year/changes-to-tuition-fees-2026-to-2027-academic-year-and-2027-to-2028-academic-year,government,2026-10-04,"England home fee cap 2026/27 GBP 9,790; x1.32"
University of Clermont Auvergne,Tuition Fee (local),$200,https://www.service-public.gouv.fr/particuliers/actualites/A18927,government,2026-10-04,National licence registration fee 2026-2027 EUR 178; x1.13
University of Tours,Tuition Fee (local),$200,https://www.service-public.gouv.fr/particuliers/actualites/A18927,government,2026-10-04,National licence registration fee 2026-2027 EUR 178; x1.13
Université de Bretagne Occidentale,Tuition Fee (local),$200,https://www.service-public.gouv.fr/particuliers/actualites/A18927,government,2026-10-04,National licence registration fee 2026-2027 EUR 178; x1.13
Université de Poitiers,Tuition Fee (local),$200,https://www.service-public.gouv.fr/particuliers/actualites/A18927,government,2026-10-04,National licence registration fee 2026-2027 EUR 178; x1.13
University Paris 2 Panthéon-Assas,Tuition Fee (local),$200,https://www.service-public.gouv.fr/particuliers/actualites/A18927,government,2026-10-04,National licence registration fee 2026-2027 EUR 178; x1.13
Université Sorbonne Paris Nord,Tuition Fee (local),$200,https://www.service-public.gouv.fr/particuliers/actualites/A18927,government,2026-10-04,National licence registration fee 2026-2027 EUR 178; x1.13
Université Toulouse 1 Capitole,Tuition Fee (local),$200,https://www.service-public.gouv.fr/particuliers/actualites/A18927,government,2026-10-04,National licence registration fee 2026-2027 EUR 178; x1.13
Philipps-Universität Marburg,Tuition Fee (local),$0,https://qogentglobal.com/study-in-germany/finance/tuition-fees,secondary,2026-10-04,German public universities charge no tuition to any nationality outside Baden-Wuerttemberg; Hesse: semester contribution only
Philipps-Universität Marburg,Tuition Fee (international),$0,https://qogentglobal.com/study-in-germany/finance/tuition-fees,secondary,2026-10-04,German public universities charge no tuition to any nationality outside Baden-Wuerttemberg; Hesse: semester contribution only
Universität Duisburg-Essen,Tuition Fee (local),$0,https://qogentglobal.com/study-in-germany/finance/tuition-fees,secondary,2026-10-04,German public universities charge no tuition to any nationality outside Baden-Wuerttemberg; NRW: semester contribution only
Universität Duisburg-Essen,Tuition Fee (international),$0,https://qogentglobal.com/study-in-germany/finance/tuition-fees,secondary,2026-10-04,German public universities charge no tuition to any nationality outside Baden-Wuerttemberg; NRW: semester contribution only
Universität Rostock,Tuition Fee (local),$0,https://qogentglobal.com/study-in-germany/finance/tuition-fees,secondary,2026-10-04,German public universities charge no tuition to any nationality outside Baden-Wuerttemberg; Mecklenburg-Vorpommern: semester contribution only
Universität Rostock,Tuition Fee (international),$0,https://qogentglobal.com/study-in-germany/finance/tuition-fees,secondary,2026-10-04,German public universities charge no tuition to any nationality outside Baden-Wuerttemberg; Mecklenburg-Vorpommern: semester contribution only
University Duesseldorf,Tuition Fee (local),$0,https://qogentglobal.com/study-in-germany/finance/tuition-fees,secondary,2026-10-04,German public universities charge no tuition to any nationality outside Baden-Wuerttemberg; NRW: semester contribution only
University Duesseldorf,Tuition Fee (international),$0,https://qogentglobal.com/study-in-germany/finance/tuition-fees,secondary,2026-10-04,German public universities charge no tuition to any nationality outside Baden-Wuerttemberg; NRW: semester contribution only
University of Bayreuth,Tuition Fee (local),$0,https://qogentglobal.com/study-in-germany/finance/tuition-fees,secondary,2026-10-04,German public universities charge no tuition to any nationality outside Baden-Wuerttemberg; Bavaria (outside TUM): semester contribution only
University of Bayreuth,Tuition Fee (international),$0,https://qogentglobal.com/study-in-germany/finance/tuition-fees,secondary,2026-10-04,German public universities charge no tuition to any nationality outside Baden-Wuerttemberg; Bavaria (outside TUM): semester contribution only
University of Trás-os-Montes and Alto Douro,Tuition Fee (local),$790,https://qogentglobal.com/portugal/finance/tuition-fees,secondary,2026-10-04,Portuguese public bachelor fee for national/EU students EUR 697 per year; x1.13
Universidad Nacional de Córdoba - UNC,Tuition Fee (local),$0,https://www.study-abroad.org/es/blog/arg-costs-guide/,secondary,2026-10-04,"Argentine public universities charge no undergraduate tuition, including to foreigners"
Universidad Nacional de Córdoba - UNC,Tuition Fee (international),$0,https://www.study-abroad.org/es/blog/arg-costs-guide/,secondary,2026-10-04,"Argentine public universities charge no undergraduate tuition, including to foreigners"
Universidad Nacional de Rosario (UNR),Tuition Fee (local),$0,https://www.study-abroad.org/es/blog/arg-costs-guide/,secondary,2026-10-04,"Argentine public universities charge no undergraduate tuition, including to foreigners"
Universidad Nacional de Rosario (UNR),Tuition Fee (international),$0,https://www.study-abroad.org/es/blog/arg-costs-guide/,secondary,2026-10-04,"Argentine public universities charge no undergraduate tuition, including to foreigners"
University of Copenhagen,Tuition Fee (local),$0,https://studyindenmark.dk/study-options/tuition-fees-scholarships/tuition-fees-and-scholarships,government,2026-10-04,Danish higher education is free for EU/EEA and Swiss students
Copenhagen Business School,Tuition Fee (local),$0,https://studyindenmark.dk/study-options/tuition-fees-scholarships/tuition-fees-and-scholarships,government,2026-10-04,Danish higher education is free for EU/EEA and Swiss students
Roskilde University,Tuition Fee (local),$0,https://studyindenmark.dk/study-options/tuition-fees-scholarships/tuition-fees-and-scholarships,government,2026-10-04,Danish higher education is free for EU/EEA and Swiss students
University of Jyväskylä,Tuition Fee (local),$0,https://www.studyinfinland.fi/admissions/fees-and-costs,government,2026-10-04,Finnish universities charge tuition only to non-EU/EEA students in English-taught programmes
Abo Akademi University,Tuition Fee (local),$0,https://www.studyinfinland.fi/admissions/fees-and-costs,government,2026-10-04,Finnish universities charge tuition only to non-EU/EEA students in English-taught programmes
University of Eastern Finland,Tuition Fee (local),$0,https://www.studyinfinland.fi/admissions/fees-and-costs,government,2026-10-04,Finnish universities charge tuition only to non-EU/EEA students in English-taught programmes
Masaryk University,Tuition Fee (local),$0,https://studyin.gov.cz/plan-your-studies/learn-czech-study-tuition-free/,government,2026-10-04,Degree programmes taught in Czech at public universities are free of charge regardless of nationality
"University of Chemistry and Technology, Prague",Tuition Fee (local),$0,https://studyin.gov.cz/plan-your-studies/learn-czech-study-tuition-free/,government,2026-10-04,Degree programmes taught in Czech at public universities are free of charge regardless of nationality
Brno University of Technology,Tuition Fee (local),$0,https://studyin.gov.cz/plan-your-studies/learn-czech-study-tuition-free/,government,2026-10-04,Degree programmes taught in Czech at public universities are free of charge regardless of nationality
Palacký University Olomouc,Tuition Fee (local),$0,https://studyin.gov.cz/plan-your-studies/learn-czech-study-tuition-free/,government,2026-10-04,Degree programmes taught in Czech at public universities are free of charge regardless of nationality
Czech University of Life Sciences Prague (CZU),Tuition Fee (local),$0,https://studyin.gov.cz/plan-your-studies/learn-czech-study-tuition-free/,government,2026-10-04,Degree programmes taught in Czech at public universities are free of charge regardless of nationality
Mendel University in Brno,Tuition Fee (local),$0,https://studyin.gov.cz/plan-your-studies/learn-czech-study-tuition-free/,government,2026-10-04,Degree programmes taught in Czech at public universities are free of charge regardless of nationality
University of South Bohemia,Tuition Fee (local),$0,https://studyin.gov.cz/plan-your-studies/learn-czech-study-tuition-free/,government,2026-10-04,Degree programmes taught in Czech at public universities are free of charge regardless of nationality
Warsaw University of Technology,Tuition Fee (local),$0,https://uni.lodz.pl/en/how-to-apply,secondary,2026-10-04,Full-time studies at Polish public universities are free of charge for Polish and EU citizens
"Adam Mickiewicz University, Poznań",Tuition Fee (local),$0,https://uni.lodz.pl/en/how-to-apply,secondary,2026-10-04,Full-time studies at Polish public universities are free of charge for Polish and EU citizens
Gdańsk University of Technology,Tuition Fee (local),$0,https://uni.lodz.pl/en/how-to-apply,secondary,2026-10-04,Full-time studies at Polish public universities are free of charge for Polish and EU citizens
Medical University of Lodz,Tuition Fee (local),$0,https://uni.lodz.pl/en/how-to-apply,secondary,2026-10-04,Full-time studies at Polish public universities are free of charge for Polish and EU citizens
Poznań University of Life Sciences,Tuition Fee (local),$0,https://uni.lodz.pl/en/how-to-apply,secondary,2026-10-04,Full-time studies at Polish public universities are free of charge for Polish and EU citizens
University of Gdańsk,Tuition Fee (local),$0,https://uni.lodz.pl/en/how-to-apply,secondary,2026-10-04,Full-time studies at Polish public universities are free of charge for Polish and EU citizens
University of Wrocław,Tuition Fee (local),$0,https://uni.lodz.pl/en/how-to-apply,secondary,2026-10-04,Full-time studies at Polish public universities are free of charge for Polish and EU citizens
Wrocław University of Science and Technology,Tuition Fee (local),$0,https://uni.lodz.pl/en/how-to-apply,secondary,2026-10-04,Full-time studies at Polish public universities are free of charge for Polish and EU citizens
Lund University,Tuition Fee (local),$0,https://uu.se/en/admissions/master/fees,secondary,2026-10-04,Swedish universities charge tuition only to citizens outside the EU/EEA and Switzerland
University of Gothenburg,Tuition Fee (local),$0,https://uu.se/en/admissions/master/fees,secondary,2026-10-04,Swedish universities charge tuition only to citizens outside the EU/EEA and Switzerland
Swedish University of Agricultural Sciences,Tuition Fee (local),$0,https://uu.se/en/admissions/master/fees,secondary,2026-10-04,Swedish universities charge tuition only to citizens outside the EU/EEA and Switzerland
Örebro University,Tuition Fee (local),$0,https://uu.se/en/admissions/master/fees,secondary,2026-10-04,Swedish universities charge tuition only to citizens outside the EU/EEA and Switzerland
Umeå University,Tuition Fee (local),$0,https://www.umu.se/en/umea-institute-of-design/education/programmes/tuition-fees/,official,2026-10-04,Tuition fees apply only to citizens outside the EU/EEA and Switzerland
Reichman University,Tuition Fee (international),"$18,200 – $18,500",https://www.runi.ac.il/media/vjuekj54/1st-year-tuition-fees-and-terms-of-payment-2026-27.pdf,official,2026-10-04,"2026-27 international school tuition USD 18,200 (Business) to 18,500 (Government) per year"
Universidad San Francisco de Quito,Tuition Fee (local),"$8,980 – $11,130",https://www.usfq.edu.ec/sites/default/files/inline-files/tarifas_2023_2024.pdf,official,2026-10-04,"2023-2024 undergraduate semester cost (matricula + arancel) USD 4,488.50-5,564.50 x2 (latest published schedule)"
Universidad Iberoamericana IBERO,Tuition Fee (local),"$14,040 – $20,520",https://www.tusbuenasnoticias.com/noticias/educacion/2026/04/14/58944-cuanto-cuesta-estudiar-en-la-ibero,secondary,2026-10-04,"2025-2026 CDMX campus MXN 130,000-190,000 per semester x2; x0.054"
Universidad San Francisco de Quito,Tuition Fee (international),"$8,980 – $11,130",https://www.usfq.edu.ec/sites/default/files/inline-files/tarifas_2023_2024.pdf,official,2026-10-04,"2023-2024 undergraduate semester cost (matricula + arancel) USD 4,488.50-5,564.50 x2 (latest published schedule)"
Universidad Iberoamericana IBERO,Tuition Fee (international),"$14,040 – $20,520",https://www.tusbuenasnoticias.com/noticias/educacion/2026/04/14/58944-cuanto-cuesta-estudiar-en-la-ibero,secondary,2026-10-04,"2025-2026 CDMX campus MXN 130,000-190,000 per semester x2; x0.054"
Ozyegin University,Tuition Fee (international),"$16,500 – $25,000",https://www.ozyegin.edu.tr/en/search/fees,official,2026-10-04,"2026-2027 international undergraduate annual tuition USD 25,000 (faculty programmes) / 16,500 (Professional Flight), VAT incl."
University of Deusto,Tuition Fee (local),"$8,980 – $20,170",https://www.deusto.es/en/home/study/financial-information/bachelors-degrees/fees-first-year,official,2026-10-04,"2026/2027 first-year fees EUR 7,950 (Psychology) to 17,850 (Medicine) per year; x1.13"
University of Deusto,Tuition Fee (international),"$8,980 – $20,170",https://www.deusto.es/en/home/study/financial-information/bachelors-degrees/fees-first-year,official,2026-10-04,"2026/2027 first-year fees EUR 7,950 (Psychology) to 17,850 (Medicine) per year; x1.13"
Lovely Professional University,Tuition Fee (local),"$3,220 – $4,600",https://www.vedantu.com/university/lpu-lovely-professional-university-jalandhar-fees,secondary,2026-10-04,"B.Tech fee INR 2,80,000-4,00,000 per year; x0.0115"
University of Manchester,Acceptance Rate,12%,https://www.ucas.com/data-and-analysis/undergraduate-statistics-and-reports/ucas-undergraduate-end-of-cycle-data-resources-2025,government,2026-10-04,"UCAS end of cycle 2025 provider data (University of Manchester, main scheme, all domiciles): 10,785 accepted applicants of 93,195 applicants (11.6%)"
University of Birmingham,Acceptance Rate,14%,https://www.ucas.com/data-and-analysis/undergraduate-statistics-and-reports/ucas-undergraduate-end-of-cycle-data-resources-2025,government,2026-10-04,"UCAS end of cycle 2025 provider data (University of Birmingham, main scheme, all domiciles): 8,670 accepted applicants of 61,160 applicants (14.2%)"
University of Southampton,Acceptance Rate,15%,https://www.ucas.com/data-and-analysis/undergraduate-statistics-and-reports/ucas-undergraduate-end-of-cycle-data-resources-2025,government,2026-10-04,"UCAS end of cycle 2025 provider data (University of Southampton, main scheme, all domiciles): 6,280 accepted applicants of 41,370 applicants (15.2%)"
Durham University,Acceptance Rate,19%,https://www.ucas.com/data-and-analysis/undergraduate-statistics-and-reports/ucas-undergraduate-end-of-cycle-data-resources-2025,government,2026-10-04,"UCAS end of cycle 2025 provider data (Durham University, main scheme, all domiciles): 6,845 accepted applicants of 36,675 applicants (18.7%)"
University of St Andrews,Acceptance Rate,11%,https://www.ucas.com/data-and-analysis/undergraduate-statistics-and-reports/ucas-undergraduate-end-of-cycle-data-resources-2025,government,2026-10-04,"UCAS end of cycle 2025 provider data (University of St Andrews, main scheme, all domiciles): 2,050 accepted applicants of 18,415 applicants (11.1%)"
University of Nottingham,Acceptance Rate,16%,https://www.ucas.com/data-and-analysis/undergraduate-statistics-and-reports/ucas-undergraduate-end-of-cycle-data-resources-2025,government,2026-10-04,"UCAS end of cycle 2025 provider data (University of Nottingham, main scheme, all domiciles): 8,610 accepted applicants of 54,205 applicants (15.9%)"
Queen Mary University of London,Acceptance Rate,14%,https://www.ucas.com/data-and-analysis/undergraduate-statistics-and-reports/ucas-undergraduate-end-of-cycle-data-resources-2025,government,2026-10-04,"UCAS end of cycle 2025 provider data (Queen Mary University of London, main scheme, all domiciles): 5,920 accepted applicants of 41,780 applicants (14.2%)"
Lancaster University,Acceptance Rate,20%,https://www.ucas.com/data-and-analysis/undergraduate-statistics-and-reports/ucas-undergraduate-end-of-cycle-data-resources-2025,government,2026-10-04,"UCAS end of cycle 2025 provider data (Lancaster University, main scheme, all domiciles): 4,605 accepted applicants of 23,315 applicants (19.8%)"
University of York,Acceptance Rate,22%,https://www.ucas.com/data-and-analysis/undergraduate-statistics-and-reports/ucas-undergraduate-end-of-cycle-data-resources-2025,government,2026-10-04,"UCAS end of cycle 2025 provider data (University of York, main scheme, all domiciles): 6,900 accepted applicants of 31,615 applicants (21.8%)"
University of Bath,Acceptance Rate,12%,https://www.ucas.com/data-and-analysis/undergraduate-statistics-and-reports/ucas-undergraduate-end-of-cycle-data-resources-2025,government,2026-10-04,"UCAS end of cycle 2025 provider data (University of Bath, main scheme, all domiciles): 4,865 accepted applicants of 39,730 applicants (12.2%)"
University of Liverpool,Acceptance Rate,18%,https://www.ucas.com/data-and-analysis/undergraduate-statistics-and-reports/ucas-undergraduate-end-of-cycle-data-resources-2025,government,2026-10-04,"UCAS end of cycle 2025 provider data (University of Liverpool, main scheme, all domiciles): 8,575 accepted applicants of 46,895 applicants (18.3%)"
University of Exeter,Acceptance Rate,19%,https://www.ucas.com/data-and-analysis/undergraduate-statistics-and-reports/ucas-undergraduate-end-of-cycle-data-resources-2025,government,2026-10-04,"UCAS end of cycle 2025 provider data (University of Exeter, main scheme, all domiciles): 9,120 accepted applicants of 48,110 applicants (19.0%)"
University of Reading,Acceptance Rate,20%,https://www.ucas.com/data-and-analysis/undergraduate-statistics-and-reports/ucas-undergraduate-end-of-cycle-data-resources-2025,government,2026-10-04,"UCAS end of cycle 2025 provider data (University of Reading, main scheme, all domiciles): 5,430 accepted applicants of 27,140 applicants (20.0%)"
Cardiff University,Acceptance Rate,17%,https://www.ucas.com/data-and-analysis/undergraduate-statistics-and-reports/ucas-undergraduate-end-of-cycle-data-resources-2025,government,2026-10-04,"UCAS end of cycle 2025 provider data (Cardiff University, main scheme, all domiciles): 7,405 accepted applicants of 43,480 applicants (17.0%)"
Queen’s University Belfast,Acceptance Rate,28%,https://www.ucas.com/data-and-analysis/undergraduate-statistics-and-reports/ucas-undergraduate-end-of-cycle-data-resources-2025,government,2026-10-04,"UCAS end of cycle 2025 provider data (Queen's University Belfast, main scheme, all domiciles): 5,120 accepted applicants of 18,265 applicants (28.0%)"
University of Leicester,Acceptance Rate,21%,https://www.ucas.com/data-and-analysis/undergraduate-statistics-and-reports/ucas-undergraduate-end-of-cycle-data-resources-2025,government,2026-10-04,"UCAS end of cycle 2025 provider data (University of Leicester, main scheme, all domiciles): 6,085 accepted applicants of 29,585 applicants (20.6%)"
Loughborough University,Acceptance Rate,16%,https://www.ucas.com/data-and-analysis/undergraduate-statistics-and-reports/ucas-undergraduate-end-of-cycle-data-resources-2025,government,2026-10-04,"UCAS end of cycle 2025 provider data (Loughborough University, main scheme, all domiciles): 5,030 accepted applicants of 32,390 applicants (15.5%)"
Swansea University,Acceptance Rate,26%,https://www.ucas.com/data-and-analysis/undergraduate-statistics-and-reports/ucas-undergraduate-end-of-cycle-data-resources-2025,government,2026-10-04,"UCAS end of cycle 2025 provider data (Swansea University, main scheme, all domiciles): 4,695 accepted applicants of 17,960 applicants (26.1%)"
University of East Anglia,Acceptance Rate,23%,https://www.ucas.com/data-and-analysis/undergraduate-statistics-and-reports/ucas-undergraduate-end-of-cycle-data-resources-2025,government,2026-10-04,"UCAS end of cycle 2025 provider data (University of East Anglia UEA, main scheme, all domiciles): 3,645 accepted applicants of 16,045 applicants (22.7%)"
University of Surrey,Acceptance Rate,15%,https://www.ucas.com/data-and-analysis/undergraduate-statistics-and-reports/ucas-undergraduate-end-of-cycle-data-resources-2025,government,2026-10-04,"UCAS end of cycle 2025 provider data (University of Surrey, main scheme, all domiciles): 4,990 accepted applicants of 32,755 applicants (15.2%)"
Heriot-Watt University,Acceptance Rate,19%,https://www.ucas.com/data-and-analysis/undergraduate-statistics-and-reports/ucas-undergraduate-end-of-cycle-data-resources-2025,government,2026-10-04,"UCAS end of cycle 2025 provider data (Heriot-Watt University, main scheme, all domiciles): 1,610 accepted applicants of 8,480 applicants (19.0%)"
University of Strathclyde,Acceptance Rate,20%,https://www.ucas.com/data-and-analysis/undergraduate-statistics-and-reports/ucas-undergraduate-end-of-cycle-data-resources-2025,government,2026-10-04,"UCAS end of cycle 2025 provider data (University of Strathclyde, main scheme, all domiciles): 3,935 accepted applicants of 19,275 applicants (20.4%)"
"Royal Holloway, University of London",Acceptance Rate,19%,https://www.ucas.com/data-and-analysis/undergraduate-statistics-and-reports/ucas-undergraduate-end-of-cycle-data-resources-2025,government,2026-10-04,"UCAS end of cycle 2025 provider data (Royal Holloway, University of London, main scheme, all domiciles): 4,335 accepted applicants of 22,305 applicants (19.4%)"
"St George’s, University of London",Acceptance Rate,13%,https://www.ucas.com/data-and-analysis/undergraduate-statistics-and-reports/ucas-undergraduate-end-of-cycle-data-resources-2025,government,2026-10-04,"UCAS end of cycle 2025 provider data (St George's (City St George's, University of London), main scheme, all domiciles): 910 accepted applicants of 6,840 applicants (13.3%)"
University of Dundee,Acceptance Rate,17%,https://www.ucas.com/data-and-analysis/undergraduate-statistics-and-reports/ucas-undergraduate-end-of-cycle-data-resources-2025,government,2026-10-04,"UCAS end of cycle 2025 provider data (University of Dundee, main scheme, all domiciles): 2,520 accepted applicants of 15,145 applicants (16.6%)"
University of Essex,Acceptance Rate,18%,https://www.ucas.com/data-and-analysis/undergraduate-statistics-and-reports/ucas-undergraduate-end-of-cycle-data-resources-2025,government,2026-10-04,"UCAS end of cycle 2025 provider data (University of Essex, main scheme, all domiciles): 2,550 accepted applicants of 14,440 applicants (17.7%)"
Brunel University London,Acceptance Rate,17%,https://www.ucas.com/data-and-analysis/undergraduate-statistics-and-reports/ucas-undergraduate-end-of-cycle-data-resources-2025,government,2026-10-04,"UCAS end of cycle 2025 provider data (Brunel University of London, main scheme, all domiciles): 3,000 accepted applicants of 17,160 applicants (17.5%)"
"City, University of London",Acceptance Rate,21%,https://www.ucas.com/data-and-analysis/undergraduate-statistics-and-reports/ucas-undergraduate-end-of-cycle-data-resources-2025,government,2026-10-04,"UCAS end of cycle 2025 provider data (City St George's, University of London, main scheme, all domiciles): 7,330 accepted applicants of 35,525 applicants (20.6%); City merged with St George's in 2024, figure is for City St George's"
University of Kent,Acceptance Rate,23%,https://www.ucas.com/data-and-analysis/undergraduate-statistics-and-reports/ucas-undergraduate-end-of-cycle-data-resources-2025,government,2026-10-04,"UCAS end of cycle 2025 provider data (University of Kent, main scheme, all domiciles): 3,845 accepted applicants of 17,045 applicants (22.6%)"
Aston University,Acceptance Rate,20%,https://www.ucas.com/data-and-analysis/undergraduate-statistics-and-reports/ucas-undergraduate-end-of-cycle-data-resources-2025,government,2026-10-04,"UCAS end of cycle 2025 provider data (Aston University, Birmingham, main scheme, all domiciles): 4,530 accepted applicants of 22,160 applicants (20.4%)"
Bangor University,Acceptance Rate,24%,https://www.ucas.com/data-and-analysis/undergraduate-statistics-and-reports/ucas-undergraduate-end-of-cycle-data-resources-2025,government,2026-10-04,"UCAS end of cycle 2025 provider data (Bangor University, main scheme, all domiciles): 1,955 accepted applicants of 8,215 applicants (23.8%)"
Bournemouth University,Acceptance Rate,21%,https://www.ucas.com/data-and-analysis/undergraduate-statistics-and-reports/ucas-undergraduate-end-of-cycle-data-resources-2025,government,2026-10-04,"UCAS end of cycle 2025 provider data (Bournemouth University, main scheme, all domiciles): 3,520 accepted applicants of 16,530 applicants (21.3%)"
"Goldsmiths, University of London",Acceptance Rate,19%,https://www.ucas.com/data-and-analysis/undergraduate-statistics-and-reports/ucas-undergraduate-end-of-cycle-data-resources-2025,government,2026-10-04,"UCAS end of cycle 2025 provider data (Goldsmiths, University of London, main scheme, all domiciles): 1,635 accepted applicants of 8,690 applicants (18.8%)"
Royal Veterinary College,Acceptance Rate,17%,https://www.ucas.com/data-and-analysis/undergraduate-statistics-and-reports/ucas-undergraduate-end-of-cycle-data-resources-2025,government,2026-10-04,"UCAS end of cycle 2025 provider data (Royal Veterinary College, University of London, main scheme, all domiciles): 375 accepted applicants of 2,185 applicants (17.2%)"
SOAS University of London,Acceptance Rate,24%,https://www.ucas.com/data-and-analysis/undergraduate-statistics-and-reports/ucas-undergraduate-end-of-cycle-data-resources-2025,government,2026-10-04,"UCAS end of cycle 2025 provider data (SOAS University of London, main scheme, all domiciles): 1,445 accepted applicants of 6,025 applicants (24.0%)"
University of Hull,Acceptance Rate,29%,https://www.ucas.com/data-and-analysis/undergraduate-statistics-and-reports/ucas-undergraduate-end-of-cycle-data-resources-2025,government,2026-10-04,"UCAS end of cycle 2025 provider data (University of Hull, main scheme, all domiciles): 2,730 accepted applicants of 9,345 applicants (29.2%)"
University of Plymouth,Acceptance Rate,20%,https://www.ucas.com/data-and-analysis/undergraduate-statistics-and-reports/ucas-undergraduate-end-of-cycle-data-resources-2025,government,2026-10-04,"UCAS end of cycle 2025 provider data (University of Plymouth, main scheme, all domiciles): 3,860 accepted applicants of 19,780 applicants (19.5%)"
University of Portsmouth,Acceptance Rate,23%,https://www.ucas.com/data-and-analysis/undergraduate-statistics-and-reports/ucas-undergraduate-end-of-cycle-data-resources-2025,government,2026-10-04,"UCAS end of cycle 2025 provider data (University of Portsmouth, main scheme, all domiciles): 4,730 accepted applicants of 20,570 applicants (23.0%)"
University of Stirling,Acceptance Rate,19%,https://www.ucas.com/data-and-analysis/undergraduate-statistics-and-reports/ucas-undergraduate-end-of-cycle-data-resources-2025,government,2026-10-04,"UCAS end of cycle 2025 provider data (University of Stirling, main scheme, all domiciles): 2,505 accepted applicants of 13,480 applicants (18.6%)"
"Birkbeck, University of London",Acceptance Rate,28%,https://www.ucas.com/data-and-analysis/undergraduate-statistics-and-reports/ucas-undergraduate-end-of-cycle-data-resources-2025,government,2026-10-04,"UCAS end of cycle 2025 provider data (Birkbeck, University of London, main scheme, all domiciles): 1,455 accepted applicants of 5,150 applicants (28.3%)"
Oxford Brookes University,Acceptance Rate,55%,https://www.ucas.com/data-and-analysis/undergraduate-statistics-and-reports/ucas-undergraduate-end-of-cycle-data-resources-2025,government,2026-10-04,"UCAS end of cycle 2025 provider data (Oxford Brookes University, main scheme, all domiciles): 9,595 accepted applicants of 17,495 applicants (54.8%)"
Monash University,Acceptance Rate,73%,https://edurank.org/uni/monash-university/,secondary,2026-10-04,"EduRank profile of Monash University: acceptance rate 73%, calculated by EduRank from the ratio of admissions to applications (not marked as an estimate)"
City University of Hong Kong,Acceptance Rate,36%,https://edurank.org/uni/city-university-of-hong-kong/,secondary,2026-10-04,"EduRank profile of City University of Hong Kong: acceptance rate 36%, calculated by EduRank from the ratio of admissions to applications (not marked as an estimate)"
Tokyo Institute of Technology (Tokyo Tech),Acceptance Rate,10%,https://edurank.org/uni/tokyo-institute-of-technology/,secondary,2026-10-04,"EduRank profile of Tokyo Institute of Technology: acceptance rate 10%, calculated by EduRank from the ratio of admissions to applications (not marked as an estimate)"
Tohoku University,Acceptance Rate,30%,https://edurank.org/uni/tohoku-university/,secondary,2026-10-04,"EduRank profile of Tohoku University: acceptance rate 30%, calculated by EduRank from the ratio of admissions to applications (not marked as an estimate)"
Curtin University,Acceptance Rate,56%,https://edurank.org/uni/curtin-university/,secondary,2026-10-04,"EduRank profile of Curtin University: acceptance rate 56%, calculated by EduRank from the ratio of admissions to applications (not marked as an estimate)"
Queensland University of Technology,Acceptance Rate,77%,https://edurank.org/uni/queensland-university-of-technology/,secondary,2026-10-04,"EduRank profile of Queensland University of Technology: acceptance rate 77%, calculated by EduRank from the ratio of admissions to applications (not marked as an estimate)"
National Tsing Hua University,Acceptance Rate,51%,https://edurank.org/uni/national-tsing-hua-university/,secondary,2026-10-04,"EduRank profile of National Tsing Hua University: acceptance rate 51%, calculated by EduRank from the ratio of admissions to applications (not marked as an estimate)"
University of Navarra,Acceptance Rate,41%,https://edurank.org/uni/university-of-navarra/,secondary,2026-10-04,"EduRank profile of University of Navarra: acceptance rate 41%, calculated by EduRank from the ratio of admissions to applications (not marked as an estimate)"
Macau University of Science and Technology,Acceptance Rate,40%,https://edurank.org/uni/macau-university-of-science-and-technology/,secondary,2026-10-04,"EduRank profile of Macau University of Science and Technology: acceptance rate 40%, calculated by EduRank from the ratio of admissions to applications (not marked as an estimate)"
Taylor's University,Acceptance Rate,60%,https://edurank.org/uni/taylor-s-university/,secondary,2026-10-04,"EduRank profile of Taylor's University: acceptance rate 60%, calculated by EduRank from the ratio of admissions to applications (not marked as an estimate)"
University of Tasmania,Acceptance Rate,72%,https://edurank.org/uni/university-of-tasmania/,secondary,2026-10-04,"EduRank profile of University of Tasmania: acceptance rate 72%, calculated by EduRank from the ratio of admissions to applications (not marked as an estimate)"
Vita-Salute San Raffaele University,Acceptance Rate,13%,https://edurank.org/uni/vita-salute-san-raffaele-university/,secondary,2026-10-04,"EduRank profile of Vita-Salute San Raffaele University: acceptance rate 13%, calculated by EduRank from the ratio of admissions to applications (not marked as an estimate)"
Hong Kong Baptist University,Acceptance Rate,35%,https://edurank.org/uni/hong-kong-baptist-university/,secondary,2026-10-04,"EduRank profile of Hong Kong Baptist University: acceptance rate 35%, calculated by EduRank from the ratio of admissions to applications (not marked as an estimate)"
UCSI University,Acceptance Rate,80%,https://edurank.org/uni/ucsi-university/,secondary,2026-10-04,"EduRank profile of UCSI University: acceptance rate 80%, calculated by EduRank from the ratio of admissions to applications (not marked as an estimate)"
Dalhousie University,Acceptance Rate,82%,https://edurank.org/uni/dalhousie-university/,secondary,2026-10-04,"EduRank profile of Dalhousie University: acceptance rate 82%, calculated by EduRank from the ratio of admissions to applications (not marked as an estimate)"
"China Medical University, Taiwan",Acceptance Rate,30%,https://edurank.org/uni/china-medical-university-taiwan/,secondary,2026-10-04,"EduRank profile of China Medical University, Taiwan: acceptance rate 30%, calculated by EduRank from the ratio of admissions to applications (not marked as an estimate)"
Koç University,Acceptance Rate,15%,https://edurank.org/uni/koc-university/,secondary,2026-10-04,"EduRank profile of Koc University: acceptance rate 15%, calculated by EduRank from the ratio of admissions to applications (not marked as an estimate)"
University of Canberra,Acceptance Rate,78%,https://edurank.org/uni/university-of-canberra/,secondary,2026-10-04,"EduRank profile of University of Canberra: acceptance rate 78%, calculated by EduRank from the ratio of admissions to applications (not marked as an estimate)"
University of Manitoba,Acceptance Rate,52%,https://edurank.org/uni/university-of-manitoba/,secondary,2026-10-04,"EduRank profile of University of Manitoba: acceptance rate 52%, calculated by EduRank from the ratio of admissions to applications (not marked as an estimate)"
University of Sharjah,Acceptance Rate,13%,https://edurank.org/uni/university-of-sharjah/,secondary,2026-10-04,"EduRank profile of University of Sharjah: acceptance rate 13%, calculated by EduRank from the ratio of admissions to applications (not marked as an estimate)"
University of Southern Queensland,Acceptance Rate,70%,https://edurank.org/uni/university-of-southern-queensland/,secondary,2026-10-04,"EduRank profile of University of Southern Queensland: acceptance rate 70%, calculated by EduRank from the ratio of admissions to applications (not marked as an estimate)"
University of Tsukuba,Acceptance Rate,18%,https://edurank.org/uni/university-of-tsukuba/,secondary,2026-10-04,"EduRank profile of University of Tsukuba: acceptance rate 18%, calculated by EduRank from the ratio of admissions to applications (not marked as an estimate)"
York University,Acceptance Rate,32%,https://edurank.org/uni/york-university/,secondary,2026-10-04,"EduRank profile of York University: acceptance rate 32%, calculated by EduRank from the ratio of admissions to applications (not marked as an estimate)"
Pontifical Javeriana University,Acceptance Rate,40%,https://edurank.org/uni/pontifical-javeriana-university/,secondary,2026-10-04,"EduRank profile of Pontifical Javeriana University: acceptance rate 40%, calculated by EduRank from the ratio of admissions to applications (not marked as an estimate)"
National Taiwan University of Science and Technology (Taiwan Tech),Acceptance Rate,40%,https://edurank.org/uni/national-taiwan-university-of-science-and-technology/,secondary,2026-10-04,"EduRank profile of National Taiwan University of Science and Technology: acceptance rate 40%, calculated by EduRank from the ratio of admissions to applications (not marked as an estimate)"
"Asia University, Taiwan",Acceptance Rate,100%,https://edurank.org/uni/asia-university-taiwan/,secondary,2026-10-04,"EduRank profile of Asia University, Taiwan: acceptance rate 100%, calculated by EduRank from the ratio of admissions to applications (not marked as an estimate)"
Campus Bio-Medico University of Rome,Acceptance Rate,30%,https://edurank.org/uni/campus-bio-medico-university-of-rome/,secondary,2026-10-04,"EduRank profile of Campus Bio-Medico University of Rome: acceptance rate 30%, calculated by EduRank from the ratio of admissions to applications (not marked as an estimate)"
Chung-Ang University,Acceptance Rate,60%,https://edurank.org/uni/chung-ang-university/,secondary,2026-10-04,"EduRank profile of Chung-Ang University: acceptance rate 60%, calculated by EduRank from the ratio of admissions to applications (not marked as an estimate)"
Taipei Medical University,Acceptance Rate,24%,https://edurank.org/uni/taipei-medical-university/,secondary,2026-10-04,"EduRank profile of Taipei Medical University: acceptance rate 24%, calculated by EduRank from the ratio of admissions to applications (not marked as an estimate)"
Tokyo Medical and Dental University (TMDU),Acceptance Rate,9%,https://edurank.org/uni/tokyo-medical-and-dental-university/,secondary,2026-10-04,"EduRank profile of Tokyo Medical and Dental University: acceptance rate 9%, calculated by EduRank from the ratio of admissions to applications (not marked as an estimate)"
Concordia University,Acceptance Rate,44%,https://edurank.org/uni/concordia-university/,secondary,2026-10-04,"EduRank profile of Concordia University: acceptance rate 44%, calculated by EduRank from the ratio of admissions to applications (not marked as an estimate)"
National Taipei University of Technology,Acceptance Rate,24%,https://edurank.org/uni/national-taipei-university-of-technology/,secondary,2026-10-04,"EduRank profile of National Taipei University of Technology: acceptance rate 24%, calculated by EduRank from the ratio of admissions to applications (not marked as an estimate)"
National Taiwan Normal University,Acceptance Rate,34%,https://edurank.org/uni/national-taiwan-normal-university/,secondary,2026-10-04,"EduRank profile of National Taiwan Normal University: acceptance rate 34%, calculated by EduRank from the ratio of admissions to applications (not marked as an estimate)"
Hiroshima University,Acceptance Rate,33%,https://edurank.org/uni/hiroshima-university/,secondary,2026-10-04,"EduRank profile of Hiroshima University: acceptance rate 33%, calculated by EduRank from the ratio of admissions to applications (not marked as an estimate)"
American University of Ras Al Khaimah ( AURAK ),Acceptance Rate,71%,https://edurank.org/uni/american-university-of-ras-al-khaimah/,secondary,2026-10-04,"EduRank profile of American University of Ras Al Khaimah: acceptance rate 71%, calculated by EduRank from the ratio of admissions to applications (not marked as an estimate)"
National Sun Yat-Sen University,Acceptance Rate,35%,https://edurank.org/uni/national-sun-yat-sen-university/,secondary,2026-10-04,"EduRank profile of National Sun Yat-Sen University: acceptance rate 35%, calculated by EduRank from the ratio of admissions to applications (not marked as an estimate)"
Duy Tan University,Acceptance Rate,30%,https://edurank.org/uni/duy-tan-university/,secondary,2026-10-04,"EduRank profile of Duy Tan University: acceptance rate 30%, calculated by EduRank from the ratio of admissions to applications (not marked as an estimate)"
University of Massachusetts,Acceptance Rate,60%,https://collegescorecard.ed.gov/school/?166629-University-of-Massachusetts-Amherst,government,2026-10-04,US Dept of Education College Scorecard (most recent): admission rate 0.5973 for University of Massachusetts-Amherst (flagship campus)
The University of Western Australia,Acceptance Rate,38%,https://www.universityliving.com/blog/admission-guide/university-of-western-australia/,secondary,2026-10-04,University Living admission guide: overall acceptance rate of 38% for both domestic and international students
University of Adelaide,Acceptance Rate,75%,https://www.universityliving.com/blog/admission-guide/university-of-adelaide/,secondary,2026-10-04,University Living admission guide: overall acceptance rate of 75%
University of Technology Sydney,Acceptance Rate,19%,https://www.universityliving.com/blog/admission-guide/university-of-technology-sydney/,secondary,2026-10-04,University Living admission guide: acceptance rate of approximately 19%
Macquarie University,Acceptance Rate,54%,https://www.universityliving.com/blog/admission-guide/macquarie-university/,secondary,2026-10-04,University Living admission guide: acceptance rate is estimated at around 54%
RMIT University,Acceptance Rate,22%,https://www.universityliving.com/blog/admission-guide/rmit-university/,secondary,2026-10-04,University Living admission guide: acceptance rate of approximately 22%
University of Wollongong,Acceptance Rate,30%,https://www.universityliving.com/blog/admission-guide/university-of-wollongong/,secondary,2026-10-04,University Living admission guide: acceptance rate of 30%
Deakin University,Acceptance Rate,75%,https://www.universityliving.com/blog/admission-guide/deakin-university/,secondary,2026-10-04,University Living admission guide: profile table: Acceptance Rate 75%
Griffith University,Acceptance Rate,50%,https://www.universityliving.com/blog/admission-guide/griffith-university/,secondary,2026-10-04,University Living admission guide: acceptance rate is approximately 50%
Flinders University,Acceptance Rate,62%,https://www.universityliving.com/blog/admission-guide/flinders-university/,secondary,2026-10-04,University Living admission guide: acceptance rate of approximately 62%
University of South Australia,Acceptance Rate,65%,https://www.universityliving.com/blog/admission-guide/university-of-south-australia/,secondary,2026-10-04,University Living admission guide: acceptance rate of approximately 65%
Western Sydney University,Acceptance Rate,30%,https://www.universityliving.com/blog/admission-guide/western-sydney-university/,secondary,2026-10-04,University Living admission guide: acceptance rate of around 30% in 2025
Edith Cowan University,Acceptance Rate,60% – 65%,https://www.universityliving.com/blog/admission-guide/edith-cowan-university/,secondary,2026-10-04,"University Living admission guide: In 2025, ECU has an acceptance rate of 60-65%"
James Cook University,Acceptance Rate,79%,https://www.universityliving.com/blog/admission-guide/james-cook-university/,secondary,2026-10-04,University Living admission guide: overall acceptance rate of approximately 79%
Murdoch University,Acceptance Rate,70% – 79%,https://www.universityliving.com/blog/admission-guide/murdoch-university/,secondary,2026-10-04,University Living admission guide: acceptance rate of approximately 70-79%
Australian Catholic University,Acceptance Rate,67% – 80%,https://www.universityliving.com/blog/admission-guide/australian-catholic-university/,secondary,2026-10-04,University Living admission guide: acceptance rate ranging between 67% and 80% for 2025
Bond University,Acceptance Rate,60% – 70%,https://www.universityliving.com/blog/admission-guide/bond-university/,secondary,2026-10-04,University Living admission guide: acceptance rate for 2025 is estimated to range between 60% and 70%
Charles Darwin University,Acceptance Rate,59% – 70%,https://www.universityliving.com/blog/admission-guide/charles-darwin-university/,secondary,2026-10-04,University Living admission guide: acceptance rate for 2025 is estimated to range between 59% and 70%
Victoria University,Acceptance Rate,64%,https://www.universityliving.com/blog/admission-guide/victoria-university/,secondary,2026-10-04,University Living admission guide: acceptance rate of approximately 64%
Universidad de los Andes,Acceptance Rate,11%,https://edurank.org/uni/university-of-the-andes/,secondary,2026-10-04,"EduRank profile of University of the Andes (Bogota): acceptance rate 11%, calculated by EduRank from the ratio of admissions to applications (not marked as an estimate)"
Oregon Health and Science University,Acceptance Rate,10%,https://edurank.org/uni/oregon-health-science-university/,secondary,2026-10-04,"EduRank profile of Oregon Health & Science University: acceptance rate 10%, calculated by EduRank from the ratio of admissions to applications (not marked as an estimate)"
Pontificia Universidad Católica del Perú,Acceptance Rate,17%,https://edurank.org/uni/pontifical-catholic-university-of-peru/,secondary,2026-10-04,"EduRank profile of Pontifical Catholic University of Peru: acceptance rate 17%, calculated by EduRank from the ratio of admissions to applications (not marked as an estimate)"
Université du Québec,Acceptance Rate,64%,https://edurank.org/uni/university-of-quebec/,secondary,2026-10-04,"EduRank profile of University of Quebec: acceptance rate 64%, calculated by EduRank from the ratio of admissions to applications (not marked as an estimate)"
Pontificia Universidad Católica Argentina,Acceptance Rate,50%,https://edurank.org/uni/pontifical-catholic-university-of-argentina/,secondary,2026-10-04,"EduRank profile of Pontifical Catholic University of Argentina: acceptance rate 50%, calculated by EduRank from the ratio of admissions to applications (not marked as an estimate)"
National Taiwan University (NTU),Acceptance Rate,20%,https://www.vappingo.com/word-blog/ntu-taiwan-admissions-2026/,secondary,2026-10-04,Vappingo NTU admissions guide 2026: acceptance rate of approximately 20%
Tecnológico de Monterrey,Acceptance Rate,67%,https://www.findmyorbit.com/admissions/instituto-tecnologico-y-de-estudios-superiores-de-monterrey-campus-monterrey,secondary,2026-10-04,"Orbit admissions data 2026 (Campus Monterrey, main campus): 1,800 admits of 2,700 applicants (66.7%)"
Constructor University Bremen,Acceptance Rate,47%,https://collegedunia.com/germany/university/640-constructor-university-bremen/admission,secondary,2026-10-04,Collegedunia admissions page: acceptance rate estimated at around 47% (university does not publish an official figure)
Bilkent University,Acceptance Rate,30% – 40%,https://eurovistatrips.com/bilkent-university-acceptance-rate/,secondary,2026-10-04,EuroVista guide: overall undergraduate acceptance rate estimated at around 30% to 40%
Catholic University of the Sacred Heart,Acceptance Rate,64%,https://yocket.com/universities/universita-cattolica-del-sacro-cuore-4512,secondary,2026-10-04,Yocket university profile: average acceptance rate (Bachelors) 64%
Università Cattolica del Sacro Cuore,Acceptance Rate,64%,https://yocket.com/universities/universita-cattolica-del-sacro-cuore-4512,secondary,2026-10-04,Yocket university profile: average acceptance rate (Bachelors) 64%
Université Catholique de Louvain,Acceptance Rate,63%,https://yocket.com/universities/catholic-university-of-louvain-4305,secondary,2026-10-04,Yocket university profile FAQ: Catholic University of Louvain acceptance rate for admission is 63%
Universitat Ramon Llull,Acceptance Rate,70%,https://edurank.org/uni/university-ramon-llull/,secondary,2026-10-04,"EduRank profile of University Ramon Llull: acceptance rate 70%, calculated by EduRank from the ratio of admissions to applications (not marked as an estimate)"
Abu Dhabi University,Acceptance Rate,60% – 70%,https://www.admissify.com/blog/abu-dhabi-university/,secondary,2026-10-04,"Admissify guide 2026: acceptance rate (as of 2026) 60-70%, moderately selective"
University of Glasgow,Tuition Fee (local),"$2,400 – $12,920",https://www.gla.ac.uk/myglasgow/students/payingyourfees/undergraduate/2026-27/,official,2026-10-04,"2026-27 undergraduate fee table: Scottish students GBP 1,820, Rest of UK GBP 9,790; x1.32"
University of Stirling,Tuition Fee (local),"$2,400 – $12,920",https://www.stir.ac.uk/courses/fees/,official,2026-10-04,"2026/7 full-time: Scottish students GBP 1,820, students from England/Wales/NI/Ireland GBP 9,790; x1.32"
University of Stirling,Tuition Fee (international),"$25,740 – $31,280",https://www.stir.ac.uk/courses/fees/,official,2026-10-04,"2026/7 full-time international students (including EU) GBP 19,500-23,700 depending on course; x1.32"
University of Southampton,Tuition Fee (international),"$35,380 – $47,390",https://www.southampton.ac.uk/courses/fees/undergraduate/tuition-fees.page,official,2026-10-04,"Current undergraduate fee table (home fee GBP 10,050, i.e. 2027/28 entry): international GBP 26,800-35,900 per year, Medicine GBP 64,900 excluded; x1.32"
Bournemouth University,Tuition Fee (international),"$25,920 – $31,880",https://www.bournemouth.ac.uk/study/undergraduate/fees-funding,official,2026-10-04,"International students joining in 2026/27: annual full-time tuition fee between GBP 19,635 and GBP 24,150 for an undergraduate degree; x1.32"
"Goldsmiths, University of London",Tuition Fee (international),"$27,980 – $40,260",https://collegedunia.com/uk/university/834-goldsmiths-university-of-london-london/admission,secondary,2026-10-04,"Base international UG tuition for 2026 to 2027 between GBP 21,200 and GBP 30,500; x1.32"
The University of Western Australia,Tuition Fee (local),"$2,890 – $11,040",https://www.studyassist.gov.au/financial-and-payment-assistance/commonwealth-supported-places-csps,government,2026-10-04,"Domestic = Commonwealth-supported student contribution (2025 bands AUD 4,445-16,992); x0.65"
The University of Western Australia,Tuition Fee (international),"$24,760 – $35,680",https://articles.unienrol.com/university-of-western-australia-uwa-fees-courses/,secondary,2026-10-04,"2026 UWA international undergraduate degree courses AUD 38,100-54,900 per year depending on area of study; x0.65"
University of Adelaide,Tuition Fee (local),"$2,890 – $11,040",https://www.studyassist.gov.au/financial-and-payment-assistance/commonwealth-supported-places-csps,government,2026-10-04,"Domestic = Commonwealth-supported student contribution (2025 bands AUD 4,445-16,992); x0.65"
University of Adelaide,Tuition Fee (international),"$28,210 – $67,660",https://articles.unienrol.com/adelaide-university-fees-courses/,secondary,2026-10-04,"2026 Adelaide University (merged University of Adelaide + UniSA) international undergraduate degree courses AUD 43,400-104,100 per year depending on area of study; x0.65"
University of Technology Sydney,Tuition Fee (local),"$2,890 – $11,040",https://www.studyassist.gov.au/financial-and-payment-assistance/commonwealth-supported-places-csps,government,2026-10-04,"Domestic = Commonwealth-supported student contribution (2025 bands AUD 4,445-16,992); x0.65"
University of Technology Sydney,Tuition Fee (international),"$22,730 – $35,600",https://articles.unienrol.com/university-of-technology-sydney-uts-fees-courses/,secondary,2026-10-04,"2026 UTS international undergraduate degree courses AUD 34,970-54,770 per year depending on area of study; x0.65"
Flinders University,Tuition Fee (local),"$2,890 – $11,040",https://www.studyassist.gov.au/financial-and-payment-assistance/commonwealth-supported-places-csps,government,2026-10-04,"Domestic = Commonwealth-supported student contribution (2025 bands AUD 4,445-16,992); x0.65"
Flinders University,Tuition Fee (international),"$21,780 – $35,420",https://articles.unienrol.com/flinders-university-fees-courses/,secondary,2026-10-04,"2026 Flinders University international undergraduate degree courses AUD 33,500-54,500 per year depending on area of study; x0.65"
University of South Australia,Tuition Fee (local),"$2,890 – $11,040",https://www.studyassist.gov.au/financial-and-payment-assistance/commonwealth-supported-places-csps,government,2026-10-04,"Domestic = Commonwealth-supported student contribution (2025 bands AUD 4,445-16,992); x0.65"
University of South Australia,Tuition Fee (international),"$28,210 – $67,660",https://articles.unienrol.com/adelaide-university-fees-courses/,secondary,2026-10-04,"2026 Adelaide University (UniSA merged into Adelaide University in 2026) international undergraduate degree courses AUD 43,400-104,100 per year depending on area of study; x0.65"
Western Sydney University,Tuition Fee (local),"$2,890 – $11,040",https://www.studyassist.gov.au/financial-and-payment-assistance/commonwealth-supported-places-csps,government,2026-10-04,"Domestic = Commonwealth-supported student contribution (2025 bands AUD 4,445-16,992); x0.65"
Edith Cowan University,Tuition Fee (local),"$2,890 – $11,040",https://www.studyassist.gov.au/financial-and-payment-assistance/commonwealth-supported-places-csps,government,2026-10-04,"Domestic = Commonwealth-supported student contribution (2025 bands AUD 4,445-16,992); x0.65"
Edith Cowan University,Tuition Fee (international),"$23,530 – $28,600",https://articles.unienrol.com/edith-cowan-university-ecu-fees-courses/,secondary,2026-10-04,"2026 ECU international undergraduate degree courses AUD 36,200-44,000 per year depending on area of study; x0.65"
University of Canberra,Tuition Fee (local),"$2,890 – $11,040",https://www.studyassist.gov.au/financial-and-payment-assistance/commonwealth-supported-places-csps,government,2026-10-04,"Domestic = Commonwealth-supported student contribution (2025 bands AUD 4,445-16,992); x0.65"
University of Canberra,Tuition Fee (international),"$20,150 – $29,250",https://articles.unienrol.com/university-of-canberra-fees-courses/,secondary,2026-10-04,"2026 University of Canberra international undergraduate degree courses AUD 31,000-45,000 per year depending on area of study; x0.65"
University of Southern Queensland,Tuition Fee (local),"$2,890 – $11,040",https://www.studyassist.gov.au/financial-and-payment-assistance/commonwealth-supported-places-csps,government,2026-10-04,"Domestic = Commonwealth-supported student contribution (2025 bands AUD 4,445-16,992); x0.65"
Australian Catholic University,Tuition Fee (local),"$2,890 – $11,040",https://www.studyassist.gov.au/financial-and-payment-assistance/commonwealth-supported-places-csps,government,2026-10-04,"Domestic = Commonwealth-supported student contribution (2025 bands AUD 4,445-16,992); x0.65"
Charles Darwin University,Tuition Fee (local),"$2,890 – $11,040",https://www.studyassist.gov.au/financial-and-payment-assistance/commonwealth-supported-places-csps,government,2026-10-04,"Domestic = Commonwealth-supported student contribution (2025 bands AUD 4,445-16,992); x0.65"
Victoria University,Tuition Fee (local),"$2,890 – $11,040",https://www.studyassist.gov.au/financial-and-payment-assistance/commonwealth-supported-places-csps,government,2026-10-04,"Domestic = Commonwealth-supported student contribution (2025 bands AUD 4,445-16,992); x0.65"
University of Naples Federico II,Tuition Fee (local),"$0 – $2,690",https://www.unina.it/documents/d/guest/guida_rapida_studente_2026-27-pdf-1,official,2026-10-04,"2026/27 guida rapida: no contribution with ISEEU up to EUR 30,000; otherwise fixed EUR 1,011.50 + variable part up to max EUR 2,384 (regional tax EUR 125.50-167.50 extra); x1.13"
University of Naples Federico II,Tuition Fee (international),$210,https://www.unina.it/documents/d/guest/guida_rapida_studente_2026-27-pdf-1,official,2026-10-04,2026/27 guida rapida: non-EU citizens are fully exempt from the enrolment contribution and pay only the regional tax (max EUR 167.50) + EUR 16 stamp duty; x1.13
University of Milan-Bicocca,Tuition Fee (local),"$160 – $4,810",https://www.unimib.it/sites/default/files/2026-08/01_Guida%20CONTRIBUZIONE%2026_27.pdf,official,2026-10-04,"2026/27 contribution guide: ISEE up to EUR 30,000 pays only the EUR 146 first instalment (stamp duty + regional tax); maximum contribution EUR 3,429-4,115 by area (+EUR 146); x1.13"
University of Milan-Bicocca,Tuition Fee (international),"$390 – $4,300",https://www.unimib.it/sites/default/files/2026-08/01_Guida%20CONTRIBUZIONE%2026_27.pdf,official,2026-10-04,"2026/27 contribution guide, international students: EUR 146 first instalment + fixed contribution EUR 200-3,600 by country group and course area (+ up to EUR 60 regional tax); x1.13"
University of Turin,Tuition Fee (local),"$220 – $3,390",https://en.unito.it/sites/sten/files/document/2026-07/reg_tasse_2026_2027_dr_6194_2026.pdf,official,2026-10-04,"2026-2027 fee regulation, full-time: contributo onnicomprensivo EUR 40 (ISEE up to 26,000) to EUR 2,840 (ISEE over 85,000) + regional tax EUR 140 + stamp duty EUR 16; x1.13"
University of Turin,Tuition Fee (international),"$220 – $3,390",https://en.unito.it/sites/sten/files/document/2026-07/reg_tasse_2026_2027_dr_6194_2026.pdf,official,2026-10-04,"2026-2027 fee regulation: students resident abroad pay the same contributo onnicomprensivo scale based on their country's GDP per capita PPP (EUR 40-2,840) + EUR 156 regional tax and stamp duty; x1.13"
University of Alberta,Tuition Fee (local),"$5,250 – $8,090",https://www.ualberta.ca/registrar/costs-tuition-fees/undergraduate-tuition/fall-winter-tuition-for-canadian-citizens-and-permanent-residents,official,2026-10-04,"Fall/Winter 2026-2027 Canadian citizens/PR: CAD 729.36 per 3-credit course (index 121.56 x 6) to CAD 1,123.04 per Engineering course; x 10 courses (30 credits) per year; x0.72"
University of Calgary,Tuition Fee (local),"$5,320 – $6,930",https://calendar.ucalgary.ca/pages/b15b7e973a234197aded0daf61f34b9a,official,2026-10-04,"Tuition per 3-unit course effective Spring 2026: domestic most faculties CAD 738.66, Schulich School of Engineering CAD 963.03; x 10 courses per year; x0.72"
University of Manitoba,Tuition Fee (local),"$3,550 – $5,200",https://umanitoba.ca/institutional-analysis/sites/institutional-analysis/files/2025-11/average-tuition-rates-2025-2026-estimated-accessible-pdf.pdf,official,2026-10-04,"Average undergraduate tuition 2025-2026 (estimated), Canadian students: CAD 4,937 (Arts) to 7,223 (Engineering); dentistry, medicine, pharmacy and law excluded; x0.72"
University of Manitoba,Tuition Fee (international),"$14,340 – $19,480",https://umanitoba.ca/institutional-analysis/sites/institutional-analysis/files/2025-11/average-tuition-rates-2025-2026-estimated-accessible-pdf.pdf,official,2026-10-04,"Average undergraduate tuition 2025-2026 (estimated), international students: CAD 19,914 (Arts) to 27,059 (Engineering); x0.72"
York University,Tuition Fee (local),"$4,460 – $7,920",https://futurestudents.yorku.ca/tuition,official,2026-10-04,"Approximate annual tuition fall/winter 2026-2027, domestic: CAD 6,200 (most Arts and Sciences programs) to 11,000 (Business); Engineering 10,600; x0.72"
York University,Tuition Fee (international),"$27,360 – $33,840",https://futurestudents.yorku.ca/tuition,official,2026-10-04,"Approximate annual tuition fall/winter 2026-2027, international: CAD 38,000 (Computer Science) to 47,000 (Engineering); x0.72"
University of Auckland,Tuition Fee (local),"$4,490 – $11,520",https://www.auckland.ac.nz/en/study/fees-and-money-matters/tuition-fees/domestic-student-fees/undergraduate-domestic-fees.html,official,2026-10-04,"Estimated 2026 domestic tuition, full-time 120 points: NZ$7,616.40 (Bachelor of Arts) to NZ$19,531 (MBChB Year 2 onwards); most programmes NZ$7,616-11,545; x0.59"
University of Otago,Tuition Fee (local),"$4,140 – $11,530",https://www.otago.ac.nz/study/fees/domestic-tuition-fees,official,2026-10-04,"2026 domestic undergraduate tuition per year: NZ$7,022 (Commerce, Teaching) to NZ$19,538 (Dentistry and Medicine); x0.59"
"Trinity College Dublin, The University of Dublin",Tuition Fee (local),"$2,820",https://college-council.com/en/blog/cheapest-universities-in-ireland,secondary,2026-10-04,"EU/Free Fees students pay only the Student Contribution EUR 2,500 (2025/26, identical at every Irish university); x1.13"
University College Cork,Tuition Fee (local),"$2,820",https://college-council.com/en/blog/cheapest-universities-in-ireland,secondary,2026-10-04,"EU/Free Fees students pay only the Student Contribution EUR 2,500 (2025/26, identical at every Irish university); x1.13"
University of Galway,Tuition Fee (local),"$2,820",https://college-council.com/en/blog/cheapest-universities-in-ireland,secondary,2026-10-04,"EU/Free Fees students pay only the Student Contribution EUR 2,500 (2025/26, identical at every Irish university); x1.13"
Maynooth University,Tuition Fee (local),"$2,820",https://college-council.com/en/blog/cheapest-universities-in-ireland,secondary,2026-10-04,"EU/Free Fees students pay only the Student Contribution EUR 2,500 (2025/26, identical at every Irish university); x1.13"
University of Copenhagen,Tuition Fee (international),"$11,300 – $19,210",https://www.study.eu/article/denmark-tuition-fees-cost-of-living,secondary,2026-10-04,"Non-EU/EEA tuition at University of Copenhagen from EUR 10,000 to EUR 17,000 per year; x1.13"
Copenhagen Business School,Tuition Fee (international),"$18,080",https://www.study.eu/article/denmark-tuition-fees-cost-of-living,secondary,2026-10-04,"Non-EU/EEA tuition at Copenhagen Business School ca. EUR 16,000 per year; x1.13"
Radboud University ,Tuition Fee (international),"$14,690 – $27,120",https://www.study.eu/article/netherlands-tuition-fees-cost-of-living,secondary,2026-10-04,"Bachelor's, other internationals (non-EU/EEA): EUR 13,000-24,000 per year; x1.13"
University of Groningen,Tuition Fee (international),"$14,690 – $19,210",https://www.study.eu/article/netherlands-tuition-fees-cost-of-living,secondary,2026-10-04,"Bachelor's, other internationals (non-EU/EEA): EUR 13,000-17,000 per year; x1.13"
University of Amsterdam,Tuition Fee (international),"$11,300 – $22,600",https://www.study.eu/article/netherlands-tuition-fees-cost-of-living,secondary,2026-10-04,"Bachelor's, other internationals (non-EU/EEA): EUR 10,000-20,000 per year; x1.13"
University of Granada,Tuition Fee (international),"$1,130",https://www.study.eu/article/spain-tuition-fees-cost-of-living,secondary,2026-10-04,"Bachelor's ca. EUR 1,000 per year for EU and non-EU students; x1.13"
Universitat de Valencia,Tuition Fee (international),"$790 – $1,130",https://www.study.eu/article/spain-tuition-fees-cost-of-living,secondary,2026-10-04,"Bachelor's from EUR 700 to EUR 1,000 per year for EU and non-EU students; x1.13"
KU Leuven,Tuition Fee (international),"$2,600 – $10,730",https://college-council.com/en/blog/cheapest-universities-in-belgium,secondary,2026-10-04,"Non-EU/EEA: Flemish universities charge an institutional international fee of roughly EUR 2,300-9,500 a year by programme; x1.13"
Ghent University,Tuition Fee (international),"$2,600 – $10,730",https://college-council.com/en/blog/cheapest-universities-in-belgium,secondary,2026-10-04,"Non-EU/EEA: Flemish universities charge an institutional international fee of roughly EUR 2,300-9,500 a year by programme; x1.13"
Vrije Universiteit Brussel,Tuition Fee (international),"$2,600 – $10,730",https://college-council.com/en/blog/cheapest-universities-in-belgium,secondary,2026-10-04,"Non-EU/EEA: Flemish universities charge an institutional international fee of roughly EUR 2,300-9,500 a year by programme; x1.13"
Hasselt University,Tuition Fee (local),"$1,310",https://college-council.com/en/blog/cheapest-universities-in-belgium,secondary,2026-10-04,"EU/EEA regulated Flemish registration fee about EUR 1,157 a year (2025/26); x1.13"
Hasselt University,Tuition Fee (international),"$2,600 – $10,730",https://college-council.com/en/blog/cheapest-universities-in-belgium,secondary,2026-10-04,"Non-EU/EEA: Flemish universities charge an institutional international fee of roughly EUR 2,300-9,500 a year by programme; x1.13"
Peking University,Tuition Fee (local),$560 – $900,https://www.dxsbb.com/news/79951.html,secondary,2026-10-04,"Chinese students: public-university standard RMB 4,000-6,500/yr for general majors (arts up to ~10,000; 2025); x0.139"
Zhejiang University,Tuition Fee (local),$560 – $900,https://www.dxsbb.com/news/79951.html,secondary,2026-10-04,"Chinese students: public-university standard RMB 4,000-6,500/yr for general majors (arts up to ~10,000; 2025); x0.139"
Nanjing University,Tuition Fee (local),$560 – $900,https://www.dxsbb.com/news/79951.html,secondary,2026-10-04,"Chinese students: public-university standard RMB 4,000-6,500/yr for general majors (arts up to ~10,000; 2025); x0.139"
Sichuan University,Tuition Fee (local),$560 – $900,https://www.dxsbb.com/news/79951.html,secondary,2026-10-04,"Chinese students: public-university standard RMB 4,000-6,500/yr for general majors (arts up to ~10,000; 2025); x0.139"
Beijing Normal University,Tuition Fee (local),$560 – $900,https://www.dxsbb.com/news/79951.html,secondary,2026-10-04,"Chinese students: public-university standard RMB 4,000-6,500/yr for general majors (arts up to ~10,000; 2025); x0.139"
Nankai University,Tuition Fee (local),$560 – $900,https://www.dxsbb.com/news/79951.html,secondary,2026-10-04,"Chinese students: public-university standard RMB 4,000-6,500/yr for general majors (arts up to ~10,000; 2025); x0.139"
Beihang University (former BUAA),Tuition Fee (local),$560 – $900,https://www.dxsbb.com/news/79951.html,secondary,2026-10-04,"Chinese students: public-university standard RMB 4,000-6,500/yr for general majors (arts up to ~10,000; 2025); x0.139"
Northwestern Polytechnical University,Tuition Fee (local),$560 – $900,https://www.dxsbb.com/news/79951.html,secondary,2026-10-04,"Chinese students: public-university standard RMB 4,000-6,500/yr for general majors (arts up to ~10,000; 2025); x0.139"
Xiamen University,Tuition Fee (local),$560 – $900,https://www.dxsbb.com/news/79951.html,secondary,2026-10-04,"Chinese students: public-university standard RMB 4,000-6,500/yr for general majors (arts up to ~10,000; 2025); x0.139"
Shenzhen University,Tuition Fee (local),$560 – $900,https://www.dxsbb.com/news/79951.html,secondary,2026-10-04,"Chinese students: public-university standard RMB 4,000-6,500/yr for general majors (arts up to ~10,000; 2025); x0.139"
Tianjin University,Tuition Fee (international),"$2,310 – $3,610",https://sie.tju.edu.cn/en/xwxm/UNDERGRADUATE/202410/t20241015_323978.html,official,2026-10-04,"International bachelor's tuition: general majors RMB 16,600/yr (Chinese-taught) or 20,000/yr (English-taught); special majors (Architecture, Software Engineering, Planning, Landscape) RMB 26,000/yr; x0.139"
East China Normal University,Tuition Fee (international),"$3,060 – $3,890",https://lxs.ecnu.edu.cn/en/feespayment/feelist/,official,2026-10-04,"Fee list, international undergraduates: Liberal Arts RMB 22,000/yr, Science & Business 24,000/yr, Arts & PE 28,000/yr; x0.139"
South China University of Technology,Tuition Fee (international),"$2,530 – $3,610",https://sie.scut.edu.cn/29037/list.htm,official,2026-10-04,"International undergraduate tuition: Chinese-taught RMB 18,200-25,000/yr, English-taught/bilingual about RMB 26,000/yr (Guangzhou International Campus RMB 95,000 excluded); x0.139"
Tokyo Medical and Dental University (TMDU),Tuition Fee (local),"$4,320",https://www.jpss.jp/en/univ/28/3973/,secondary,2026-10-04,"Institute of Science Tokyo (TMDU merged into it in 2024) undergraduate tuition JPY 635,400 per year for the 2026 school year, same for all students; x0.0068"
Tokyo Medical and Dental University (TMDU),Tuition Fee (international),"$4,320",https://www.jpss.jp/en/univ/28/3973/,secondary,2026-10-04,"Institute of Science Tokyo (TMDU merged into it in 2024) undergraduate tuition JPY 635,400 per year for the 2026 school year, same for all students; x0.0068"
Ulsan National Institute of Science and Technology (UNIST),Tuition Fee (local),"$3,970 – $4,710",https://admu-intl.unist.ac.kr/admission-eng/life/scholarships.do,official,2026-10-04,"Tuition per semester: Business field KRW 2,795,500, Engineering field KRW 3,316,500; x2 semesters (scholarships may waive it); x0.00071"
Ulsan National Institute of Science and Technology (UNIST),Tuition Fee (international),"$3,970 – $4,710",https://admu-intl.unist.ac.kr/admission-eng/life/scholarships.do,official,2026-10-04,"Tuition per semester: Business field KRW 2,795,500, Engineering field KRW 3,316,500; x2 semesters (scholarships may waive it); x0.00071"
National Taiwan University (NTU),Tuition Fee (local),"$1,560 – $2,450",https://ntuinfo.ntu.edu.tw/pdf/01_fee_total115.pdf,official,2026-10-04,"115 (2026-27) bachelor's fee schedule, local students: NT$25,230 (Liberal Arts) to NT$39,560 (Medicine) per semester; x2; x0.031"
National Taiwan University (NTU),Tuition Fee (international),"$3,130 – $4,910",https://ntuinfo.ntu.edu.tw/pdf/01_fee_total115.pdf,official,2026-10-04,"115 (2026-27) bachelor's fee schedule, international degree students: NT$50,460 (Liberal Arts) to NT$79,120 (Medicine) per semester; x2; x0.031"
National Sun Yat-Sen University,Tuition Fee (local),"$1,530 – $1,790",https://oaa.nsysu.edu.tw/static/file/3/1003/attach/16/pta_229694_7275755_73137.pdf,official,2026-10-04,"114 (2025-26) fee schedule, Taiwanese students, undergraduate day division: NT$24,730 (Liberal Arts, Social Sciences) to NT$28,940 (Engineering) per semester; x2; x0.031"
National Tsing Hua University,Tuition Fee (local),"$1,510 – $1,780",https://registra.site.nthu.edu.tw/var/file/211/1211/img/376386221.pdf,official,2026-10-04,"115 (2026-27) undergraduate fees, domestic students: NT$24,370 (Humanities & Social Sciences, Technology Management) to NT$28,630 (EECS, Arts) per semester; x2; x0.031"
National Taiwan University of Science and Technology (Taiwan Tech),Tuition Fee (local),"$1,510 – $1,760",https://www.ntust.edu.tw/var/file/0/1000/img/3423/564646718.pdf,official,2026-10-04,"115 (2026-27) undergraduate day division fees: NT$24,340 (Humanities & Social Sciences) to NT$28,390 (Engineering, EECS, Design) per semester; x2; x0.031"
University of Massachusetts,Tuition Fee (local),"$17,772",https://collegescorecard.ed.gov/school/?166629-University-of-Massachusetts-Amherst,government,2026-10-04,"US Dept of Education College Scorecard (most recent data): in-state tuition and fees $17,772 for University of Massachusetts-Amherst (flagship campus)"
University of Massachusetts,Tuition Fee (international),"$40,449",https://collegescorecard.ed.gov/school/?166629-University-of-Massachusetts-Amherst,government,2026-10-04,"US Dept of Education College Scorecard (most recent data): out-of-state tuition and fees $40,449 for University of Massachusetts-Amherst (flagship campus)"
Hong Kong Polytechnic University,Tuition Fee (international),"$30,720",https://www.polyu.edu.hk/study/ug/admissions/international-other-qualifications/international-other-qualifications-tuition-fees,official,2026-10-04,"Full-time government-funded Bachelor's Degree programmes, non-local students, 2027/28 academic year: HK$240,000 per academic year; x0.128"
King Fahd University of Petroleum and Minerals,Tuition Fee (international),$0,https://kfupm.edu.sa/study/international-students/fees-and-scholarships,official,2026-10-04,"International undergraduate students have tuition fees waived and receive a full scholarship (monthly stipend, housing, medical care)"
King Saud University,Tuition Fee (international),$0,https://ali.ksu.edu.sa/en/content/scholarship,official,2026-10-04,"Annual scholarships for international students include free education (tuition), free accommodation, monthly stipend, return ticket and healthcare"
King Abdulaziz University,Tuition Fee (international),$0,https://kau.edu.sa/en/page-legacy/scholarship,official,2026-10-04,"International scholarship students: full tuition fee waiver, monthly allowance (SR 850-1,000 for undergraduates), housing, airfare and healthcare"
University of Tehran,Tuition Fee (international),"$1,700 – $4,300",https://www.visitouriran.com/blog/a-comprehensive-guide-to-the-costs-of-studying-in-iran,secondary,2026-10-04,"Non-resident international students, per semester: USD 850-1,150 (Persian literature) to 1,500-2,150 (arts, engineering, sciences); x2"
Sharif University of Technology,Tuition Fee (international),"$2,800 – $3,160",https://www.visitouriran.com/blog/a-comprehensive-guide-to-the-costs-of-studying-in-iran,secondary,2026-10-04,"International undergraduates: EUR 1,000 fixed fee per semester + EUR 20 per credit (12-20 credits); x2; x1.13"
Indian Institute of Technology Guwahati,Tuition Fee (local),"$3,450",https://engineering.careers360.com/articles/iit-fee-structure,secondary,2026-10-04,"IIT fee structure 2025: total 4-year BTech fees at IIT Guwahati INR 11,99,000 / 4 years; x0.0115"
Korea University,Tuition Fee (local),"$8,240 – $11,080",https://oia.korea.ac.kr/oia2026/Tuition.do,official,2026-10-04,"2026 academic year tuition per semester: approx. KRW 5,800,000 (Humanities & Social Sciences) to 7,800,000 (Art); x2; x0.00071"
Koç University,Tuition Fee (international),"$38,000 – $59,000",https://international.ku.edu.tr/undergraduate-programs/tuition-and-scholarships,official,2026-10-04,"Tuition for Fall 2025/2026 admitted international students: USD 38,000 per year for all undergraduate programmes, MD Medicine USD 59,000"
Khalifa University,Tuition Fee (local),"$22,100",https://ku.ac.ae/fee-and-payment-guidelines,official,2026-10-04,"Bachelor of Science: AED 2,500 per credit hour; estimated AED 81,250 per year (4-year programme), same rate for all students; x0.272"
Khalifa University,Tuition Fee (international),"$22,100",https://ku.ac.ae/fee-and-payment-guidelines,official,2026-10-04,"Bachelor of Science: AED 2,500 per credit hour; estimated AED 81,250 per year (4-year programme), same rate for all students; x0.272"
Zayed University,Tuition Fee (international),"$20,400",https://www.zu.ac.ae/main/en/undergraduate-programs/tuition-scholarship,official,2026-10-04,"International undergraduate tuition AED 2,500 per credit hour; x 30 credit hours per year; x0.272"
University of Aveiro,Tuition Fee (international),"$3,950 – $5,650",https://api-portal.ua.pt/api/v1/file/90554,official,2026-10-04,"Circular 13-REIT/2026, 2026/2027 international student tuition (1st cycle): EUR 3,500 (Humanities, Social and Political Sciences), 4,150 (Economics, Management, Mathematics, Education), 5,000 (Arts, Sciences, Engineering, Health); x1.13"
University of Coimbra,Tuition Fee (international),"$7,910 – $20,340",https://college-council.com/en/blog/university-of-coimbra-international-students-guide,secondary,2026-10-04,"Non-EU international tuition EUR 7,000 per year (Medicine EUR 18,000); x1.13"
University of Padua,Tuition Fee (international),"$3,150 – $3,380",https://www.unipd.it/en/tuition-fees,official,2026-10-04,"Extra-EU students not resident in Italy pay a fixed all-inclusive fee: EUR 2,790 (Group A, Humanities) or EUR 2,990 (Group B, Scientific); students from low-HDI countries EUR 930-997; x1.13"
